blood_bank_name,state,district,city,address,mobile,category,latitude,longitude
G.B. Pant Hospital Blood bank,Andaman And Nicobar Islands,SOUTH ANDAMAN,Port Blair,Atlanta PointNear Cellular JailP.O. Aberdeen Bazaar,9434266561,Government,11.675442,92.747338
I.N.H.S. Dhanvantri,Andaman And Nicobar Islands,SOUTH ANDAMAN,Port Blair,"Ashvini Nagar, Port Blair, Andaman and Nicobar Islands.",8001452200,Government,11.649693,92.717418
Pillar Health Centre Blood Bank,Andaman And Nicobar Islands,SOUTH ANDAMAN,Port Blair,"Lamba Line,P.B. 526,P.O. Junglighat, Opposite Airport",9474247585,Charity,11.653229,92.730714
"Indian Red Cross Society Blood Bank, District Branch",Andhra Pradesh,ANANTAPUR,Anantapur,"Near JNTU Engeneering College, Sarada Nagar, Ananthapur.",9441192365,Charity,14.654936,77.609915
Government General Hospital Blood Bank,Andhra Pradesh,ANANTAPUR,Ananthapur,"Government General Hospital, Ananthapur",9866695858,Government,14.671459,77.596684
Indian Red Cross Society,Andhra Pradesh,ANANTAPUR,Ananthapur,"Blood Bank Medical Officer,Blood Bank, Indian Red Cross Society, Anantpur",9866023293,Charity,14.681888,77.600591
Rural Development Trust Hospital Blood Bank,Andhra Pradesh,ANANTAPUR,Bathalapalli,"Kadiri Road, Bathalapalli, Ananthapur",9493268861,Charity,14.652907,77.618826
South Central Railway Hospital Blood Bank,Andhra Pradesh,ANANTAPUR,Guntakal,"S.C. Railway Hospital, Guntakal, Ananthapuramu",9701374501,Government,15.172889,77.366103
Indian Red Cross Society Blood Bank,Andhra Pradesh,ANANTAPUR,Hindupur,"Government General Hospital Blood Bank, Hindupur, Ananthapur",9876543210,Charity,13.832533,77.492214
Indian Red Cross Society Blood bank RCH -II KADIRI,Andhra Pradesh,ANANTAPUR,Kadiri,"Ground Floor, APVVP (Government General Hospital) Area Hospital, Kadiri, Ananthapur",9989738689,Government,14.113089,78.157366
S.S.S.I.H.M.S. Blood Bank,Andhra Pradesh,ANANTAPUR,Puttaparthy,"Prasanthigram, Puttaparthy, Ananthapuramu",9490360321,Government,14.151889,77.77685
District Head Quarters Hospital Blood Bank.,Andhra Pradesh,CHITTOOR,Chittoor,"Head Quarters  Hospital Compound, Chittoor",9849229482,Government,13.217176,79.100329
Indian Red Cross Society,Andhra Pradesh,CHITTOOR,Chittoor,"The Secretary, Indian Red Cross Society, DNo20-119, PH Road, Redcross Building, Chittoor 517 001, Andhra Pradesh Dr.M.V.Narayana Reddy (MO), Ph08572 220287",9876543210,Charity,13.217176,79.100329
M/s IRCS Blood Bank.,Andhra Pradesh,CHITTOOR,Chittoor,"D.No. 20 - 119, Prakasam High Road, Chittor",9849229482,Charity,13.21698,79.100764
M/s PESIMSR Blood Bank.,Andhra Pradesh,CHITTOOR,Kuppam,"PES Institute of medical sciences premises, Kuppam",9391833741,Private,12.791223,78.363897
Blood Bank AH Madanapalli,Andhra Pradesh,CHITTOOR,Madanapalli,"The Blood Bank Medical Officer, Area Hospital, Patel Road, Madanapalli 517 325, Chittoor Dist. , Andhra pradesh Dr.Laxmiprasadreddy9(M.O)",9876543210,Charity,13.217176,79.100329
"Indian Red Cross Society, Madanapalli RCH 2",Andhra Pradesh,CHITTOOR,Madnapalli,"Area Hospital, Patel Road, Madanapalli.",9440580272,Government,13.556927,78.50085
"Aswini Hospital Blood Bank, TTD",Andhra Pradesh,CHITTOOR,Tirumala,"Tirumala Tirupati Devastanam (TTD), Tirumala, Chittoor",9490651605,Charity,13.677292,79.3487
SVRRGGH - Model Blood Bank,Andhra Pradesh,CHITTOOR,Tirupati,"S.V.R.R. Government General Hospital, Tirupati",9876543210,Government,13.644382,79.407003
Sri Venkateswara Institute of Medical sciences Blood Bank,Andhra Pradesh,CHITTOOR,Tirupati,"Sri Venkateswara Institute of Medical Sciences (SVIMS) Campus, Tirupati",9876543210,Charity,13.637934,79.403917
Govt Maternity Hospital Blood Bank,Andhra Pradesh,CHITTOOR,Tirupati,"Ruia Hospital Road, Tirupati",9949190197,Government,13.639418,79.409372
TTD Central Hospital Blood Bank,Andhra Pradesh,CHITTOOR,Tirupati,"Tirumala Tirupati Devastanam (TTD), Kapil Teertham Road, Tirupati",9849099750,Charity,13.642148,79.421067
Government Hospital,Andhra Pradesh,EAST GODAVARI,Amalapuram,"Blood Bank Medical Officer,  Blood Bank, Government Hospital, Amalapuram",9989106236,Government,16.587432,82.008431
"M/S. Kims  Research Foundation, Hospital Blood Bank",Andhra Pradesh,EAST GODAVARI,Amalapuram,"Kims  Research Foundation, Hospital Blood Bank, Sy.No813  817, Kamanagaruvu, Near Red Bridge, Amalapuram.",9949993495,Charity,16.592169,82.024025
M/s. A.P.V.V.P Area Hospital Blood Bank,Andhra Pradesh,EAST GODAVARI,Amalapuram,"Ground Floor Area Hospital, Amalapuram",0950515223,Government,16.575367,81.998101
"M/s. Government General Hospital, Blood Bank.",Andhra Pradesh,EAST GODAVARI,Kakinada,"Government General Premises, Ground Floor, Kakinada",9390207027,Charity,16.955537,82.22748
M/s. Indian Red Cross Society Blood Bank,Andhra Pradesh,EAST GODAVARI,Kakinada,"D.No 8-14-39, Ground  1st  Floor, Red Cross Street, Gandhi Nagar, Kakinada",9848071868,Charity,16.989065,82.247465
District Headquarters Hospital,Andhra Pradesh,EAST GODAVARI,Rajahmundry,"Blood Bank Medical Officer, Blood Bank, District Headquarters . Hospital, Rajahmundry",9849520969,Government,17.019708,81.791631
M/S. Dhanwantari Voluntary Blood Bank.,Andhra Pradesh,EAST GODAVARI,Rajahmundry,"D.No46-21-1,2nd Floor, Danavaiepeta, Rajahmundry",9885186533,Charity,17.00787,81.785213
M/s. Government Area General Hospital Blood Bank.,Andhra Pradesh,EAST GODAVARI,Tuni,"M/s.Government Area Hospital Blood Bank, Area hospital, Tuni",0984903090,Government,17.354937,82.541241
Government General Hospital Blood Bank,Andhra Pradesh,GUNTUR,Guntur,"Opposite to Railway Station, 1st Floor, C/o Government General Hospital, Guntur.",9966641474,Government,16.299747,80.443689
Indian Red Cross Society,Andhra Pradesh,GUNTUR,Guntur,"Blood Bank Medical Officer, Blood Bank, Indian Red Cross Society, Guntur, District Guntur",9985322589,Charity,16.306653,80.43654
Indian Red Cross Society Blood Bank,Andhra Pradesh,GUNTUR,Guntur city,"Zilla Parishad Compound, Nagarampalem, GUNTUR",0984818160,Charity,16.306653,80.43654
M/s. Needs Blood Bank,Andhra Pradesh,GUNTUR,Guntur city,"1st Floor, Honda Show Room Building, Opposite Doctor Plaza, Kothapeta",9246448899,Charity,16.29882,80.448888
Saint Joseph General Hospital Blood Bank,Andhra Pradesh,GUNTUR,Guntur city,"Opposite to Andhra Christian College, Near Flyover, Main Road, Guntur",9493819977,Charity,16.297514,80.440648
Katuri Medical College and Hospital Blood Bank,Andhra Pradesh,GUNTUR,Guntur Rural,"Katuri Nagar, Chinakondrupadu, Guntur",9876543210,Private,16.227872,80.30947
NRI Medical College and General Hospital Blood Bank,Andhra Pradesh,GUNTUR,Guntur Rural,"Mangalagiri Mandalam, Chinakakani, Guntur",0984998981,Private,16.413675,80.555675
Manipal Hospital Bloodbank,Andhra Pradesh,GUNTUR,Guntur Rural,"Soumyanagar, Tadepalli, Guntur",9876543210,Private,16.484433,80.617219
Indian Red Cross Society Blood Bank. Narassraopet,Andhra Pradesh,GUNTUR,Narasaraopeta,"Area Hospital, Narasaraopeta",0988522215,Charity,16.235919,80.048412
NRT Blood Bank,Andhra Pradesh,GUNTUR,Narasaraopeta,"GBR Super Speciality Hospital, 10-1-10/1, Palnadu Road, Narasaraopeta",9985148884,Private,16.193331,80.019956
Anjireddy Multi Specality Blood Bank,Andhra Pradesh,GUNTUR,Piduguralla,"Gaganamma Temple, Piduguralla",9849212042,Private,16.478789,79.893642
Red Cross Blood Bank,Andhra Pradesh,GUNTUR,Repalle,"Government Hospital Premises Repalle-522265 Guntur Dist,A.P",9177883353,Charity,16.017425,80.829475
Area Hospital (Repeated),Andhra Pradesh,GUNTUR,Tenali,"Blood Bank Medical Officer,  Blood Bank, Area Hospital, Tenali, Guntur District",9866686760,Government,16.239531,80.64934
Rudhira Voluntary Blood Bank,Andhra Pradesh,GUNTUR,Tenali,"D.No. 7-5-56, KRR Complex, 1st Floor, Opposite ASN college, Prakasam Road, Ganganammapeta, Tenali",9247155622,Private,16.243428,80.646397
Best Rotary Blood Bank,Andhra Pradesh,GUNTUR,Tenali,"Mahila Mandali Building, Sarojini Naidu Street, Kothapeta, Tenali",0984983332,Private,16.251179,80.64934
Area Hospital Blood Bank,Andhra Pradesh,KRISHNA,Gudivada,Gudivada,7799990904,Government,16.349045,81.049715
Dr. Pattabhi Red Cross Blood Bank,Andhra Pradesh,KRISHNA,Machilipatnam,"DM  HO Campus, Machilipatnam",9876543210,Charity,16.190546,81.136154
Government General Hospital (Repeated),Andhra Pradesh,KRISHNA,Vijayawada,"Government General Hospital, Ramavarapadu, Vijayawada - 520007",8662452244,Government,16.513339,80.618989
Government District Headquarters Hospital machilipatnam blood bank,Andhra Pradesh,KRISHNA,Vijayawada,Machilipatnam,9876543210,Government,16.176867,81.138647
Rotary Red Cross Blood Bank,Andhra Pradesh,KRISHNA,Vijayawada,"H.No 26-5-5, G.S Raju Street, Gandhinagar, Vijayawada - 520003. Krishna District",9848124977,Charity,16.506174,80.648015
Vijaya Sri Blood Bank,Andhra Pradesh,KRISHNA,Vijayawada,"VijayaSri Palace,D. No. 29-19-27/4, Ground Floor, First Floor and Second Floor, Dornakal Road, Suryaraopet, Vijayawada",9392120187,Charity,16.51304,80.635644
Lions Blood Bank,Andhra Pradesh,KRISHNA,Vijayawada,"D. No. 29-19-85, 1st  2nd Floor,Old Janatha Hospital Building, Dornakal Road, Suryaraopet, Vijayawada",9876543210,Charity,16.506174,80.648015
University General Hospital Blood Bank,Andhra Pradesh,KRISHNA,Vijayawada,"Ring Road, Gunadala, Vijayawada",9876543210,Government,16.516111,80.670085
M/s. Chaitanya Blood Bank,Andhra Pradesh,KRISHNA,Vijayawada,"40-9/1-26, Vasavya Complex, Benz Circle, Vijayawada",9246289777,Charity,16.498839,80.655488
Dr. Pinnamaneni Siddhartha Insitiute of Medical Sciences  Research Foundation (Dr.P.SIMS  RF) Blood Bank,Andhra Pradesh,KRISHNA,Vijayawada,Chinnaoutapalli.,9876543210,Private,16.551655,80.832047
Bethesda Blood Bank,Andhra Pradesh,KRISHNA,Vijayawada,"29-10-2, Ground Floor, Narsimharao Street, Suryaraopet, Vijayawada",9876543210,Government,16.512971,80.632664
"Smt CH. Manju Vani Vara Prasad, Lions District 316D Blood Bank",Andhra Pradesh,KRISHNA,Vijayawada,"H.No.29-4-54K, Conan Dhanvoda Anantham Complex, Prakasam Road, Suryaraopet, Vijayawada",9849118077,Charity,16.510309,80.63251
Suraksha Voluntary Blood Bank,Andhra Pradesh,KRISHNA,Vijayawada,"29-10-8, Govinda Rajulu Naidu Street, Suryaraopet, Vijayawada",9394777899,Charity,16.51343,80.632861
"RCH -II Blood Bank, Area Hospital, Adoni",Andhra Pradesh,KURNOOL,Adoni,"Dr. H. Siva Reddy, Civil Surgeon RMO (Rtd),Medical Officer  IRCS, RCH-II, Blood Bank, Area Hospital, Adoni-518301",9440503302,Government,15.632223,77.272837
M/s. Indian Red Cross Society Blood Bank RCH 2,Andhra Pradesh,KURNOOL,Adoni,"First Floor, Government Area Hospital, Adoni, Kurnool",9440503302,Charity,15.632223,77.272837
M/s. Government General Hospital Blood Bank,Andhra Pradesh,KURNOOL,Kurnool,kurnool,9985676311,Government,15.820654,78.038088
M/s. Indian Red Cross Society Blood Bank,Andhra Pradesh,KURNOOL,Kurnool,"Opposite Ravi Theatre, D.M  H.O Compound, Beside Control Room, Kurnool",9490601960,Charity,15.816357,78.040317
M/s. R.R. Hospital Blood Bank,Andhra Pradesh,KURNOOL,Kurnool,"D.No.40-304-10, 2nd Floor, Bhagya Nagar, Kurnool",9966662331,Private,15.82872,78.035743
District Hospital Blood Bank,Andhra Pradesh,KURNOOL,Nandyal,"District Hospital, Noonepalli, Nandyal, Kurnool",9959912781,Government,15.469336,78.482935
Government Hospital Blood Bank,Andhra Pradesh,KURNOOL,Srisailam Project,"Blood Bank Medical Officer,  Blood Bank, Government Hospital, Srisailam Project, Kurnool District",9876543210,Government,16.0833,78.8667
M/s. Area Hospital Blood Bank,Andhra Pradesh,PRAKASAM,Chirala,"Ground Floor, Room No.10, Area Hospital, Chirala, Prakasam",9441743892,Government,15.825971,80.36127
Indian Red Cross Society Blood bank,Andhra Pradesh,PRAKASAM,Markapur,"A.P.V.P. Area Hospital, Cumbum Road, Markapur",9440211131,Charity,15.736154,79.269125
M/s. RIMS General Hospital Blood Bank,Andhra Pradesh,PRAKASAM,Ongole,"C/o. RIMS General Hospital , D.No. 8-5-2/A, Opposite Bapuji Kalamandir, Bhagya Nagar, 5th Lane, Ongole",9000991884,Government,15.487882,80.047144
Indian Red Cross Society Blood Bank,Andhra Pradesh,PRAKASAM,Ongole,"IRCS Blood Bank, Railway Station Road, SanthaPeta, Ongole, Prakasam",9247264635,Charity,15.505723,80.049922
M/s. Life Line Volunytary Blood Bank,Andhra Pradesh,PRAKASAM,Ongole,"D. No.37-1-169/54, 2nd Floor, Sundharaiah Bhavan Raod, Ongole.",0924702311,Charity,15.481367,80.05908
M/s. Belief Blood Bank,Andhra Pradesh,PRAKASAM,Ongole,"3rd Floor, Sai Complex, Addanki Bus Stop, Ongole",9849499988,Charity,15.481367,80.05908
Government Hospital Blood Bank,Andhra Pradesh,SPSR NELLORE,Gudur,"Area Hospital Compound, Gudur",8008553616,Government,14.146545,79.848756
M/s. Kanamarlapudi Koteswara Rao Indian Red Cross Society Blood Bank,Andhra Pradesh,SPSR NELLORE,Kavali,"Survey No.1083/3, R.D. Office Compound, Kavali",9849850498,Charity,14.913181,79.99298
Indian Red Cross Society Blood Bank,Andhra Pradesh,SPSR NELLORE,Nellore,"Indian Red Cross Society (IRCS) Road, Madras Bus stand, Nellore",9347033100,Charity,14.426777,79.959008
District Headquarters Hospital (Repeated),Andhra Pradesh,SPSR NELLORE,Nellore,"District Headquarters Hospital, Dargamitta, Nellore",9247708860,Government,14.435424,79.966831
Narayana Medical College  Hospital Blood Bank,Andhra Pradesh,SPSR NELLORE,Nellore,"Narayana Hospital compound, Nellore",9876543210,Private,14.442599,79.986456
Gems Hospital Blood Bank,Andhra Pradesh,SRIKAKULAM,Ragolu,"Gems Hospital Premises, Ragolu, Srikakulam",9391489207,Private,18.289087,83.9056
GMR Varalakshmi Care Hospital Blood Bank,Andhra Pradesh,SRIKAKULAM,Rajam,"GMR Varalakshmi Care Hospital Premises, GMR Nagar, Rajam",9876543210,Private,18.461272,83.658352
Rajiv Gandhi Institute of Medical Sciences (RIMS) General Hospital Blood Bank,Andhra Pradesh,SRIKAKULAM,Srikakulam,"RIMS Government Hospital Premises, Balaga, Srikakulam",9701501018,Government,18.312884,83.887717
Indian Red Cross Society (IRCS) Blood Bank,Andhra Pradesh,SRIKAKULAM,Srikakulam,"D.No. 8-5-2/A, Opposite to Bapuji Kalamandir, Srikakulam",9876543210,Charity,18.296359,83.894549
District Hospital,Andhra Pradesh,VISAKHAPATNAM,Anakapalli,AH- ANAKAPALLI,9848325561,Government,17.689592,82.997733
M/s. NTR Area Hospital Blood Bank,Andhra Pradesh,VISAKHAPATNAM,Anakapalli,"APVVP Hospital Premises, Anakapalli, Visakhapatnam",9491817042,Government,17.686427,83.218576
M/s. Visakha Steel General Hospital Blood Bank,Andhra Pradesh,VISAKHAPATNAM,Gajuwaka,"Ukkunagaram, Steel Plant, Visakhapatnam",0770291797,Government,17.662908,83.144127
M/s. Anil Neerukonda Hospital  Blood Bank,Andhra Pradesh,VISAKHAPATNAM,Sangivalasa,"Sangivalasa, Bheemunipatnam (M), Visakhapatnam District",9876543210,Private,17.97256,83.432338
M/s. King George Hospital (KGH) Blood Bank,Andhra Pradesh,VISAKHAPATNAM,Visakhapatnam,"King George Hospital, Maharanipeta, Visakhapatnam",8912563345,Government,17.70667,83.303737
M/s. Government Victoria Hospital Blood Bank,Andhra Pradesh,VISAKHAPATNAM,Visakhapatnam,"Women  Children Hospital Blood Bank, Visakhapatnam",9059522294,Government,17.686816,83.218482
M/s. Indian Red Cross Society Blood Bank,Andhra Pradesh,VISAKHAPATNAM,Visakhapatnam,"D.No14-35-4, Behind Collecorate, Z..P. Junction, Maharanipeta, Visakhapatnam",9848027203,Charity,17.686816,83.218482
M/s. Rotary Blood Bank (Vishaka Port City Rotary Charitable Trust),Andhra Pradesh,VISAKHAPATNAM,Visakhapatnam,"D.No 13-26-2/54, 3rd Floor, Apuroopa Arcade, Near Jagadamba Junction, Maharanipeta, Vishakapatnam",9848193503,Charity,17.686816,83.218482
M/s. Apollo Hospital Heart  Kidney Centre Blood Bank,Andhra Pradesh,VISAKHAPATNAM,Visakhapatnam,"D.No.10-50-80, 1st Floor, Apollo Hospital, Waltair Main Road, Visakhapatnam.",9876543210,Private,17.717084,83.309208
M/s. Seven Hills Hospital Blood Bank,Andhra Pradesh,VISAKHAPATNAM,Visakhapatnam,"D.No.11-4-4/A, 5th Floor, Rock Dale Layout, Waltair MainRoad, Visakhapatnam",9848199322,Private,17.71737,83.309268
A. S. Raja Voluntary Blood Bank,Andhra Pradesh,VISAKHAPATNAM,Visakhapatnam,"D.No. 10-50-11/5, Ground Floor, 1st, 2nd and 3rd Floor, Beside CARE Hospital, Waltair Main Road, Ramnagar, Visakhapatnam",9393963436,Charity,17.720274,83.313048
M/s. Lions Club of Visakhapatnam Blod Bank Trust,Andhra Pradesh,VISAKHAPATNAM,Visakhapatnam,"D. No.10-54-7, Lions Community Hall, Ram Nagar, Visakhapatnam",9876543210,Charity,17.719063,83.311286
M/s. N.T.R. Memorial Trust Blood Bank,Andhra Pradesh,VISAKHAPATNAM,Visakhapatnam,"P. No. 15B-3-1, Block No. 56, Waltair Main Road, Ramnagar, Visakhapatnam",0903200561,Charity,17.691575,83.238891
M/s. Gitam Institute of Medical Sciences and Research Blood Bank,Andhra Pradesh,VISAKHAPATNAM,Visakhapatnam,"D.No.5-168, Ward No.6, Gitam University, Rushikonda, Visakhapatnam",9985556050,Private,17.784938,83.374975
M/s. Gayatri Vidya Parishad Institute of Health Care and Medical Technology,Andhra Pradesh,VISAKHAPATNAM,Visakhapatnam,"D. No.6-25, Maridi Valley, Marikavalasa, Madhurawada, Vishakapatnam",7675808026,Private,17.689433,83.211615
"Indian Red Cross Society Blood Bank, RCH-II",Andhra Pradesh,VIZIANAGARAM,Parvathipuram,"Area Hospital Premises, First Floor, Belagam, Parvathipuram",9908842182,Charity,18.781716,83.426752
District Headquarters Hospital Blood Bank,Andhra Pradesh,VIZIANAGARAM,Vizianagaram,"District Headquarters Hospital, Cantonment, Vizianagaram",9440070099,Government,18.110022,83.388433
Indian Red Cross Society Blood Bank,Andhra Pradesh,VIZIANAGARAM,Vizianagaram,"D.No. 71/82, Near Ganesh Temple, Cantonment,  Vizianagaram",8142578999,Charity,18.106658,83.395551
ASN Raju Charitable Trust Blood Bank,Andhra Pradesh,WEST GODAVARI,Bhimavaram,"D.No. 24-1-1, R.K. Plaza (Sarovar complex), J. P. Raod, Bhimavaram",9666001234,Charity,16.54391,81.516237
Uddaraju Anandaraju Foundation Blood Bank,Andhra Pradesh,WEST GODAVARI,Bhimavaram,"D.No. 27-8-21/2, Sivaraopet, Bhimavaram",8897888108,Charity,16.543064,81.515731
M/s. Government Headquarters Hospital Blood Bank,Andhra Pradesh,WEST GODAVARI,Eluru,"Government Headquarters Hospital, Ground Floor, R.R. Peta, Eluru, West Godavari",9876543210,Government,17.006153,81.782132
M/s. Indian Red Cross Society Component Blood Bank,Andhra Pradesh,WEST GODAVARI,Eluru,"General Hospital Premises, Eluru, West Godavai",9848177142,Charity,16.711919,81.094839
M/s. Alluri Sitrarama Raju Academy of Medical Sciences Blood Bank,Andhra Pradesh,WEST GODAVARI,Eluru,"Ground Floor, Hospital Block, NH 5 Eluru, West Godavari",0738262628,Charity,16.737395,81.146494
M/s. Good Samaritan Blood Bank,Andhra Pradesh,WEST GODAVARI,Eluru,"D.No.13-1, Good Samaritan Cancer and General Hospital, Vangayagudem, Eluru, West Godavari",9440470715,Private,18.179738,83.39551
M/s. Indian Red Cross Society Blood Bank jangareddi gudem,Andhra Pradesh,WEST GODAVARI,Jangareddygudem,"Government Hospital Premises, Jangareddygudem",9493009404,Government,17.125307,81.273907
Indian Red Cross Society Blood Bank narasapuram,Andhra Pradesh,WEST GODAVARI,Narasapuram,"C/o. Community Healthcare Center, Narsapuram",8179704000,Charity,16.45196,81.680205
Palakol Voluntary Blood Bank,Andhra Pradesh,WEST GODAVARI,Palakol,"D.No. 47-1-12/2C, 1st floor, Beside Chamber of Commerce Building, Srinivasa Deluxe, Palakol",9885144415,Charity,16.517455,81.725342
Indian Red Cross Society Blood Bank Tanuku  (Repeated),Andhra Pradesh,WEST GODAVARI,Tanuku,"IRCS Sub Branch Doorno 27-14-9, Dodipatlavari Street, Tanuku, West Godavari District",9876543210,Government,16.757173,81.679963
Dr. Mulla Pudi Harischandra Prasad Red Cross Blood Bank,Andhra Pradesh,WEST GODAVARI,Tanuku,"D.No.27-14-9, Doddipatla Vari Street, Tanuku.",9959312349,Charity,16.757173,81.679963
Sri Buddala Narasimhamurty Voluntary Blood Bank,Andhra Pradesh,WEST GODAVARI,Tanuku,"D.No.34-4/5, Ground Floor, Supriya Towers, Tanuku",9133111131,Charity,16.414033,80.647085
Rajiv Gandhi Institute of Medical Sciences Blood Bank,Andhra Pradesh,Y.S.R. (Kadapa),Kadapa,"Blood Bank Medical Officer, O.P. Block Ground Floor, Blood Bank, RIMS General Hospital,Puttlampalli, Kadapa ( RIMS, Kadapa).",0950257774,Government,15.133392,78.514102
"Indian Red Cross Society, Blood Bank",Andhra Pradesh,Y.S.R. (Kadapa),KADAPA,"D.No. 10-971, Opposite to Mattipedda Puli, Trunk Road, Kadapa",9704798189,Charity,14.467354,78.824134
Boga Parvathamma Blood Bank,Andhra Pradesh,Y.S.R. (Kadapa),Kadapa,"A unit of boga parvathamma memorial blood donation service organization,d.no7-137, second floor, jayanagar colony , Kadapa",9440269795,Private,14.467354,78.824134
District Hospital Blood Bank,Andhra Pradesh,Y.S.R. (Kadapa),PRODDATUR,"APVVP, Gavini Circle, Yerraguntla Bypass Road, Proddatur",8106104334,Government,14.741621,78.550959
A.P. Vaidyavidhanaparishad Area Hospital - IRCS Blood Bank,Andhra Pradesh,Y.S.R. (Kadapa),Pulivendula,"Ground Floor, Muddanuru Road, Pulivendula",9440978262,Private,14.422232,78.226339
Changlang District Hospital Blood Bank,Arunachal Pradesh,CHANGLANG,Changlang,"District Hospital, Changlang District, Arunachal Pradesh",9436068812,Government,27.139258,95.738757
Pasighat General Hospital Blood Bank,Arunachal Pradesh,EAST SIANG,Pasighat,"General Hospital, Pasighat,  Jt. DHS (TR), High Region, Near NH 52.",9436225890,Government,28.071544,95.325113
Lohit District Hospital Blood Bank,Arunachal Pradesh,LOHIT,Tezu,"District Hospital Tezu, Lohit District, Arunachal Pradesh",9436633161,Government,27.559574,96.101627
General Hospital Ziro  Blood Bank,Arunachal Pradesh,LOWER SUBANSIRI,Ziro,"General Hospital Ziro, Lower Subansiri",0841500044,Government,27.53875,93.822176
Ramakrishna Mission Hospital Blood bank,Arunachal Pradesh,PAPUM PARE,Itanagar,"Ramakrishna Mission Hospital P.O. Ramakrishna MissionItanagar,",9876543210,Charity,27.086178,93.609065
Arunachal State Hospital Blood Bank,Arunachal Pradesh,PAPUM PARE,Naharlagun,"Arunachal State Hospital / General Hospital, NH 52A, Lumer Dai Road",0873198118,Government,27.103121,93.691936
Tawang District Hospital Blood Bank,Arunachal Pradesh,TAWANG,Tawang,"District Hospital, Tawang District , Arunachal Pradesh",9402222155,Government,27.588943,91.864896
Upper Siang District Hospital Blood Bank,Arunachal Pradesh,UPPER SIANG,Yingkiong,"District Hospital, Yingkiong, Upper Siang District, Arunachal Pradesh.",9436226409,Government,28.641662,95.025348
Upper Subansiri District Hospital Blood Bank,Arunachal Pradesh,UPPER SUBANSIRI,Daporijo,"District Hospital Daporijo, Upper Subansiri District, Arunachal Pradesh",0879405082,Government,27.981329,94.217428
West Siang District Hospital Blood Bank,Arunachal Pradesh,WEST SIANG,Aalo,"District Hospital, Medical Complex, Aalo",9436056268,Government,28.169282,94.801031
Fakhruddin Ali Ahmed (FAA) Medical College Hospital Blood Bank,Assam,BARPETA,Barpeta,"Ground Floor  Fakhruddin Ali Ahmed Medical College, Jotigaon, Jania Road.Opposite to Chaulkhowa River",0943504286,Government,26.323792,90.986661
Bongaigaon Civil Hospital Blood Bank,Assam,BONGAIGAON,Bongaigaon,"Main Road, Mayapuri,Bongaigaon",9435021056,Government,26.456671,90.560234
Lower Assam Hospital Blood Bank,Assam,BONGAIGAON,Bongaigaon,"Chapaguri Road, North Bongaigaon",9435720622,Private,26.492861,90.551479
Silchar Medical College and Hospital Blood Bank,Assam,CACHAR,Silchar,"Krishnapur Medical Road, Ghungoor, Silchar",9435076209,Government,24.775578,92.794251
Indian Red Cross Children Hospital Blood Bank,Assam,CACHAR,Silchar,"Indian Red Cross Children Hospital, Tarapur, Silchar",9401854401,Charity,24.826127,92.796159
Barak Blood Bank and Clinical Research Centre,Assam,CACHAR,Silchar,"Central Rd, Tarapur, Kanakpur Part-II",9435071314,Private,24.808015,92.795242
Bongaigaon Refinery (BRPL) Hospital Blood Bank,Assam,CHIRANG,Dhaligaon,"BRPL Refinery, iocl/bgr township",9435121190,Government,26.510577,90.522683
Mangaldoi Civil Hospital Blood Bank,Assam,DARRANG,Mangaldoi,"Mangaldoi Civil Hospital, NH 52, Mangaldoi, Darrang",9854035697,Government,26.437551,92.036395
Dhemaji Civil Hospital Blood Bank,Assam,DHEMAJI,Dhemaji,"Ward No9, Lachit Nagar, Natun Nagar Rd",9678100660,Government,27.458026,94.574533
Dhubri Civil Hospital Blood Bank,Assam,DHUBRI,Dhubri,"Jhagrarpar, Dhubri",9435028860,Government,26.034365,89.963554
Assam Medical College and Hospital Blood Bank,Assam,DIBRUGARH,Dibrugarh,"Barbari, Dibrugarh",9435033505,Government,27.486985,94.944179
Dr. Damani39s Nursing Home Blood Bank,Assam,DIBRUGARH,Dibrugarh,"L.G.B. Avenue, Near Circuit House",9435031702,Private,27.4898858,94.9229632
Aditya Diagnostic Hospital Blood Bank,Assam,DIBRUGARH,Dibrugarh,"Bordoloi Avenue, Dibrugarh",9435030421,Private,27.491383,94.931116
Oil India Limited Hospital Blood Bank,Assam,DIBRUGARH,Duliajan,"Oil Hospital, Duliajan",9954498584,Government,27.359192,95.323648
Haflong Civil Hospital Blood Bank,Assam,DIMA HASAO,Haflong,"NH 54, Songpijaang, Haflong",9435077512,Government,25.165653,93.024831
Goalpara Civil Hospital Blood Bank,Assam,GOALPARA,Goalpara,"Agia Road, Goalpara",9435023847,Government,26.142267,90.610584
Solace Hospital and Research centre Pvt.Ltd Blood bank,Assam,GOALPARA,Goalpara,"BOC Agia Road Road, P.O. BaladmariOpposite to Assam Oil Petrol Pump",9435323781,Private,26.164643,90.624877
Kushal Konwar (KK) Civil Hospital Blood Bank,Assam,GOLAGHAT,Golaghai town,"Abita Building, 1st floor,  Golaghat Near stataion Rd",9435151875,Government,26.510171,93.964569
Vivekananda Kendra NRL Hospital Blood Bank,Assam,GOLAGHAT,Golaghat,"NRL Township, Numaligarh Refinery Complex",9435478406,Private,26.591371,93.749516
S. K. Roy Civil Hospital Blood Bank,Assam,HAILAKANDI,Hailakandi,"Hailakandi Civil Hospital, NH 154, Bashdahar, Hailakandi",9859763582,Government,24.671769,92.563355
Jorhat Medical College and Hospital Blood Bank,Assam,JORHAT,Jorhat,"Telemedicine Department, KB Road, Kushal Nagar, Tarajan",9435747816,Government,26.742573,94.195109
Greater Jorhat Lions Blood Bank,Assam,JORHAT,Jorhat,"Lions Multiple Service Centre, Sonali Jayanti Nagar",0985466501,Charity,26.753059,94.185964
Mahendra Mohan Choudhury (MMC) Hospital  Blood Bank,Assam,KAMRUP,Guwahati,"Panbazar, Guwahati",9401389455,Government,26.185505,91.740485
Dispur Blood Bank,Assam,KAMRUP,Guwahati,"Ganeshguri, Dispur",9707020370,Private,26.149823,91.786638
Saharia39s Path Lab  Blood Bank,Assam,KAMRUP,Guwahati,"Guwahati - Shillong Rd, Near Petrol Pump, ABC, BhangagarhOpposite Anil Plaza",9864097823,Private,26.16274,91.770664
International Hospital Blood Bank,Assam,KAMRUP,Guwahati,"Lotus Tower, G.S. Road, Christian Basti",0986401787,Private,26.154059,91.781267
Hayat Hospital Blood Bank,Assam,KAMRUP,Guwahati,"Odalbakra, Lalganesh",9508122223,Private,26.139171,91.746199
Rahman Hospital Private Limited Blood Bank,Assam,KAMRUP,Guwahati,"VIP Road, Sixmile, Khanapara,",9864010982,Private,26.135133,91.809429
GNRC Institute of Medical Sciences Blood bank,Assam,KAMRUP,Guwahati,"Sila Grant Town, North Guwahati , Near IIT Guwahati",9706900636,Private,26.202192,91.693312
Central Hospital N. F. Railway Blood Bank,Assam,KAMRUP,Maligaon,"PNGB Road, Near Kamakhya Railway Station, Maligaon, Guwahati",9957550524,Government,26.151872,91.694899
G.N.R.C. Hospital Blood Bank,Assam,KAMRUP METRO,"Dispur, Guwahati","Dispur, Guwahati",9954088100,Private,26.1391,91.794024
Guwahati Medical College and Hospital (GMCH) State of The Art Model Blood Bank,Assam,KAMRUP METRO,Guwahati,"GMCH Complex, GMCH Rd, Bhangagarh, Guwahati",9864096208,Government,26.159914,91.768498
Dr. B. Borooah Cancer Institute Blood Bank,Assam,KAMRUP METRO,Guwahati,"Gopinath Nagar, Birubari, Guwahati",9864016791,Government,26.165087,91.747674
Assam Gujarat Voluntary Blood Bank and Research Centre,Assam,KAMRUP METRO,Guwahati,"33, Anil Mazamill Road, Lane opposite to Apsara Cinema, Manipuri Basti",9864096134,Private,26.176689,91.753784
Down Town Hospital Blood Bank,Assam,KAMRUP METRO,Guwahati,"4th Floor, Buiding No1, G.S. Road, Dispur",9706025061,Private,26.136151,91.796833
Ganga Hospital Blood Bank,Assam,KAMRUP METRO,Guwahati,"G. S. Road, Lachit Nagar, Ulubari, Near KFC Neubari",8011010800,Charity,26.172081,91.759992
Surakhya  Blood Bank,Assam,KAMRUP METRO,Guwahati,"Arya Hospital complex, A.M. Road, RehabriOpposite Apsara Cinema Hall",9864015329,Charity,26.175065,91.75257
Marwari Hospital and Research Centre Blood Bank,Assam,KAMRUP METRO,Guwahati,"Sati Jaymati Road, Athgaon",0943504918,Charity,26.172012,91.740106
151 Base Hospital Blood Bank,Assam,KAMRUP METRO,Guwahati,"Basistha, Guwahati",9959857437,Government,26.104222,91.796169
Sanjevani Hospital Blood Bank,Assam,KAMRUP METRO,Guwahati,"Maligaon,  Guwahati",8811091296,Private,26.161206,91.70941
Narayana Hrudayalaya Limited Blood Bank,Assam,KAMRUP METRO,Guwahati,"Tularam Bafana Civil Hospital Campus, North Guwahati, Amingaon.",0881107932,Private,26.20775,91.678242
Diphu Civil Hospital Blood Bank,Assam,KARBI ANGLONG,Diphu,"Diphu, Karbi Anglong",9435066080,Government,25.844281,93.433805
Karimganj Civil Hospital Blood Bank,Assam,KARIMGANJ,Karimganj,Karimganj,9401884355,Government,24.867595,92.361806
R.N.B. Civil Hospital Blood Bank,Assam,KOKRAJHAR,Kokrajhar,"Habrubil, Gossaigaon, Kokrajhar",9435026547,Government,26.452881,89.976397
North Lakhimpur Civil Hospital Blood Bank,Assam,LAKHIMPUR,North Lakhimpur,North Lakhimpur,9435534330,Government,27.242685,94.106483
Morigaon Civil Hospital Blood Bank,Assam,Morigaon,Morigaon,"KK Handique Path, Ward Number 7, Rajagaon,",0801135291,Government,26.251646,92.354523
Haji Abdul Majid Memorial Hospital and Research Centre Blood Bank,Assam,NAGAON,Hojai,"Hojai, Nagaon",9435032531,Charity,26.015994,92.868186
B.P. Civil Hospital Blood Bank,Assam,NAGAON,Nagaon,"Civil Road, Nagaon",9435061021,Government,26.344942,92.689464
North East Blood Bank and Research Centre,Assam,NAGAON,Nagaon,"N.H. 37, Haibargaon,",9435061932,Charity,26.344263,92.680991
S. M. K. Civil Hospital Blood Bank,Assam,NALBARI,Nalbari,Maszid Road,9435028232,Government,26.448222,91.435618
Nalbari Maternity Hospital Blood Bank,Assam,NALBARI,Nalbari,Alternative Road,9435194910,Private,26.440614,91.43584
O.N.G.C. Limited Hospital Blood Bank,Assam,SIVASAGAR,Sivasagar,Sivasagar,9435717271,Government,26.981201,94.651794
Pragati Hospital and Research Centre Blood Bank,Assam,SIVASAGAR,Sivasagar,"A.T. Road, Sivsagar",9854041744,Private,26.997865,94.61976
Sivasagar Civil Hospital Blood Bank,Assam,SIVASAGAR,Sivasagar,Joysagar,9435057007,Government,26.955222,94.611106
Catholic Hospital Blood Bank,Assam,SONITPUR,Biswanath chariali,Borgang,9957806732,Charity,26.815339,93.320185
Kanaklata Civil Hospital Blood Bank,Assam,SONITPUR,Tezpur,"Main Road, Tezpur",9435080847,Government,26.628524,92.796499
155 Base Hospital Blood Bank,Assam,SONITPUR,Tezpur,Tezpur,9435710555,Government,26.655397,92.787317
Tezpur Medical College Hospital Blood Bank,Assam,SONITPUR,Tezpur,Bihaguri,8486893474,Government,26.680968,92.653349
Indian Oil Corp Ltd (AOD) Hospital blood bank,Assam,TINSUKIA,Digboi,"IOCL, Assam Division, Digboi",9435506677,Government,27.39287,95.62943
Central Hospital  Coal India Limited,Assam,TINSUKIA,Margherita,"Coal India Limited, Margerita",9435138053,Government,27.289292,95.674768
Tinsukia Civil Hospital Blood Bank,Assam,TINSUKIA,Tinsukia,"Bordoloi Nagar, Tinsukia",8876262939,Government,27.498632,95.358861
Tinsukia Blood Bank,Assam,TINSUKIA,Tinsukia,"S.R. Lohia Road, Chiravapathy, IMA House, Tinsukia",9435269959,Charity,27.490438,95.363017
Rastra Kavi Dinkar Blood Bank,Bihar,BEGUSARAI,Begusarai,"Sadar Hospital, Begusarai",9431208750,Government,25.4138,86.13596
Jawaharlal Nehru Medical College Hospital (JNMCH) Blood Bank,Bihar,BHAGALPUR,Bhagalpur,"Mayaganj, Tilkamanjhi,",9934456029,Government,25.264217,87.002126
Sadar Hospital Ara (Bhojpur) Blood bank,Bihar,BHOJPUR,Ara,"Sapna Cinema Road, Nawada,",7870307773,Government,25.559755,84.667554
Sadar Hospital Ara Blood Bank,Bihar,BHOJPUR,Ara,"Sadar Hospital Ara Blood Bank, Shivganj",0950784074,Government,25.558506,84.670631
Maa Vindhyawasini Blood Bank,Bihar,BHOJPUR,Arrah,"Pakari Chauk, Near Malti Hospital",0983564264,Private,25.539954,87.56747
Indian Red Cross Blood Bank (IRCS) Blood Bank,Bihar,BHOJPUR,Arrah,"South Ramna Road, Bhojpur",9386399967,Government,25.559303,84.661958
Sadar Hospital Buxar Blood Bank,Bihar,BUXAR,Buxar,"Old Campus of Sadar Hospital, Civil Line",0943123535,Government,25.56471,83.977748
Darbhanga Medical College and Hospital (DMCH) Regional Blood Bank,Bihar,DARBHANGA,Laheriasaria,"Darbhanga Surgery Building, Ground Floor, DMCH Campus, DMCH Road",9876543210,Government,26.133426,85.898943
"Indian Red Cross Society Blood Bank, Motihari",Bihar,EAST CHAMPARAN,Motihari,"Red Cross Society Sadar Hospital road, Motihari, Red Cross Bhawan, Hospital Road",9430276423,Charity,26.647477,84.910299
Anugrah Narayan Memorial Magadh Medical College Hospital (ANMMCH) Blood Bank,Bihar,GAYA,Gaya,Sher Ghati Road,9570557188,Government,24.771176,84.960302
"Sadar Hospital, Gopalganj Blood Bank",Bihar,GOPALGANJ,Gopalganj,"Ward No. 15, Gopalganj",0943128385,Government,26.460762,84.441119
Sadar Hospital Jamui Blood Bank,Bihar,JAMUI,Jamui,"185, Khan Hospital Road",0943123408,Government,25.20523,85.514552
"Amar Saheed Jagdeo Prasad, Sadar Hospital Jehanabad Blood Bank",Bihar,JEHANABAD,Jehanabad,"P G Road, Arwal More",9835407198,Government,40.267194,86.134902
Sadar Hospital Kaimur (Bhabua) Blood Bank,Bihar,KAIMUR (BHABUA),Bhasna,"Kachahari Road, Kaimur",8877667831,Government,25.039579,83.607736
"Sadar Hospital, Katihar Blood bank",Bihar,KATIHAR,Katihar,"Blood Bank, Sadar Hospital",9431634656,Government,25.539923,87.567583
Sadar Hospital Khagaria Blood Bank,Bihar,KHAGARIA,Khagaria,"Ward Number 14, Khagaria",9431689373,Government,25.50788,86.474581
Sadar Hospital Kishanganj Blood Bank,Bihar,KISHANGANJ,Kishanganj,Hospital Road,0947000340,Government,26.101776,87.948834
Sadar Hospital Madhepura Blood Bank,Bihar,MADHEPURA,Madhepura,"Near pani tanki chowk, Ward No10",9430039619,Government,25.922909,86.792226
Sri Krishna Medical College Hospital (SKMCH) Blood Bank,Bihar,MUZAFFARPUR,Muzaffarpur,"National Highway 77, Uma Nagar, Rasulpur Saidpur Bazid",0943123863,Government,26.167644,85.392082
Sadar Hospital Muzaffarpur Blood Bank,Bihar,MUZAFFARPUR,Muzaffarpur,"Sadar Hospital Blood Bank Muzaffarpur, Near Muzaffarpur Railway Station, Hospital Road,",9431013092,Government,26.122253,85.382562
"Red Cross Blood Bank, Sadar Hospital, Bihar Sharif",Bihar,NALANDA,Bihar Sharif,"Indian Red Cross Society, opposite Sadar Hospital, near IMA hall",9709456019,Charity,25.20523,85.514552
Nalanda Medical College and Hospital Blood Bank,Bihar,PATNA,Patna,"Agamkuan, Near Shitla Mandir",9876543210,Government,25.594095,85.137565
Bihar State Patna Medical College and Hospital (PMCH) Blood Bank,Bihar,PATNA,Patna,"Ashok Raj Path, Bankipore",9876543210,Government,25.619794,85.158851
Indian Red Cross Society (IRCS) Patna Blood Bank,Bihar,PATNA,Patna,"Indian Red Cross Bhawan, North Gandhi Maidan",9876543210,Charity,25.619909,85.145263
Jaiprabha Hospital Model Blood Bank (MBB),Bihar,PATNA,Patna,"State of art Model Blood Bank,Jai Prabha Hospital Campus, P.C.Colony, Kankarbagh, Near Ganga Devi Mahila Maha Vidyalaya",9431619736,Government,25.60017,85.152281
Indira Gandhi Institute of Medical Sciences (IGIMS) Blood Bank,Bihar,PATNA,Patna,"Baily Road, Sheikpura, Raja Bazar, Near Sanjay Gandhi Botanical Garden",0854441321,Government,25.611687,85.089567
Indian Red Cross Society (IRCS) Blood Bank,Bihar,PURNIA,Purnia,"Red Cross Blood Bank, Purnea, Red Cross Bhawan Line Bazar",0943102563,Charity,25.785486,87.488251
Sadar Hospital Purnia  Blood Bank,Bihar,PURNIA,Purnia,"Sudin Chowk Road, Rajnikant Colony, Line Bazar, Purnea,",0993921348,Government,25.778234,87.472456
Sadar Hospital Sasaram Blood Bank,Bihar,ROHTAS,Rohtas,"Rauza Road, Laxkariganj, Near Head Post Office, Sasaram",9876543210,Government,24.952782,84.013897
Sadar Hospital Saharsa Blood Bank,Bihar,SAHARSA,Saharsa,"Zila School Road, Police Line, Saharsa",9934712522,Government,25.88715,86.590953
Sadar Hospital Samastipur Blood Bank,Bihar,SAMASTIPUR,Samastipur,"14, State Highway 50, Azad Nagar, Samastipur,",0966195888,Government,25.857206,85.778507
Sadar Hospital Chhapra Blood Bank,Bihar,SARAN,Chapra,"Daroga Rai Chowk, Sadhapur, Chhapra,",9876543210,Government,25.781723,84.73066
Sadar Hospital Sheikhpura Blood Bank,Bihar,SHEIKHPURA,Sheikhpura,"Near Dallu Chowk, Sheikhpura,",9631805193,Government,25.133195,85.841424
Sadar Hospital Sitamarhi Blood Bank,Bihar,SITAMARHI,Sitamarhi,"NH 104, KVJ Nagar, Sitamarhi,",9473264433,Government,26.596243,85.494747
Sadar Hospital Siwan Blood Bank,Bihar,SIWAN,Siwan,"SH 45, Babhnauli, Siwan",0943128416,Government,26.226162,84.361845
Sadar Hospital Hajipur Blood Bank,Bihar,VAISHALI,Hajipur,"hospital road, hajipur, Near Civil Court",0947319193,Government,25.690268,85.208265
Maharani Janki Kunwar (MJK) Hospital Blood Bank,Bihar,WEST CHAMPARAN,Bettiah,"Bettiah, West Champaran",9876543210,Charity,26.796929,84.500903
"Department of  Transfusion Medicine, PGIMER Blood Bank",Chandigarh,CHANDIGARH,Chandigarh,"Blood Bank, Department of Transfusion Medicine, Nehru Hospital, PGIMER, Sec-12, Chandigarh.",7087009481,Government,30.765913,76.775488
Rotary and Blood Bank Society Resource Centre,Chandigarh,CHANDIGARH,Chandigarh,"Plot No4, Dakshin Marg, Sector 37A, Chandigarh",9878707711,Charity,30.74211,76.755138
Government Medical College and Hospital Blood Bank,Chandigarh,CHANDIGARH,Chandigarh,"Department of Transfusion Medicine ,Government Medical College and Hospital, Sector-32, Chandigarh",9646121669,Government,30.709289,76.780536
Government Multispeciality Hospital Blood Bank,Chandigarh,CHANDIGARH,Chandigarh,"Blood Bank, Government Multispeciality Hospital, Room No. 164 Sector 16 Chandigarh.",7837318512,Government,30.751021,76.780967
Maharani Hospital Blood Bank,Chhattisgarh,BASTAR,Jagdalpur,Lt. brkm .govtmedical college jagdalpurchandni chouk jagdalpur,9876543210,Government,19.085071,82.023963
Chhattisgarh Insititute of Medical Sciences (CIMS) Blood Bank,Chhattisgarh,BILASPUR,Bilaspur,"Gond Para, Gole Bazar",9977833811,Government,22.087621,82.152265
Bilaspur District Hospital Blood Bank,Chhattisgarh,BILASPUR,Bilaspur,"Sardar Vallabhbhai Patel District Govt Hospital, old bus stand roadOpposite to Rajeev plaza",9876543210,Government,22.074225,82.158399
Apollo Hospital Blood Bank,Chhattisgarh,BILASPUR,Bilaspur,"Village - Lingyadih, Seepat Road",9755597380,Private,22.087007,82.177637
"Shri Rawatpura Sarkar Lok Kalyan Trust, Bilasa Blood Bank",Chhattisgarh,BILASPUR,Bilaspur,"2nd Floor, Bhawe Razab Ali Chamber, Opposite to CIMS Hospital, Sadar Bazaar, Bilaspur",9425211913,Charity,22.086695,82.152539
Ekta Blood Bank,Chhattisgarh,BILASPUR,Bilaspur,"C/O Thalassemia Society,Near Abhiyanta Bhawan,Magarpara",9644108882,Charity,22.078658,82.145069
NMDC Apollo Hospital Blood Bank,Chhattisgarh,DANTEWADA,Bacheli,"Bailadila Iron Ore Mines, Bacheli, Dantewada",9876543210,Government,18.703695,81.248612
District Hospital Blood Bank Dantewada,Chhattisgarh,DANTEWADA,Dantewada,"Civil Surgeon, District Hospital, Dantewada",0942551737,Government,18.89362167,81.3504983
NMDC Project Hospital Blood Bank,Chhattisgarh,DANTEWADA,Kirandul,"Bailadila Iron Ore Mine, Kirandul Complex",9876543210,Government,18.634249,81.252895
Dhamtari District Hospital Blood Bank,Chhattisgarh,DHAMTARI,Dhamtari,"Civil Surgeon, District Hospital, Dhamtari",9406015822,Government,20.707653,81.53949
Dhamtari Christian Hospital,Chhattisgarh,DHAMTARI,Dhamtari,"Industrial Area, Raipur Road, Dhamtari",7697512234,Private,20.718748,81.55154
B.S.R. Cancer Hospital,Chhattisgarh,DURG,Bhilai,"B.S.R. Cancer Hospital (P.A.) Limited, Junwani Road, Smriti Nagar, Bhilai, Near T.I. Mall",9755098682,Private,21.216312,81.322622
Chandulal Chandraker Memorial (C.C.M.) Medical College Blood Bank,Chhattisgarh,DURG,Bhilai,"Kachandur, Kurud-Road",9993095032,Private,21.251525,81.337451
Durg District Hospital  Blood Bank,Chhattisgarh,DURG,Durg,"Civil Surgeon, District Hospital, Durg",8103071304,Government,21.187096,81.279227
J.L.N Hospital  Research Center  Blood Bank,Chhattisgarh,DURG,Durg,Sector-9 Bhilai,9407983537,Government,21.189732,81.316117
Chandulal Chandrakar Memorial Hopsital Blood Bank,Chhattisgarh,DURG,Durg,"Chandulal Chandraker Memorial Hospital, GE Road, Bhilai, Durg.",9993095031,Private,21.200246,81.322665
Kawardha District Hospital Blood Bank,Chhattisgarh,KABIRDHAM (Kawardha),Kawardha,"Civil Surgeon, District Hospital, Kawardha",9827495629,Government,22.036,81.221
Kanker District Hospital Blood Bank,Chhattisgarh,KANKER,Kanker,"Civil Surgeon, District Hospital, Kanker",9424274432,Government,20.264724,81.495155
"Indira Gandhi District Hospital Blood bank, Kobra",Chhattisgarh,KORBA,Korba,"Rajgamar Road, Kosabadi Korba",0958902875,Government,22.364,82.744
"Bilash Blood Bank,KORBA",Chhattisgarh,KORBA,Korba,"HIG-21, Ext. M. P. Nagar, Ghantaghar Chowk",9907744410,Charity,22.358763,82.7203479
"Distrcit Hospital Baikunthpur Blood bank, Korea",Chhattisgarh,KOREA,Baikunthpur,"Jampara, Baikunthpur",9425256793,Government,23.26,82.562
Christian Hospital Blood Bank,Chhattisgarh,MUNGELI,Mungeli,"Tilak Ward Lormi Road,  Mungeli",9425225208,Charity,22.070986,81.687633
Ramakrishna Mission Ashram Blood Bank,Chhattisgarh,NARAYANPUR,Narayanpur,"Ramakrishna Mission Ashram, Narayanpur",9876543210,Private,19.716626,81.229284
District Hospital Blood Bank Mahasamund,Chhattisgarh,RAIGARH,Mahasamund,"Mahasamund Raipur Road, Kharora Village",9926190979,Government,21.1193227,82.0743057
O.P. Jindal Hospital  Research Centre Blood Bank,Chhattisgarh,RAIGARH,Raigarh,"Jindal Education and Welfare Society, INN Plaza, Kharsia Road, Patrapali",8827478256,Private,21.927279,83.359147
Sewa Blood Bank,Chhattisgarh,RAIGARH,Raigarh,"Opposite to Kirodimal district hospital, Gopi Talkies Road",9876543210,Charity,21.890931,83.3966244
"Dr B R Ambedkar Memorial Hospital, Model Blood Bank",Chhattisgarh,RAIPUR,Raipur,"Room No120, 1st Floor, Attached with PT.J.N.M Medical College, Jail Road",9826148884,Government,21.25076,81.639
Indian Red Cross Society Blood Bank,Chhattisgarh,RAIPUR,Raipur,"Pt. J. N. M. Medical College premises, Jail Road, Raipur",9755549529,Charity,21.15,81.38
City Blood Bank,Chhattisgarh,RAIPUR,Raipur,"Adarsh Bazar, G.E Road, Near Vivekanand Ashram",9827122374,Private,21.240907,81.620688
Sai Sahara Blood Bank,Chhattisgarh,RAIPUR,Raipur,"Garcha Complex, Jail Road",9826604484,Private,21.251385,81.629642
Narayana Hrudayalaya MMI Blood Bank,Chhattisgarh,RAIPUR,Raipur,"NHMMI Hospital Campus, Lalpur, Dhamtari Road",9109972181,Private,21.21327,81.65767
SSD Blood Bank,Chhattisgarh,RAIPUR,Raipur,"Katora Talab Chowk, Near Netaji Hotel, Opposite to Swapnil Nursing Home",9425501244,Private,21.235832,81.652249
Chhattisgarh Blood Bank,Chhattisgarh,RAIPUR,Raipur,"Agarainal Ramkrishna Care Hospital Premises, Opp. RKC Complex, Great Eastern Rd, Ramkund,  Near Dhuppad Petrol Pump",9827461640,Private,21.246825,81.61188
Bilasa Blood Bank,Chhattisgarh,RAIPUR,Raipur,"Sr. HIG -10,Sector-03, Shanker Nagar",7024109190,Charity,21.25435,81.66339
Srishti Blood Bank,Chhattisgarh,RAIPUR,Raipur,"2nd Floor, Dhillon Complex, Near Sindhi School, Jawahar Nagar,",0930121553,Private,21.247,81.656
Shree Narayana Hospital Blood Bank,Chhattisgarh,RAIPUR,Raipur,"Near Ganj Mandi, Behind Sector - 5, Devendra Nagar, Pandri",9827125333,Private,21.263533,81.649825
Rajdhani Blood Bank,Chhattisgarh,RAIPUR,Raipur,"Main Road, Badhaipara",9300052600,Charity,21.244963,81.630129
Evangelical Mission Hospital Blood Bank,Chhattisgarh,RAIPUR,Raipur,"Tilda, P.O. Neora",9826939520,Private,21.553982,81.79053
Raipur Institute of Medical Science,Chhattisgarh,RAIPUR,Raipur,"RIMS Knowledge Park, Bhansoj Road, Off NH-6,",9876543210,Charity,21.263176,81.637035
Aashirwad Blood Bank,Chhattisgarh,RAIPUR,Raipur,"H. No. S-5, Rajiv Nagar, Shankar Nagar, Behind Cristal Arcade Complex",9993096768,Charity,21.258245,81.66018
Medical college Hospital Blood Bank Rajnandgaon,Chhattisgarh,RAJNANDGAON,Rajnandgaon,Superitendant medical college Hospital Rajnandgaon,9425557320,Government,21.086463,81.030281
Surguja District Hospital Blood Bank,Chhattisgarh,SURGUJA,Ambikapur,"Bilaspur Road, Ambikapur",9424257335,Government,23.1099901,83.1945
Holy Cross Hospital Blood Bank,Chhattisgarh,SURGUJA,Ambikapur,"Ambikapur, Surguja District",9826126610,Charity,23.134176,83.193534
Tej Blood Bank,Chhattisgarh,SURGUJA,Ambikapur,"Plot No. 3528/47, Jail Road, BabuparaOpposite to Joda Talab",9826183780,Charity,23.117556,83.191169
Indian Red Cross Society (IRCS) Blood Bank,Dadra and Nagar Haveli,DADRA AND NAGAR HAVELI,Silvassa,"IRCS Red Cross House, Opposite to Bus Stand",9824171269,Charity,20.276266,73.008306
Daman Raktadan Kendra,Daman and Diu,DAMAN,Daman,"Government Hospital Marwad Campus,  Nani Daman.",9978930857,Government,20.433246,72.831276
Diu District Blood Bank,Daman and Diu,DIU,Diu,"Govt HospitalNear Sports Complex, Main Road, DIU",8980034725,Government,20.712855,70.988929
Indian Red Cross Society (IRCS) Blood Bank,Delhi,CENTRAL DELHI,Delhi,"1, Red Cross Road, Near Parliament House",9818228394,Charity,28.618675,77.21089
Dr. Ram Manohar Lohia Hospital Blood Bank,Delhi,CENTRAL DELHI,New Delhi,"161, Kali Bari Ln, Havelock Square, Type III, President39s Estate,",9876543210,Government,28.3734,77.125
Sucheta Kriplani Hospital Blood Bank,Delhi,CENTRAL DELHI,New Delhi,"C-604, Shaheed Bhagat Singh Marg, Connaught Place, Opposite to Shivaji Stadium Bus Terminal",9999441487,Government,28.63566,77.213327
Govind Ballabh (G.B.) Pant Hospital Blood Bank,Delhi,CENTRAL DELHI,New Delhi,"1, Jawahar Lal Nehru Marg, Delhi Gate",9718599012,Government,28.639542,77.235159
"Regional Blood Tranfusion Center Blood bank, Central Zone",Delhi,CENTRAL DELHI,New Delhi,"2 Jawarlal Nehru Marg, Delhi Gate, Near UBPH",8800950606,Government,28.638986,77.23836
Kasturba Hospital Blood Bank,Delhi,CENTRAL DELHI,New Delhi,"Near Jama Masjid, Daryaganj",9868142141,Government,28.648838,77.238017
Sir Ganga Ram Hospital Blood Bank,Delhi,CENTRAL DELHI,New Delhi,"Old Rajindra Nagar, Near Janki Devi College",9876543210,Private,28.638675,77.189489
Lal Bahadur Shastri Hospital Blood Bank,Delhi,EAST DELHI,Delhi,"Near Kalyanvas Colony / Mayur Vihar Phase -II, GNCTD Kichdipur",9582500318,Government,28.617839,77.311452
Max Super Specialty Hospital Blood Bank,Delhi,EAST DELHI,Delhi,"Max Balaji Hospital (A unit of Balaji Medical and Diagnostic Research Centre), 108-A, Indraprastha Extension, Opposite Sanchar Apartment, Patparganj",9911866565,Private,28.633501,77.308836
Dr. Hedgewar Arogaya Sansthan Blood bank,Delhi,EAST DELHI,Delhi,"F-18, Karkardooma",9811100306,Government,28.655875,77.293489
Lions Blood Bank East Delhi,Delhi,EAST DELHI,Delhi,"369, II Floor, FIE, Near M.C.D. Office, Patparganj Industrial AreaNear Punjab National Bank",0971789750,Charity,28.641094,77.309423
Dharamshila Cancer Foundation and Research Centre Blood Bank,Delhi,EAST DELHI,New Delhi,"4th floor, Vasundhara Enclave, Near New Ashok Nagar Metro Station",9717567779,Private,28.602512,77.314182
Northern Railway Central Hospital Blood Bank,Delhi,NEW DELHI,New Delhi,"Basant Lane, Connaught Place",9717630541,Government,28.636518,77.217459
Pushpawati Singhania Research Institute Blood bank,Delhi,NEW DELHI,New Delhi,"Press Enclave Marg, Sheikh Sarai, Phase-II",8375968248,Private,28.533218,77.225185
"Cardio Neuro Centre Blood Bank, AIIMS",Delhi,NEW DELHI,New Delhi,"AIIMS, Ansari Nagar",9868398196,Government,28.566539,77.20984
Hindu Rao Hospital Blood Bank,Delhi,NORTH DELHI,Delhi,"G Block 4th floor, Near Civil Lines Malkaganj",9876543210,Government,28.67538,77.212312
St. Stephen39s Hospital Blood Bank,Delhi,NORTH DELHI,Delhi,"Tis Hazari, Opposite to Tis Hazari Metro Station",9868399207,Private,28.665135,77.214542
Sant Pramanand Hospital Blood Bank,Delhi,NORTH DELHI,Delhi,"18, Sham Nath Marg, Civil lines,",9818582204,Charity,28.677715,77.224099
Swami Dayanand Hospital Blood Bank,Delhi,NORTH EAST DELHI,Delhi,Dilshad Garden,8506019595,Government,28.678471,77.304087
Mission Jan Jagriti Blood Bank,Delhi,NORTH EAST DELHI,Delhi,"MGS Hospital, 35/37 Rohtak road, West Punjabi BaghAdjacent to Maharaja Aggarsen Hospital, Near Shivali park metro station",9811210662,Charity,28.606008,77.295437
Central Poly Clinic Blood Bank,Delhi,NORTH EAST DELHI,New Delhi,"3, Gangan Vihar, Shahdara Road",9811157559,Private,28.645742,77.292552
Sushruta Trauma Centre Blood Bank,Delhi,NORTH WEST DELHI,Delhi,"Civil Lines, 9, Metcalf Road",9868399328,Government,28.680339,77.227674
Sanjay Gandhi Memorial Hospital Blood Bank,Delhi,NORTH WEST DELHI,Delhi,"S-Block, Mangolpuri",8447734495,Government,28.692792,77.081656
Sunder Lal Jain Charitable Hospital Blood Bank,Delhi,NORTH WEST DELHI,Delhi,"Ashok Vihar, Phase-III",9873439803,Private,28.691886,77.181583
Max Super Specialty Hospital Blood Bank,Delhi,NORTH WEST DELHI,Delhi,"Max Super Specialty Hospital (A Unit of Max Health Care Institute Ltd), FC-50, Block C and D, Shalimar Bagh",9810994195,Private,28.727954,77.152927
Lions Blood Bank,Delhi,NORTH WEST DELHI,Delhi,"A.K.-100, Shalimar Bagh",0971789750,Charity,28.704148,77.162213
Mission Jan Jagriti Blood Bank,Delhi,NORTH WEST DELHI,Delhi,"1, Altius Sonia Hospital, Basement, 1, Gulshan Park, Rohtak Road, Nangloi Metro Station, Metro Piller Number 444",0851088892,Private,28.501683,77.246745
Saroj Super Speciality Hospital  Blood Bank,Delhi,NORTH WEST DELHI,Delhi,"Saroj Super Speciality Hospital (Run by Ganesh Das Chowla Charitable Trust-Regd.), Sector-14, Rohini, Madhuban Chowk",9818442406,Private,28.70612,77.129045
Rajiv Gandhi Cancer Institute and Research Center Blood Bank,Delhi,NORTH WEST DELHI,Delhi,"Rajiv Gandhi Cancer Institute, Sector-V Rohini",0959958715,Private,28.716471,77.11093
Dr. Baba Sahab Ambedkar Hospital Blood Bank,Delhi,NORTH WEST DELHI,New Delhi,"Sector-6, Rohini",9718599615,Government,28.715052,77.113639
Delhi Heart and Lung Institute Blood Bank,Delhi,NORTH WEST DELHI,New Delhi,"3 MM-11, Panchkuian Road",9999909508,Private,28.641636,77.205219
Park Hospital Blood Bank,Delhi,NORTH WEST DELHI,New Delhi,"Keshopur Sabzi Mandi, New Chaukhandi, Vishnu Garden",7503141442,Private,28.651772,77.093105
Fortis Hospital Blood Bank,Delhi,NORTH WEST DELHI,New Delhi,"A-Block, Shalimar Bagh",0989123917,Private,28.709162,77.170214
Pitampura Blood Bank,Delhi,NORTH WEST DELHI,New Delhi,"B-294, Saraswati Vihar, Outer Ring Road, Pitampura",0813099939,Private,28.700002,77.125443
Brahm Shakti Hospital and Research Centre Blood Bank,Delhi,NORTH WEST DELHI,New Delhi,"Brahma Shakti Hospital, U-1/78, Budh Vihar",9868535861,Private,28.712343,77.081205
Guru Tegh Bahadur Hospital Blood Bank,Delhi,SHAHDARA,Delhi,"G. T. B. Hospital, Shahdara",9876543210,Government,28.683856,77.309903
Holy Family Hospital Blood Bank,Delhi,SOUTH DELHI,Delhi,"Holy Family Hospital, Okhla Road",9716832373,Private,28.563012,77.275829
Batra Hospital and Medical Research Centre Blood Bank,Delhi,SOUTH DELHI,Delhi,"1, Tuglakabad Institutional Area, Mehrauli Badarpur Road, Tughlakabad",9876543210,Private,28.513468,77.245773
All India Institute of Medical Sciences (AIIMS) Blood Bank,Delhi,SOUTH DELHI,New Delhi,"AIIMS, Main Blood Bank, Ansari Nagar, Ring Road",9876543210,Government,28.567152,77.20902
Safdarjung Hospital Blood Bank,Delhi,SOUTH DELHI,New Delhi,"Safdarjung Hospital, Ansari Nagar, Ring Road",9876543210,Government,28.568016,77.205765
Shri Moolchand Khariti-Ram Hospital and Ayurvedic Research Institute,Delhi,SOUTH DELHI,New Delhi,"Mool Chand Hospital, Lajpat Nagar-III",8588955190,Private,28.566225,77.235575
National Heart Institute Blood Bank,Delhi,SOUTH DELHI,New Delhi,"49, Community Center, East of Kailash",9650186253,Private,28.5574087,77.2457177
Max Super Specialty Hospital Blood Bank,Delhi,SOUTH DELHI,New Delhi,"Max Super Specialty Hospital, Heart and Vascular Institute (A Unit of Devki Devi Foundation Institute), 2, Press Enclave Road, Saket",9873081647,Private,28.527512,77.213547
Saket City Hospital Blood Bank,Delhi,SOUTH DELHI,New Delhi,"Mandir Marg, Press Enclave Road, Saket",9899673262,Private,28.527686,77.214348
Rockland Hospital Qutab Blood Bank,Delhi,SOUTH DELHI,New Delhi,"B, 33-34, Qutab Institutional Area",9958415656,Private,28.53736,77.181113
Primus Ortho and Spine Hospital Blood Bank,Delhi,SOUTH DELHI,New Delhi,"Primus Super Speciality Hospital,02, Chandragupta Marg, Lower Ground Floor, Chanakyapuri",9876543210,Private,28.5929,77.181273
White Cross Blood Bank,Delhi,SOUTH DELHI,New Delhi,"A-60, East of Kailash",9810304201,Private,28.560675,77.253601
Rotary Blood Bank,Delhi,SOUTH DELHI,New Delhi,"56-57, Institutional Area, Tughlakabad , Next to Batra Hospital",9868034748,Private,28.513434,77.24269
Jai Prakash Narayan Apex Trauma Centre Blood Bank,Delhi,SOUTH DELHI,New Delhi,"Jai Prakash Narayen Apex Trauma Centre, AIIMS, Raj Nagar,Ring Road",9868397275,Private,28.568128,77.200338
Fortis Escort Heart Institute Blood Bank,Delhi,SOUTH DELHI,New Delhi,"Fortis Escort Heart Institute, Okhla Road",9873411881,Private,28.560455,77.273777
Hakeem Abdul Hameed Centenary Hospital Blood Bank,Delhi,SOUTH EAST DELHI,New Delhi,"Jamia Hamdard, Hamdard Nagar",9350621681,Private,28.513711,77.251861
Apollo Hospital Blood Bank,Delhi,SOUTH EAST DELHI,New Delhi,"Indraprastha Medical Corporation, Sarita Vihar",9876543210,Private,28.540647,77.283445
Armed Forces Transfusion Centre Blood Bank,Delhi,SOUTH WEST DELHI,Delhi,"Delhi Cantonment, Area Sadar Bazar, Army Public School",9876543210,Government,28.596425,77.117561
Fortis Flt. Lt. Rajan Dhall Hospital Blood Bank,Delhi,SOUTH WEST DELHI,Delhi,"Fortis Flt. Lt. Rajan Dhall Hospital (A unit of Flt. Lt. Ranjan Dhall Charitable Trust Regd.), Sector-B, Pocket-1, Aruna Asaf Ali Marg, Vasant Kunj",9811419822,Private,28.519397,77.160438
Institute of Liver and Biliary Sciences Blood Bank,Delhi,SOUTH WEST DELHI,New Delhi,"Institute of Liver and Biliary Sciences, D-1, Vasant Kunj",9540946817,Charity,28.506259,77.165051
Mata Chanan Devi Hospital Blood Bank,Delhi,SOUTH WEST DELHI,New Delhi,"Mata Chanan Devi Hospital, C-1 Janakpuri New Delhi",9971802973,Private,28.618861,77.078382
Bhagat Chandra Hospital Blood Bank,Delhi,SOUTH WEST DELHI,New Delhi,"RZF-1/1, Mahavir  Enclave, Palam",9876543210,Private,28.593451,77.081221
Indian Spinal Injuries Centre Blood Bank,Delhi,SOUTH WEST DELHI,New Delhi,"Indian Spinal Injuries Centre, C-8, Vasant Kunj",9971975275,Private,28.532663,77.141765
Bensups Hospital Blood Bank,Delhi,SOUTH WEST DELHI,New Delhi,"Bansups Avenue, Sector 12, Dwarka",9999138158,Private,28.592838,77.044191
Blood Bank Organisation,Delhi,WEST DELHI,Delhi,"11/6-B, Shanti Chamber, Opposite Telephone Exchange, Pusa Road",9350584812,Private,28.642777,77.18156
E. S. I. Hospital Blood Bank,Delhi,WEST DELHI,New Delhi,"E S I Hospital, Basai  Darapur, Ring Road",9811073500,Government,28.657697,77.13012
Maharaja Agrasen Hospital Blood Bank,Delhi,WEST DELHI,New Delhi,"Maharaja Agrasen Hospital, West Punjabi Bagh",9910426353,Private,28.67408,77.134063
Sri Balaji Action Medical Institute Blood Bank,Delhi,WEST DELHI,New Delhi,"Sri Balaji Action Medical Institute, FC-34, A-4, Paschim Vihar",9876543210,Private,28.673738,77.110226
Dr. B. L. Kapoor Memorial Hospital Blood Bank,Delhi,WEST DELHI,New Delhi,"B. L. K. Memorial Hospital,  Pusa Road",9958436222,Private,28.643642,77.179979
Kalra Hospital and Shri Ram Cardiothoracic and Neurosciences Center (SRCNC) Blood Bank,Delhi,WEST DELHI,New Delhi,"Kalra Hospital SRNCNC, A-4, Kirti Nagar",9871699688,Private,28.657823,77.142691
"R.B.T.C (wz), Deen Dayal Upadhyay Hospital",Delhi,WEST DELHI,New Delhi,"Deen Dayal Upadhyay Hospital, Hari Nagar, Near Clock Tower",9718990241,Government,28.583437,77.117583
Jaipur Golden Hospital Blood Bank,Delhi,WEST DELHI,New Delhi,"Jaipur Golden Hospital, 2, Industrial Area,  Rohini, Sector-III",9968340243,Private,28.697734,77.109478
Jan Jagriti Blood Bank,Delhi,WEST DELHI,New Delhi,"Mission Jan Jagriti, Blood Bank, C/o. Jeevan Anmol Hospital Mayur Vihar Phase I",0981121066,Private,28.605975,77.295427
District Hospital Blood Bank,Goa,NORTH GOA,Mapusa,"District Hospital, Pedem, Mapusa, Goa",0750796535,Government,15.597585,73.820198
Goa Medical College Blood Bank,Goa,NORTH GOA,Panaji,"Goa Medical College, Bambolim, Tiswadi, Goa",0942264117,Government,15.463768,73.858813
Hospicio Hospital Blood Bank,Goa,SOUTH GOA,Margao,"Hospicio Hospital, Margao, Salcete, Goa",0985045657,Government,15.27947,73.960567
Apollo Victor Hospital Blood Bank,Goa,SOUTH GOA,Margao,"Apollo Victor Hospital, Malbhat, Margao",9876543210,Private,15.268835,73.965605
SMRC39s V. M. Salgaocar Hospital Blood Bank,Goa,SOUTH GOA,Vasco,"SMRC39s V.M.Salgaocar Hospital, Chicalim, off Airport Road, Vasco-da-Gama",9049843109,Private,15.395075,73.837127
V. S. Hospital Blood Bank,Gujarat,AHMEDABAD,Ahmedabad,"C/o. Sheth, Vadilal Sarabhai (V.S.) Hospital, Ellisbridge, Ahmedabad",0992514472,Government,23.020595,72.571659
Smt. Shardaben Hospital Blood Bank,Gujarat,AHMEDABAD,Ahmedabad,"Smt. Laxmiben Chimanlal Lalbhai Blood Bank, C/o. The Superintendent, Smt. Shardaben Chimanlal Municipal General Hospital, Saraspur, Ahmedabad.",9662359429,Government,23.035285,72.617719
L. G. Hospital Blood Bank,Gujarat,AHMEDABAD,Ahmedabad,"Sheth L.G. General Hospital and Blood Bank, Maninagar, Ahmedabad",9825445414,Government,22.999464,72.60458
Civil Hospital Blood Bank,Gujarat,AHMEDABAD,Ahmedabad,"Blood Bank, Department of IHBT, C/o.The Civil Hospital, Asarwa, Ahmedabad",9426516595,Government,23.051227,72.6055
General Hospital Blood Bank Sola,Gujarat,AHMEDABAD,Ahmedabad,"Blood Bank, Civil Hospital, Sarkhej Highway, Near Gujarat High Court,  Sola, Ahmedabad",9925594684,Government,23.082702,72.525858
Indian Red Cross Society Blood Bank,Gujarat,AHMEDABAD,Ahmedabad,"Indian Red Cross Society, J. L. Thakore Red Cross Bhavan, 18-Gujarat Brahmkshatriya Society, Behind Suvidha Market,Paldi, Ahmedabad",9824040597,Charity,23.012718,72.55774
The Gujarat Cancer  Research Institute Blood Bank,Gujarat,AHMEDABAD,Ahmedabad,"The Gujarat Cancer  Research Institute, M.P. Shah Cancer Hospital, Civil Hospital Campus, Asarwa, Ahmedabad",9429617258,Government,23.039061,72.610263
Institute of Kidney Disease and Research Centre,Gujarat,AHMEDABAD,Ahmedabad,"Blood Bank, The Institute of Kidney Disease and Research Centre, Civil Hospital Compound, Asarwa, Ahmedabad",0942732616,Government,23.051439,72.605577
Help Voluntary Blood Bank,Gujarat,AHMEDABAD,Ahmedabad,"Help Voluntary Blood Bank (Green Cross Voluntary Blood Bank Pathology and RIA Laboratory) 6 and 7, Kotyark Complex, Opposite to L.G. Hospital, Maninagar, Ahmedabad",9876543210,Charity,23.000103,72.604863
GUJARAT CANCER MEDICAL COLLEGE,Gujarat,AHMEDABAD,Ahmedabad,"Blood Bank, Gujarat Cancer Society Medical College Hospital and Research Centre, Opp. D.R.M. office, Swadesi Mill compound,Near Chamunda Bridge, Ahmedabad",9824365588,Government,23.038706,72.610334
General Hospital Blood Bank,Gujarat,AHMEDABAD,Ahmedabad,"Model Hospital Blood Bank, (ESIS), Blood Bank, Bapunagar, Ahmedabad",9876543210,Government,23.028114,72.623869
Dr. Jivraj Mehta  Smarak Health Foundation Blood Bank,Gujarat,AHMEDABAD,Ahmedabad,"Blood Bank, Dr. Jivraj Mehta  Smarak Health Foundation, Bakeri Medical Research Centre, Arogya Dham, Dr. Jivraj Mehta Marg, Ahmedabad.",0942860066,Charity,23.008319,72.543367
Prathama Blood Centre,Gujarat,AHMEDABAD,Ahmedabad,"Prathama Blood Centre, B/H Jivraj Mehta Hospital, Near Lavanya Society, Dr. C.V. Raman Marg, Vasna, Ahmedabad",9978950806,Charity,23.006225,72.541921
White Cross Blood Bank,Gujarat,AHMEDABAD,Ahmedabad,"White Cross Blood Bank (Vol.), 2nd Floor, Kandhari Building, Opposite to S.T. Workshop, Naroda Road Patia, Naroda , Ahmedabad",9876543210,Charity,23.06573,72.636791
Adarsh Pathology Laboratory and Blood Bank,Gujarat,AHMEDABAD,Ahmedabad,"Adarsh Pathology Laboratory and Blood Bank, 1st Floor, Samjuba Hospital, Bapunagar, Ahmedabad",9825089741,Private,23.033177,72.628422
Gujarat Blood Bank Paldi,Gujarat,AHMEDABAD,Ahmedabad,"Gujarat Blood Bank (Voluntary), Pathology Laboratory, 101, Span Trade Centre, Opp. Kochrab Ashram, Near Paldi Char Rasta, Paldi, Ahmedabad",9876543210,Private,23.016405,72.566328
Karnavati Blood Bank and Pathology Lab,Gujarat,AHMEDABAD,Ahmedabad,"Karnavati Blood Bank and Pathology Lab, 36, Subhlaxmi Complex, Naranpura, Ahmedabad",9426088254,Private,23.057858,72.552974
Cross World Voluntary Blood Bank,Gujarat,AHMEDABAD,Ahmedabad,"Cross World Voluntary Blood Bank, Chandraprabhu Complex,Sardar Patel Cross Road, Ahmedabad",0932701590,Private,23.056322,72.570237
Maha Gujarat Blood Bank,Gujarat,AHMEDABAD,Ahmedabad,"Maha Gujarat Blood Bank (Voluntary) and Pathology Lab, 21, Parth  Comp., Near Maninagar Fire Station, Maninagar, Ahmedabad",0982530672,Private,22.997578,72.603054
Supratech Voluntary Blood Bank,Gujarat,AHMEDABAD,Ahmedabad,"Supratech Voluntary Blood Bank, Mild Stone Building, 1st Floor, Near Drive-in Cinema, Thaltej, Ahmedabad",9825023700,Charity,23.067721,72.512046
Sterling Hospital,Gujarat,AHMEDABAD,Ahmedabad,"Blood Bank, Sterling Hospitals, Drive in Road, Near Gurukul, Memnagar Road, Ahmedabad",7940011918,Private,23.048798,72.531309
Ami Pathology Laboratory and Blood Bank,Gujarat,AHMEDABAD,Ahmedabad,"Ami Pathology Laboratory and Blood Bank, 14-15 Baronet Tower (Complex), Tollnaka, Highway , Ramnagar, Sabarmati, Ahmedabad",9825698298,Private,23.08705,72.592226
Gujarat Blood Bank Naranpura,Gujarat,AHMEDABAD,Ahmedabad,"Gujarat Blood Bank (Voluntary) and Pathology Laboratory,  1-2, Subhlaxmi Complex, Naranpura, Ahmedabad",9978532743,Government,23.055467,72.560224
Indian Red Cross Society Blood Bank,Gujarat,AMRELI,Amreli,"Mahatma Muldas Red Cross Bhavan, Civil Hospital Campus",9978554009,Charity,21.606994,71.22186
Indian Red Cross Society Blood Bank,Gujarat,ANAND,Anand,"Blood Bank, Indian Red Cross Society, Sardar Bhavan, Opposite to Municipal Building, Sardar Ganj Road, Anand",9879235829,Private,22.554608,72.960402
Indu Voluntary Blood Bank,Gujarat,ANAND,Anand,"Indu Voluntary Blood Bank Managed by Charotar Health Research Foundation Trust, Jashganga Complex, Station Road, Anand",9375036524,Charity,22.596385,72.80717
Ghanshyam Pathlology Laboratory and Blood Bank,Gujarat,ANAND,Anand,"Ghanshyam Pathlology Laboratory and Blood Bank, Krishna Road,  B/h . Mayfair Hotel, Anand",9825025746,Private,22.556549,72.963992
Lions Club Khambat Blood Bank,Gujarat,ANAND,Kambhat,"Blood Bank, The Secretary, Lions Club (Society), Lions Medical Centre, Pith Bazar, Khambhat, Anand District",9876543210,Private,21.520533,70.454461
A.D. Gorwala Karamsad Blood Bank,Gujarat,ANAND,Karamsad,"A.D.Gorwala Blood Bank, Pramukhswami Medical College and Shree krishna Hospital, Gokulnagar, Karamsad, Anand",9687603001,Charity,22.539473,72.890433
Indian Red Cross Society Blood Bank Petlad,Gujarat,ANAND,Petlad,"Blood Bank, Indian Red Cross Society, Opposite to Ranchodji Temple, Petlad, Anand",9876543210,Private,22.564674,72.96086
Gandhi Lincon Hospital Blood Bank,Gujarat,Banaskantha,Banaskantha,"Bhansali Trust sanchalit Voluntary Blood Bank, Gandhi Lincon Hospital, Nr.Municipal Complex, Nr. Sardar-Baug, Deesa, Banaskantha",0982506784,Private,24.256318,72.184372
"M. U. Pethani Voluntary Blood Bank, Palanpur",Gujarat,Banaskantha,Banaskantha,"Bhagwan Mahavir Seva Samiti Sanchalit Mafatben Uttamlal Pethani Voluntary Blood Bank, Baradpura, Near Delhi Gate,                           Palanpur, Banaskantha",9426749265,Government,24.170367,72.435186
General Hospital Blood Bank Palanpur,Gujarat,Banaskantha,Banaskantha,"Blood Bank, General Hospital, Palanpur, Banaskantha",9824266375,Government,24.175017,72.434692
Gayatri Pathology Laboratory and Voluntary Blood Bank,Gujarat,Banaskantha,Banaskantha,"Gayatri Pathology Laboratory and Voluntary Blood Bank, Kirti Chamber, Kirti Stambh Road, Palanpur, Banaskantha",9824260906,Private,24.266228,72.183973
Bhoomi Voluntary Blood Bank Palanpur,Gujarat,Banaskantha,Banaskantha,"Bhoomi Voluntary Blood Bank, Paulamo House, Near Bridge, Palanpur, Banaskantha",9898102029,Charity,24.162436,72.414225
Vikas Voluntary Blood Bank,Gujarat,Banaskantha,Banaskantha,"Vikas Voluntary Blood Bank, Computerized Pathology Laboratory, Kirti Harsh Complex, Nr. Gayatri Mandir, Highway Road, Deesa, Banaskantha",9879641680,Private,24.264792,72.183378
Dharti Voluntary Blood Bank,Gujarat,Banaskantha,Banaskantha,"Dharti Voluntary Blood Bank, 1st Floor, Super Market S.T. Road, Dhanera, Banaskantha",9898616020,Government,24.499781,72.020131
Saraswati Voluntary Blood Bank,Gujarat,Banaskantha,Banaskantha,"Saraswati Voluntary Blood Bank. Saraswati Hospital, Opposite to Petrol pump, Dhanera, Banaskantha",9427394858,Government,24.499588,72.032557
Gayatri Voluntary Blood Bank,Gujarat,Banaskantha,Banaskantha,"Gayatri Voluntary Blood Bank, Kiran Complex,Highway Road, Deesa, Banaskantha",9824264464,Private,24.263756,72.162408
Adarsh Voluntary Blood Bank,Gujarat,Banaskantha,Tharad,"Adrash Blood Bank (Shree Sharswati Trust - Tharad), Adarsh Complex,  2nd Floor, Ambika Nagar Society-1, Highway Road, Tharad, Banaskantha",9879013952,Private,24.396283,71.638042
Indian Red Cross Society Blood Bank,Gujarat,BHARUCH,Bharuch,"Blood Bank, Indian Red Cross Society, Sevashram Hospital Compound, Bharuch",9427879628,Private,21.725118,21.725118
Kumarpal Gandhi Blood Bank,Gujarat,BHARUCH,Bharuch,"34B34 Block,1st Floor, Near Palika Shopping Centre, Near Gujarat Gas Circle, Ankleshvar",9925245745,Private,21.628147,72.995778
Sir T. General Hospital Blood Bank,Gujarat,BHAVNAGAR,Bhavnagar,"Blood Bank, Sir T. General Hospital, Dr. H. L. Vaidhya Marg, Kalanala, Bhavnagar",9876543210,Government,21.767673,72.141981
Bhavnagar Blood Bank,Gujarat,BHAVNAGAR,Bhavnagar,"Bhavnagar Blood Bank, Ofice No. 1,2,3 - Plot No. 1686, B-Wing, 1st Floor, Municipal Commercial Complex, Sardar Nagar Circle, Sardarnagar, Bhavnagar",9825207660,Government,21.76982,72.160378
Bambhaniya Voluntary Blood Bank,Gujarat,BHAVNAGAR,Bhavnagar,"Bambhaniya Voluntary Blood Bank Trade Centre, Kalanain Circle, Bhavnagar",0982423777,Private,21.774103,72.143714
Navkar Charitable Trust Mahuva Blood Bank,Gujarat,BHAVNAGAR,Bhavnagar,"Blood Bank Navkar Charitable Trust, Opposite to Nagrik Bank, Vasi Talav, Mahuva, Bhavnagar",9824393509,Private,21.088961,71.769089
Smt. Sonalien A. Shah Blood Bank,Gujarat,BHAVNAGAR,Bhavnagar,"Blood Bank, Omkar Paramedical Charitable Trust Organization, Smt. Sonaliben A. Shah Blood Bank, 2nd Floor, Patel Chamber,Paliad Road, Botad, Bhavnagar",9879864117,Charity,22.178967,71.651792
Tulsi Pathology Laboratory and Blood Bank,Gujarat,BHAVNAGAR,Bhavnagar,"Tulsi Pathology Laboratory and Blood Bank, Bhairav Para, Palitana, Bhavnagar",9426912607,Private,21.529208,71.824705
Indian Red Cross Society Blood Bank,Gujarat,Dahod,Dahod,"Sanchalit Dr. Mohsinbai S. Lenwala Voluntary Blood Bank, Dr.Harilal C.Seth, Red Cross Bhavan, Police Line road, Dahod",9428939298,Charity,22.838831,74.254139
Samarth Raktdan Kendra,Gujarat,Dahod,Dahod,"Samarth Raktdan Kendra, Gausala chowk, Daulatgunj Bazar, Dahod",9426540139,Charity,22.949278,73.630239
Kiran Voluntary Blood Bank,Gujarat,Dahod,Dahod,"Kiran Voluntary Blood Bank, Near Hotel Vrundavan,Station Road, Dahod",9825321212,Private,22.839956,74.254361
General Hospital Blood Bank Ahwa,Gujarat,DANG,Ahwa,"Blood Bank, General Hospital, Ahwa, Dang",9879036627,Government,20.761612,73.689241
"Indian Red Cross Society (IRCS), Kalol, Gandhinagar",Gujarat,GANDHINAGAR,Gandhinagar,"Blood Bank, Indian Red Cross Society, Sheth C.S. Municipal Hospital, Kalol, Gandhinagar",7777938109,Charity,22.608583,73.459578
"GMERS MEDICL COLLEGE ATTACHED GENERAL HOSPITAL, GANDHINAGAR",Gujarat,GANDHINAGAR,GANDHINAGAR,"Blood Bank, H-1 Block, First Floor, Civil Hospital Campus, Opposite to Pathik Ashram, Sector-12, Gandhinagar",9426323310,Government,23.218597,72.641585
Shraddhadeep Pathology Lab and Blood Bank,Gujarat,GANDHINAGAR,Gandhinagar,"Shraddhadeep Pathology Lab and Blood Bank, Shiv Complex , Plot no. 329, 1st Floor, Sector-16, Gandhinagar",9824833440,Private,23.226929,72.646557
Apollo Hospital International Limited Blood Bank,Gujarat,GANDHINAGAR,Gandhinagar,"Blood Bank, Apollo Hospital International Limited, Block No. 1/A, GIDC estate, BHAT, Gandhinagar",9879479350,Private,23.109635,72.625835
Indian Medical Association (IMA) Blood Bank,Gujarat,GANDHINAGAR,Mansa,"Blood Bank, Indian Medical Association (IMA), Manasa Charitable Trust sanchalit C.M.K. and P.N.N. Voluntary Blood Bank, 1st floor, Vijay Complex,  Mansa-Gandhinagar Highway, Manasa-382845, Gandhinagar",9824015700,Charity,23.420056,72.653181
G.G.Hospital Blood Bank,Gujarat,JAMNAGAR,Jamnagar,"Blood Bank, The  M.P.Shah  Medical College and Guru Govindsinh Hospital, Jamnagar",0982424105,Government,22.48531,70.058561
Jamnagar Voluntary Blood Bank,Gujarat,JAMNAGAR,Jamnagar,"Jamnagar Voluntary Blood Bank, 1st Floor, Shakuntla Apart.Hawai Chowk, Jamnagar",7574867418,Private,22.461884,70.072017
General Hospital Blood Bank,Gujarat,JAMNAGAR,Jamnagar,"Blood Bank, General Hospital, Jamkhambhalia, Jamnagar",7574867418,Government,22.208586,69.651914
Tata Chemical Limited Blood Bank Mithapur,Gujarat,JAMNAGAR,Jamnagar,"Blood Bank, Tata Chemical Limited, Okhamandal, Mithapur, Jamnagar",9824810951,Private,22.205519,69.102536
General Hospital Blood Bank Junagadh,Gujarat,JUNAGADH,Junagadh,"Blood Bank, General Hospital, Azad Chowk, Mahatma Gandhi Road, Junagadh",9825847023,Government,21.520666,70.459367
Divyajyoti Charitable Voulantary Blood Bank,Gujarat,JUNAGADH,Junagadh,"Divyajyoti Charitable Voulantary Blood Bank, Varsing Pur Road, B/H Jalaramvadi, Una, Junagadh",9876543210,Charity,20.827644,70.041767
Shri Jivanprakash Foundation Voluntary Blood Bank,Gujarat,JUNAGADH,Junagadh,"Shri Jivanprakash Foundation Voluntary Blood Bank, Vikram Commercial Complex, Sardar Baug Road, Junagadh",9825221122,Charity,21.520902,70.453799
"Navjeevan Blood Bank and Clinical Laboratory,  Veraval",Gujarat,JUNAGADH,Junagadh,"Navjeevan Blood Bank and Clinical Laboratory, Lilashah Shopping Centre, First Floor, Nr. Bus Station, Veraval, Junagadh",0942857535,Private,20.919489,70.352739
Navdeep Blood Bank,Gujarat,JUNAGADH,Junagadh,"Navdeep Blood Bank, Sankalp Complex, First Floor, S.T. Road,opp Dr. Chikkhalia Hospital, Junagadh",9825366141,Private,21.520745,70.454426
"Sardar Patel voulantary Blood Bank, Keshod",Gujarat,JUNAGADH,Keshod,"Sardar patel voulantary Blood Bank, 1st Floor Sheetal Building, Ramnagar station road, Keshod, Junagadh",9827577177,Charity,21.297078,70.246131
"G.K. General Hospital Blood Bank, Bhuj",Gujarat,KACHCHH,Bhuj,"Blood Bank, G.K. General Hospital, Bhuj, Kutch",0990901625,Government,23.240587,23.240587
Rajabhai Patel Blood Bank (IMA),Gujarat,KACHCHH,Gandhidham,"Indian Medical Association Gandhidham Trust (Reg.), Rajabhai Patel Blood Bank, Gandhidham Trust, Near Gurukul Road, Gandhidham, Kutch",9725241010,Charity,23.073501,23.073501
Mayur Voluntary Blood Bank   Mandvi,Gujarat,KACHCHH,Kutch,"Mayur Voluntary Blood Bank  Pathology Laboratory, Azad Chowk, Mandvi, Kutch",9825422524,Private,22.833302,69.354198
Jivan Jyot Blood Bank,Gujarat,KACHCHH,Kutch,"Jivanjyot Blood Bank, 63, A/B, Vijyanagar, New Hospital Road, Bhuj, Kutch",9825258612,Charity,23.241748,69.67181
"Matrushri Meghbai Pramji Jetha Hospital and Research Centre, Bhuj",Gujarat,KACHCHH,Kutch,"Blood Bank, Matrushri Meghbhai Premaji Jetha Hospital and Research Centre, Sardar Patel Vidhya Sankul, Bhuj - Mundra Road, Kutch.",9825588586,Charity,23.242291,69.666889
Indian Red Cross Society Blood Bank,Gujarat,KHEDA,Kapadwanj,"Indian Red Cross Society managed, C.R. Parikh Blood Bank, Indian Red Cross Society Building, Railway Station Road, Kapadwanj, Kheda",9426364725,Private,22.021536,73.0772
Indian Red Cross Society Blood Bank Nadiad,Gujarat,KHEDA,Nadiad,"Blood Bank, Indian Red Cross Society, Shri H.V.Desai Blood Bank, Red Cross Building, Santram Road, Nadiad, Kheda",7874943399,Private,22.691088,22.691088
Muljibhai Patel Urological Hospital Blood Bank,Gujarat,KHEDA,Nadiad,"Blood Bank, Muljibhai Patel Urological Hospital, Dr. V.V. Desai Marg, Nadiad, Kheda",9876543210,Private,22.683058,72.872039
Gujarat Methodist Church Cardiac Care and Research Society Blood Bank,Gujarat,KHEDA,Nadiad,"Blood Bank, Gujarat Methodist Church Centre Care and Research Society, Mission Road, Nadiad, Kheda",9427004257,Charity,22.701204,72.844443
General Hospital Blood Bank Mehsana,Gujarat,Mehsana,Mehsana,"Blood Bank, General Hospital, Near Bus Stand, Rajmahal Road, Mehsana",9727737938,Government,23.608546,72.391231
Mehsana Jaycees Charitable Trust Blood Bank,Gujarat,Mehsana,Mehsana,"Mehsana Jaycees Charitable Trust Sanchalit Sarvodaya Commercial Co.op Voluntary Blood Bank, Pinky Super Bazar, Dairy Road, Mehsana",9879186828,Private,23.607589,72.384975
"Sardar Seva Trust, Unjha Nagrik Sahkari Voluntary Blood Bank",Gujarat,Mehsana,Unjha,"Sardar Seva Trust Sanchalit Unjha Nagrik Sahkari Bank Ltd., Voluntary Blood Bank, 1st Floor Poonam Complex, UnjhaMehsana",9408540234,Private,23.804024,72.389713
Visnagar Voluntary Blood Bank,Gujarat,Mehsana,Visnagar,"Jivan Jyot Charitable Trust, Sanchalit Visnagar Voluntary Blood Bank, Station Road, Visnagar, Mehsana",9712907002,Private,23.701586,72.541897
Indian Red Cross Society Blood Bank Navsari,Gujarat,NAVSARI,Navsari,"Blood Bank, Indian Red Cross Society, B.K.Shah Red Cross Bhavan, Station Road, Navsari",9824199640,Private,20.949882,72.918373
Lions Medical Trust Blood Bank Chikhali,Gujarat,NAVSARI,Navsari,"Blood Bank, Lions Medical Research and Educational Charitable Trust Blood Bank, Opposite to Referral Hospital, Chikhali, Navsari",9825106158,Private,20.947927,73.028072
Indian red Cross Society Blood Bank Godhara,Gujarat,Panchmahal,Godhara,"Blood Bank, Indian red Cross Society, Civil Lines, Godhra, Panchmahal",0932777407,Private,22.770106,22.770106
"General Hospital Blood Bank Godhra,",Gujarat,Panchmahal,Godhra,"Blood Bank, General Hospital, Godhra, Panchmahal",0898004531,Government,22.771958,73.620689
Raktdan Kendra Voluntary Blood Bank Godhra,Gujarat,Panchmahal,Godhra,"Raktdan Kendra Voluntary Blood Bank, Modi Ni Wadi No. 3, Near Nehru Garden, Godhra, Panchmahal",9825038553,Private,22.762228,73.608892
Seventilal Kantilal Blood Bank,Gujarat,PATAN,Patan,"The Rotary Club of Patan Charitable Trust Sanchlit Seventilal Kantilal Blood Bank, 39Rotary Bhavan39, Khetarvari, Patan",0958623865,Private,23.848226,72.112104
GMERS Medical College and Hospital Blood Bank Dharpur,Gujarat,PATAN,Patan,"Blood Bank, GMERS Medical College, Dharpur, Patan",7567889901,Government,23.84643,72.191676
"Bahansali Trust Raktdan Kendra, Radhanpur",Gujarat,PATAN,Patan,"Bahansali Trust Raktdan Kendra, Bahansali Trust Hospital, Highway, Radhanpur, Patan",9723998381,Private,23.823539,71.616139
General Hospital Blood Bank Siddhpur,Gujarat,PATAN,Siddhpur,"Blood Bank, General Hospital, Siddhapur, Patan",9879108055,Government,23.916169,72.372983
General Hospital Blood Bank Porbandar,Gujarat,PORBANDAR,Porbandar,"Blood Bank, General Hospital, Porbandar",0909907915,Government,21.636578,69.628472
Asha Children Hospital and Blood Bank,Gujarat,PORBANDAR,Porbandar,"Asha Children Hospital and Blood Bank, Near Vasi Talav,Porbandar",9428436749,Private,21.633396,21.633396
Shri Ram Blood Bank Porbandar,Gujarat,PORBANDAR,Porbandar,"Shri Ram Blood Bank, Star Compound, M.G. Road, Porbandar",8128987109,Private,21.640642,69.604689
Astha Voluntary Blood Bank Gondal,Gujarat,RAJKOT,Gondal,"Astha Voluntary Blood Bank, Jetpur Road, Opposite toHava Mahel, Near G.F.D.C. Gate, Gondal, Rajkot",9879531616,Private,21.959147,70.803122
P.D.U. Medical College Blood Bank,Gujarat,RAJKOT,Rajkot,"Blood Bank, P.D.U. Medical College and General Hospital,R.Nc.102, Jamnagar Road, Rajkot",0982538905,Government,22.304595,70.799732
Rajkot Voluntary Blood Bank and Research Centre,Gujarat,RAJKOT,Rajkot,"Rajkot Voluntary Blood Bank and Research Centre, Pitroda House, Malaviya Road, Rajkot",0989870010,Private,22.287302,70.8003
Red Cross Blood Bank Rajkot,Gujarat,RAJKOT,Rajkot,"Red Cross Building, 1st Floor, Suchak Road, Near Kundaliya College, Rajkot",9426953839,Government,22.295381,70.796956
Saurastra Voluntary Blood Bank Rajkot,Gujarat,RAJKOT,Rajkot,"Kathiyawad Medical Education Trust sanchalit Saurastra Voluntary Blood Bank and Research Centre, Shashikunj commercial complex, 621, Mangal Park, Nirmalaconvent Road, Near Madhi Chowk, Rajkot",9825082454,Charity,22.30301,70.787022
General Hospital Blood Bank Morbi,Gujarat,RAJKOT,Rajkot,"Blood Bank, General Hospital, Morbi, Rajkot",9998476158,Government,22.815814,70.831473
Nationality Development Foundation Blood Bank Rajkot,Gujarat,RAJKOT,Rajkot,"Blood Bank, Nationality Development Foundation,Smt. S.C.Patel (Field Marshal Blood Banks), Medicare, 3rd Floor, Vidyanagar Main Road, Rajkot",9825547459,Charity,22.283334,70.799999
"Nathani Voluntary Blood Bank,  Rajkot",Gujarat,RAJKOT,Rajkot,"Nathani Voluntary Blood Bank and Blood Tranfusion. 11, Tejash Building,20/22, New Janpath Plot, Rajkot",0922760011,Private,22.2943,70.788614
Shiv Voluntary Blood Bank Morbi,Gujarat,RAJKOT,Rajkot,"Shiv Voluntary Blood Bank, 2nd Floor, Pawan Complex, Sanala Road, Near Sagar Hospital, Morbi, Rajkot",0999895985,Private,22.811453,70.828261
Jetpur Medical Foundation Trust Blood Bank Jetpur,Gujarat,RAJKOT,Rajkot,"Blood Bank, Jetpur Medical Foundation Trust, 2nd Floor, opp. Union Bank of India, Kanakiya Plot, Jetpur, Rajkot",9426480401,Private,21.757189,70.622644
Jagruti Charitable Trust Blood Bank Dhoraji,Gujarat,RAJKOT,Rajkot,"Jagruti Charitable Trust Blood Bank, Azad Chowk, Three Gate, Dhoraji, Rajkot",9925873351,Private,21.731878,70.450128
GMERS Medical College Attach Sir Pratap General Hospital Blood Bank,Gujarat,Sabarkantha,Himmatnagar,"Blood Bank, GMERS Medical College Attach Sir Pratap General Hospital, Himmatnagar, Sabarkantha",9099069454,Government,23.595692,72.960688
Indian Red Cross Society Blood Bank Himmatnagar,Gujarat,Sabarkantha,Himmatnagar,"Blood Bank., Indian Red Cross Society Sabarkantha District Branch, Sheth Shri Jamanadas Madhavji Tanna , Red Cross Bhavan, Nr. G.P.O., State Highway, Himmatnagar, Sabarkantha",9427691082,Private,23.056733,72.573372
Patel Voluntary Blood Bank Modasa,Gujarat,Sabarkantha,Sabarkantha,"Patel Voluntary Blood Bank, Dr. Yogesh Upadhyay39s Hospital, Siddhi Vinayak Comlpex, Shamlaji Road, Modasa, Sabarkantha",9898651107,Private,23.467375,73.297689
Trimurti Blood Bank,Gujarat,Sabarkantha,Sabarkantha,"Trimurti Blood Bank, B/H Trimurti Hospital, B/H Bus stop, Srinagar, Idar - 383430, Sabarkantha",9898312397,Private,23.838678,23.838678
Late N.H. Ramani Memorial Voluntary Blood Bank and Navchetan Pathology Lab Modasa,Gujarat,Sabarkantha,Sabarkantha,"Late N.H. Ramani Memorial Voluntary Blood Bank and Navchetan Pathology Lab, 2nd floor, Upasana Complex, Nr. S.T. Stand, Modasa, Sabarkantha.",9426036536,Private,23.459892,73.297569
New Civil Hospital Blood Bank,Gujarat,SURAT,Surat,"Blood Bank, The New Civil Hospital, Outside Majura Gate, Surat",0982419663,Government,21.180272,72.821117
Surat Raktdan Kendra,Gujarat,SURAT,Surat,"Surat Raktdan Kendra, Udhna Khatodara Health Centre, Near Chosath Joganiyo Mataji Mandir, Udhna, Magdalla Road, Surat.",9327338036,Government,21.172667,72.829951
"Lok Samarpan Raktadan Kendra, Surat",Gujarat,SURAT,Surat,"Lok Samarpan Raktadan Kendra Blood Bank, 15, Miranagar, Opp.Saurastra Bhavan,Mini Bazar, Varachha Road, Surat",9876543210,Private,21.219718,72.910619
Shree Mahavir Health And Medical Relief Society Blood Bank,Gujarat,SURAT,Surat,"Blood Bank, Shree Mahavir Health And Medical Relief Society, Shri B.D.Mehta  Mahavir Heart Institute, Shree Mahavir Health Campus,  Athwagate, Ring road, Surat",9824158042,Private,21.184104,72.813897
Shree Sardar Smarak Hospital Blood Bank,Gujarat,SURAT,Surat,"Blood Bank, Shree Sardar Smarak Hospital Blood Bank, Station Road, Sardar Baug, Bardoli, Surat",0942758631,Charity,21.130451,73.108096
SMIMER Hospital Blood Bank,Gujarat,SURAT,Surat,"Blood Bank, Surat Municipal Institute for Medical Education and Research, (SMIMER), Umarwada, Surat",9328664546,Government,21.196246,72.845477
Surat Health Care Foundation Blood Bank,Gujarat,SURAT,Surat,"Blood Bank, Aminaben Gangat and Ayeshaben Patel Blood Bank, Surat Health Care Foundation, C/o. Lokhat Hospital, Nr. Rampura Petrol Pump, Rampura, Surat",9825193328,Charity,21.195,72.819444
General Hospital Surendranagar Blood Bank,Gujarat,SURENDRANAGAR,Surendranagar,"Blood Bank, General Hospital, Surendranagar",9727712214,Government,22.7226,71.649165
C. U. Shah Medical College and Hospital Blood Bank,Gujarat,SURENDRANAGAR,Surendranagar,"Blood Bank, C. U. Shah Medical College and General Hospital, Dudhrej Road, Surerndranagar",0738355583,Charity,22.741751,71.622137
Sharddha Voluntary Blood Bank and Pathology Laboratory Dhangadhra,Gujarat,SURENDRANAGAR,Surendranagar,"Shraddha Vol. Blood Bank and Pathology Laboratory, Halani Chamber, 1st floor, Zala Road, Dhangadhra, Surendranagar",9426922330,Private,22.990836,71.47162
Laxmiben Kushalbhai Patel Blood Bank,Gujarat,TAPI,Tapi,"Laxmiben Kushalbhai Patel Blood Bank, 1st Floor, Janak Smarak  Hospital, Kanpura, Vyara, Tapi",9825788464,Government,21.113314,21.113314
Maliba Raktdan Kendra (IRCS),Gujarat,TAPI,Vyara,"Blood Bank, Indian Red Cross Society, Maliba Raktadan Kendra, Bhikhiba Redcross Bhavan, Vilasini K. Desai aarogya Sankul, Near Vanchetana, Near Kakrapar, Vyara, Tapi",9825788464,Private,21.118758,73.404128
S. S. G. Hospital Vadodara,Gujarat,VADODARA,Vadodara,"Blood Bank, The Government Medical College and S.S.G. Hospital, Vadodara",9824275361,Government,22.307133,73.189731
Jamnabai Blood Bank,Gujarat,VADODARA,Vadodara,"Blood Bank, Jamnabai General Hospital, Vadodara",8238012038,Government,22.300308,22.300308
"Medical Care Centre Trust, Shri Jalaram Blood Bank, Vadodara",Gujarat,VADODARA,Vadodara,"Medical Care Centre Trust, Shri Jalaram Blood Bank, Kashiben Gordhandas Patel Children Hospital,Surajben Gordhanbhai Patel Women39s Hospital, Jalaram Marg, Karelibaug, Vadodara",9825335065,Private,22.314965,73.195356
Suraktam Blood Bank Vadodara,Gujarat,VADODARA,Vadodara,"Suraktam Blood Bank, G-7, Blue Chip Building, Near Stock Exchange, Sayajiganj, Vadodara",0982504490,Private,22.307765,73.18633
Kailash Cancer Hospital  Research Centre Blood Bank.,Gujarat,VADODARA,Vadodara,"At Muni seva ashram, po Goraj, Tal  Waghodiya, Dist  vadodara, State  Gujarat.",9825132377,Private,22.334629,73.464162
GMERS Medical College and General Hospital Blood Bank,Gujarat,VADODARA,Vadodara,"Blood Bank, GMERS General Hospital and Medical College, Gotri",0982543669,Government,22.313751,73.148086
Indu Blood Bank Vadodara,Gujarat,VADODARA,Vadodara,"Indu Blood Bank, III Floor, Vinraj Plaza, Opposite to Government Press, Khoti, Vadodara",0982501733,Private,22.304204,73.1935
Dhiraj General Blood Bank Vadodara,Gujarat,VADODARA,Vadodara,"Dhiraj General Blood Bank, Mu. Post-Waghodiya, Pipariya, Vadodara",0960115103,Private,22.30732,73.181079
Bhailal Amin General Hospital Blood Bank,Gujarat,VADODARA,Vadodara,"Blood Bank, Bhailal Amin General Hospital Blood Bank, Alembic Road, Vadodara",9879977700,Government,22.325426,73.163239
SBPP Cooperative Bank Foundation Blood Bank,Gujarat,VALSAD,Pardi,"Blood Bank, SBPP Cooperative Bank Foundation Blood Bank of Manav Arogya Seva Kendra,  Jesal Cooperative and Housing Society, Near Pardi Hospital, National Highway-No.-8, Killa Pardi, Valsad",9898798253,Private,20.516862,72.951211
General Hospital and GMERS Medical College Blood Bank,Gujarat,VALSAD,Valsad,"Blood Bank, GMERS Medical College and General Hospital, Halar Road, Valsad",9428020450,Government,20.59404,72.922063
Valsad Raktdan Kendra,Gujarat,VALSAD,VALSAD,"Shirin and Jamshed Gulzar Regional Blood Centre,Valsad Raktdan Kendra (A Voluntary Blood Bank and Research Centre), RNC Free Eye Hospital Compound,Opp. Mamlatdar Office, Valsad",0982514464,Charity,20.609737,72.929097
"Nukem Blood Bank, Vapi",Gujarat,VALSAD,Valsad,"Nukem Blood Bank and Haria Rotary Hospital, Plot No. 363 A- 364, G.I.D.C., Vapi, Valsad",9909618689,Private,20.381255,72.920819
Smt. Puriben Popat Lakha Blood Bank,Gujarat,VALSAD,Vapi,"Blood Bank, Smt. Puriben  Popat  Lakha Lions Blood Bank sanchalak Lions Club of Vapi Udyognagar Charitable Trust,Plot No  366/A, Prashant Park, Near Jain Tample, G.I.D.C, Vapi, Valsad",9879536375,Private,20.373994,72.904781
Military Hospital Blood Bank Ambala,Haryana,AMBALA,Ambala,"Blood Bank, Military Hosptial, Ambala Cantt.",9876543210,Government,30.353047,76.833532
MM Institute of Medical Sciences and Research Blood Bank,Haryana,AMBALA,Ambala,Mulana,9729984910,Private,30.252282,77.049488
Sanjeevani Blood Bank,Haryana,AMBALA,Ambala,"111, Near Railway Road, Sadar Bazar, Ambala Cantt.",9729177002,Private,30.339065,76.836686
General Hospital Blood Bank Ambala City,Haryana,AMBALA,Ambala City,"Civil Hospital, Ground Floor, Near Polytechnic Chowk",9416110322,Government,30.378711,76.779636
Philadelphia Mission Hospital Blood Bank,Haryana,AMBALA,Ambala City,"Post box 40, Near RA Chowk, Ambala",9896101333,Charity,30.383042,76.785947
General Hospital Bhiwani Blood Bank,Haryana,BHIWANI,Bhiwani,"Bhiwani, Park Colony, Vijay Nagar, Bhiwani,",9467074267,Government,28.797229,76.13081
Gold Field Hospital and Research Centre,Haryana,FARIDABAD,Ballabgarh,"Village and post office Chhainsa, Ballabgarh, Faridabad.",8814899239,Private,28.277083,77.454948
Badshah Khan General Hospital Blood Bank,Haryana,FARIDABAD,Faridabad,"New Industrial Township, Faridabad",0999913274,Government,28.392623,77.299274
Escorts Hospital and Research Center Limited Blood Bank,Haryana,FARIDABAD,Faridabad,"Neelam Bata Road, NIT Faridabad.",9818277538,Private,28.391378,77.306856
M/s Sunflag Hospital and Research Centre Blood Bank,Haryana,FARIDABAD,Faridabad,"M/s Sunflag Hospital and Research Centre, Sector-16A,  Faridabad",9910605254,Private,28.40274,77.31823
Sarvodaya Hospital and Research Centre,Haryana,FARIDABAD,Faridabad,"YMCA Road, Sector-8, Near ESI Hospital, Faridabad",9910726654,Private,28.422451,77.316923
QRG Central Hospital and Research Centre Blood Bank,Haryana,FARIDABAD,Faridabad,"69, Delhi Mathura Road, Near Neelam Flyover, Ajronda Chowk, Sector 20 A,",8826533714,Private,28.393014,77.310047
Sant Bhagat Singh Maharaj Ji Charitable Hospital Blood Bank,Haryana,FARIDABAD,Faridabad,"No - 1697, K Block, NIT, Faridabad,",9876543210,Charity,28.383115,77.302218
Asian Institute of Medical Sciences Blood Bank,Haryana,FARIDABAD,Faridabad,"Badkhal Flyover Road, Sector 21-A, Faridabad",9650099052,Private,28.425756,77.299823
Metro Heart Institute with Multispecialty,Haryana,FARIDABAD,Faridabad,"(A Unit of Metro Speciality Hospitals Private Limited) Sector 16A, Near Sunflag Hospital, Faridabad",9818538609,Private,28.406835,77.318049
General Hospital Blood Bank Fatehabad,Haryana,FATEHABAD,Fatehabad,"District Blood Tranfusion Center, General Hospital Fatehabad",9991290062,Government,29.517629,75.448988
Jagdambe Blood Bank,Haryana,FATEHABAD,Tohana,"Aggarwal Hospital, Kali Mandir Road, Bhatia Nagar, Tohana, Near Ram Bhawan",9416047692,Private,29.715587,75.900961
Paras Health Care Private Limited Blood Bank,Haryana,GURGAON,Gurugram,"C-1, Sushant Lok City, Phase I, Sector 43, Gurgaon",9560409969,Private,28.451204,77.087719
Artemis Medicare Services Limited Blood Bank,Haryana,GURGAON,Gurugram,"Artemis Hospital, Sector-51, Gurugram",0971612224,Private,28.43132,77.072134
Medanta The Medicity Hospital Blood Bank,Haryana,GURGAON,Gurugram,"CH Baktawar Singh Road, Sector 38, Gurugram,",9971183331,Private,28.439105,77.040909
Alchemist Institute of Medical Sciences Blood Bank,Haryana,GURGAON,Gurugram,"Alchemist Institute of Medical Sciences (A Unit of Alchemist Hospitals Limited) DLF Golf Course Road, Sector-53, Saraswati Kunj",9876543210,Private,28.439328,77.10227
SGT Medical College Hospital and Research Institute Blood Bank,Haryana,GURGAON,Gurugram,"Near Sultanpur Bird Sanctuary, Village Budhera, Gurugram,",0858704695,Charity,28.478407,76.902714
Park Hospital Blood Bank,Haryana,GURGAON,Gurugram,"Q Block, South City 2, Sohna Road, Main Sec-47,",0880214141,Private,28.420003,77.048378
Fortis Memorial Research Institute Blood Bank,Haryana,GURGAON,Gurugram,"A unit of Fortis Hospitals Limited, Sector - 44, Opposite HUDA City Centre, Gurugram",0837690852,Private,28.456975,77.07299
Fortis Memorial Research Institute Blood Bank,Haryana,GURGAON,Gurugram,"Fortis Memorial Research Institute, Sector-44, Opposite HUDA City Centre, Gurgaon",8587099908,Private,28.456965,77.07297
"General Hospital Blood Bank, Gurugram",Haryana,GURGAON,Gurugram,"Near Bus Stand, Opposite MCG, Gurugram",9868822200,Government,28.511841,76.986694
Nalwa Pathology and Microbiology Laboratory Blood Bank,Haryana,HISAR,Hisar,"SCF-83, Commercial UE-1, Red Square market",9812030669,Private,29.157025,75.722428
Central Medical Centre (CMC) Hospital Blood Bank,Haryana,HISAR,Hisar,"Near Dabra Chowk Over Bridge, Hisar",0999616623,Private,29.140858,75.734103
Haryana Blood Bank,Haryana,HISAR,Hisar,"16, Model Town, NearJjindal Hospital",0999666333,Private,29.130234,75.74437
Manglam Blood Bank,Haryana,HISAR,Hisar,"No 139, NH10-Tosham Road Connection Road, New Model Town, Jindal Hospital Road,",9254222767,Private,29.131899,75.744839
Dr. Anant Ram Janta Hospital Blood Bank,Haryana,HISAR,Hisar,"Hospital Road, Hisar, Barwala",9416042096,Private,29.363162,75.901772
"National Blood Bank, Kharab Hospital Blood Bank",Haryana,HISAR,Hisar,"47, Near Budhla Sant Mandir, Rishi nagar,",9876543210,Private,29.310977,76.344908
Sarvodaya Blood Bank services,Haryana,HISAR,Hisar,"Sravodaya Multi Speciality Hospital Opp. Red Cross Bhawan, Delhi Road, Hisar",0857209654,Private,29.1409,75.733801
General Hospital Blood Bank Hisar,Haryana,HISAR,Hisar,"Civil Hospital Blood Bank, Near Bus Stand",9468248136,Government,29.17,75.718602
"Maharaja Agrasen Medical College, Agroha, Blood Bank",Haryana,HISAR,Hisar/Agroha,Opp. Agroha Dham,9876543210,Government,29.336707,75.622627
General Hospital Blood Bank Jhajjar,Haryana,JHAJJAR,Jhajjhar,Model Town,9729078039,Government,28.607735,76.642891
General Hospital Blood Bank Jind,Haryana,JIND,Jind,"Civil Hospital, DC Colony",0941613966,Government,29.311866,76.330022
Gangaputra Hospital and Research Centre Blood Bank,Haryana,JIND,Kandela,"Kaithal Road, Kandela",9871804058,Private,29.378281,76.337165
Smt. Indira Gandhi Government Multispeciality Blood Bank,Haryana,KAITHAL,Kaithal,"G. H. Sector-18, Bypass Road, Near bus stand, Kaithal By pass",0941612122,Government,29.793446,76.421959
Haryana Institute of Medical Sciences (HIMS) Hospital Blood Bank,Haryana,KAITHAL,Kaithal,"NH-152, Village-Ujhana, Ambala Road, Kaithal",9876543210,Private,29.844728,76.441361
General Hospital Blood Bank Karnal,Haryana,KARNAL,Karnal,"Old Court Road, Karnal",9466119091,Government,29.696067,76.994185
Nirmal Institute of Medical Sciences and Technology Blood Bank,Haryana,KARNAL,Karnal,"69, Jarnally Colony, Opposite Kalpana Chawla Medical College, Karnal.",0999145577,Charity,28.4734936,77.2906064
Save Life Blood Bank,Haryana,KARNAL,Karnal,"16, Jarnally Colony, 1st floor, Opposite to General Hospital, Karnal",9896217504,Private,28.701048,77.103863
LNJP District Government Hospital Blood Bank,Haryana,KURUKSHETRA,Kurukshetra,"Thanesar, Kurukshetra, SH-6, Kaithal Kurukshetra Road,",0946773458,Government,29.964985,76.820558
Kurukshetra Blood Bank,Haryana,KURUKSHETRA,Kurukshetra,"SCO.07-08 BASMENT,  Near LIC Building",0935523107,Private,29.970016,76.838528
Shaheed Hasan Khan Mewati Government Medical College Blood Bank,Haryana,MEWAT,Nuh,"Nalhar, Tehsil Nuh, Mewat",9416731609,Government,28.091167,76.971562
General Hospital Blood Bank Palwal,Haryana,PALWAL,Palwal,New Sohna Road,9813389010,Government,28.136087,77.327024
Command Hospital Blood Bank,Haryana,PANCHKULA,Panchkula,"Chandimandir Cantonment, Panchkula",9876543210,Government,30.712615,76.854089
Alchemist Hospital Panchkula Blood Bank,Haryana,PANCHKULA,Panchkula,"Sector 21, Panchkula",9780887019,Private,28.439332,77.10227
District Hospital Panchkula Blood Bank,Haryana,PANCHKULA,Panchkula,"Civil Hospital Blood Bank, Sector 6",9876058060,Government,30.710793,76.845878
N.C. Medical College and Hospital Blood Bank,Haryana,PANIPAT,Israna,"N.C. Medical College and Hospital, Panipat-Rohtak Road, Israna, Panipat",9876543210,Government,29.286568,76.878961
Red Cross Blood Bank,Haryana,PANIPAT,Panipat,"Indian Red Cross Society, Red Cross Bhawan, G.T. Road",9876543210,Charity,29.39369,76.969115
Prem Blood Bank,Haryana,PANIPAT,Panipat,"A unit of Lala Harbhagwan Dass Memorial  Dr. Prem Hospital Pvt. Ltd., Bishan Sarop Colony, Opp Bus Stand,",7206403131,Private,29.398644,76.966314
Panipat Blood Bank,Haryana,PANIPAT,Panipat,"332-R Model Town, Near Ramlal Chowk",9416016332,Charity,29.391662,76.957172
Rewari Blood Bank,Haryana,REWARI,Rewari,"Shree Krishna Medical And Social Welfare Society, 53-RL, Model Town",9416063101,Charity,28.187832,76.616935
General Hospital Rewari Blood Bank,Haryana,REWARI,Rewari,"Room No. 16, Government / Civil Hospital Blood Bank,  Kayasthwara Mohalla,",9416194222,Government,28.202218,76.619789
Pandit Bhagwat Dayal Sharma Post Graduate Institute of Medical Sciences (PGIMS) Blood Bank,Haryana,ROHTAK,Rohtak,"Medical Road, Maharishi Dayanand University,Rohtak",9467355771,Government,28.879942,76.608052
General Hospital Blood Bank Sirsa,Haryana,SIRSA,Sirsa,"Room No 25, G.H Sirsa, Near Jhunthra Dharmsala Sirsa",0941665707,Government,29.538977,75.014269
Shiv Shakti Blood Bank,Haryana,SIRSA,Sirsa,"Guru Gobind Singh Marg, B Block,Opposite to Valmiki Chowk",9354884426,Charity,29.536432,75.022062
Bapu Maghar Singh Ji International Blood Bank,Haryana,SIRSA,Sirsa,"Shah Satnam Singh Ji Speciality Hospital, Nohar Bhadra Road,Shahpur Begu, Near Shah Satnam Ji Dham, Dera Sacha Sauda",9416787411,Charity,29.467914,75.068864
General Hospital Blood Bank Sonipat,Haryana,SONIPAT,Sonipat,"Delhi Road, Near Maharana Pratap Chowk",0925430093,Government,28.990486,77.036475
Sonipat Blood Bank,Haryana,SONIPAT,Sonipat,"Near Saxsena Hospital, Sector-14TO Scheme No. -15",0925430093,Charity,28.991527,77.034557
Bhagat Phool Singh Government Medical College for Women Blood Bank,Haryana,SONIPAT,Sonipat,"Kanpur Kalan, Sonipat",8607010701,Government,29.149774,76.808336
Shree MAA Blood Bank,Haryana,YAMUNANAGAR,Jagadhri,"1st Floor, Goel Hospital, Jagadhri, Yamunanagar.Opp Sapphire hotel, railway road, Near Krishna Bajaj auto agency",9416316102,Private,30.147696,77.304339
MLGH Trauma Centre Yamuna Nagar Blood Bank,Haryana,YAMUNANAGAR,Yamunanagar,"Civil Hospital Blood Bank, Jagadhari, Above Trauma Center, Yamunanagar",9466359077,Government,30.1442,77.303543
Bilaspur Regional Hospital Blood bank,Himachal Pradesh,BILASPUR,Bilaspur,"Changer Sector Bilaspur, Near D.C.Office Bilaspur",9816028926,Government,31.335735,76.765248
Chamba Regional Hospital Blood Bank,Himachal Pradesh,CHAMBA,Chamba,"Regional Hospital, Chamba",9418069485,Government,32.558834,76.12246
Bhota Charitable Hospital Blood Bank,Himachal Pradesh,HAMIRPUR,Bhota,Hamirpur,9418497878,Charity,31.609374,76.569182
Hamirpur Regional Hospital Blood bank,Himachal Pradesh,HAMIRPUR,Hamirpur,"Agriculture Colony, Hamirpur,",9418096596,Government,31.679905,76.527416
Dharamshala Zonal Hospital Blood Bank,Himachal Pradesh,KANGRA,Dharamshala,"Zonal Hospital, Dharamshala",9418137766,Government,32.2129086,76.3194044
Dr Rajendra Prasad Government Medical College (RPGMC) Blood Bank Tanda,Himachal Pradesh,KANGRA,Kangra,"Dr. Rajendra Prasad Government Medical College, Kangra at Tanda",8988159250,Government,32.0982738,76.3007658
Civil Hospital Blood Bank Palampur,Himachal Pradesh,KANGRA,Palampur,"Civil Hospital, Palampur, Kangra",9418462877,Government,32.107726,76.534876
Reckong Peo Regional Hospital Blood Bank,Himachal Pradesh,KINNAUR,Reckong Peo,"Reckong Peo, Kinnaur, Himachal Pradesh",9876543210,Government,31.539316,78.267034
Kullu Regional Hospital Blood Bank,Himachal Pradesh,KULLU,Dhapur,"R.No. 320, Kullu Regional Hospital",9876543210,Government,31.956462,77.111661
Netaji Subhash Chander Bose Zonal Hospital Blood Bank,Himachal Pradesh,MANDI,Mandi,"Netaji Subhash Chander Bose Zonal Hospital, Mandi",9418316416,Government,31.711561,76.927209
Rohru Civil Hospital Blood Bank,Himachal Pradesh,SHIMLA,Rohru,"Rohru, Shimla",0941808431,Government,31.201285,77.752272
Indira Gandhi Medical College Blood Bank Shimla,Himachal Pradesh,SHIMLA,Shimla,"Department of BT and IH, Indira Gandhi Medical College, Near Lakkar Bazar",9418091908,Government,31.1071605,77.1831203
Deen Dayal Updhayay Hospital Blood Bank,Himachal Pradesh,SHIMLA,Shimla,"DDU Complex, Shimla",9418462397,Government,31.103536,77.17218
Kamla Nehru Hospital Blood Bank,Himachal Pradesh,SHIMLA,Shimla,"Kamla Nehru Hospital, NH-22, Near Mall Road",9418173271,Government,31.096648,77.175267
Mahatma Gandhi Medical Services Blood Bank Rampur,Himachal Pradesh,SHIMLA,Shimla,"Mahatma Gandhi Medical Services Blood Bank Rampur,Near Jakh Institute of Nursing",9418470772,Government,31.4470213,77.6294213
Nahan Regional Hospital Blood Bank,Himachal Pradesh,SIRMAUR,Nahan,"Regional Hospital, Nahan",9418087764,Government,30.559933,77.295483
Malhotra Super Speciality Hospital Blood Bank,Himachal Pradesh,SOLAN,Baddi,"(A Unit of Malhotra Clinics Private Limited), SCO No. 8, Himuda Bhatoli Kalan, Opp.- Mahavir Spinning Mills, Baddi",9816020120,Private,30.9491629,76.8319738
Maharishi Markendeshwar Medical College and Hospital Blood Bank,Himachal Pradesh,SOLAN,Lado,"LADO, Sultanpur Road, Kumarhatti, Solan",9876543210,Charity,30.8713445,77.0863049
Solan Regional Hospital Blood Bank,Himachal Pradesh,SOLAN,Solan,"Regional Hospital, Near Lakkar Bazar, Tank Road",9418483517,Government,30.90738,77.107075
Una Regional Hospital Blood Bank,Himachal Pradesh,UNA,Una,"Regional Hospital, Una",9805411234,Government,31.4785791,76.2741605
MMAB memorial District Hospital  Blood Bank Anantnag,Jammu and Kashmir,ANANTNAG,Anantnag,"MMAB memorial Blood Bank, Janglat Mandi, District Hospital, Anantnag",9876543210,Government,33.7253569,75.153155
Baramulla District Hospital Blood Bank,Jammu and Kashmir,BARAMULLA,Baramulla,"District Hospital, Kanthbagh, Baramulla",9797218141,Government,34.2031312,74.3654033
Chodana Sub-District Hospital Blood Bank,Jammu and Kashmir,Budgam,Budgam,"Sub-District Hospital, Chadoora, Budgam",9596301711,Government,33.9429341,74.7993502
Budgam District Hospital Blood Bank,Jammu and Kashmir,Budgam,Budgam,"ASYM District Hospital Campus, Near District Court Complex",9419035800,Government,34.020827,74.719824
Doda District Hospital Blood Bank,Jammu and Kashmir,DODA,Doda,"District Hospital, Doda",9419168144,Government,33.144377,75.543698
District Hospital Blood Bank Ganderbal,Jammu and Kashmir,GANDERBAL,Ganderbal,Ganderbal,9876543210,Government,34.1944531,74.652155
Government Hospital Blood Bank Gandhi Nagar,Jammu and Kashmir,JAMMU,Jammu,"Government Hospital, Gandhi Nagar, Jammu",9419187114,Government,32.705277,74.859974
Government Medical College and Hospital Blood Bank,Jammu and Kashmir,JAMMU,Jammu,"Government Medical College and Hospital, Mahesh Pura Chowk, Bakshi Nagar",9419184710,Government,32.736061,74.853998
Sri Maharaja Gulab Singh (SMGS) Hospital Blood Bank,Jammu and Kashmir,JAMMU,Jammu,"Shalamar Road, Indra Chowk, Jammu",9876543210,Government,32.733578,74.862023
Bee Enn General Hospital Blood Bank,Jammu and Kashmir,JAMMU,Jammu,"Garden Avenue, Bhagwati Nagar, Talab Tillo, Jammu",9876543210,Charity,32.7297174,74.8411347
Acharya Shri Chander College of Medical Sciences and Hospital Blood Bank,Jammu and Kashmir,JAMMU,Sidhara,"Acharya Shri Chander College of Medical Sciences and Hospital, N.H ByPass P.O Majeen",9876543210,Charity,32.760493,74.898955
Kargil District Hospital (Kargil Ladakh Kashmir Division) Blood Bank,Jammu and Kashmir,KARGIL,Kargil,"District Hospital, Kargil Ladakh Kashmir Division, Jammu and Kashmir",9419888523,Government,34.559251,76.124874
Kathua District Hospital Blood Bank,Jammu and Kashmir,KATHUA,Kathua,"District Hospital, Kathua",9419176206,Government,32.390815,75.5252
Kishtwar District Hospital Blood Bank,Jammu and Kashmir,KISHTWAR,Kishtwar,"District Hospital, Near Bus stand Kishtwar.",9018497123,Government,33.3139274,75.7681239
Kulgam District Hospital Blood Bank,Jammu and Kashmir,KULGAM,Kulgam,"Kulgam Quzigund Road, opposite to Fruit mandi Kulgam",9622749024,Government,33.645305,75.026719
Handwara District Hospital Blood Bank,Jammu and Kashmir,KUPWARA,Handwara,"Handwara Hwy, Shaheen Colony, Durashpora, Handwara",9622221424,Government,34.396437,74.284765
SNM Hospital Blood Bank,Jammu and Kashmir,LEH LADAKH,Leh,"SNM Hospital, Main Bazar, Leh",9622181045,Government,34.153795,77.580209
Raja Sukhdev Singh District Hospital Poonch,Jammu and Kashmir,POONCH,Haveli,"District Hospital, Poonch",9876543210,Government,33.772293,74.098062
Pulwama District Hospital Blood Bank,Jammu and Kashmir,PULWAMA,Pulwama,"District Hospital, Pulwama",0941975764,Government,33.878861,74.900779
Rajouri District Hospital Blood Bank,Jammu and Kashmir,RAJOURI,Rajouri,"District Hospital,  kheora, Rajouri",9419267266,Government,33.3880811,74.316008
Ramban District Hospital Blood Bank,Jammu and Kashmir,RAMBAN,Ramban,"NH1A, Upper Bazaar, Ramban,",9419211432,Government,33.2420569,75.2392611
District Hospital Blood Bank Sambha,Jammu and Kashmir,SAMBA,Samba,"District Hospital, Near Sabzi Mandi, Samba",9876543210,Government,32.560515,75.120911
District Hospital Blood Bank Shopian,Jammu and Kashmir,SHOPIAN,Shopian,Shopian,9906691206,Government,33.7200624,74.8338034
Shri Maharaja Hari Singh (SMHS) Hospital Blood Bank,Jammu and Kashmir,SRINAGAR,Srinagar,"SMHS Road, Near Gold Market, Karan Nagar, Srinagar,",9419466823,Government,34.0862001,74.7977402
92 Base Hospital Blood Bank,Jammu and Kashmir,SRINAGAR,Srinagar,"92 Base Hospital, C/o. 56 APO,  Badami Bagh, Srinagar",9419025840,Government,34.06591,74.856181
Sher-I-Kashmir Institute of Medical Sciences (SKIMS) Blood bank,Jammu and Kashmir,SRINAGAR,Srinagar,"Sher-I-Kashmir Institute of Medical Sciences (SKIMS), Anchar, Soura, Srinagar",9419081023,Government,34.136677,74.800264
Government Lal Ded Hospital Blood Bank,Jammu and Kashmir,SRINAGAR,Srinagar,"Wazirbagh, Srinagar GPO, Srinagar",9797937999,Government,34.0667492,74.8081809
Government Bone and Joint Surgery Hospital Blood Bank,Jammu and Kashmir,SRINAGAR,Srinagar,"Government Bone and Joint Surgery Hospital, Near Barzulla bridge, Srinagar",9419720762,Government,34.0481,74.80522
Jawahar Lal Nehru Memorial Hospital Blood Bank,Jammu and Kashmir,SRINAGAR,Srinagar,"Jawahar Lal Nehru Memorial Hospital Blood Bank, Rainwari, Srinagar",9876543210,Government,34.097759,74.821651
Command Hospital Blood Bank,Jammu and Kashmir,UDHAMPUR,Udampur,"Command Hospital, Uttari Kaman, C/o Uttari Kaman, Udhampur",9876543210,Government,32.930786,75.135348
Udhampur District Hospital Blood Bank,Jammu and Kashmir,UDHAMPUR,Udhampur,"Udhampur  District Hospital, Near ITI collage",9419222969,Government,32.919922,75.132831
Indian Red Cross Society Blood Bank Bokaro,Jharkhand,BOKARO,Bokaro,"IRCS, Blood bank, Pandit Jawahar lal Nehru Marg, Near Airport, Sector 1 B.S. City",9431321798,Charity,23.644138,86.151112
Bokaro General Hospital Blood Bank,Jharkhand,BOKARO,Bokaro,"Blood Bank, Bokaro General Hospital, Sector - 4, Bokaro Steel City",8986872991,Government,23.675112,86.145632
K.M. Memorial Hospital  Research Center Blood Bank,Jharkhand,BOKARO,Bokaro,"Blood Bank, K.M. Memorial Hospital  Research Center, By Pass Road Chas Bokaro",9234303421,Private,23.633257,86.173506
Deoghar Sadar Hospital Campus Blood Bank,Jharkhand,DEOGHAR,Deogarh,"Blood Bank, Sadar Hospital, Deoghar",9234870137,Government,24.491027,86.693996
Patliputra Medical college and Hospital (PMCH) Blood Bank Dhanbad,Jharkhand,DHANBAD,Dhanbad,"PMCH, Saraidhela, Dhanbad, PO. BCCL Township",9431188793,Government,23.7976877,86.4356088
Central Hospital Blood Bank BCCL Dhanbad,Jharkhand,DHANBAD,Dhanbad,"Blood Bank, Central Hospital, BCCL, Dhanbad",9470595653,Private,23.8057146,86.4509654
Dwarka Das Jalan Memorial Hospital Bartand Blood Bank,Jharkhand,DHANBAD,Dhanbad,"Blood Bank Dwarka Das Jalan Memorial Hospital Bartand, Dhanbad",9204061081,Private,23.806393,86.43059
Dumka Sadar Hospital Blood Bank,Jharkhand,DUMKA,Dumka,"Near Town Hall, Dumka",9341190075,Government,24.267264,87.251613
MGM Medical College Hospital Campus Blood Bank Jamshedpur,Jharkhand,EAST SINGHBHUM,Jamshedpur,"Sakchi, Jamshedpur",9431459163,Government,22.811699,86.210334
Jamshedpur Blood Bank,Jharkhand,EAST SINGHBHUM,Jamshedpur,"Stocking Road, Northern Town. Bistupur",9431346147,Charity,22.804227,86.181256
Garhwa Sadar Hospital Campus Blood Bank,Jharkhand,GARHWA,Garhwa,"Blood Bank, Sadar Hospital Garhwa",9955469085,Government,24.158163,83.802052
Giridih Sadar Hospital Blood Bank,Jharkhand,GIRIDIH,Giridh,"Blood Bank, Sadar Hospital Giridih",9331743396,Government,24.1879903,86.3064543
Gumla Sadar Hospital Blood Bank,Jharkhand,GUMLA,Gumla,"Blood Bank, Sadar Hospital Gumla, Jharkhand",9534032306,Government,23.0346771,84.5383358
Hazaribag Sadar Hospital Blood Bank,Jharkhand,HAZARIBAGH,Hazaribagh,"Blood Bank, Sadar Hospital Campus Hazaribag",0809276902,Government,23.997502,85.3564179
Koderma Sadar Hospital Blood Bank,Jharkhand,KODERMA,Koderma,"Blood Bank, Sadar Hospital Koderma",9334516895,Government,24.188289,86.306465
Latehar Sadhar Hospital Blood Bank,Jharkhand,LATEHAR,Latehar,"Sub-Divisional Hospital Blood Bank, Latehar",9835589186,Government,23.7432844,84.5059776
Lohardaga Sadar Hospital Blood Bank,Jharkhand,LOHARDAGA,Lohardaga,"Blood Bank, Sadar Hospital Lohardagga",9334484971,Government,23.441722,84.685316
Pakur Sadar Hospital Blood Bank,Jharkhand,PAKUR,Mumbai,Not Available,9934347811,Government,24.6476852,87.7862334
Palamu Sadar Hospital Blood Bank,Jharkhand,PALAMU,Daltonganj,"Daltonganj, palamau",9431787476,Government,24.047051,84.060447
CCL Hospital Blood Bank Ramgarh,Jharkhand,RAMGARH,Ramgarh,"Blood Bank, CCL Hospital, Nai Sarai Ramgarh Cantt, Argada Road",9431792122,Government,23.6484192,85.5093472
"Heavy Engineering Corporation, Plant Hospital Blood Bank",Jharkhand,RANCHI,Ranchi,"Sector III, HEC Campus, Opposite JSCA Stadium, Ranchi",9835539866,Government,23.313367,85.277743
"Rajendra Institute of Medical Science (RIMS) Blood Bank, Bariyatu",Jharkhand,RANCHI,Ranchi,"Bariatu, Ranchi, Jharkhand",9470516651,Government,23.388964,85.349138
CCL Hospital Blood Bank Ranchi,Jharkhand,RANCHI,Ranchi,"Central Hospital,CCL, Gandhi Nagar, Kanka Rd, Ranchi",9934386375,Government,23.408788,85.321355
Indian Red Cross Society (IRCS) Blood Bank Morabadi,Jharkhand,RANCHI,Ranchi,"Morabadi, Near Hockey Stadium, Ranchi",9431352561,Charity,23.3882502,85.3281205
Abdur Razzaque Memorial Weavers Hospital (ARAM) Blood Bank,Jharkhand,RANCHI,Ranchi,"Blood Bank, ARAM Apollo Hospital, IRBA, Ranchi",9234303420,Private,23.4507571,85.4370738
Nagarmal Modi Seva Sadan Hospital Blood Bank,Jharkhand,RANCHI,Ranchi,"Blood Bank, Nagarmal Modi Seva Sadan Hospital, Upper Bazar, Ranchi",0923468488,Private,23.371161,85.317141
Rinchi Trust Hospital Blood Bank,Jharkhand,RANCHI,Ranchi,"Rinchi Trust Hospital Blood Bank, Kathal More, Itki Road, Ranchi.",9534084500,Charity,23.3451234,85.1106008
Devkamal Hospital and Research Centre Blood Bank,Jharkhand,RANCHI,Ranchi,"Bajra Bazar, Bajra, Near IIT Bus Stand, Itki Road",9204055638,Private,23.3691335,85.2204851
Gurunanak Hospital and Research Centre Blood Bank,Jharkhand,RANCHI,Ranchi,"Gurunanak Hospital and Research Centre Blood Bank Unit, Station Road, Ranchi.",9031091565,Private,23.349938,85.330008
Sainik Hospital Blood Bank Namkum,Jharkhand,RANCHI,Ranchi,"Blood Bank, Sainik Hospital, Namkum, Ranchi",9876543210,Private,23.3496021,85.3796172
Jharkhand Blood Bank Bariatu,Jharkhand,RANCHI,Ranchi,"Jharkhand Blood Bank, S. R. Complex,  Near Bariatu Masjid, Bariatu",0933443999,Private,23.395757,85.351652
Archi Blood Bank Jharkhand,Jharkhand,RANCHI,Ranchi,"Baxi Avenew, Dr. J. Sharan Lane Bariatu Ranchi",9304842607,Private,23.38949,85.346526
Sahebganj Sadar Hospital Blood Bank,Jharkhand,SAHEBGANJ,Sahebganj,"Blood Bank, Sadar Hospital, Sahebganj",9931204554,Government,25.235841,87.634215
Simdega Sadar Hospital Blood Bank,Jharkhand,SIMDEGA,Simdega,"Blood Bank, Sadar Hospital Simdega",9905101190,Government,22.6149779,84.5028825
Chaibasa Sadar Hospital Blood Bank,Jharkhand,WEST SINGHBHUM,Chaibasa,"Blood Bank, Sadar Hospital Chaibasa, West Singhbhum",9279221139,Government,22.5505168,85.8054811
Kiriburu Meghahatuburu General Hospital Blood Bank,Jharkhand,WEST SINGHBHUM,KIRIBURU,Kiriburu Iron Ore Mines,8986881168,Government,22.104554,85.291571
TATA (TISCO) Hospital Blood bank,Jharkhand,WEST SINGHBHUM,Noamundi,"Blood Transfusion Unit, TISCO Hospital, Noamundi, Chaibasa",9204060263,Private,22.145873,85.494402
Bagalkot Blood Bank,Karnataka,BAGALKOT,Bagalkot,"Hanagal Shree Kumareshwar Hospital and Research Centre, Ilkal Road",9448939708,Private,16.186132,75.70653
B. V. V. Sanghas HSK Hospital Blood Bank,Karnataka,BAGALKOT,Bagalkot,"Navanagar, Bagalkot",9448939768,Private,16.165075,75.675072
District Hospital Blood Bank Bagalkot,Karnataka,BAGALKOT,Bagalkot,Navanagar,9448037225,Government,16.165011,75.660812
Ramanagoudar Hospital Blood Bank,Karnataka,BAGALKOT,Mudhol,"2nd floor, CTS, No.4042/B17, Near Kathi Kalyan Mantap",9448987785,Private,15.364709,75.123955
M/s. Sai Aadhar Hospital Blood Bank,Karnataka,BAGALKOT,Mudhol,"Sai Aadhar Hospital, Yadwad Road",9880723163,Private,16.325218,75.289397
K.L.E.Society  Medical Research Centre Blood Bank,Karnataka,Belgaum,Belgaum,Nehru Nagar,9448273131,Private,15.887919,74.519593
Belgaum Blood Bank and Diagnostic Laboratory,Karnataka,Belgaum,Belgaum,"3137, Huns Talkies Road, (opposite to Central High School)",9448161049,Private,15.860356,74.512478
District Hospital Blood Bank,Karnataka,Belgaum,Belgaum,Dr. B. R. Ambedkar Road,9448989739,Government,15.86908,74.510438
Shree Mahaveer Blood Bank,Karnataka,Belgaum,Belgaum,"4th Floor, Radio Complex, CTS No. 116/1A, Shivaji Road",9480275212,Private,15.854367,74.511233
M/s. Sri Sai Blood Bank,Karnataka,Belgaum,Belgaum,"Shri Sai Hospital, No40/2, Laxmi Nagar Main Road,Vadagaon",9986399216,Private,15.833587,74.526571
Rotary Charitable Trust Blood Bank,Karnataka,Belgaum,Chikkodi,"New Extension Area, Nippani",9448121366,Charity,16.160173,74.812128
Rotary Seva Sangh Blood Bank,Karnataka,Belgaum,Gokak,"R. S. No. 211/B, Plot No. 14C, Yogikolla Road",9448111151,Charity,16.160405,74.81216
Medical College Hospital Blood Bank,Karnataka,BELLARY,Bellary,"Vijayanagara Institute of Medical Science (VIMS), Bellary",9449463366,Private,15.154334,76.896594
M/s. Sri Siddartha Medical College Hospital Blood Bank,Karnataka,BENGALURU RURAL,Bangalore,"Sri Siddhartha Medical College  Hospital, T.Begur, Nelamangala Tq",9901669103,Private,13.160791,77.323405
MVJ Medical College and Research Hospital Blood Bank,Karnataka,BENGALURU RURAL,Hosakote,"Dandupalya, Kolathur Post, NH-4",9844021613,Private,13.077457,77.811502
BGS Global Hospitals Blood Bank,Karnataka,BENGALURU RURAL,Kengeri,"No. 67, Uttarahalli Road",9535408623,Private,12.911276,77.486216
Harsha Hospital Blood Bank,Karnataka,BENGALURU RURAL,Nelamangala,"No. 193/4, Byraveshwaranagar, Sondekoppa Circle, N.H.4, Bengaluru.",9876543210,Private,13.097983,77.38581
Narayana Hrudayalaya Blood Bank,Karnataka,BENGALURU URBAN,Anekal Taluk,"University Medical Centre, (KMC) Hospital",9901200440,Private,12.80927,77.695173
Government Haji Sir Ismail Sait Gosha Hospital Blood Bank,Karnataka,BENGALURU URBAN,Bangalore,"Near KSPCB Limited, Tasker Town, Shivaji Nagar",9481520707,Government,12.987532,77.604913
Swamy Vivekananda Voluntary Blood Bank,Karnataka,BENGALURU URBAN,Bangalore,"No.20,3rd Floor, SGRR Complex, 1st Cross, Raja Ram Mohan Roy Road, S. R. Nagar",9343773931,Private,12.9649846,77.589012
M/s. Aster CMI Hospital Blood Bank,Karnataka,BENGALURU URBAN,Bangalore,"43/2, Bellary Rd,NH-4,Sahakar Nagar, Hebbal",9844844708,Private,13.054677,77.592504
M/s. East Point Hospital Blood Bank Virgonagar,Karnataka,BENGALURU URBAN,Bangalore,"East Point college of Medical SciencesHospital, Janana Prabha Campus, Bidarahalli",9916865999,Private,13.053662,77.717912
Unique Blood Bank  Diagnostic Centre,Karnataka,BENGALURU URBAN,Bangalore,"1st floor,S.L.N.Complex, City Market Square",9448216553,Private,12.965837,77.576262
SHUSHRUTHA VOLUNTARY BLOOD BANK,Karnataka,BENGALURU URBAN,Bangalore,"The Blood Bank Medical officerSushrutha Voluntary Blood Bank,No875,Modi Hospital Road,  Near Pristine Hospital",8951853537,Private,12.9978842,77.5411603
Bengaluru Blood Bank and Diagnostic Laboratory,Karnataka,BENGALURU URBAN,Bengaluru,"Between 6th and 7th Cross, Opposite R.R.Gold Palace, Sampige Road,Malleshwaram",9886747992,Private,12.998074,77.571614
Bengaluru Rotary TTK Medical Service Trust Blood Bank,Karnataka,BENGALURU URBAN,Bengaluru,"New Thippasandra Main Road, HAL III Stage",9740594251,Private,12.99807,77.580434
KIMS Hospital Blood Bank,Karnataka,BENGALURU URBAN,Bengaluru,"K. R. Road, Visveswarapuram,Near Makkala Koota Bus Stop",9448559664,Private,12.956353,77.574114
Bangalore Baptist Hospital Blood Bank,Karnataka,BENGALURU URBAN,Bengaluru,"Bellary Road, Hebbal",9480424340,Private,13.035289,77.589935
Sanjaya Gandhi Accident Hospital and Research Institute Blood Bank,Karnataka,BENGALURU URBAN,Bengaluru,"Jayanagar East, Byrasandra",9036586966,Government,12.935769,77.593859
Victoria Hospital Blood Bank,Karnataka,BENGALURU URBAN,Bengaluru,"Fort Road, Bengaluru",9591497657,Government,12.963399,77.573818
M. S. Ramaiah Medical Teaching Hospital Blood Bank,Karnataka,BENGALURU URBAN,Bengaluru,Gokul Extension,9845120603,Private,13.030487,77.566648
Saint Martha39s Hospital Blood Bank,Karnataka,BENGALURU URBAN,Bengaluru,Nrupatunga Road,9686452704,Private,12.970679,77.586085
Kidwai Memorial Institute of Oncology Blood Bank,Karnataka,BENGALURU URBAN,Bengaluru,Dr. M.H.Marigowda  Road,9986990004,Government,12.93759,77.598537
Transfusion Medicine Centre Blood Bank,Karnataka,BENGALURU URBAN,Bengaluru,NIMHANS Hosur Road,9876543210,Government,12.94039,77.59883
St. John39s Medical College Blood Bank,Karnataka,BENGALURU URBAN,Bengaluru,"Sarjapur Road, Bengaluru",9591990365,Private,12.929482,77.620182
Mallya Hospital Blood Bank,Karnataka,BENGALURU URBAN,Bengaluru,"No.2, Vittal Mallya Road",9845043017,Private,12.968063,77.595068
Hindustan Aeronautics Limited - HAL Hospital Blood Bank,Karnataka,BENGALURU URBAN,Bengaluru,"Suranjandas Road, Near HAL Airport, Vimanapura",9845347978,Government,12.962447,77.665284
Saint Philomena Blood Bank,Karnataka,BENGALURU URBAN,Bengaluru,"No.1, Nilsandra Road",9916065305,Private,12.965428,77.610476
K. C. General Hospital Blood Bank,Karnataka,BENGALURU URBAN,Bengaluru,Malleshwaram,8722604100,Government,12.996389,77.56931
Command Hospital Blood Bank Air Force,Karnataka,BENGALURU URBAN,Bengaluru,"Old Airport Road, Near Cambridge Layout, Domlur Village, Post Agram",9663865587,Government,12.963321,77.62882
E.S.I.Hospital Blood Bank,Karnataka,BENGALURU URBAN,Bengaluru,Rajajinagar,9945343990,Government,12.990775,77.553498
Rashtrotthana Blood Bank,Karnataka,BENGALURU URBAN,Bengaluru,"93/2 Keshava Shilpa 1st Mn Road, Kempegowda Nagar",9480436702,Private,12.954814,77.565362
Dr. B. R.Ambedkar Medical College Hospital Blood Bank,Karnataka,BENGALURU URBAN,Bengaluru,"K.G.Halli, Bengaluru",9980155789,Private,13.025275,77.614217
Hosmat Hospital Unit of Phisicare Services Private Limited Blood Bank,Karnataka,BENGALURU URBAN,Bengaluru,"No.45, Magrath Road, Off. Richmond Road",8050780930,Private,12.969035,77.61346
Grace Blood Bank and Laboratory,Karnataka,BENGALURU URBAN,Bengaluru,"2, 10th Cross, Ganganagar, Bengaluru",9740330720,Private,13.026155,77.588859
Sri Sathya Sai Institute of Higher Medical Sciences Blood Bank,Karnataka,BENGALURU URBAN,Bengaluru,"EPIP Area, Whitefield",9741597101,Private,12.981135,77.729224
Navarang Blood Bank,Karnataka,BENGALURU URBAN,Bengaluru,"No.2953, Ist Floor, Near Navarang Circle, M.K.K.Road, Rajaji Nagar,",9844111233,Private,12.9982,77.551623
Bangalore Lions Service Trust - Lions Blood Bank,Karnataka,BENGALURU URBAN,Bengaluru,"Bhagwan Mahaveer Jain Hospital, Millers Road, Vasantha Nagar",9845315670,Charity,12.989645,77.592754
Sri Jayadeva Institute of Cardiology Blood Bank,Karnataka,BENGALURU URBAN,Bengaluru,"Gurappanapaly Post, Banneraghatta Road",9886812718,Government,12.917957,77.599329
Vydehi Institute of Medical Science Hospital Blood Bank,Karnataka,BENGALURU URBAN,Bengaluru,"EPIP AREA, 06 WHITE FIELD",9916749060,Private,12.975378,77.72927
Akshay Voluntary Blood Bank,Karnataka,BENGALURU URBAN,Bengaluru,"No. 968, 2nd Floor, 41st Cross, 3rd Block. Opposite E.S.I. Hospital, Rajajinagar",9448084990,Charity,12.989853,77.552805
Bowring and Lady Curzon Hospitals Blood Bank,Karnataka,BENGALURU URBAN,Bengaluru,"Shivaji Nagar, Bengaluru",9449621169,Government,12.982165,77.604276
Kempegowda Medical Service Trust - Millennium Blood Bank,Karnataka,BENGALURU URBAN,Bengaluru,"No.1082/9, Sreenivasa Prasanna Complex, Triveni Road, Yeshwanthpur, Bengaluru",9972111552,Private,13.019584,77.557981
S. K. Voluntary Blood Bank,Karnataka,BENGALURU URBAN,Bengaluru,"14/1,I Floor, MESA Complex, Old Tolgate Bus Stop, Magadi Main Road",9341273805,Private,12.974445,77.549288
Indira Gandhi Child Institute of Health Blood Bank,Karnataka,BENGALURU URBAN,Bengaluru,"South Hospital Complex, Dharamaram College Post",9448032867,Government,12.937319,77.592016
Rajarajeshwari Medical College Hospital Blood Bank,Karnataka,BENGALURU URBAN,Bengaluru,"5th Cross, Mysore Road, New Guddadahalli",9845128072,Private,12.896508,77.46166
Sanjeevini Trust Jayanagar Voluntary Blood Bank,Karnataka,BENGALURU URBAN,Bengaluru,"1897/A, Cellar Floor, Gulora, 26th Main Road, Sount End Cross Road, 9th Block, Jayanagar",9342171911,Charity,12.9157415,77.5909561
Sri Vinayaka Charitable Trust  Jeeva Voluntary Blood Bank,Karnataka,BENGALURU URBAN,Bengaluru,"No. 23 and 84, Sharoff Basappa Commercial Complex, 2nd Main, Ist Cross, New Tharugpet",9845801539,Charity,12.961633,77.571067
Indian Red Cross Society - Karnataka Red Cross Blood Bank,Karnataka,BENGALURU URBAN,Bengaluru,"Red Cross Bhavan, 326, Ist Floor, Race Course Road, Bengaluru",9902859859,Charity,12.984218,77.578831
Apollo Hospitals (Imperial Cancer Hospital and Research Centre) Blood Bank,Karnataka,BENGALURU URBAN,Bengaluru,"Apollo Hospitals a unit of Imperial Cancer Hospital and Research Centre Limited, 154/11, Opp.I.I.M Bannerghatta Road",9945683872,Private,12.89643,77.598015
Vijayanagar Hospital Blood Bank,Karnataka,BENGALURU URBAN,Bengaluru,"No. 27, 17th Cross, M.C. Layout, Vijayanagar",9901155344,Private,12.969227,77.536519
Bangalore Institute of Oncology Blood Bank,Karnataka,BENGALURU URBAN,Bengaluru,"No. 8, P. Kalinga Rao Road, Sampangiram Nagar",9008255888,Private,12.964273,77.589629
Ocean Blood Bank,Karnataka,BENGALURU URBAN,Bengaluru,"No. 133-134, K. P. Broadway Road, Shivajinagar",9845854991,Private,12.982018,77.604484
Rotary K. R. Hospital Blood Bank,Karnataka,BENGALURU URBAN,Bengaluru,"No. 75, Hanumanthanagar, 50 Feet Road, Bengaluru",9845574600,Private,12.941937,77.553588
Veerayoga Institute of Medical Sciences Speciality Hospitals Blood Bank,Karnataka,BENGALURU URBAN,Bengaluru,"VIMS, No. 88, Marathhalli, Outer Ring Road",9845453875,Private,12.948331,77.699554
Columbia Asia Referral Hospital Blood Bank,Karnataka,BENGALURU URBAN,Bengaluru,"26/4, Brigade Gateway, Beside Metro Cash and Carry West West, Malleshwaram,",9972461925,Private,13.014167,77.556035
Sagar Hospital Blood Bank,Karnataka,BENGALURU URBAN,Bengaluru,"Sy. No.53, Shavige Malleshwara Hills, Kumar Swamy Layout, Banashankari",9591991888,Private,12.907709,77.565114
Fortis Hospital Private Limited Blood Bank,Karnataka,BENGALURU URBAN,Bengaluru,Bannerghatta Road,9341960717,Private,12.89453,77.598902
Fortis Hospital Private Limited Blood Bank,Karnataka,BENGALURU URBAN,Bengaluru,"14, Sheriffs Centre,Cunningham Road",9845438200,Private,12.988216,77.594232
Sagar Hospital Blood Bank,Karnataka,BENGALURU URBAN,Bengaluru,"44/54, 30th Cross, Tilak Nagar, Jayangar Extension",9448004502,Private,12.928003,77.599598
Manipal Hospital Transfusion Services Blood Bank,Karnataka,BENGALURU URBAN,Bengaluru,"No.98, Rustombagh, HAL Airport Road",9845768593,Private,12.958758,77.6491
Yashomathi Medicare and Research Centre Private Limited Blood Bank,Karnataka,BENGALURU URBAN,Bengaluru,"2371/3, HAL Airport, Varthur Main Road, Munne Kolala, Marathahalli Post",9845664320,Private,12.955719,77.711256
Life Care Voluntary Blood Bank,Karnataka,BENGALURU URBAN,Bengaluru,"No.126, 7th Block, Jayanagar, Opposite to Jayanagar Police Station",8123533773,Charity,12.92837,77.581654
The Oxford Medical College Hospital Blood Bank and Research Centre,Karnataka,BENGALURU URBAN,Bengaluru,"Yadavanahalli, Attibele (Hobli), Anekal Taluk",9980328064,Private,12.787186,77.756942
Sakra World Hospital Blood Bank,Karnataka,BENGALURU URBAN,Bengaluru,"Sakra world Hospital (A Unit of Takshasila Hospitals Operating Private Limited), S.No. 52/2 and 52/3, Devarabeesanahalli, Varthur Hobli, Bellandur Post",7259003589,Private,12.932125,77.685263
Dr.Rajkumar (Appaji) Blood Bank,Karnataka,BENGALURU URBAN,Bengaluru,"No.18, Krishi Bhavan, 2nd Floor, Hudson Circle",9141334726,Charity,12.967558,77.589363
Sri Shankara Cancer Hospital and Research Centre Blood Bank,Karnataka,BENGALURU URBAN,Bengaluru,"Shankara Math premises, 1st cross, shankarapuram, Basavanagudi",9535408623,Private,12.954575,77.571128
Mediscope Blood Bank,Karnataka,BENGALURU URBAN,Bengaluru,"Mediscope Hospital, No.11, Pillanna Garden, 3rd stage",9945666554,Private,12.999478,77.616872
Sapthagiri Hospital Blood Bank,Karnataka,BENGALURU URBAN,Bengaluru,"No.15, Chikkasandra, Hesaraghatta Main Road",9986500570,Private,13.070573,77.50228
The District Surgeon District Hospital Blood Bank,Karnataka,BIDAR,Bidar,Not Available,9448584999,Government,17.918098,77.515003
District Hospital Blood Bank Bijapur,Karnataka,Bijapur,Bijapur,Athani Road,8867225340,Government,16.828098,75.691713
B.L.D.E. Association39s Medical College  Reserch Centre Blood Bank,Karnataka,Bijapur,Bijapur,"Mahal Bagayat,Ashram Road",9880336328,Private,16.845101,75.710641
Lions Blood Bank,Karnataka,Bijapur,Bijapur,"Bandikaman Road, Ward No.6, CTS No.168, Basement Ground and First Floor",9845894005,Charity,16.827207,75.725839
Dr. B. N. M. Rural Ayurvedic Medical College and Hospital Blood Bank,Karnataka,Bijapur,Bijapur,"Smt. Sushiladevi Nagur Colony, College Road",9538912222,Government,16.8301759,75.7078424
Al-Ameen Medical College Hospital Blood Bank,Karnataka,Bijapur,Bijapur,"Athani Road, Bihapurkar",9036358995,Private,16.825058,75.669209
GMETS Dr. Goudars Blood Bank,Karnataka,Bijapur,Bijapur,"852, A1 and A2 Ward IX, 1st Floor, Dr. Karigoudar39s Complex Godbolemala",9880883604,Charity,16.828072,75.709979
District Hospital Blood Bank Chamarajanagar,Karnataka,CHAMARAJANAGAR,Chamarajanagar,District Hospital,9449843165,Government,11.926773,76.941473
Holy Cross Hospital Blood Bank,Karnataka,CHAMARAJANAGAR,Kollegal,"Kamagere , Kolegala Taluk, Chamaraja Nagar",9535813053,Private,12.12938,77.233586
Indian Red Cross Society Blood Bank Chikkaballapur,Karnataka,Chikkaballapur,Chikkaballapur,"District Family Welfare Office, 2nd Floor, B. B. Road",9844791189,Charity,13.438043,77.72929
Mallegowda District Hospital Blood Bank,Karnataka,CHIKKAMAGALURU,Chikkamagaluru,Chikkamagaluru,9449651152,Government,13.218016,75.251826
Holy Cross Hospital Blood Bank,Karnataka,CHIKKAMAGALURU,Chikkamagaluru,"Housing Board Colony, K. M. Road, Jyothi Nagar",9844964452,Private,13.338634,75.80355
Sharada Dhanvantari Charitable Hospital Blood Bank,Karnataka,CHIKKAMAGALURU,Sringeri,"S. D. C. Hospital, P.B. No. 13, Vidyaranyapura Village,",9448820970,Charity,13.428948,75.254286
District Hospital Blood Bank Chitradurga,Karnataka,CHITRADURGA,Chitradurga,B. D. Road Chitradurga,8884491257,Government,14.220818,76.4065
SJM Blood Bank Basaveshwara Medical College Hospital and Research Centre,Karnataka,CHITRADURGA,Chitradurga,"NH-4, By Pass, Near KHB Colony",9449681767,Private,14.239807,76.388943
Vasavi Blood Bank,Karnataka,CHITRADURGA,Chitradurga,"Khata No. 4895/4720, Assessment No. 11479/13, B. L. Gowda Layout, Thurunur Road",9886973068,Private,14.229572,76.409483
Jyothi Hospital Blood Bank,Karnataka,DAKSHINA KANNADA,Belthangady,"Jyothi Hospital, Laila-574 214, Belthangady",9620570546,Private,12.991208,75.288255
M/s. Indian Red Cross Society Blood Bank,Karnataka,DAKSHINA KANNADA,Kundapur,"1st floor, Govt Hospital Building, Muncipal Road",8105017014,Private,13.628482,74.690683
Fr. Mullers Charitable Instituitions Blood Bank,Karnataka,DAKSHINA KANNADA,Mangalore,"Post Box No.501, Kankanady",9448953716,Charity,12.866805,74.85933
City Hospital Research and Diagnostic Centre Blood Bank,Karnataka,DAKSHINA KANNADA,Mangalore,"Pound Garden, Kadri",9480064323,Private,12.87963,74.853044
The District Surgeon - Wenlock District Hospital Blood Bank,Karnataka,DAKSHINA KANNADA,Mangalore,Hampanakata,9448624730,Government,12.867384,74.843132
Yenepoya Medical College Blood Bank,Karnataka,DAKSHINA KANNADA,Mangalore,"Nithyananda Nagar, Deralakatte",7899124567,Private,12.81194,74.881231
A. J. Hospital and Research Centre Blood Bank,Karnataka,DAKSHINA KANNADA,Mangalore,"Kuntikana, NH- 66",9448127559,Private,12.899478,74.845975
KMC University Medical Centre Blood Bank,Karnataka,DAKSHINA KANNADA,Mangalore,"Dr. B. R. Ambedkar Circle, Jyothi",7829131741,Private,12.870434,74.844505
Srinivasa Institute of Medical Sciences and Research Centre Blood Bank,Karnataka,DAKSHINA KANNADA,Mangalore,"Mukka,Srinivas Nagar,Surathkal",9844120545,Private,13.021405,74.792037
M/s. Tejasvini Hospital Lions Blood Bank,Karnataka,DAKSHINA KANNADA,Mangalore,Kadri Temple Road,7259107052,Private,12.880334,74.853689
Indian Red Cross Society Blood Bank Mangalore,Karnataka,DAKSHINA KANNADA,Mangalore,"Lady Goshen Hospital, Behind Central Market",9343356368,Charity,12.864857,74.83818
Nitte University Blood Bank,Karnataka,DAKSHINA KANNADA,Mangalore,"Justice K. S. Hegde Charitable Hospital, Deralakatte",9845760054,Private,12.807444,74.888332
M/s. Kanachur Hospital  Research Centre Blood Bank,Karnataka,DAKSHINA KANNADA,Mangalore,"Ground Floor, C Block, University Road, Deralakatte",7204979706,Private,12.803421,74.898097
Rotary Campco Blood Bank,Karnataka,DAKSHINA KANNADA,Puttur,"Radhakrishna Building, Shree Radhadrishna Mandir Road",9449215502,Charity,12.760706,75.198947
General Hospital Blood Bank Puttur,Karnataka,DAKSHINA KANNADA,Puttur,Not Available,9876543210,Government,12.758344,75.200313
K. V. G Medical College Hospital Blood Bank,Karnataka,DAKSHINA KANNADA,Sullia,Kurinji Bag,9343719508,Private,12.55332,75.384249
Chigateri District Hospital Blood Bank,Karnataka,DAVANGERE,Chigateri,"Chigateri District Hospital, Chigateri",9901870706,Government,14.456165,75.916182
Bapuji Hospital Blood Bank,Karnataka,DAVANGERE,Davangere,C.G. Hospital Road,9480577767,Private,14.4588202,75.9167473
Davangere Blood Bank,Karnataka,DAVANGERE,Davangere,"358, Mahaveera Complex, II Floor, 8th Main, 8th Cross, P.J. Extension",9448415081,Private,14.459198,75.915238
Bapuji Educational Association S. S. Institute of Medical Sciences and Research Hospital Blood Bank,Karnataka,DAVANGERE,Davangere,"Jnanashankara, NH-4 Bypass Road, Post Box-1",9844004828,Private,14.430349,75.942694
Karnataka Hemophillia Society Life Line Blood Bank,Karnataka,DAVANGERE,Davangere,"No.1138, Ring Road, S. Nijalingappa Layout, Behind KSFC Building",9845232378,Private,14.457405,75.902533
INDIAN RED CROSS SOCIETY,Karnataka,DAVANGERE,Davangere,Devraj Urs Layout,9986886464,Private,14.475314,75.909787
Rotary Club Dharwad Mid Town Charitable Trust - Rotary Blood Bank,Karnataka,DHARWAD,Dharwad,"Lourde39s Hospital, Kalageri Road",8050492523,Charity,15.46373,74.969829
District Hospital Blood Bank Dharwad,Karnataka,DHARWAD,Dharwad,Fort Road,8792145842,Government,15.46473,75.010366
SDM College of Medical Sciences and Hospital Blood Bank,Karnataka,DHARWAD,Dharwad,"First Floor B Wing Building, Sattur",9886174035,Private,15.417904,75.050162
Karnataka Medical College Hospital Blood Bank,Karnataka,DHARWAD,Hubli,"III Floor,  306",9448465399,Private,15.3669,75.128266
M. R. Diagnostic Research Centre and Blood Bank,Karnataka,DHARWAD,Hubli,"Ground Floor, Eureka Towers, Traffic Island",9845138970,Private,15.364705,75.123954
The Karnataka Cancer Therapy and Research Institute Smt. Valbai N. Dharamsey Blood Bank,Karnataka,DHARWAD,Hubli,Navanagar,9845303567,Private,15.36472,75.123954
Jeevanavar Blood Bank,Karnataka,DHARWAD,Hubli,"CTS No.104,11/15-B, Municipal No.20922/17-A, K.H.Jituri Hospital, Complex, II Floor, Gokul Road",9900233525,Private,15.353643,75.130587
Hubli Lions Blood Bank,Karnataka,DHARWAD,Hubli,"CTS No. 440, Ward No.1, Groud Floor, Vivekananda General Hospital Compound, Deshpande Nagar, Hubli",9448007249,Charity,15.354562,75.135566
Sha Damji Jadavji Chheda Memorial Rashtrotthana Blood Bank,Karnataka,DHARWAD,Hubli,"2nd Floor Dee Jay building, Neeligin Road",9916274362,Charity,15.3534025,75.1348707
Life Line 24x7 Blood Bank,Karnataka,DHARWAD,Hubli,Opposite to New Bus Stand Airport Road,9980053517,Private,15.35144,75.117758
M/s. Suchirayu Healthcare Limited Blood Bank,Karnataka,DHARWAD,Hubli,"Sy.No28/8-11,M.Timmasagara, Jalavi Garden, Off Gokul Road",9986125245,Private,15.3526453,75.1155103
IMA Blood Bank,Karnataka,GADAG,Gadag,"Zendha Circle, Station Road",9880025101,Charity,15.436162,75.637616
Gadag Institute of Medical Sciences  District Hospital Blood Bank,Karnataka,GADAG,Gadag,"Gadag Institute of Medical Sciences, Mallasamudra",9481474663,Government,15.380961,75.600802
Sri. Chamarajendra District Hospital Blood Bank,Karnataka,HASSAN,Hassan,Hospital Road,9980007690,Government,13.004537,76.103797
Jeeva Raksha Blood Bank,Karnataka,HASSAN,Hassan,"Vokkaligara Hostel Building, Ist Floor, B.M.Road",9448749756,Private,13.0032624,76.0975902
Manjunath Orthopaedic and Trauma Centre Hospital Blood Bank,Karnataka,HASSAN,Hassan,K. R. Puram,9448885440,Private,13.0080708,76.1016262
District Hospital Blood Bank Haveri,Karnataka,HAVERI,Haveri,Not Available,9448961599,Government,14.785408,75.403059
HKES Blood Bank Organisation,Karnataka,KALABURAGI,Gulbarga,"M.R. Medical College, Basave shwara Teaching and General Hospital, No.7-52 Sadam Road",9876543210,Private,17.328385,76.844483
District Hospital Blood Bank,Karnataka,KALABURAGI,Gulbarga,Sedam Road,9448822018,Government,17.328685,76.840743
Health Care Blood Bank,Karnataka,KALABURAGI,Gulbarga,"3-400/401 A, Ist Floor, Taj Complex, Gazipura",9845676684,Private,17.3353831,76.8361997
Khaja Banda Nawaz Teaching and General Hospital Blood Bank,Karnataka,KALABURAGI,Gulbarga,"Khaja Nagri, Station Main Road",9242086998,Private,17.352728,76.853237
M/s. Vaatsalya Life Hospitals Navajeeva Blood Bank,Karnataka,KALABURAGI,Gulbarga,"Vaatsalya Life Hospital, 1st Floor, Near RTO Office, SH-10",8147796454,Private,17.328477,76.847911
M/s. Medicare Multispeciality Hospital Blood Bank,Karnataka,KALABURAGI,Gulbarga,"Badagu Health Services Private Limited, 1st Floor, Darga Road, Santraswadi",9141366055,Private,17.337775,76.844343
District Hospital Blood Bank,Karnataka,KODAGU,Madikeri,General Thimayya Road,9449843175,Government,12.418764,75.742555
Sambrama Institute of Medical Sciences  Research Hospital Blood Bank,Karnataka,KOLAR,K. G. F.,"No3029/1, D. K. Plantation BEML Nagar",8747005859,Private,12.996519,78.240449
General Hospital Robertson Peth Blood Bank,Karnataka,KOLAR,Kolar,Kolar Gold Field (K. G. F),9845122875,Government,12.953386,78.271285
S.N.R. District Hospital Blood Bank,Karnataka,KOLAR,Kolar,"Gowripete, Kolar",9448294218,Government,13.129255,78.13435
BEML Medical Centre Bharat Earth Movers Limited Blood Bank,Karnataka,KOLAR,Kolar,Kolar Gold Fields,9008180322,Government,12.983949,78.237201
R. L. Jalappa Hospital and Research Centre Blood Bank,Karnataka,KOLAR,Kolar,"NH-4,Tamaka",9480849818,Private,13.131674,78.173061
Gopi Blood Bank,Karnataka,KOPPAL,Koppal,"Gunj Area, C.B.S. Circle, Gangavthi",9448068318,Private,15.4345687,76.5018267
Indian Red Cross Koppal District Branch Blood Bank,Karnataka,KOPPAL,Koppal,"1st Floor, New District Hospital, Hospital Road, Koppal",9886174034,Charity,15.419164,76.138152
Adichunchanagiri Hospital and Research Centre Blood Bank,Karnataka,MANDYA,Mandya,"Balagangadharnath Nagar, Bellur",9448084990,Private,12.966319,76.721027
District Hospital Blood Bank Mandya,Karnataka,MANDYA,Mandya,District Hospital Premises,9986093019,Government,12.4279555,76.7010341
MDC Voluntary Blood Bank,Karnataka,MANDYA,Mandya,"Khatha No. D5/1045/187, Alahalli Extension, General Hospital Road, Nehrunagar",9972281215,Private,12.52027,76.899169
Vikarm Hospital Blood Bank,Karnataka,MANDYA,Mandya,"Vikarm Hospital, No.D5/271/219B and D5/272/1220, 3rd Cross, Ashoka Nagar",9686667882,Private,12.525089,76.8982
Holdsworth Memorial Mission Hospital Blood Bank,Karnataka,Mysore,Mysore,Mandimohalla,9448390717,Private,12.316416,76.650574
Bassappa Memorial Hospital Blood Bank,Karnataka,Mysore,Mysore,"22/B, Vinoba Road, Jayalakshmipuram",9243502114,Private,12.320811,76.62005
B. G. S. Apollo Hospital Blood Bank,Karnataka,Mysore,Mysore,"Kantharaj Urs Road, Kuvempunagar",9449843060,Private,12.29573,76.632061
Vikram Hospital and Heart Centre Blood Bank,Karnataka,Mysore,Mysore,"346, Vivekananda Road, Yadavagiri",9686667882,Private,12.32354,76.638119
Rotary Mysore Chandrakala Hospital Blood Bank,Karnataka,Mysore,Mysore,"Chandrakala Hospital and Institute of Medical Research, Plot 39A39, Kalidasa Road, Jayalakshmipuram",9731134312,Private,12.325868,76.619519
Jeevadhara Voluntary Blood Bank,Karnataka,Mysore,Mysore,"Aunit of Cauvery Social Services Trust, No.1475, 2nd Floor and 3rd floor, New Sayaji RaoRoad, Mandi Mohalla",9379042563,Charity,12.315731,76.65103
Nuveen Medical Relief and research Foundation Blood Bank,Karnataka,Mysore,Mysore,"St.Joseph SH-17, 331/1, L176/2, Bannimantap",9845512045,Private,12.3410708,76.6531589
Cauvery Hospital Blood Bank,Karnataka,Mysore,Mysore,"No.42/2B, 2C, Teresian College Circle, Siddarth Nagar",9876543210,Private,12.30509,76.695813
Kamakshi Hospital Blood Bank,Karnataka,Mysore,Mysore,"1st Floor, New Building of Kamakshi Hospital Premises, Kuvempnagar Mysore",9035217230,Private,12.299739,76.623762
Narayana Hrudayalaya - Surgical Hospital Private Limited Blood Bank,Karnataka,Mysore,Mysore,"CAH-1, 3rd Phase, Devanur",9972336633,Private,12.345086,76.673031
J. S. S. Hospital Blood Bank,Karnataka,Mysore,Mysore,"J S S Hospital, Ramanuja Road",9986649850,Private,12.29521,76.65607
K. R. Hospital Blood Bank,Karnataka,Mysore,Mysore,Sayyaji Rao Road,9901997671,Government,12.313101,76.649573
Railway Hospital Blood Bank,Karnataka,Mysore,Yadavagiri,Yadavagiri,9449843037,Government,12.325712,76.635623
Hutti Gold Hospital Blood Bank,Karnataka,RAICHUR,Hutti,"Hutti Gold Mines Limited, Raichur",9986850870,Private,16.196412,76.653027
Indian Medical Association Blood Bank,Karnataka,RAICHUR,Raichur,"3.9.58, Old Government  Hospital Compound, Beron Quilla",9876543210,Private,12.960041,77.57296
Navodaya Medical College Hospital and Research Centre Blood Bank,Karnataka,RAICHUR,Raichur,Mantralaya Road,8123174079,Private,16.184331,77.368042
Raichur Institute of Medical Sciences Teaching Hospital (RIMS) Blood Bank,Karnataka,RAICHUR,Raichur,Rajendra Gunj,9972777381,Private,16.229892,77.35936
Sri Shakti Blood Bank,Karnataka,RAICHUR,Sindhanur,"Badarli Venkat Rao Gouda Health Care Association, Venkateshwara Tourist Home, Sukalapeta Road",9986681999,Private,15.7687772,76.7638445
M/S Indian Red Cross Society,Karnataka,RAMANAGARA,Ramanagar,"Ramanagar District Branch,District Hospital Premises,1st Floor",8050117908,Private,12.5418511,77.3404064
Jeevadhara Blood Bank,Karnataka,SHIVAMOGGA,Bhadravathi,"17, Meena Nursing Home, Madhava Nagar",8212444936,Private,13.844738,75.710033
VISL Hospital Blood Bank,Karnataka,SHIVAMOGGA,Bhadravati,"SH 65, Hutta Colony",9480828906,Private,13.83034,75.690275
McGann Hospital Blood Bank,Karnataka,SHIVAMOGGA,Shimoga,Sagar Road,9480575724,Government,13.935689,75.562968
Shimoga Mid Town Rotary Charity Foundation Blood Bank,Karnataka,SHIVAMOGGA,Shimoga,"Opposite Usha Nursing Home, 100 Feet Road",8182274333,Charity,13.94626,75.57832
Subbaiah Medical College Blood Bank,Karnataka,SHIVAMOGGA,Shimoga,"NH-13, Purle, Hjolehonnur, Road",9844077203,Private,13.932932,75.617172
M/s. Sahyadri Narayana Multispeciality Hospital Blood Bank,Karnataka,SHIVAMOGGA,Shimoga,"New Thirthahalli Road, Harakere",9538045162,Private,13.908068,75.560375
Red Cross Sanjeevini Blood Bank,Karnataka,SHIVAMOGGA,Shivamogga,"Ist Floor, Kshiti Complex, JPN Road",9448122965,Charity,13.933868,75.57183
Sri Sidhartha Medical College Blood Bank,Karnataka,TUMAKURU,Tumkur,"Agalakote, B.H.Road",9900136044,Private,13.346024,77.057009
District Hospital Blood Bank Tumkur,Karnataka,TUMAKURU,Tumkur,"Near Town Hall, B.H. Road, Tumkur",9164197557,Government,13.339661,77.098414
J.C. Voluntary Blood Bank,Karnataka,TUMAKURU,Tumkur,"Plot No. 5421, II Floor, Narasimha Building, Nisarga Layout, B.H. Road",8970137958,Charity,13.337779,77.11681
Vijaya Hospital Blood Bank,Karnataka,TUMAKURU,Tumkur,"10054/A, 4511/A, 3rd Main Road",9886565320,Private,13.332531,77.096051
Rotary Tumkur Central Belli Blood Bank,Karnataka,TUMAKURU,Tumkur,"Khata No. 308/A, 321/A and 303/A/321, Ward No. 13, Opposite Government Hospital, Gandhinagar",9844354525,Charity,13.3415593,77.1031786
Sri Shridevi Charitable Trust - Sreedevi Institute of Medical Sciences  Research Hospital Blood Bank,Karnataka,TUMAKURU,Tumkur,"NH-4, Sira Road,Tumkur",9900782021,Private,13.376281,77.096987
Kasturba Hospital Blood Bank,Karnataka,UDUPI,Manipal,"Site.No.55/2, Shivalli Village, Manipal Udupi",9743489837,Private,13.353846,74.789057
District Hospital Blood Bank Udupi,Karnataka,UDUPI,Udupi,District Hospital,9844364352,Government,13.334045,74.742105
K. L. E. Society Blood Bank,Karnataka,UTTARA KANNADA,Ankola,Dr. Kamal hospital  Medical Research Centre,9448122086,Private,14.661796,74.309805
District Hospital Blood Bank Karwar,Karnataka,UTTARA KANNADA,Karwar,District Hospital Premises,9008891201,Government,14.817283,74.12968
Pandit General Hospital Blood Bank,Karnataka,UTTARA KANNADA,Karwar,Sirsi,9876543210,Government,14.32773,74.491531
The Uttara Kannada Blood Bank and Health Services Society,Karnataka,UTTARA KANNADA,Kumta,"London Mahal, Gujjar Galli",9901369298,Private,14.4292776,74.4024452
Shripad Hegde Kadave Institute of Medical Sciences Blood Bank,Karnataka,UTTARA KANNADA,Sirsi,T.S.S. Hospital,9916281013,Private,14.632385,74.848338
M/s. Indian Red Cross Society Blood Bank Yadgir,Karnataka,YADGIR,Yadgir,"Gate no-3,Government District Hospital Premises",7829487838,Private,16.752789,77.138698
K. V. M. Hospital Blood Bank,Kerala,ALAPPUZHA,Alappuzha,"P.B. No. 30, Chertala",9876543210,Private,9.667112,76.339569
Woman and Child Hospital Blood Bank,Kerala,ALAPPUZHA,Alappuzha,Beach bazar,9446049134,Government,9.4637103,76.3702515
M/s. Sanjivani Multispeciality Hospital Blood Bank,Kerala,ALAPPUZHA,Chengannur,"A unit of GIDS Enterprises Private Limited, Alacode, Kollakadavu Post, Cheriyanad, Chengannur, Alappuzha",9495960602,Private,9.259447,76.596252
Century Hospital Blood Bank,Kerala,ALAPPUZHA,Chenganoor,Mulakuzha,9876543210,Private,9.304895,76.63545
Sacred Heart Hospital Blood Bank,Kerala,ALAPPUZHA,Cherthala,Green Garden,9876543210,Private,9.662125,76.338902
V. S. M. Hospital Blood Bank,Kerala,ALAPPUZHA,Mavelikkara,"Building No. XIV/368, Thattarambalam",9562776682,Private,9.247819,76.521093
T. D. Medical College Hospital Blood Bank Alappuzha,Kerala,ALAPPUZHA,Vandanam,Vandanam,9876543210,Government,9.416254,76.347601
M/s. Rajagiri Healthcare and Education Trust Blood Bank,Kerala,ERNAKULAM,Aluva,"Changamveli, Aluva, Ernakulam",9876543210,Private,10.087575,76.388062
Regional Blood Transfusion Centre - District Hospital,Kerala,ERNAKULAM,Alwaye,"Railway Station Road, Periyar Nagar",9876543210,Government,10.105151,76.355191
Carmel Hospital Blood Bank,Kerala,ERNAKULAM,Alwaye,Ashokapuram,9876543210,Private,10.090627,76.362146
Little Flower Hospital Blood Bank,Kerala,ERNAKULAM,Angamaly,M. G. Road,9876543210,Private,10.190395,76.39029
Aster Medicity - Aster DM Healthcare Private Limited Blood Bank,Kerala,ERNAKULAM,Cheranalloor,"IX/475 L, Kuttysahib Road, Near Kothad Bridge, South Chittoor",9876543210,Private,10.043946,76.277515
General Hospital Blood Bank,Kerala,ERNAKULAM,Ernakulam,Hospital Road,9876543210,Government,9.971979,76.281693
INHS Sanjeevini Naval Base Blood Bank,Kerala,ERNAKULAM,Ernakulam,Willingdon Island,9876543210,Government,9.946756,76.282561
IMA Voluntary Donor Blood Bank,Kerala,ERNAKULAM,Ernakulam,T. D. Road,9446054820,Charity,10.01486,76.303466
Lisie Hospital Blood Bank,Kerala,ERNAKULAM,Ernakulam,Lisie Medical Institution,9876543210,Private,9.988224,76.288097
Malankara Orthodox Syrian Church Medical Mission Hospital Blood Bank,Kerala,ERNAKULAM,Ernakulam,Kolencherry,9876543210,Charity,9.983305,76.474382
Amritha Institute of Medical Sciences Research Centre Blood Bank,Kerala,ERNAKULAM,Ernakulam,Not Available,9876543210,Private,10.033082,76.293881
Medical Trust Hospital Blood Bank,Kerala,ERNAKULAM,Kakkanad,"M.G.Road, Pallimukku",9876543210,Private,9.964196,76.287884
Government Medical College Ernakulam Blood Bank,Kerala,ERNAKULAM,Kalamassery,HMT Colony Post,9846118693,Government,10.05335,76.354918
P. V. S. Memorial Hospital Limited Blood Bank,Kerala,ERNAKULAM,Kallor,"NH Road, Next to Gokulam Park",9349222960,Private,9.993389,76.291263
Samaritan Hospital Blood Bank,Kerala,ERNAKULAM,Kizhakkambalam,Pazhanganad,9876543210,Charity,10.043927,76.397584
Lourdes Hospital Blood Bank,Kerala,ERNAKULAM,Kochi,Pachalam,9446036524,Charity,10.006644,76.277863
Sunrise Institute of Medical Sciences Private Limited Blood Bank,Kerala,ERNAKULAM,Kochi,Sea Port Air Port Road,9876543210,Private,10.025327,76.338945
Devamatha Hospital Blood Bank,Kerala,ERNAKULAM,Koothattukulam,Not Available,9876543210,Private,9.866189,76.594952
Mar Baselius Medical Mission Hospital Blood Bank,Kerala,ERNAKULAM,Kothamangalam,"NH49, Near Post Office",9446806001,Charity,10.064487,76.622272
Saint Joseph Hospital Blood Bank,Kerala,ERNAKULAM,Kothamangalam,Dharmagiri,9876543210,Private,10.012211,76.323922
Lakeshore HospitalandResearch Centre Limited Blood Bank,Kerala,ERNAKULAM,Maradu,Nettoor,9876543210,Private,9.918926,76.318973
Nirmala Medical Center Blood Bank,Kerala,ERNAKULAM,Moovattupuzha,Kizhakkekara,9876543210,Private,9.982197,76.585123
Sree Narayana Institute of Medical Sciences Blood Bank,Kerala,ERNAKULAM,North Kuthyathode,Chalakka,9876543210,Private,10.156697,76.282305
Sanjoe Hospital Blood Bank,Kerala,ERNAKULAM,Perumbavoor,A. M. Road,9876543210,Private,10.114174,76.472666
Morning Star Medical Centre Blood Bank,Kerala,IDUKKI,Adimali,Nazareth Hill,9876543210,Private,10.011876,76.958497
Saint Johns Hospital Blood Bank,Kerala,IDUKKI,Kattappana,Not Available,9876543210,Private,9.746856,76.110248
Mundakkayam Medical Trust (M.M.T.) Hospital Blood Bank,Kerala,IDUKKI,Mundakayam,Not Available,9876543210,Private,9.535157,76.908953
Tata Tea Limited General Hospital Blood Bank,Kerala,IDUKKI,Munnar,Not Available,9876543210,Private,10.088585,76.05619
Alphonsa Hospital Blood Bank,Kerala,IDUKKI,Murikkassery,"Annakara, SH 19",9876543210,Private,9.665029,77.158547
District Hospital Blood Bank,Kerala,IDUKKI,Painavu,Not Available,9446713310,Government,9.848086,76.960597
Holy Family Hospital Blood Bank,Kerala,IDUKKI,Thodupuzha,Muthalakodam,9876543210,Private,9.912319,76.733924
I. M. A. Blood Bank Society,Kerala,IDUKKI,Thodupuzha,Thodupuzha Town Road,9847783658,Private,9.894113,76.708945
M/s. Al-Azhar Medical College  Super Speciality Hospital Blood Bank,Kerala,IDUKKI,Thodupuzha,"Building No. IV/305/A, Ezhalloor Post, Thodupuzha, Idukki",9447773511,Private,9.940275,76.721012
Sara Memorial Medical laboratory and Blood Bank,Kerala,KANNUR,Mumbai,Brigade Centre Fort Road,9876543210,Private,11.7494919,75.5229777
Kannur Medical college and Hospital (Prestige educational Trust) Blood Bank,Kerala,KANNUR,Anjarakandy,Chovva Mathanur Road,9744880098,Private,11.875772,75.499253
Saint Martin De Porres Hospital Blood Bank,Kerala,KANNUR,Cherukunnu,Not Available,9876543210,Private,11.994674,75.31285
Cannannore Co-operative Hospital Society Blood Bank,Kerala,KANNUR,Kannur,Talap,9876543210,Private,11.764148,75.479831
District Hospital Blood Bank,Kerala,KANNUR,Kannur,Railway Road,9446395351,Government,11.861216,75.370639
Kerala State Co-operative Hospital Complex and Centre for Advanced Medical Services Limited,Kerala,KANNUR,Pariyaram,Pariyaram MC Campus Road,9447768698,Government,12.072392,75.294333
The Payyannur Co-operative Hospital Society Limited,Kerala,KANNUR,Payyannur,"No.C.1487, South Bazar",9876543210,Private,12.106236,75.209538
Josgiri Hospital Blood Bank,Kerala,KANNUR,Thalasherry,"Thalasherry, Kannur",9995352712,Private,11.759133,75.478803
Tellichery Co-operative Hospital Blood Bank,Kerala,KANNUR,Thalassery,Palissery,9447281871,Private,11.748758,75.486599
General Hospital Blood Bank,Kerala,KANNUR,Thalassery,Not Available,9447006540,Government,11.747531,75.487227
Malabar Cancer Centre Society Blood Bank,Kerala,KANNUR,Thalassery,"Moozhikkara Post,",9894123562,Government,11.749387,75.523483
"District Hospital Blood Bank,Kanhangad",Kerala,KASARAGOD,Kanhangad,"Chammattam Vayal, Bella (PO)",9497300667,Government,12.314687,75.105095
Medical diagnostic Centre Blood Bank,Kerala,KASARAGOD,Kanhangad,Not Available,9876543210,Private,12.312192,75.093469
Community Health Centre (T.H.Q) - General Hospital Blood Bank,Kerala,KASARAGOD,Kasaragod,Not Available,9447478499,Government,12.503397,74.991726
Saint Joseph Hospital Blood Bank,Kerala,KOLLAM,Anchal,Anchal Post,8547243437,Private,8.929263,76.91794
District Hospital Blood Bank,Kerala,KOLLAM,Kollam,Chinnakada,9876543210,Government,8.885954,76.585798
Bishop Benziger Hospital Blood Bank,Kerala,KOLLAM,Kollam,Beach Road,9847776818,Private,8.929265,76.91794
I.M.A.Blood Bank,Kerala,KOLLAM,Kollam,"Ist Floor, IMA Centre, Ashramam",9388442595,Charity,8.895879,76.593227
S.N.Trust Medical Mission Sankar Memorial Hospital Blood Bank,Kerala,KOLLAM,Kollam,Kollam,9447224093,Private,8.889845,76.598524
Upasana Hospital Blood Bank,Kerala,KOLLAM,Kollam,"Cantonment, North Ward",9876543210,Private,8.891151,76.600269
Taluk Head Quarters Hospital Blood Bank,Kerala,KOLLAM,Kottakkara,Not Available,9446266463,Government,9.004354,76.775632
Holy Cross Hospital Blood Bank,Kerala,KOLLAM,Kottiyam,Not Available,9497134603,Charity,8.861805,76.673304
Padmavathy Medical Foundation Blood Bank,Kerala,KOLLAM,Manakkara,Sasthamkotta Road,9895525324,Private,9.053305,76.633027
Azeezia Medical College Blood Bank,Kerala,KOLLAM,Meeyannoor,Meeyanoor Road,9876543210,Private,8.889894,76.739784
Quilon Medical Trust Blood Bank Kollam,Kerala,KOLLAM,Mylapore,"N.H. Bypass Road, Umayanalloor",9876543210,Private,8.875477,76.64364
M/s. Employee39s State Insurance Corporation (ESIC) Blood Bank,Kerala,KOLLAM,Paripally,"Medical College Hospital, Diagnostic Block, Building No. KP / VI/ 952 - H, Paripally, Kollam",9447266839,Government,8.81078,76.749075
Saint Joseph Hospital Blood Bank,Kerala,KOLLAM,Pathanapuram,Pathanapuram,9946480409,Charity,8.950688,76.917924
Government Hospital Blood Bank,Kerala,KOLLAM,Punalur,Govt. Blood Bank Thaluk hospital Punalur,9387324070,Government,9.019172,76.924716
Rotary Blood Bank,Kerala,KOTTAYAM,Mumbai,Mangad Building,9876543210,Charity,9.593201,76.521811
Immaculate Heart of Mary Hospital Blood Bank,Kerala,KOTTAYAM,Bharanganam,"Bharanganam, Palai",9495443966,Private,9.70387,76.720484
Mary Queens Mission Hospital Blood Bank,Kerala,KOTTAYAM,Kanjirappally,Erumely Road,8547505503,Charity,9.558106,76.813888
Little Lourde Mission Hospital Blood Bank,Kerala,KOTTAYAM,Kidangoor,Not Available,9876543210,Charity,9.683538,76.612118
District Hospital Blood Bank,Kerala,KOTTAYAM,Kottayam,Not Available,9447010519,Government,9.590064,76.526019
Medical College Hospital Blood Bank,Kerala,KOTTAYAM,Kottayam,Gandhi Nagar S.O,9876543210,Government,9.631991,76.5188
M/s. Bharath Charitable Hospital Society Blood Bank,Kerala,KOTTAYAM,Kottayam,"Azad Lane, Kottayam",9846476464,Private,9.589306,76.519311
Saint Thomas Hospital Blood Bank,Kerala,KOTTAYAM,Kurisumudu,Chettipuzha,9847570449,Private,7.475639,76.547201
MUM Hospital Blood Bank,Kerala,KOTTAYAM,Monippally,Not Available,9876543210,Private,9.810623,76.576836
Holy Ghost Mission Hospital Blood Bank,Kerala,KOTTAYAM,Muttuchira,Muttuchira,9447306693,Charity,9.757246,76.499785
S. H. Medical Centre Blood Bank,Kerala,KOTTAYAM,Nagampadam,Nagampadam,9446534295,Private,9.594305,76.529494
Carmel Medical Centre Blood Bank,Kerala,KOTTAYAM,Pala,"Arattu Kadavu Road, Thirumuppam",9876543210,Private,10.091904,76.265596
Marian Medical Centre Blood Bank,Kerala,KOTTAYAM,Palai,Arunapuram,9876543210,Private,9.706013,76.662387
Believers Church Medical College Hospital Blood Bank,Kerala,KOTTAYAM,Pathanamthitta,"M/s. Believers Quarters Theological Seminary Building Number, XXXII/402(7), Kuttapuzha Post, Pathanamthitta",9495016677,Private,9.416683,76.575292
Velankanni Matha Hospital Private Limited Blood Bank,Kerala,KOTTAYAM,Thellakam,Building No X/387 N,9876543210,Private,9.64845,76.549562
Caritas Hospital Blood Bank,Kerala,KOTTAYAM,Thellakom,M. C. Road,9876543210,Private,9.645257,76.549907
Indo American Hospital - Brainand Spine Centre Blood Bank,Kerala,KOTTAYAM,Vaikom,Chemmanakari,9876543210,Private,9.791175,76.377084
P. V. S. Hospital Private Limited Blood Bank,Kerala,KOZHIKODE,Mumbai,Not Available,9876543210,Private,11.242707,75.782934
MMC Hospital Blood Bank,Kerala,KOZHIKODE,Atholi,Modakkallur,9876543210,Private,11.433739,75.775293
Metro International Cardiac Centre Blood Bank,Kerala,KOZHIKODE,Calicut,"Building No. 03/1020 A-M, Basement Floor (B1), Thondayad Bypass Road, Guruvayoor Appan College",9048665555,Private,11.245438,75.836104
Mar Gregorious Diocese Memorial Muthoot Hospital Blood Bank,Kerala,KOZHIKODE,Devagiri,Not Available,9876543210,Private,9.3258,76.539421
Kozhikode District Co-operative Hospital Blood Bank,Kerala,KOZHIKODE,Eranhipalam,Eranhipalam,9447232377,Private,11.276572,75.784673
Government Woman and Child Hospital Blood Bank,Kerala,KOZHIKODE,Kottapparamba,Not Available,9876543210,Government,11.250764,75.78275
Government General Hospital Blood Bank,Kerala,KOZHIKODE,Kozhikode,Calicut Beach S.O,9447631139,Government,11.256595,75.770942
Medical College Hospital Blood Bank,Kerala,KOZHIKODE,Kozhikode,Not Available,9048206803,Government,11.271763,75.836468
Baby Memorial Hospital Blood Bank,Kerala,KOZHIKODE,Kozhikode,Indira Gandhi Road,9876543210,Private,11.259595,75.792216
Fathima Hospital Blood Bank,Kerala,KOZHIKODE,Kozhikode,Bank Road,9876543210,Private,11.261961,75.780087
K M C T Hospital Blood Bank,Kerala,KOZHIKODE,Kozhikode,Not Available,9876543210,Private,11.325893,75.971356
Malabar Institute of Medical Sciences Blood Bank,Kerala,KOZHIKODE,Kozhikode,Not Available,9876543210,Private,11.245745,75.797985
National Hospital Blood Bank,Kerala,KOZHIKODE,Kozhikode,Not Available,9876543210,Private,11.259485,75.781234
IQRAA Hospital Blood Bank,Kerala,KOZHIKODE,Malaparamba,Not Available,9876543210,Private,11.286398,75.797483
Nirmala Hospital Blood Bank,Kerala,KOZHIKODE,Marrikunnu,Not Available,9876543210,Private,11.291596,75.823253
Saint Joseph Hospital Blood Bank,Kerala,KOZHIKODE,Mukkom,Agastianmoozhi,9876543210,Private,11.3311361,75.9836769
Santhi Hospital Blood Bank,Kerala,KOZHIKODE,Omassery,Omaserry,9895571608,Private,11.362673,75.964611
Badagara sahakarana Asupathri Limited Blood Bank,Kerala,KOZHIKODE,Vadakara,"Edapally-Panvel Highway, Narayana Nagar",9876543210,Private,11.589708,75.595256
Edappal Hospital Private Limited Blood Bank,Kerala,MALAPPURAM,Edappal,Not Available,9446366509,Private,10.782696,76.011078
Sree Valsam Institute of Medical Sciences Blood Bank,Kerala,MALAPPURAM,Edappal,"Naduvattam, Kololamba",9876543210,Private,10.765337,76.007335
Malabar Institute of Medical Sciences Blood Bank - Malappuram,Kerala,MALAPPURAM,Kottakkal,Not Available,9876543210,Private,10.995804,75.994034
Almas Hospital Blood Bank - Chankuvatty,Kerala,MALAPPURAM,Kottakkal,Not Available,9876543210,Private,11.00015,75.991133
Orchid Institute of Health Care and Research Private Limited Blood Bank,Kerala,MALAPPURAM,Malappuram,"PB NO212, Down HillP.O.Malappuram",9876543210,Private,11.051502,76.06974
District Hospital Blood Bank Manjeri,Kerala,MALAPPURAM,Manjeri,Not Available,9037335954,Government,11.116071,76.120541
Korambayil Hospital Blood Bank,Kerala,MALAPPURAM,Manjeri,Not Available,9876543210,Private,11.123065,76.125653
Al-Shifa Hospital Private Limited,Kerala,MALAPPURAM,Perintalmanna,Not Available,9876543210,Private,10.984799,76.223878
M. E. S. Medical College Blood Bank,Kerala,MALAPPURAM,Perinthalmanna,Not Available,9876543210,Private,10.957239,76.175673
Government Hospital -Taluk Head Quarters Hospital Blood Bank,Kerala,MALAPPURAM,Perinthanmanna,Not Available,9847265673,Government,10.974255,76.231942
Taluk Head Quarters Hospital,Kerala,MALAPPURAM,Thirur,Not Available,9447227519,Government,10.4458201,75.921608
Karuna Medical College Hospital Blood Bank,Kerala,PALAKKAD,Alathur,"IV/931, Vilayodi, Chittur",9605222190,Private,10.680366,76.775773
Mother Care Hospital Blood Bank,Kerala,PALAKKAD,Mannarkad,Vattambalam,9876543210,Private,10.983437,76.423227
Valluvanad Hospital Blood Bank,Kerala,PALAKKAD,Ottapalam,Not Available,9876543210,Private,10.774578,76.360532
District Hospital,Kerala,PALAKKAD,Palakkad,Not Available,9446152648,Government,10.769198,76.658382
Palakkad Blood Bank,Kerala,PALAKKAD,Palakkad,"5/373, I Floor, Soorya Enclave, Opposite Palat Hospital,Civil Station Road",9895357958,Private,10.761629,76.655046
Holy Cross Hospital Blood Bank,Kerala,PATHANAMTHITTA,Adoor,Adoor,9876543210,Private,9.161659,76.724452
Lifeline Super Speciality Hospital Blood Bank,Kerala,PATHANAMTHITTA,Adoor,"Building No XII/804 J, 14th Mile, Melood",9876543210,Private,9.163442,76.706321
Mar Gregorious Memorial Muthoot Medical Centre Blood Bank,Kerala,PATHANAMTHITTA,Kozhencherry,Not Available,9876543210,Private,9.337904,76.710744
Poyanil Hospital Blood Bank,Kerala,PATHANAMTHITTA,Kozhencherry,"Kozhencherry, Pathanamthitta",9961445569,Private,9.336697,76.707947
Fellowship Mission Hospital Blood Bank,Kerala,PATHANAMTHITTA,Kumbanad,Not Available,9876543210,Charity,9.371495,76.655618
Archana Hospital Blood Bank Pandalam,Kerala,PATHANAMTHITTA,Pandalam,Not Available,9876543210,Private,9.220068,76.679791
Chithra Hospital Blood Bank,Kerala,PATHANAMTHITTA,Pandalam,Not Available,9876543210,Private,9.465857,76.778869
General Hospital Blood Bank,Kerala,PATHANAMTHITTA,Pathanamthitta,Not Available,9447248932,Government,9.265822,76.782358
Menathottam Hospital Blood Bank,Kerala,PATHANAMTHITTA,Ranni,"Angadi, Ranni",9400312995,Private,9.381963,76.77424
Pushpagiri Hospital Blood Bank,Kerala,PATHANAMTHITTA,Thiruvalla,Thiruvalla,0944779520,Private,9.380994,76.580962
Thiruvalla Medical Mission Hospital Blood Bank,Kerala,PATHANAMTHITTA,Thiruvalla,Post Box No. 74,9447866432,Charity,9.393924,76.578423
Taluk Head Quarter Hospital Blood Bank,Kerala,THIRUVANANTHAPURAM,Chiryinkil,Not Available,9876543210,Government,8.661363,76.786533
Dr. Somervel CSI Mission Hospital Blood Bank,Kerala,THIRUVANANTHAPURAM,Karakkonam,Not Available,9876543210,Private,8.391475,77.173573
NIMS Hospital Blood Bank,Kerala,THIRUVANANTHAPURAM,Neyyattinkara,Aralumoodu,9846696221,Private,8.30492,76.5434
General Hospital Blood Bank,Kerala,THIRUVANANTHAPURAM,ThiruvAnanthapuram,Not Available,9497425753,Government,8.500115,76.94234
Medical College Hospital Blood Bank,Kerala,THIRUVANANTHAPURAM,Thiruvananthapuram,Not Available,9446310986,Government,8.604603,76.93258
Regional Cancer Centre Blood Bank,Kerala,THIRUVANANTHAPURAM,ThiruvAnanthapuram,Medical College Campus,9497470669,Government,8.520478,76.924243
Sri Chitra Thirunal Institute of Medical Science and Technology Blood Bank,Kerala,THIRUVANANTHAPURAM,ThiruvAnanthapuram,Chalakkuzhi,9446777007,Government,8.521055,76.926493
Women and Children Hospital Blood Bank,Kerala,THIRUVANANTHAPURAM,ThiruvAnanthapuram,Thycaud,9447245535,Government,8.487383,76.956904
Ananthapuri Hospital and Research Institute Blood Bank,Kerala,THIRUVANANTHAPURAM,ThiruvAnanthapuram,"NH Bypass, Chacka",9876543210,Private,8.486539,76.926988
Cosmopolitan Hospitals Private Hospital Blood Bank,Kerala,THIRUVANANTHAPURAM,Thiruvananthapuram,Not Available,9876543210,Private,8.515748,76.935768
Kerala Institute of Medical Sciences Blood Bank,Kerala,THIRUVANANTHAPURAM,ThiruvAnanthapuram,"Anayara, ThiruvAnanthapuram",9745088809,Private,8.513628,76.909544
PRS Hospital Private Limited Blood Bank,Kerala,THIRUVANANTHAPURAM,Thiruvananthapuram,Killipalam,9876543210,Private,8.480729,76.959445
Sivagiri SreeNarayana Medical Mission Blood Bank,Kerala,THIRUVANANTHAPURAM,ThiruvAnanthapuram,Not Available,9995273019,Private,8.729608,76.733554
Sree Uthradam Thirunal Hospital Blood Bank,Kerala,THIRUVANANTHAPURAM,ThiruvAnanthapuram,Pattom,9876543210,Private,8.599623,76.969593
Superior Blood Bank,Kerala,THIRUVANANTHAPURAM,Thiruvananthapuram,Gandhari Amman Koil Street,9876543210,Private,8.4935113,76.9474123
M/s. S R Super Speciality Hospital Blood Bank,Kerala,THIRUVANANTHAPURAM,Thiruvananthapuram,"Building No 09/1109, 4th Floor, Akathumuri, Vennicode P O, Varkala",9846348249,Private,8.7081618,76.7316653
S U T Royal Hospital Blood Bank,Kerala,THIRUVANANTHAPURAM,Trivandrum,Kochullur,9876543210,Private,8.516322,76.940358
M/s. Ruckmoni Memorial Devi Hospital Blood Bank,Kerala,THIRUVANANTHAPURAM,Trivandrum,"Ponnambi, Vellarada, Thiruvananthapuram",9809707939,Private,8.4482986,77.127416
Sree Gokulam Medical College and Research Foundation Blood Bank,Kerala,THIRUVANANTHAPURAM,Venjaramoodu,Aalamthara-Bhoothamadakki Road,9876543210,Private,8.692755,76.914675
Thrissur Metropolitan Health Care Private Limited Blood Bank,Kerala,THRISSUR,Mumbai,Koorkenchery,9876543210,Private,10.510405,76.21034
Amala Cancer Hospital and Research Centre Blood Bank,Kerala,THRISSUR,Amalanagar,Not Available,9876543210,Private,10.561896,76.168745
Saint James Hospital Blood Bank,Kerala,THRISSUR,Chalakkudy,"Anamala, Old Highway",9876543210,Private,10.315567,76.335422
Saint Josephs Hospital Blood Bank,Kerala,THRISSUR,Choondal,Not Available,8891191379,Private,10.616859,76.094656
Mary Immaculate Mission Hospital Blood Bank,Kerala,THRISSUR,Engandiyur,Chuvakkad,9876543210,Charity,10.508889,76.057764
Modern Medical Blood Bank,Kerala,THRISSUR,Kodungallur,Modern Hospital Complex,9876543210,Private,10.233898,76.194222
Elite Mission Hospital Blood Bank,Kerala,THRISSUR,Koorkencherry,Not Available,9876543210,Private,10.502217,76.211028
Royal Hospital Blood Bank,Kerala,THRISSUR,Kunnamkulam,Guruvayoor road,9876543210,Private,10.645883,76.067384
Unity Hospital Private Limited Blood Bank,Kerala,THRISSUR,Kunnamkulam,Not Available,9876543210,Private,10.635746,76.081869
Maria Theresa Hospital Blood Bank,Kerala,THRISSUR,Kuzhikkattusery,Not Available,9876543210,Private,10.289257,76.277178
Medical College Hospital Blood Bank,Kerala,THRISSUR,Peringandoor,Mulangunnathukavu,9446372952,Government,10.630259,76.202424
Mother Hospital Blood Bank,Kerala,THRISSUR,Pullazhi,Olarikkara,9876543210,Private,10.519157,76.185077
Sacred Heart Mission Hospital Blood Bank,Kerala,THRISSUR,Pullur,Irinjakakuda,9876543210,Charity,10.349017,76.242118
West Fort Hitech Hospital Blood Bank,Kerala,THRISSUR,Punkunnam,Guruayoor Road,9876543210,Private,10.536504,76.197029
Janakeeya Samithy (Arogyam) I.M.A Blood Bank Complex and Research Centre,Kerala,THRISSUR,Ramavarmapuram,Not Available,9947646464,Charity,10.559875,76.226818
District Hospital Blood Bank,Kerala,THRISSUR,Thrissur,"Round East, Thrissur",9446369015,Government,10.522997,76.217675
Aswini Hospital Private Limited Blood Bank,Kerala,THRISSUR,Thrissur,Karunakaran Nambiar Road,9876543210,Private,10.534768,76.214142
Bishop Alappat Mission Hospital Blood Bank,Kerala,THRISSUR,Thrissur,"Kattoor-Karuvannur Road, Karanchira",9876543210,Private,10.395236,76.164596
Jubilee Mission Hospital Blood Bank,Kerala,THRISSUR,Thrissur,P.O.Jubilee Mission,9876543210,Private,10.520189,76.227996
Malankara Orthodox Syrian Church Medical Mission Hospital Blood Bank,Kerala,THRISSUR,Thrissur,"Adupooty Hills, Kunnamkulam Chowannur Post",9876543210,Charity,9.983303,76.474382
Thrichur Heart Hospital Limited Blood Bank,Kerala,THRISSUR,Thrissur,"ST Nagar, Kannamkulangara",9876543210,Private,10.512613,76.214571
West Fort Hospital Blood Bank Thrissur,Kerala,THRISSUR,Thrissur,Not Available,9876543210,Private,10.524176,76.201807
M/s. Ahalia International Foundation Blood Bank,Kerala,THRISSUR,Thrissur,"Ahalia Arcade , Kuruppam Road, Thrissur",9495191387,Private,10.8217479,75.8820596
M/s. Leo Hospital Blood Bank,Kerala,WAYANAD,Kalpetta,"The Managing Partner -  M/s. Leo Hospital, No 881 (3)",9447368639,Private,11.604557,76.085057
District Hospital Blood Bank,Kerala,WAYANAD,Manathavady,District HospitalMananthavadyWAyanad,9947793272,Government,11.800634,76.001923
D. M. Wayanad Institute of Medical Sciences Blood Bank,Kerala,WAYANAD,Meppadi,Naseera Nagar,9876543210,Private,11.559371,76.160491
Government Taluk Head Quarters Hospital Blood Bank,Kerala,WAYANAD,Sulthan Bathery,Not Available,9447011005,Government,11.662543,76.257414
District Hospital Blood Bank,Madhya Pradesh,ALIRAJPUR,Alirajpur,District Hospital,9424063134,Government,22.184448,74.211956
Ashoknagar Seva Samiti Blood Bank,Madhya Pradesh,ASHOKNAGAR,Ashoknagar,"Bhonsle Complex, Vidisha Road",9826599122,Private,18.510632,73.816224
District Hospital Balaghat,Madhya Pradesh,BALAGHAT,Balaghat,District Hospital Balaghat,9876543210,Government,21.818351,80.182799
Agrawal Blood Bank,Madhya Pradesh,BALAGHAT,Balaghat,"Main Road, Balaghat",9876543210,Private,21.816763,80.189731
District Hospital Blood Bank,Madhya Pradesh,BARWANI,Barwani,District Hospital,9993348333,Government,22.02134,74.541084
District Hospital Blood Bank,Madhya Pradesh,BETUL,Betul,District Hospital,9425002915,Government,21.903381,77.898085
Padhar Hospital Blood Bank,Madhya Pradesh,BETUL,Padhar,"Gram Padhar, Betul",9876543210,Private,22.055189,77.86498
WCL Hospital Blood Bank Pathakheda,Madhya Pradesh,BETUL,Pathakheda,"WCL Area Hospital, Post, Pathakheda",9425636992,Government,22.125155,78.142296
District Hospital Blood Bank,Madhya Pradesh,BHIND,Bhind,District Hospital,9977664494,Government,26.566008,78.782684
Chirayu Medical College and Hospital Blood Bank,Madhya Pradesh,BHOPAL,Bairagarh,"Bhainsakhedi, Bairagarh",9876543210,Private,23.268916,77.308073
Gandhi Medical College Blood Bank,Madhya Pradesh,BHOPAL,Bhopal,Gandhi Medical College and Hamidia Hospital,9425010647,Government,23.259924,77.390958
Bhopal Memorial Hospital and Research Centre Blood Bank,Madhya Pradesh,BHOPAL,Bhopal,"Bhopal Memorial Hospital and Research Centre, Near Karod Chourha, Raisen Bypass Road",9425012342,Government,23.18006,77.25035
District Hospital Blood Bank,Madhya Pradesh,BHOPAL,Bhopal,"J P Hospital, 1250, Hospital Campus, Tulsi Nagar",9827056443,Government,23.229861,77.417539
IGH Gas Rahat Blood Bank,Madhya Pradesh,BHOPAL,Bhopal,Indira Gandhi Mahila Evam Bal Chikitsalaya Gas Rahat,9425013686,Government,23.1549,77.244677
Indian Red7091 Cross Society (IRCS) Blood Bank,Madhya Pradesh,BHOPAL,Bhopal,"Indian Red Cross Society, Shivaji Nagar, Near J P Hospital",9303132652,Private,23.2307,77.419553
Kasturba Hospital BHEL Blood Bank,Madhya Pradesh,BHOPAL,Bhopal,"BHEL, Bhopal",9876543210,Government,23.222946,77.446666
MP Thelasmia Kid Care Society Blood Bank,Madhya Pradesh,BHOPAL,Bhopal,"Opposite Hamidia Hospital, 4, Fategarh, Sultania Road",9827267821,Private,23.2582415,77.3952417
Tatpar Pathology and Diagnostic Centre Blood Bank,Madhya Pradesh,BHOPAL,Bhopal,"10, Neelam Colony, Bhopal",9826066913,Private,23.25369,77.412695
Jawahar Lal Nehru Cancer Hospital and Research Centre Blood Bank,Madhya Pradesh,BHOPAL,Bhopal,"Idgah Hills, Bhopal",9425431974,Private,23.273077,77.380764
People Hospital Blood Bank,Madhya Pradesh,BHOPAL,Bhopal,"Ayodhya Bypass road, Peoples Campus, Bhanpur Bhopal",9876543210,Private,23.301078,77.424616
New Bhopal Blood Bank,Madhya Pradesh,BHOPAL,Bhopal,"B-82, E/6 Arera Colony, Bhopal",9876543210,Private,23.20973,77.437187
Arpan Blood Bank,Madhya Pradesh,BHOPAL,Bhopal,"Maiti Chari. Trust 131/6, M.P. Nagar, Z-II  Kiram Complex",9876543210,Private,23.2289768,77.4351847
Chirayu Health and Medicare Blood Bank,Madhya Pradesh,BHOPAL,Bhopal,"Malipura, Bhopal",9876543210,Private,23.258167,77.39707
City Blood Bank of Bhojpal Charitable Trust,Madhya Pradesh,BHOPAL,Bhopal,"Bajaj Complex Opposite Sindhi Gurudwara, Jehangirabad",9425438695,Private,23.26,77.412
JK Hospital and Medical Research Centre Blood Bank,Madhya Pradesh,BHOPAL,Bhopal,"J.K. Town, Kolar Road",9876543210,Private,23.178855,77.428807
Manas Blood Bank of Chinmayi Swasthya Seva Sadhbhav Shikshan Samiti,Madhya Pradesh,BHOPAL,Bhopal,"Motia Talab, Bhopal",9993914499,Private,23.26,77.39
Bansal Hospital Redefining Healthcare Blood Bank,Madhya Pradesh,BHOPAL,Bhopal,"Near Shahpura Lake, Shahpura",7898301792,Private,23.199485,77.420061
District Hospital,Madhya Pradesh,BURHANPUR,Burhanpur,District Hospital,9754876365,Government,21.204824,76.114212
Chandubhai Somabhai Patel Blood Bank,Madhya Pradesh,BURHANPUR,Burhanpur,"Chandubhai Somabhai Patel Blood Bank (of Arogyaseva Mandal), Rashtriyapura, Amravati Road",9876543210,Charity,21.304,76.224
District Hospital Blood Bank,Madhya Pradesh,CHHATARPUR,Chhatarpur,District Hospital,9826862507,Government,24.90762,79.584212
WCL Badkui Hospital Chhindwara Blood Bank,Madhya Pradesh,CHHINDWARA,Barkui,"WCL Badkuhi Hospital, Chandameta Post",9425461226,Government,22.113513,78.430952
District Hospital Blood Bank,Madhya Pradesh,CHHINDWARA,Chhindwara,District Hospital,9425832530,Government,22.052641,78.937218
District Hospital Blood Bank,Madhya Pradesh,DAMOH,Damoh,District Hospital,0942540617,Government,23.833141,79.440745
District Hospital Blood Bank,Madhya Pradesh,DATIA,Datia,District Hospital,9826235557,Government,25.687237,78.442216
District Hospital Blood Bank,Madhya Pradesh,DEWAS,Dewas,M G Government - District Hospital,9826336991,Government,22.962207,76.048075
Vishnuprabha Charitable Trust Blood Bank,Madhya Pradesh,DEWAS,Dewas,"39, HIG, Chamunda Complex, Civil Lines",9827030999,Charity,22.964817,76.046337
District Hospital Blood Bank,Madhya Pradesh,DHAR,Dhar,"Bhoj District Hospital, Mandu Road",9424004170,Government,22.594249,75.308054
Mittal Hospital Blood Bank,Madhya Pradesh,DHAR,Dhar,"Narsingh Chopati, Dhar",7771015777,Private,22.595954,75.299087
District Hospital Blood Bank,Madhya Pradesh,DINDORI,Dindori,District Hospital Blood Bank,9425165535,Government,22.946033,81.075282
District Hospital Blood Bank,Madhya Pradesh,EAST NIMAR,Khandwa,District Hospital,9425070592,Government,21.824535,76.343016
Deep Blood Bank,Madhya Pradesh,EAST NIMAR,Khandwa,"Near Priyadarshni Gas Agency, Bhawani Mata Road",9876543210,Government,22.8740505,74.7337069
District Hospital Blood Bank,Madhya Pradesh,GUNA,Guna,District Hospital,9630195174,Government,24.646947,77.308376
Kanchan Medicare and Research Centre Private Limited Blood Bank,Madhya Pradesh,GUNA,Guna,"Lohati Bhawan, A. B. Road",0940720090,Private,24.648661,77.302928
Indian Red Cross Society (IRCS) Blood Bank,Madhya Pradesh,GWALIOR,Dabra,"Indian Red Cross Society, Hospital Campus, Red Cross Building, Dabra",9876543210,Private,25.531751,78.200319
Blood Bank (Component  Apheresis Unit) G.R.Medical College,Madhya Pradesh,GWALIOR,Gwalior,"Blood Bank, Neurology Building , J. A. Hospital Campus, G. R. Medical College, Gwalior.",9425111202,Government,26.192166,78.164638
District Hospital Blood Bank,Madhya Pradesh,GWALIOR,Gwalior,"District Hospital, Morar, (Maternity Hospital Campus) Morar",9826351516,Government,26.225961,78.222716
Indian Red Cross Society (IRCS) Blood Bank,Madhya Pradesh,GWALIOR,Gwalior,"Indian Red Cross Society, Behind Kamla Raja Hospital, Kampoo",0932976727,Charity,26.191826,78.159549
Shri Radheswami Blood Bank,Madhya Pradesh,GWALIOR,Gwalior,"Dal Bazar Tiraha Raj Payga Road, Lashkar Gwalior",9826501162,Private,26.195391,78.158556
Emergency Blood Bank,Madhya Pradesh,GWALIOR,Gwalior,"1, Kasturba Market, Kampoo",9893417222,Private,26.191025,78.155889
District Hospital Blood Bank,Madhya Pradesh,HARDA,Harda,District Hospital,9425981771,Government,22.340634,77.093043
District Hospital Blood Bank,Madhya Pradesh,HOSHANGABAD,Hoshangabad,District Hospital,9425041911,Government,22.452716,77.430707
Civil Hospital Itarsi Blood Bank,Madhya Pradesh,HOSHANGABAD,Itarsi,"Janseva Rugnalaya Civil Hospital, Itarsi",9425041911,Government,22.361975,77.451276
MY Hospital  MGM Medical College - State of ART Model Blood Bank,Madhya Pradesh,INDORE,Indore,"MY Hospital  MGM Medical College, A.B.Road, Indore",9893273236,Government,22.714476,75.882875
Vishesh Hospital Blood Bank,Madhya Pradesh,INDORE,Indore,"2/1, A.B. Road, Near Geeta Bhawan, Chouraha",9876543210,Government,22.7187135,75.8882735
Gurjar Hospital and Endoscopy Centre Private Limited Blood Bank,Madhya Pradesh,INDORE,Indore,"44 B, Bhawarkuan Chouraha, A.B. Road",9993172869,Government,22.691901,75.866108
Gokuldas Hospital Blood Bank,Madhya Pradesh,INDORE,Indore,"11, Sarju Prasad Marg",9826077557,Government,22.716411,75.8760433
SNG Hospital Blood Bank,Madhya Pradesh,INDORE,Indore,"16/1, South Tukoganj Kanchan Bagh, Main Road, Near Crown Palace Hotel",9826379533,Government,22.720246,75.8817
Index Medical College Hospital and Research Centre Blood Bank,Madhya Pradesh,INDORE,Indore,"104, Trishul Apartment, 5, Sanghi Colony, Opposite to Amaltas Hotel, A.B. Road",9752538454,Government,22.732016,75.888857
Arihant Hospital and Research Centre Blood Bank,Madhya Pradesh,INDORE,Indore,"Situated in 283- A, Gumasta Nagar",9876543210,Government,22.701662,75.829585
Aruvindo Blood Banks SAIMS Hospital,Madhya Pradesh,INDORE,Indore,"Indore Ujjain State Highway, Near MR 10 Crossing",9876543210,Government,22.796953,75.845156
Bombay Hospital Trust Blood Bank,Madhya Pradesh,INDORE,Indore,"Eastern Ring Rd,Ring Rd, IDA Scheme No.94/95, Tulsi Nagar, Vijay Nagar",9876543210,Government,22.71957,75.857726
Greater Kailash Hospitals Private Limited Blood Bank,Madhya Pradesh,INDORE,Indore,"111/2, Old Palasia",9977220606,Government,22.72527,75.889633
Sanghvi Blood Bank,Madhya Pradesh,INDORE,Indore,"1st Floor, Manas Bhavan, RNT Marg",9876543210,Government,22.7166872,75.8739793
Verma Union Hospital Blood Bank,Madhya Pradesh,INDORE,Indore,"120, Dhar Road, Opposite to Kastur Cinema",9876543210,Government,22.71209,75.838098
NSCB Medical College Blood Bank,Madhya Pradesh,JABALPUR,Jabalpur,"Netaji Subhash Chandra Bose (NSCB) Medical College, Ist Floor Hospital Premises, Nagpur Road",8989821487,Government,23.149881,79.881151
Rani Durgawati Hospital Blood Bank,Madhya Pradesh,JABALPUR,Jabalpur,Rani Durgawati Hospital,9826319646,Government,23.100428,79.565702
District Victoria Hospital Blood Bank,Madhya Pradesh,JABALPUR,Jabalpur,Government Seth Govinddas Victoria Hospital,9424957288,Government,23.172743,79.936409
Bansal Blood Bank and Transfusion Service,Madhya Pradesh,JABALPUR,Jabalpur,"Sukheja Towers, 1st Floor, Behind Main Bus Stand, 610 Wright Town",9876543210,Government,23.164273,79.929699
Jabalpur Thalesemia Society Blood Bank,Madhya Pradesh,JABALPUR,Jabalpur,"12 Anjuman Shopping Complex, Malviya Chowk Jabalpur",9301338741,Government,23.169545,79.932327
Khanna Pathology Lab and Blood Bank,Madhya Pradesh,JABALPUR,Jabalpur,"14, Roopram Towers, Golbazar",9876543210,Government,23.1708138,79.9304742
Military Hospital Blood Bank,Madhya Pradesh,JABALPUR,Jabalpur,Military Hospital Jabalpur,9876543210,Government,23.1496957,79.9530199
District Hospital,Madhya Pradesh,JHABUA,Jhabua,District Hospital.JHABUA,9826175322,Government,22.773068,74.591422
Jivan Jyoti Hospital Blood Bank,Madhya Pradesh,JHABUA,Meghnagar,Meghnagar,9425945142,Government,22.913396,74.53969
District Hospital Blood Bank,Madhya Pradesh,KATNI,Katni,Government  District Hospital,9425183356,Government,23.832575,80.39196
District Hospital Blood Bank,Madhya Pradesh,KHARGONE,Khargone,"District Hospital, Sanawad Road",9425496084,Government,21.831932,75.628611
District Hospital Blood Bank Mandla,Madhya Pradesh,MANDLA,Mandla,District Hospital,9425163929,Government,22.596278,80.370388
District Hospital Blood Bank,Madhya Pradesh,MANDSAUR,Mandsaur,District Hospital,9407101767,Government,24.069241,75.071826
Jain Pathology Laboratory and Blood Bank,Madhya Pradesh,MANDSAUR,Mandsaur,Gandhi Chouraha,9827070408,Government,24.5550033,75.1727662
District Hospital Blood Bank,Madhya Pradesh,MORENA,Morena,District Hospital,9826246293,Government,26.496004,77.998665
Jindal Blood Bank,Madhya Pradesh,MORENA,Morena,"Balkrishna Bhawan, Hospital Road",9425126999,Government,26.7048053,78.2265252
District Hospital Narsinghpur Blood Bank,Madhya Pradesh,NARSINGHPUR,Narsinghpur,Shankar Lal Dubey District Hospital,9407304896,Government,22.565735,79.110807
Indian Red Cross Society (IRCS) Blood Bank,Madhya Pradesh,NEEMUCH,Neemuch,"Indian Red Cross Society, District Hospital Campus",9406612591,Government,24.460273,74.874825
District Hospital Blood Bank,Madhya Pradesh,PANNA,Panna,District Hospital,9424350011,Government,24.712076,80.181218
District Hospital Blood Bank,Madhya Pradesh,RAISEN,Raisen,District Hospital,9425652351,Government,23.333493,77.78043
District Hospital Blood Bank,Madhya Pradesh,RAJGARH,Rajgarh,District Hospital campus,9179375278,Government,24.00976,76.732073
District Hospital Blood Bank,Madhya Pradesh,RATLAM,Ratlam,District Hospital,0787915436,Government,23.327397,75.038845
Manav Seva Samiti Blood Bank,Madhya Pradesh,RATLAM,Ratlam,Nagrik Vishram Griha College Road,9039494095,Government,23.3266577,75.039959
S. S. Medical College Blood Bank,Madhya Pradesh,REWA,Rewa,S. S. Medical College,0982758324,Government,24.531793,81.299794
District Hospital Blood Bank,Madhya Pradesh,SAGAR,Sagar,"District Hospital, (Tilli Hospital)",9827245793,Government,23.492157,78.451821
Bhagyoday Tirth Hospital Blood Bank,Madhya Pradesh,SAGAR,Sagar,Khurai Road,9876543210,Government,23.851061,78.722466
Sadguru Blood Bank Chitrakoot,Madhya Pradesh,SATNA,Chitrakoot,"Sadguru Jankikund Chikitsalaya, Chitrakoot",9935207959,Private,25.095043,80.515971
District Hospital Blood Bank,Madhya Pradesh,SATNA,Satna,"District Hospital, Blood Bank",9893738846,Government,24.567945,80.832069
MP Birla Hospital and Priyamvada Birla Cancer Research Institute Blood Bank,Madhya Pradesh,SATNA,Satna,"J. R. Birla Road, Post Birla Vikas",0822400381,Government,24.585065,80.85646
District Hospital Blood Bank,Madhya Pradesh,SEHORE,Sehore,District Hospital,9425650196,Government,23.198387,77.081271
District Hospital Blood Bank Seoni,Madhya Pradesh,SEONI,Seoni,Smt Indira Gandhi District Hospital Blood Bank,9827267407,Government,22.054391,79.330324
Burhar Central Hospital of South Eastern Coal Fields Limited Blood Bank,Madhya Pradesh,SHAHDOL,Dhanpuri,"Sohagpur Area, Dhanpuri Post",9425890427,Government,23.185907,81.571377
District Hospital Blood Bank,Madhya Pradesh,SHAHDOL,Shahdol,"Shri Kushabhau Thakre, District Hospital",9424646797,Government,23.30792,81.352897
Murlidhar Kripa Hospital Blood Bank,Madhya Pradesh,SHAJAPUR,Maxi,"Murlidhar Kripa Hospital of JK Mansingh Ka Trust, Maxi District, Shajapur",9876543210,Government,23.2506645,76.1374297
District Hospital Blood Bank,Madhya Pradesh,SHAJAPUR,Shajapur,District Hospital,9425034695,Government,23.421106,76.274685
District hospital sheopur,Madhya Pradesh,SHEOPUR,SHEOPUR,District Hospital Sheopur,9876543210,Government,25.676067,76.711645
District Hospital Blood Bank,Madhya Pradesh,SHIVPURI,Shivpuri,District Hospital,9406570709,Government,25.25408,77.39027
District Hospital Blood Bank,Madhya Pradesh,SIDHI,Sidhi,"District Hospital, Blood Bank",9584919194,Government,24.413386,81.88065
Nehru Jan shatabdi Chikitsalaya Blood Bank,Madhya Pradesh,SINGRAULI,Jayant,Nehru Jan shatabdi Chikitsalaya Blood Bank of Northern Coal Field Jyant Sinroli,9406711454,Government,24.06319,82.383071
Red Cross Blood Bank,Madhya Pradesh,SINGRAULI,Singrauli,"NTPC Hospital, Vindhya Nagar",9876543210,Government,24.0925456,82.6559943
District Hospital Blood Bank,Madhya Pradesh,TIKAMGARH,Tikamgarh,"Rajendra Hospital (District Hospital), Blood Bank",9926750416,Government,24.452408,78.500693
Grassim Hospital and Blood Bank,Madhya Pradesh,UJJAIN,Nagda,Birlagram Nagda,9876543210,Government,23.4465681,75.407488
District Hospital Blood Bank,Madhya Pradesh,UJJAIN,Ujjain,District Hospital,9424892191,Government,23.105277,75.463821
Puspha Mission Hospital and Maternity Home Blood Bank,Madhya Pradesh,UJJAIN,Ujjain,Dewas Road,9425380020,Government,23.168295,75.795961
Ujjain Charitable Trust Blood Bank,Madhya Pradesh,UJJAIN,Ujjain,Ujjain,9876543210,Government,23.192897,75.776423
CR Gardi Hospital and RD Blood Bank,Madhya Pradesh,UJJAIN,Ujjain,Gardi Medical College Sursa,9630625611,Private,23.233015,75.811619
District Hospital Blood Bank,Madhya Pradesh,UMARIA,Umaria,District Hospital,9827079695,Government,23.571113,80.390813
District Hospital Blood Bank,Madhya Pradesh,VIDISHA,Vidisha,District Hospital,9926472551,Government,23.520189,77.808353
Civil Surgeon General Hospital Blood Bank,Maharashtra,AHMEDNAGAR,Ahmednagar,"District Government Hospital Tarakpur Savedi Road, Ahmednagar",9552898779,Government,19.108046,74.73557
Sanjeevani Blood Bank Kopargaon,Maharashtra,AHMEDNAGAR,Ahmednagar,"110, 2/B Nishigandh, Vivekanand Nagar, Near  S.G. Vidyalay, Kopargaon",7588567384,Charity,19.88042,74.470873
Rotary Blood Bank - Rahuri Charitable Trust,Maharashtra,AHMEDNAGAR,Ahmednagar,"Acharya Anand Rushiji Bhavan, Near Water Tank, Nagar Manmad Road,  A/P Rahuri, Ahmednagar District",9421329802,Charity,19.419633,74.65553
Arpan Blood Bank,Maharashtra,AHMEDNAGAR,Ahmednagar,"First Floor, H.No.1542/43, Above Bank of Badoda, Swatantrya Chowk, Sangamner,  Ahmednagar District",9822324340,Charity,19.569309,74.206528
Jankalyan Blood Bank Nalegaon,Maharashtra,AHMEDNAGAR,Ahmednagar,"Gadgil Patangan, Nalegaon, Ahmednagar",9028088589,Charity,18.501067,73.857499
Pravara Medical Trust Blood Bank - Pravara Rural Hospital and Medical Dental College Loni (BK),Maharashtra,AHMEDNAGAR,Ahmednagar,"Pravara Rural Hospital  Medical Dental College Loni (BK) TQ. Rahata, Ahmednagar",9823206964,Charity,19.578952,74.456127
Jondhale39s Nitya Seva Blood Bank,Maharashtra,AHMEDNAGAR,Ahmednagar,"R.C.Complex, Mamlatdar Kacheri Road, Shrirampur,                  Ahmednagar",8888008686,Charity,19.6227,74.660399
Shri Sainath Blood Bank,Maharashtra,AHMEDNAGAR,Ahmednagar,"Opposite to Bus Stand,  Shri Saibaba Sansthan, Shirdi Tal - Rahata",9822596036,Charity,19.763137,74.47058
"Padmashri Dr. Vithalrao Vikhe Patil Foundation, Ahmednagar Medical College Hospital Blood Bank",Maharashtra,AHMEDNAGAR,Ahmednagar,"Opposite to Government Milk Dairy, Vadgaon Gupta  M.I.D.C., Ahmednagar",9881573633,Charity,19.181403,74.689625
Shrirampur Blood Bank,Maharashtra,AHMEDNAGAR,Ahmednagar,Shrirampur,0985054774,Private,19.619247,74.663502
Anand Rushiji Blood Bank,Maharashtra,AHMEDNAGAR,Ahmednagar,"Survey No.16/1, Plot No.2 Behind Anadrushiji Hospital Burudgaon Road,",9049673565,Charity,19.080688,74.732289
"Jeevanraj Charitable Foundation,s Ahmednagar Blood Bank",Maharashtra,AHMEDNAGAR,Ahmednagar,"F.P. No. - 17, 2nd Floor, Ahmednagar Zillha Krishi Audyogik Sarva Seva Sahakari Sanstha Maryadit, Market Yard, Ahmednagar",9225570262,Charity,19.082959,74.760389
Nandkishor Education Society - Arpan Blood Bank,Maharashtra,AHMEDNAGAR,Ahmednagar,"2nd  Floor, Sahakar Kranti Building, Market Yard, Nagar - Pune Road",9822324340,Charity,20.004874,73.787165
"Poonam Janjagruti Sanstha Sanchit, Ashtavinayak Blood Bank",Maharashtra,AHMEDNAGAR,Ahmednagar,"Ashtavinayak Blood Bank, Ahmednagar  1st Floor, Sai Palace Opposite  to Akashwani Kendra, Near Professsor Coloney Chowk, Ahmednagar",9876543210,Charity,19.117005,74.735872
Civil Surgeon General Hospital Blood Bank,Maharashtra,AKOLA,Akola,"District General Hospital Compound, Z.P. Road, Akola",9767111950,Government,20.702666,77.001984
District Hospital for Women Blood Bank,Maharashtra,AKOLA,Akola,"Plot No.2, OPD Building, District Hospital for Women, Near Durga Chowk, Akola-444005",0942286249,Government,20.714492,77.008904
Dr. Vivek Pimpalkar Blood Bank,Maharashtra,AKOLA,Akola,"Najul Shit No. 408, Plot No-9/7, Krishna Kripa Building,  M.G.Road, Akola",0942384891,Private,21.106181,77.072925
Shriram Blood Bank,Maharashtra,AKOLA,Akola,"T. K. Chambers, Ratanlal Plot, Akola",9823071925,Private,21.106181,77.072925
Akola Diagnostic Centre Blood Bank and Component Lab,Maharashtra,AKOLA,Akola,"Shivshirsh, Opposite to Gajanan Hospital, Ramnagar, Akola",9823048379,Charity,20.70644,77.011207
Dr. Mankar Memorial Blood Bank,Maharashtra,AKOLA,Akola,"Mankar Hospital, 2nd Floor, Dr. Mankar Smruti Building, Aastha Hospital, Opposite to Khandelwal CT-Scan Centre, Amanakha Plot,  Civil Line, Akola",0982324377,Charity,20.724952,77.04278
Dr. Hedgewar Blood Bank,Maharashtra,AKOLA,Akola,"Balaji Plot  SBI Colony No - 1,  Near Jathat Peth,  No.1 Akola",0942286248,Charity,21.140578,79.060506
ICON Blood Bank - Ganediwal Charitable Trust,Maharashtra,AKOLA,Akola,"Ganediwal Charitable Trust, ICON Blood Bank, ICON Hospital, Kedia Plot, Akola",9876543210,Charity,20.713446,77.011958
District General Hospital Blood Bank Amravati,Maharashtra,AMRAVATI,Amravati,"Dr. Babasaheb Ambedkar Chowk, District General Hospital Blood Bank, Amaravati",7385331819,Government,20.93386,77.760815
Shri Balaji Blood Bank  component lab Amravati,Maharashtra,AMRAVATI,Amravati,"1st Floor, Alsi Complex, Ambapeth, Amravati",0942215520,Charity,20.928177,77.756362
Dr. P.D.M.H.C. Hospital and Research Centre Blood Bank,Maharashtra,AMRAVATI,Amravati,"Block-A,1st Floor, Shivaji Nagar, Amravati",9766325831,Charity,20.923,77.816645
Sant Gadgebaba Blood Bank and Component Centre Badnera,Maharashtra,AMRAVATI,Amravati,"Opposite to Shrihari Hospital, Juni Vasti (Old Town), Badnera  Amravati",9422915633,Charity,20.794116,77.709547
Dr. Late Sadanadaji Burma Memorial Blood Bank,Maharashtra,AMRAVATI,Amravati,"Plot No- 53, Sheet No-20c, Gvalipura,  Sadar Bazar, Paratwada, Amravati",9403621600,Charity,21.298921,77.518316
Regional Blood Bank Government Medical College and Hospital,Maharashtra,AURANGABAD,Aurangabad,"Regional Blood Bank Government Medical College and Hospital, Aurangabad, (GHATI)",9890281663,Government,19.890542,75.317164
Mahatma Gandhi Mishan (MGM) Hospital Blood Bank,Maharashtra,AURANGABAD,Aurangabad,"Mahatma Gandhi Mishan Medical College  Hospital Blood Bank, N-6, Town Center,  CIDCO,  Aurangabad",9371012383,Charity,19.877896,75.354519
Dattaji Bhale Blood Bank - Hedgewar Hospital,Maharashtra,AURANGABAD,Aurangabad,"C/o. Dr. Hegdewar Rugnalaya Campus, Near Gajanan Mandir, Jawahar Colony Road, Garkheda Parisar,  Aurangabad",9822435509,Charity,19.876165,75.343313
Lokmanya Blood Bank,Maharashtra,AURANGABAD,Aurangabad,"Gopinath Chember,  Basement Floor, Behind Jaydev Travels, Adalat Road,  Aurangabad",9370527120,Charity,19.872123,75.323251
Seth Nandlal Dhoot Hospital Blood Bank,Maharashtra,AURANGABAD,Aurangabad,"Plot No A-1, MIDC Chikalthana, Jalna Road, Aurangabad",9225334164,Charity,19.872742,75.387668
Arpan Voluntary (Marathwada)  Blood Bank,Maharashtra,AURANGABAD,Aurangabad,"2nd Floor, Soniya Chambers, Near Uddhanpula, Seven Hills, Jalna Road, Aurangabad",9860078075,Charity,19.875504,75.352445
Amruta Blood Bank,Maharashtra,AURANGABAD,Aurangabad,"Shop No- 102/103, 1st Floor ,Nano Comlex Near Shanoormiya Arga, Vegetable Arket, Shahnoorwadi, Aurangabad",0808752739,Charity,19.855842,75.338268
Aurangabad Blood Bank,Maharashtra,AURANGABAD,Aurangabad,"Opposite to Sparsh Hospital, Jawahar Nagar Akashwani Aurangabad",9922650892,Charity,19.873384,75.344972
Lions Blood Bank,Maharashtra,AURANGABAD,Aurangabad,"1st Floor, above Lions  Balsadan, Near Teg Bahadur English School, Osmanpura, Aurangabad",8275092594,Charity,19.87244,75.323188
Civil Surgeon General Hospital Blood Bank,Maharashtra,BEED,Beed,"Civil Surgeon District General Hospital, Barshi Road, Beed",9822541028,Government,18.986918,75.75332
Swami Ramanand Tirth Arben Medical College Hospital Blood Bank,Maharashtra,BEED,Beed,"Swami Ramanand Tirth Arben Medical College Hospital Ambajogai Tq. Ambajogai,  Beed",9422467018,Government,18.731377,76.370902
Vaidynath Blood Bank,Maharashtra,BEED,Beed,"Mundhe Children Hospital, Near Dube Petrol Pump, Jai Nagar, Parli-Vaijnath, Beed",9422242419,Charity,18.842659,76.535058
Navjivan Blood Bank,Maharashtra,BEED,Beed,"Plot No 2-10-240 1 st Floor, Jalna Road, Opposite to M.S.E.B. Office, Beed",9890297246,Charity,19.000048,75.755254
Arpan Blood Bank Beed,Maharashtra,BEED,Beed,"3rd Floor, Thorat Multispeciality Hospital, D.P. Road, Anand Nagar, Ambejogai, Dist - Beed,",9421352152,Charity,18.725503,76.390737
Civil Hospital Bhandara Blood Bank,Maharashtra,BHANDARA,Bhandara,"General Hospital Blood Bank, Bhandara",9422809711,Government,21.162022,79.65973
Jeevandhara Buldana Urban Blood Bank,Maharashtra,BULDHANA,Buldana,"1st Floor, DSD City Mall, Above Bank of India, Tehsil to Stadium Road, Buldhana",9922527555,Charity,20.532707,76.180604
Government Hospital Blood Bank,Maharashtra,BULDHANA,Buldhana,"General Hospital Shegaon Road, Khamgaon, Buldhana",0982278289,Government,20.708409,76.566704
Saibai Mote General Hospital Blood Bank,Maharashtra,BULDHANA,Buldhana,"Saibai Mote General Hospital, Shegaon, Buldhana",9764550722,Government,20.795868,76.696688
Civil Surgeon District General Hospital Blood Bank,Maharashtra,BULDHANA,Buldhana,"General Hospital Blood Bank Buldhana, Near Prabadhan School, Bhonde Sarakar Chauk Bhuldhana(M.S)",0942345282,Government,20.533583,76.187482
Dr. Murlidhar Kharche Memorial Jeevan Jyoti Blood Bank,Maharashtra,BULDHANA,Buldhana,"Bharat Kala Road, Malkapur, Buldhana",9423144276,Private,20.886486,76.207174
Lilavati Blood Bank,Maharashtra,BULDHANA,Buldhana,"John Lay Out, Jamrnn Road, Near Bus stand, Buldhana",9422180490,Private,20.534727,76.172461
Shri. Brahman Swrankar Samaj Trust Blood Bank,Maharashtra,BULDHANA,Khamgaon,"Farshi, Main Road, Khamgaon, Buldhana",9422883786,Charity,20.543402,76.170956
General Hospital Blood Bank,Maharashtra,CHANDRAPUR,Chandrapur,"Government General Hospital Blood Bank, Near Chota Bazar, Main Road, Mahatma Gandhi Marg, Chandrapur",7620048023,Government,19.953683,79.296742
Ankur Hospital Blood Bank,Maharashtra,CHANDRAPUR,Chandrapur,"Balaji Ward, Chandrapur",9422135495,Charity,19.970044,79.30788
Dr. Ninawe Blood Bank,Maharashtra,CHANDRAPUR,Chandrapur,"Niwane Hospital, Near Benglur Bakery, Kasturba Road, Chandrapur",0942213872,Charity,19.957547,79.295961
Christanand Education Society Blood Bank,Maharashtra,CHANDRAPUR,Chandrapur,"Christanand Education Society Blood Bank,  Christanand Hospital, Gujri Ward No.2, Brahmapuri",9881804284,Charity,20.607715,79.855757
Shahada Blood Bank (Whole Human Blood),Maharashtra,DHULE,Mumbai,Shahada,0937185591,Charity,21.554796,74.472875
Shri Bhausaheb Hire Government Medical College and Hospital Blood Bank,Maharashtra,DHULE,Dhule,"Civil Hospital Compound, Sakri Road Dhule",9422780176,Government,20.863814,74.761869
Navjeevan Medical Relief  Research Society39s Shree Navjeevan Blood Bank and Component Laboratary,Maharashtra,DHULE,Dhule,"Plot No. 39, S. No. 579/35, Sushil Nagar Behind Vaibhav Nagar, Dhule.(424001)(M.S.)",0988117163,Charity,20.894428,74.759698
Jawahar Medical Foundation Blood Bank,Maharashtra,DHULE,Dhule,"Hutatma Shririshkumar Nagar, Opposite to Jawahar Suthgirani, Morane, Sakri Road, Dhule",9922553307,Charity,20.90361,74.741293
Jeevan Jyoti Blood Bank,Maharashtra,DHULE,Dhule,"3252 Agra Road, Near Prabhakar Theater",9422562094,Charity,20.897883,74.775354
Nirnay Janseva Blood Bank,Maharashtra,DHULE,Dhule,"Fulwala Chowk, (C.S.No.1415/A/1/A) Lane No. 4  Dr. Odhekar Building, Agra Road",9730733888,Charity,20.904116,74.77767
Arpan Blood Bank,Maharashtra,DHULE,Dhule,"Atul Medical and Rehabilitation Society, Arpan Blood Bank,  Jain Oswal Boarding, Ganpati Road, Near Santoshi Mata Mandir, Dhule, Nashik",0988190764,Charity,20.904116,74.77767
Late  Shri Mukeshbai Patel Blood Bank,Maharashtra,DHULE,Dhule,"Shree Swami  Samartha Vaidyakiya  Shaikshanik and Sanshodhan Sanstha, Late  Shri Mukeshbai Patel Blood Bank, 1st Floor, Agrasen  Patpedhi, Maharaja Complex  Shirpur, Dhule",8180062242,Charity,21.458578,74.961094
Sub-District Rural Hospital Blood Bank,Maharashtra,GADCHIROLI,Gadchiroli,"Aheri, At Post and Tal., Aheri, Gadchiroli",9421925298,Government,19.414671,80.003753
Civil Surgeon - General Hospital Blood Bank,Maharashtra,GADCHIROLI,Gadchiroli,"Gadchiroli, General Hospital Blood Bank, Gadchiroli",9421925298,Government,20.170208,79.982909
Bai Gangabai Ladies Hospital Blood Bank,Maharashtra,GONDIA,Gondia,"Gondia, Bai Gangabai Ladies Hospital Blood Bank, Civil Lines,  Gondia",7721039074,Government,21.459648,80.196834
Civil Surgeon - District General Hospital Blood Bank,Maharashtra,HINGOLI,Hingoli,"Akola Road Risala Bazar, Hingoli",9422295417,Government,19.721787,77.154487
Civil Hospital Blood Bank,Maharashtra,JALGAON,Jalgaon,"Civil Hospital Blood Bank, Dixit Wadi, Zilha Peth, Jalgaon",9766148307,Government,21.00845,75.568216
Madhavrao Golwalkar Swayamsevi Blood Bank,Maharashtra,JALGAON,Jalgaon,"11-255-J-JMP Market, Chitra Chowk, Near Kombadi Bazar, Jalgaon",9421038123,Charity,21.016507,75.564845
Jeevan Surabhi Blood Bank,Maharashtra,JALGAON,Jalgaon,"Kargaon Road, Laxmi nagar,  Chalisgaon, Jalgaon",9823232307,Charity,20.464642,74.998859
Jeevanshri Raktapedi,Maharashtra,JALGAON,Jalgaon,"Ist Floor, Rasmanju Complex, Bhagwat Road, Amalner",9226894187,Charity,21.045399,75.063926
Dhanwantri Blood Bank,Maharashtra,JALGAON,Jalgaon,"H. No. 5/464/1, T. P. Scheme, No-1, Survey No 124/1/3A Plot No. 777/3, Jamner Road, Rangoli Hotel, Jawal Anand Nagar Bhusawal, Jalgaon",0932672804,Charity,21.034297,75.781029
Godavari Foundation Blood Bank,Maharashtra,JALGAON,Jalgaon,"Hospital Building, 2nd Floor, Gate No. 315/316/321/305 Jalgaon - Bhsawal Road, N.H. No. 6,  Jalgaon (kh)",9822771478,Charity,21.023689,75.705103
Indian Red Cross Society Blood Bank,Maharashtra,JALGAON,Jalgaon,"Near Civil Hospital, Athwadi Bazar, Opposite to B.J.Market, Jalgaon",9422296753,Charity,21.011122,75.567945
M/s. Jalgaon Blood Bank and Component,Maharashtra,JALGAON,Jalgaon,"Near Mahesh Pragati Bhavan, Ring Road, Jalgaon",0915631302,Charity,21.00408,75.493766
Askaran Tarachand Jain Blood Bank,Maharashtra,JALGAON,Jalgaon,"Jawahar Market, First Floor, Near Police Station Chopda, Jalgaon",9423188110,Charity,21.008464,75.568216
Civil Surgeon General Hospital Blood Bank,Maharashtra,JALNA,Jalna,"Balod Bank Survey No-488, Infront of Collector Office, Civil Hospital, Jalna",9422219635,Government,19.84031,75.888795
Jankalyan Blood Bank,Maharashtra,JALNA,Jalna,"Wing No. 03, S. No. 224, Shri Chatrapati Shivaji Maharaj Bazar Sankul, Old Cotton Market Yard",9822215625,Charity,19.867491,75.879779
Noor Hospital Blood Bank,Maharashtra,JALNA,Jalna,"Aurangabad - Jalna Road, Warudi, Tq- Badnapur, Jalna",9960336003,Charity,19.860878,75.664447
Rajashri Chatrapati Shahu Maharaj Government Medical College and Chatrapati Pramilaraje General Hospital Blood Bank,Maharashtra,KOLHAPUR,Kolhapur,"Dasara Chowk, Somwar Peth, C. P. R. Hospital Compound, Kolhapur",9175823219,Government,16.701443,74.227074
Late Balasaheb Datye - Lions Blood Bank,Maharashtra,KOLHAPUR,Kolhapur,"5/468, Datye Mala, Lions Park,  Ichalkaranji, Tal-Hatkanangale, Kolhapur",9860858918,Charity,16.681682,74.467741
Rajarshi Shahu Blood Bank,Maharashtra,KOLHAPUR,Kolhapur,"Rotary Samaj Seva Centre, 253, K.E.Assembly Road, Kolhapur",9923138264,Charity,16.691308,74.244866
Mahatma Gandhi Hospital Blood Bank,Maharashtra,KOLHAPUR,Kolhapur,"At Post - New Pargaon, TQ-Hatkanangale, Kolhapur",9823427765,Charity,16.86221,74.240034
Annasaheb Galatge Lions Blood Bank,Maharashtra,KOLHAPUR,Kolhapur,"Doctor39s Colony, Gadhinglaj, Kolhapur",9970222605,Charity,16.186455,74.372559
Acharya Shree Tulsi Blood Bank,Maharashtra,KOLHAPUR,Kolhapur,"Gate No.1232 Sangli - Kolhapur Road, Jaysingpur Udgaon, Kolhapur",9423337545,Charity,16.785709,74.56459
Dr. D. Y. Patil Hospital Blood Bank,Maharashtra,KOLHAPUR,Kolhapur,"Kadamwadi, Kolhapur",9422520357,Charity,16.715186,74.256447
Arpan Blood Bank - Blood Component and Apheresis Centre Kolhapur,Maharashtra,KOLHAPUR,Kolhapur,"1st Floor, Saroj Appartment, Subhash Road 1315, 39C39 Ward,  Opposite to Shramik Bhavan, Laxmipuri, Kolhapur",0860575755,Charity,19.189209,72.97706
Sai Seva Medical Foundation - Vaibhavlaxmi Blood Bank,Maharashtra,KOLHAPUR,Kolhapur,"1036/A, E- Ward, 1st  Floor, Deccan Engineering, Opposite to Parvati Multiplex, Rajaram Road, Kolhapur",9422047480,Charity,19.205274,72.840465
Kolhapur Municipal Corporation Blood Bank,Maharashtra,KOLHAPUR,Kolhapur,"C.T.S. 83 D-Ward, Near Kasba Gate Police, Chowky, Kolhapur",9420493125,Charity,16.698607,74.223891
Vande Mataram Samajik Samstha39s - Jeevandhara Blood Bank,Maharashtra,KOLHAPUR,Kolhapur,"1648 E- Ward Saidarshan Hights , Opposite to Sarada Medical, Chandrakanth Candre Kalasangrahalay, Rajarampuri, 7th Lane, Kolhapur",9422047156,Charity,16.69573,74.247263
Sanjeevan Blood Bank,Maharashtra,KOLHAPUR,Kolhapur,"250/B/65  First Floor, Lucky Naresh Banglow, Opposite to Collector Office, Nagala Park, Kolhapur,",9371782825,Charity,16.706599,74.231346
Shri.R.R.Patil Shikashan Sheti sanshodhan Aani vikas sanstha Blood Bank,Maharashtra,KOLHAPUR,Kolhapur,"M/s Adhar Blood Bank, 1st Floor, C.S. No. 16432 / 1, H No. 12/966, C/o. Dr. Dilip Joshi Hospital, Sambhaji Chowk, Rajaram Road, Ichalkaranji, Tal - Hatkanangle, Kolhapur",9823536364,Charity,16.680271,74.461733
Government Medical College General Hospital Blood Bank,Maharashtra,LATUR,Latur,"Blood Bank, Government Medical College  Hospital, Old Railway Station,  Gandhi Chowk, Latur",9881417339,Government,18.39451,76.578201
IRCS - Dr. Bhalchandra Blood Bank,Maharashtra,LATUR,Latur,"Red Cross Bhavan, Gandhi Market, Latur",9421196909,Charity,18.401208,76.580639
Smt. Saraswati Karad Blood Bank,Maharashtra,LATUR,Latur,"MIMSR Medical College and Y.C.R. Hospital, Vishwanath Puram,  Ambejogai Road, Latur",0942296844,Charity,18.429485,76.577846
IRCS Nagappa Amberkhane Blood Bank,Maharashtra,LATUR,Latur,"Banshelki Road Near Nalegaon Railway Crossing Gate Udgir, Latur",9405050145,Charity,18.392306,77.106985
Arpan Blood Bank Latur,Maharashtra,LATUR,Latur,"H.No R-3-1030,  Old Sonawane Hospital, Near  Ashok Hotel, Main Road, Latur",7507771532,Charity,18.408491,76.551573
Mauli Blood Bank,Maharashtra,LATUR,Latur,"Gayatri Hospital, Barshi Road, Latur",8275599777,Charity,18.451173,73.89143
Global Hospital Blood Bank,Maharashtra,MUMBAI,Mumbai,"No. 35, Dr. Ernest Borges Road, Hospital Avenue, Opposite to Shirodkar High School, Parel, Mumbai.",9820168514,Private,18.999282,72.840787
ACTREC,Maharashtra,MUMBAI,Mumbai,"Department of Transfusion Medicine, ACTREC, Tata memorial centre, Sector 22 Kharghar, Navi Mumbai.",7498193900,Government,19.065019,73.064508
Deepak Foundation39s Anviksha Blood Bank,Maharashtra,MUMBAI,Mumbai,"Paras Darshan, M. G. Road, Ghatkopar, (E) Mumbai",9820635253,Charity,19.082389,72.904481
Ashirwad Blood Bank,Maharashtra,MUMBAI,Mumbai,"Imperial Mahal, 2nd Floor  Above Shabana Stores, Khodadad Circle, Dr. B. A. Ambedkar Road, Dadar TT,  Mumbai",9820000236,Charity,19.017341,72.848164
Asian Heart Institute and Research Center,Maharashtra,MUMBAI,Mumbai,"ICICI Tower,  Bandra Kurla Complex, Bandra (E) Mumbai",9820434775,Private,19.065253,72.860832
B.S.E.S M.G. Hospital Blood Bank,Maharashtra,MUMBAI,Mumbai,"Rotary D. G. Goenka Blood Bank, Near Railway Station Andheri (W), Mumbai",9819456505,Charity,19.119457,72.844948
Bandra Holy Family Hospital Society Blood Bank,Maharashtra,MUMBAI,Mumbai,"Saint Andrews Road, Bandra, Mumbai",9892845140,Charity,19.055059,72.827202
Bhabha Atomic Research Centre Hospital Blood Bank,Maharashtra,MUMBAI,Mumbai,"BARC Hospital, Anushakti Nagar Mumbai",9619920707,Government,19.042464,72.914358
Bombay Hospital Trust Blood Bank,Maharashtra,MUMBAI,Mumbai,"12, New Marine Lines Mumbai",9820302628,Charity,18.94103,72.82816
Borivali Blood Bank (Doshi Memorial Charitable Trust),Maharashtra,MUMBAI,Mumbai,"3,4,5, Vithal Apartment, Near Ram Mandir, Mandpeshwar Road, Opposite, Flyover,  Borivali (w)",9821052413,Charity,19.199816,72.845937
Breach Candy Hospital And Research Centre Blood Bank,Maharashtra,MUMBAI,Mumbai,"60 A, Bhulabhai Desai Road, Mumbai",9820286291,Charity,18.972677,72.804312
B. Y. L. Nair Hospital Blood Bank,Maharashtra,MUMBAI,Mumbai,"New OPD Building. 2nd Floor, Dr. A. L. Nair Road Mumbai Central, Mumbai",9820887694,Government,18.974279,72.822573
Cama and Albles Hospital - Abdul Fazalbhoy Blood Bank,Maharashtra,MUMBAI,Mumbai,"Mahapalika Marg, Mumbai CST",9867798441,Government,18.941948,72.832185
Dr. L. H. Hiranandani Hospital Blood Bank,Maharashtra,MUMBAI,Mumbai,"Hill Side Avenue, Hiranandani Gardens, Powai",9619597757,Charity,19.120591,72.917105
ESIC Model Hospital cum ODC Blood Bank,Maharashtra,MUMBAI,Mumbai,"Room No. 20/A, 1st Floor, ESIC Model Hospital cum ODC  PGIMSR, Central Road, M.I.D.C, Opposite to MIDC Police Station, Andheri (East), Mumbai",8691853888,Government,19.118392,72.86724
Fortis Hospital Blood Bank,Maharashtra,MUMBAI,Mumbai,"Mulund Goregaon Link Road, Nahur , Mumbai",9519298226,Private,19.162122,72.942063
G. T. Hospital Blood Bank,Maharashtra,MUMBAI,Mumbai,"Near L.T.Marg Police Station, Mumbai",7738645537,Government,18.946532,72.833317
Hematology Laboratory Blood Bank,Maharashtra,MUMBAI,Mumbai,"Parekh House, Ground Floor,14 Mama Parmanand Marg, Mumbai.",9820070001,Private,19.183375,72.853442
Harilal Bhagwati Hospital Blood Bank,Maharashtra,MUMBAI,Mumbai,"S. V. P. Road, Borivali-W, Mumbai",9820368493,Government,19.245458,72.856027
Suburban Hi-tech Blood Bank,Maharashtra,MUMBAI,Mumbai,"Shagun Building, 2nd Floor, 206, Rani Sati Road, Malad (E)",9004437823,Private,19.183781,72.849166
Holy Spirit Hospital Blood Bank,Maharashtra,MUMBAI,Mumbai,"Mahakali  Road, Andheri (E), Mumbai",9869449892,Charity,19.128442,72.866496
Indian Red Cross Society Bombay City Branch Blood Bank,Maharashtra,MUMBAI,Mumbai,"Blood Centre, 141, Shahid Bhagatsingh Road, Town Hall Compound, Near R.B.I. Fort",9819424404,Charity,18.932476,72.836574
INS - Ashwini Blood Bank,Maharashtra,MUMBAI,Mumbai,"Near R. C. Church, Colaba, Mumbai",9819069863,Government,18.901263,72.815698
Jaslok Hospital And Research Centre Blood Bank,Maharashtra,MUMBAI,Mumbai,"15, Dr. G. Deshmukh Marg, Mumbai",9321793987,Charity,18.971653,72.809968
K. B. Bhabha General Hospital Blood Bank,Maharashtra,MUMBAI,Mumbai,"R. K. Patkar Marg, Bandra (W), Mumbai",9820076632,Government,19.057493,72.833636
K. J. Somaiya Medical College and Hospital Blood Bank,Maharashtra,MUMBAI,Mumbai,"Somaiya Ayurvihar Complex, Eastern Express Highway, Sion, Mumbai",9819426169,Charity,19.047282,72.874706
Kapoorben Vasanji Lathiya Blood Bank - Nanavati Hospital,Maharashtra,MUMBAI,Mumbai,"Dr Balabhai Nanavati Hospital,S V Road, Vile Parle (W), Mumbai",9876543210,Charity,19.095831,72.840101
K. E. M. Hospital Blood Bank,Maharashtra,MUMBAI,Mumbai,"Acharya Donde Marg, Parel, Mumbai",9869104114,Government,19.001515,72.841877
Kohinoor Hospital Blood Bank,Maharashtra,MUMBAI,Mumbai,"Upper Basement, Room No. 29 to 43, Kirol Road, Off L.B.S Marg, Kurla (w)",7666188848,Private,19.076212,72.886208
Kokilaben Dhirubhai Ambani Blood Bank,Maharashtra,MUMBAI,Mumbai,"4 Bunglows, Achutrao Patwardhan Marg, Andheri (west), Mumbai",9320070111,Charity,19.131221,72.824772
Lilavati Hospital and Research Centre Blood Bank,Maharashtra,MUMBAI,Mumbai,"A 791, Bandra Reclamation, Bandra (W), Mumbai",9869522828,Charity,19.051089,72.828889
Lokmanya Tilak Municipal Hospital Blood Bank,Maharashtra,MUMBAI,Mumbai,"O. P. D. Building, 1st Floor, Sion (W), Mumbai",9892245254,Government,19.036984,72.859049
M. T. Agarwal Municipal General Hospital Blood Bank,Maharashtra,MUMBAI,Mumbai,"Dr. R. P. Road, Mulund (W), Mumbai",0986968585,Government,19.177861,72.946234
Mahatma Gandhi Seva Mandir Blood Bank,Maharashtra,MUMBAI,Mumbai,"Mahatma Gandhi Seva Mandir Hospital, 2nd Floor, Opposite to Bandra Lake, S. V. Road, Bandra (W), Mumbai",9876543210,Charity,19.055801,72.836932
Manas Serological Institute Blood Bank,Maharashtra,MUMBAI,Mumbai,"CTS NO-167 / 168 / A1, 101-104, Grace Plaza, S. V. Road, Near Railway Phatak, Jogeshwari (W), Mumbai",9833832271,Charity,19.13522,72.848108
Masina Hospital Blood Bank,Maharashtra,MUMBAI,Mumbai,"Sant Savta Marg, Byculla (E)",8879231091,Charity,18.974886,72.835711
N.  Wadia Maternity  Hospital Blood Bank,Maharashtra,MUMBAI,Mumbai,"Acharya Donde Marg, Parel, Mumbai",9004362229,Charity,19.003238,72.842837
Matoshri Valbai Mulji Shah - Arpan Blood Bank,Maharashtra,MUMBAI,Mumbai,"Aniraj Tower,  Janta Market, L.B.S Marg, Bhandup (W), Mumbai",9423696022,Charity,19.142653,72.933304
Navjivan Blood Bank and Lab,Maharashtra,MUMBAI,Mumbai,"Shop No.1, Abhilasha II, Punjabi Lane Borivali (W)",9820040536,Private,19.23024,72.852643
P. D. Hinduja National Hospital And Medical Research Centre Blood Bank,Maharashtra,MUMBAI,Mumbai,"Veer Savarkar Road, Mahim (W), Mumbai",9820606355,Charity,19.033615,72.838105
Meenatai Thackeray Blood Bank - Siddharth Hospital,Maharashtra,MUMBAI,Mumbai,"Siddharth Nagar, Prabhodhan Kridabhawan Marg,Goregaon (W)",9320918214,Charity,19.159649,72.840284
Prince Aly Khan Hospital Blood Bank,Maharashtra,MUMBAI,Mumbai,"Aga Hall, Nesbit Road, Mazgaon, Mumbai",9821035341,Charity,18.97084,72.836617
Dr. R. N. Cooper General Hospital Blood Bank,Maharashtra,MUMBAI,Mumbai,"North south Road No-1, Juhu, Vile-Parle (W) Mumbai",9987063770,Government,19.107714,72.835618
Rajawadi Blood Bank - Seth V. C. Gandhi  M. A. Vora Municipal General Hospital,Maharashtra,MUMBAI,Mumbai,"Seth V. C. Gandhi and M. A. Vora M, Rajawadi, Ghatkopar-(E), Mumbai",9892784878,Government,19.079304,72.901693
S. L. Raheja Hospital Blood Bank,Maharashtra,MUMBAI,Mumbai,"Mahim, Raheja Rugnalaya Marg, Mumbai",9821241031,Charity,19.046572,72.842207
S. R. Mehta and Sir. K.P. Cardiac Institute Blood Bank,Maharashtra,MUMBAI,Mumbai,"Plot No. 96, Road No.31, King Circle Sion, (E) Mumbai",9987020981,Charity,19.032412,72.85958
Saifee Hospital Trust Blood Bank,Maharashtra,MUMBAI,Mumbai,"15/17, Maharishi Karve Marg, Opposite to Charni Road Station Mumbai",9869784307,Charity,18.952471,72.818058
Sarvodaya Hospital Samarpan Blood Bank,Maharashtra,MUMBAI,Mumbai,"Office Building, 2nd Floor, Sarvodaya Hospital, LBS  Marg, Ghatkopar (W), Mumbai",9594032520,Charity,19.089801,72.907187
Seven Hills Health Care Private Limited Hospital Blood Bank,Maharashtra,MUMBAI,Mumbai,"Blood Bank, 2nd Floor, Block-16, Seven Hills Hospital,  Survey No.155, 156, 162 - 168 Part, Marol - Maroshi Road,  Andheri (E), Mumbai",9820339204,Private,19.117797,72.87809
Shushrusha Citizens Co-operative Hospital Blood Bank,Maharashtra,MUMBAI,Mumbai,"698-B Ranade Road, Dadar, Mumbai",9022240366,Charity,19.023426,72.837899
Sir J.J.Group of Hospital Blood Bank,Maharashtra,MUMBAI,Mumbai,"Main Building, Ground Floor, Sir J. J. Hospital, Byculla, Mumbai",9322106373,Government,18.962909,72.833639
Sir J.J.Mahanagar Rakthapedhi,Maharashtra,MUMBAI,Mumbai,"Sir J.J Mahanagar Raktapedhi, F. D. Petit Building, J.J.Campus, J. J. Road, Byculla, Mumbai",8275001905,Charity,18.963334,72.832489
Saint George39s Hospital  Regional  Blood Bank,Maharashtra,MUMBAI,Mumbai,"Saint George39s Hospital, Behind General Post Office, P. D39Mello Road, Fort, Mumbai",9867993451,Government,18.94027,72.837319
Tata Memorial Hospital Blood Bank,Maharashtra,MUMBAI,Mumbai,"5th Floor, Service Block, Dr. E. Borges Road, Parel, Mumbai",9820340073,Government,19.004856,72.842945
The B.D. Petit Parsee General Hospital Blood Bank,Maharashtra,MUMBAI,Mumbai,"B.Petit Road, Cumballa Hill,  Mumbai",9323570506,Charity,18.968704,72.805743
V. N. Desai Municipal General Hospital Blood Bank,Maharashtra,MUMBAI,Mumbai,"T. P. S. II, 11th Road, Santacruz (E) Mumbai",9820618132,Government,19.078822,72.844994
West Coast Blood Bank,Maharashtra,MUMBAI,Mumbai,"Basement 101, Moon Building, 798, Mori Road, Mahim(W), Mumbai",9820721197,Private,19.042954,72.84073
Government Medical College Blood Bank Nagpur,Maharashtra,NAGPUR,Nagpur,"Model Blood Bank, 2nd Floor, Hospital Building, Government Medical College  Hospital, Nagpur",9822941695,Government,21.126097,79.097101
Super Speciality Hospital and Medical Post Graduate Institute Blood Bank,Maharashtra,NAGPUR,Nagpur,"Maenad Road, Near RST Cancer Hospital, Nagpur",8275531628,Government,21.123952,79.102367
Indira Gandhi Medical College and Hospital Blood Bank,Maharashtra,NAGPUR,Nagpur,"IGMC Hospital, Central Avenue Road, Nagpur",7709884278,Government,21.153917,79.092894
Daga Memorial Women Government Hospital Blood Bank,Maharashtra,NAGPUR,Nagpur,"Gandhibag, Nagpur",9422762492,Government,21.151511,79.105434
Central India Institute of Haematology  Oncology39s Blood  Blood Component Bank and Apheresis Unit,Maharashtra,NAGPUR,Nagpur,"Plot No-14/2, Park Corner, Bal Raj Marg, Near Loma Square, Dhantoli, Nagpur",9822723264,Private,21.134731,79.080223
Jeevan Jyoti Blood Bank and Component,Maharashtra,NAGPUR,Nagpur,"J P Chamber, Madhav Nagar, Dakshin Ambakshari Road  Nagpur",9422113811,Charity,21.123051,79.057149
Dr. Hegdewar Blood Bank,Maharashtra,NAGPUR,Nagpur,"2, Sitaram Smruti, West High Court Road, Laxmibhuvan Square, Audumbar Apartment, Dharmpeth, Nagpur",9922407171,Charity,21.140579,79.060505
Sainath Blood Bank,Maharashtra,NAGPUR,Nagpur,"531,Jaiswal Building, Above R.K. Traders, Old shukrawari Road, Sakkardara Nagpur",9422502066,Charity,21.134294,79.076369
Ayush Blood Bank and component Lab,Maharashtra,NAGPUR,Nagpur,"9th Floor, A wing, 901-905, 910-912, Lokmat Building, Nagpur",9823051508,Charity,21.135231,79.072978
Lifeline Blood Bank Components and Apherisis Centre Blood Bank,Maharashtra,NAGPUR,Nagpur,"Neeti Gaurav complex , 2nd Floor, Central Bazar Road, Lokmat Square, Ramdaspeth, Nagpur",9552556425,Charity,21.138999,79.063093
Rainbow Blood Bank,Maharashtra,NAGPUR,Nagpur,"3rd Floor, 282, Rainbow Diagnostic Services Central Bazar Road, Ramdas Peth, Nagpur",9975844830,Charity,21.133584,79.072736
"NKP Salve Institute of Medical Science and Research Center (Lata Mangeshkar Hospital), Blood Bank",Maharashtra,NAGPUR,Nagpur,"5, YMCA Complex, Digdoh Hills, Hingna Road, Nagpur",9850448905,Charity,21.144346,79.078848
Dr. Shankarrao Chavan Government Medical College and Guru Govindsinghji Memorial Hospital Blood Bank,Maharashtra,NANDED,Nanded,"Vazirabad, Nanded",0989017270,Government,19.109305,77.29295
Indian Red Cross Society Blood Bank,Maharashtra,NANDED,Nanded,"Parsi Anjuman Complex, Vazirabad, Nanded",9850947545,Charity,17.399811,78.485456
Golvalkar Guruji Blood Bank,Maharashtra,NANDED,Nanded,"Plot No.2-12-407, Bandhaghat Road, Vazirabad, Nanded",9822589088,Charity,19.168646,77.326553
Arpan Blood Bank,Maharashtra,NANDED,Nanded,"2nd Floor, Dayma Complex, Doctor Lane, Ghamodia,Nanded",9881907646,Charity,19.161084,77.303022
Guru Gobindsinghji Blood Bank,Maharashtra,NANDED,Nanded,"Geeta Bhavan 1  2 Floor, House No 3-1-366, Near Government, Opposite to Ayurvedic College, Bus Stand Road, Vazirabad, Nanded",9145432520,Charity,19.156029,77.309
Nanded Blood Bank,Maharashtra,NANDED,Nanded,"Shivaji Nagar ,Opposite to Adhar Hospital, Nanded",9422382810,Charity,19.161264,77.304543
Hazur Saheb Blood Bank,Maharashtra,NANDED,Nanded,"2nd Floor, Opposite to Bank of India, Sant Kripa Market, GG Road, Nanded",0968910000,Charity,19.153093,77.318654
Civil Surgeon - District General Hospital Blood Bank,Maharashtra,NANDURBAR,Nandurbar,"Nandurbar, Railway Station Road Survey No.406, Civil Hospital Compound,  Sakri Road, Near Collector Office Nandurbar",0986040810,Government,21.33867,74.234768
Sahada Blood Bank - Shree Swami  Samartha Vaidyakiya  Shaikshanik and Sanshodhan Sanstha,Maharashtra,NANDURBAR,Nandurbar,"C/o. 1st Floor, Shushrut Hospital, Khetiya Road, Survey No. 67/3, Plot No. 3, Sahada, Nandurbar",9371855918,Charity,21.554798,74.472874
Jankalyan Rakta Pedhi,Maharashtra,NANDURBAR,Nandurbar,"Nandurbar,1st Floor, Vivekanand Hospital, Desaipura, Nandurbar",9096175855,Charity,21.36433536,74.24463853
Malegaon Blood Bank,Maharashtra,NASHIK,Malegaon,"2nd Floor, West End Complex, Satana Naka, Malegaon",9371550550,Charity,20.55474,74.524396
Seva Blood Bank,Maharashtra,NASHIK,MALEGAON,"Nilkanth Building, Satana Naka, Satana Road, Malegaon, Nashik",0982396755,Charity,20.552689,74.516643
Roachabai Sugnomal Manwani - Cantonment General Hospital Blood Bank,Maharashtra,NASHIK,Nashik,"Vadner Road, Devlali, Nashik",0985053678,Government,19.903354,73.825824
Metro Blood Bank - District (Civil) Hospital Nashik,Maharashtra,NASHIK,Nashik,"District - Civil Hospital Blood Bank, Near Thakkar Bazaar,  Trimbak Naka, Nashik",9850536784,Government,19.996886,73.778198
Sainik Aspatal Military Hospital Blood Bank,Maharashtra,NASHIK,Nashik,"Sainik Aspatal, Military Hospital, Deolali",9545355252,Government,19.9483203,73.841866
Ansar Blood Bank,Maharashtra,NASHIK,Nashik,"1398/1, Islampura, Industrial Society Compound, Quidwai Road, Malegaon, Nasik",9890353737,Charity,20.552043,74.532641
Arpan Blood Bank and Blood Component Laboratory and Research Centre,Maharashtra,NASHIK,Nashik,"1st Floor, Office No.102/103, Dr. Athawale Chambers, Opposite to Gavkari Press Tilak Path, Nashik",0982232434,Charity,20.004874,73.787164
Jankalyan Blood Bank,Maharashtra,NASHIK,Nashik,"3, Shree Nagar, Old Gangapur Naka, Gangapur Road, Nashik",9823114809,Charity,20.008838,73.7702
NDMVPS Medical College and Hospital Blood Bank,Maharashtra,NASHIK,Nashik,At Post Adgaon Dist Nashik,9422237694,Charity,20.037363,73.852998
Samta Blood Bank,Maharashtra,NASHIK,Nashik,"F-1, 1st Floor Suyojit Comercial Complex, Mumbai Agra Highway, Below Data Mastics, Mumbai Naka, Nashik",9975997867,Charity,19.984791,73.782607
Sanjeevani Blood Bank,Maharashtra,NASHIK,Nashik,"Nashik, Krushna-Chaya Bangla, Plot No. 10/11, Kurdukar Nagar, Behind Fame Theatre, Nashik Pune Road, Nashik",0973073388,Charity,19.975586,73.803963
Jijau Mahila Sevabhavi Sansthan Nashik Blood Bank and Transfusion Research institute Blood Bank,Maharashtra,NASHIK,Nashik,"Ishwar Krupa Ganesh Nagar, Tidke Colony, Nashik",9890609318,Charity,19.990656,73.775241
The Santajee Educational and Medical foundation Trust - Jeevan  Blood Bank,Maharashtra,NASHIK,Nashik,"Suyojit City Center, G-11, 12, 13, S. No. 567/1/1  567/1/3 (CTS No. 7249  FP No. 60) Mumbai Naka, Near Mahamarg Bus Stand, Nashik",9876543210,Charity,19.987781,73.784138
SMBT Institute of Medical Science and Research Centre - Blood Bank and Component,Maharashtra,NASHIK,Nashik,"SMBT Institute of Medical Science  Research Centre, Blood Bank  Component,  Block-101, Ground Floor, A Wing, New SMBT Hospital Building, Survey No. 470, Nandihills Appt., At Post-Dhamangaon, Ghoti, Igatpuri, Nashik",9011067101,Charity,19.76062,73.769851
Hindustan Aeronautics Limited Blood Bank,Maharashtra,NASHIK,Nashik,"HAL, Aircraft Division, HAL, In Front of GES HAL High School, Ojhar Township, Niphad, Nashik",9420592940,Government,20.105897,73.931932
J.D.C. Bytco Hospital Blood Bank,Maharashtra,NASHIK,Nashik,"1st Floor, Bytco Hospital, Nashik Road, Behind Durga Garden, Shahu Path, Nashik",9876543210,Government,19.949132,73.838742
Shri Krishna Blood Bank,Maharashtra,OSMANABAD,Omerga,"Dr. Patange Hospital Building, Ajay Nagar Omerga, Omerga,  Osmanabad",9422069904,Charity,17.83503,76.622149
"Civil Surgeon, General Hospital Blood Bank",Maharashtra,OSMANABAD,Osmanabad,"Civil Hospital Osmanabad, Tqand, Osmanabad",9876543210,Government,18.18077,76.034735
Civil Surgeon - District General Hospital Blood Bank,Maharashtra,PARBHANI,Parbhani,"Blood Bank Civil Surgeon, District General Hospital Blood Bank, Subhash Road, Parbhani",9422176541,Government,19.271699,76.765032
Kanthak Sevabhavi Sanstha - New Life Blood  Bank,Maharashtra,PARBHANI,Parbhani,"Plot No 22, Survey No 389 and 394, Beside Gurudwara, Station Road, Parbhani",0982309323,Charity,19.273124,76.782625
Indian Red Cross Society Blood Bank,Maharashtra,PUNE,Baramati,"Indian Red Cross Society (IRCS), (Late Manikbai Chandulal Saraf) Blood Bank, Near Government Silver Jubilee Hospital, Patas Road, Baramati, Pune",9850033891,Charity,18.152597,74.574996
Pune Chest and General Hospital Blood Bank,Maharashtra,PUNE,Pune,"Aundh Cest Hospital, Aundh Camp, Pune",0942278017,Government,18.575032,73.80537
Sasoon Sarvopchar Hospital Blood Bank,Maharashtra,PUNE,Pune,"Ground Floor, Section 5, Opposite to Central Medical Stores, Station Road, Pune",9423575986,Government,18.515846,73.858714
Armed Forces Blood Bank,Maharashtra,PUNE,Pune,"Vanwadi Armed Force Medical College, Pune",0985026924,Government,18.505159,73.889694
Jankalyan Raktapedhi Pune,Maharashtra,PUNE,Pune,"1003, Shukrawar Peth, Swargate - Saras Baugh Road, Near Natraj Hotel, Pune",0942306662,Charity,18.50092,73.857531
Inlaks Budharani Hospital Blood Bank,Maharashtra,PUNE,Pune,"7-9, Koregaon Park, Pune",9373510112,Charity,18.534391,73.887409
Indian Serological Institute Blood Bank,Maharashtra,PUNE,Pune,"21, Anand Baugh, Navi Peth, Near Vaikunth, Pune",0909603902,Charity,18.506291,73.84264
Acharya Anandrushiji Blood Bank,Maharashtra,PUNE,Pune,"191-192, New Sadashiv Peth, S. M. Joshi Foundation Building, Near Patrakar Bhavan, Pune",0976418419,Charity,18.508647,73.844846
Akshay Blood Bank,Maharashtra,PUNE,Pune,"Survey No.10/1/3, Unnati Nagar, Bantar High School, Hadapsar, Pune",9890244339,Charity,18.47143,73.959674
Garware Blood Bank - Talegaon Rural Hospital,Maharashtra,PUNE,Pune,"Talegaon Dhabhade, Maval, Pune",0942208075,Charity,18.735319,73.675984
Jehangir Hospital Blood Bank,Maharashtra,PUNE,Pune,"32, Sasoon Road, Pune",8888821087,Charity,18.530392,73.876808
KEM Hospital Blood Bank,Maharashtra,PUNE,Pune,"Sardar Moodliar Road, Rastha Peth, Pune",9876543210,Charity,18.519784,73.866906
Grant Medical Foundation A.H. Wadia Trust Blood Bank,Maharashtra,PUNE,Pune,"40, Sassoon Road, Ruby Hall Clinic, Post Box No. 70, Pune",9890148566,Charity,18.533369,73.876939
Bharati Vidyapeeth Medical Foundation Blood Bank,Maharashtra,PUNE,Pune,"Sector - 28, Dhankawadi, Pune Satara Road, Pune",9420320999,Charity,18.459914,73.855994
Padmashree Dr. D.Y. Patil (Vishweshwar) Blood Bank,Maharashtra,PUNE,Pune,"Padmashree, Dr. D. Y. Patil Medical College Hospital, Sant Tukaram Nagar, Pimpari, Pune",9561792418,Charity,18.624175,73.82126
Deenanath Mangeshkar Hospital Blood Bank,Maharashtra,PUNE,Pune,"Erandawane, Near Mhatre Bridge, Pune",9822545665,Charity,18.502108,73.832232
Poona Serological Institute Blood Bank,Maharashtra,PUNE,Pune,"C.T.S. No. 592, 3rd Floor, Dhanwantari Complex, Rasta Peth, Pune",0982225296,Charity,18.516656,73.866532
Sahiyadari Speciality Hospital Blood Bank,Maharashtra,PUNE,Pune,"Kokoan Mitra Mandal Medical Port Trust39s Sahiyadari Speciality Hospital Blood Bank, Plot No-30 C, Erandvane, Karve Road, Pune",9850540682,Charity,18.513091,73.839308
Aditya Birla Memorial Hospital Blood Bank,Maharashtra,PUNE,Pune,"Survey No31, Near Morya Mangal Karyalay, Thergaon, Chinchwad, Pune",9011352331,Charity,18.625716,73.774775
Rakesh Jain Memorial Blood Bank,Maharashtra,PUNE,Pune,"Poona Hospital and Reserch Centre 27, Sadashiv Peth, Pune",9689947454,Charity,18.510752,73.842158
Noble Hospital Blood Bank,Maharashtra,PUNE,Pune,"B-007, Basement C/o. Noble Hospital, 153 Magarpatta City Road, Hadapsar, Pune",9423581029,Charity,18.505035,73.927256
Smt Kashibai Navale General Hospital Blood Bank,Maharashtra,PUNE,Pune,"Sr. No. 50/15 building NO.5 2nd Floor, Narhe, Ambegaon, Pune",9370146779,Charity,18.45624,73.822183
Pimpari Serological Institute Blood Bank,Maharashtra,PUNE,Pune,"Esteem Tower, opposite K.S.B. Pump, Pune-Mumbai Highway, Kharalwadi, Pimpari",9876543210,Charity,18.624322,73.807929
Chakan Blood Bank,Maharashtra,PUNE,Pune,"Sr. No. 4976/1/2 Gate No. 2401, Yashwantnagar Ambethan Road. A/P Chakan, Khed, Pune",9822524260,Charity,18.762296,73.860866
R.G Gholap Memorial Blood Bank,Maharashtra,PUNE,Pune,"Office No. 301, 3rd Floor Ashoka Centre, S. No - 47/14, Satara Road, Parvati, Pune",9822442140,Charity,18.487158,73.857098
Kranti Mitra Mandal Charitable Trust Blood Bank,Maharashtra,PUNE,Pune,"1st Floor PMT Buiding Gadital, Hadapsar, Pune",9960771438,Charity,18.501083,73.939062
Krantiveer Chapekar Bandhu Blood Bank,Maharashtra,PUNE,Pune,"Pimpri Chinchwad Mahanagar Palika Talera Hospital, Tanaji Nagar Chinchwad, Pune",9922501583,Charity,18.625689,73.784672
The New Century Medical  Education Foundation Trust - NCORD Blood Bank  Aphaeresis Centre,Maharashtra,PUNE,Pune,"NCORD Blood Bank and Aphaeresis centre, S. No. 241/2/1, Geet Ganga Building, Medipoint Hospital Lane, Baner, Pune",9822502812,Charity,18.56475,73.800994
Ekta Apang Vikas Sanstha Blood Bank,Maharashtra,PUNE,Pune,"Office No. 17/18/19, 1st Floor, Sunshree Woods Commercial Complex, NIBM, Kondhwa, Haveli, Pune",9822009268,Charity,18.477273,73.90302
Chattrapati Shahu Maharaj Pratisthan,Maharashtra,PUNE,Pune,"S.No. 30, 4th floor, office no. 41, 402, 403, and 5th floor off 502, waris Heights, Pune-Satara Road, Dhankwadi, Pune",9890927792,Charity,18.466519,73.857679
Chattrapati Shahu Maharaj Pratisthan Blood Bank,Maharashtra,PUNE,Pune,"S. No. 30, 4th Floor, Office No. 41, 402, 403, and 5th Floor off 502, Waris Heights, Pune - Satara Road, Dhankwadi, Pune",9890927793,Charity,18.466161,73.857642
District Civil Surgeon Blood Bank,Maharashtra,RAIGAD,Alibag,"District Hospital Blood Bank, Civil Hospital Campus, Sea Face Road, Alibag",9881671533,Government,18.640782,72.871716
Kakasaheb Chitle Memorial Centre Sanchalit - Jankalyan Blood Bank,Maharashtra,RAIGAD,Mahad,"C.S. No. 1651, Near Lokmanya Vyayamshala, Shiwaji Chowk, Mahad, Raigad",9420047251,Charity,18.082736,73.42265
M.B. More Foundation Blood Bank,Maharashtra,RAIGAD,Mangaon,"Ghar. No. 412, 1st Floor, Mangaon, Morba Road, Opposite to Civil Hospital, Mangaon, Raigad",9421230000,Charity,19.067134,73.066397
Advanced Centre for Treatment Reasearch and Education in Cancer,Maharashtra,RAIGAD,Navi Mumbai,"Owe Village, Sector 22, Plot No. 2, Kharghar, Navi Mumbai",9594000503,Government,19.065019,73.064507
M/s. Navi Mumbai Blood Bank,Maharashtra,RAIGAD,Navi Mumbai,"Navi Mumbai Blood Bank, Vishwanath Bhavan, C-87, Sector 12, Kharghar, Navi Mumbai",0987065313,Charity,19.034045,73.029533
Shree Sai Blood Bank  Component,Maharashtra,RAIGAD,Panvel,"103,104,105,1st Floor Tirthraj Building, Old Thana Naka Road, Near Taluka Police Station,  Old Panvel, Raigad",9820344697,Charity,18.99397,73.106561
Rotary Club New Panvel charitable Trust s Late Dr. B.V. Limaye Blood Bank,Maharashtra,RAIGAD,Raigad,"Plot No-8, Sect.1, Khanda Colony, Mumbai Pune Road, New Panvel (W)",9870211554,Charity,19.008249,73.108321
Civil Surgeon - General Hospital Blood Bank,Maharashtra,RATNAGIRI,Ratnagiri,"Civil Hospital, Ratnagiri",7709268824,Government,16.989126,73.298866
Shree Swami Samarth Blood Bank,Maharashtra,RATNAGIRI,Ratnagiri,"B.K.L.Walwalkar Hospital Diagnostic  Research Centre, Shree Kshetra Darvan, Chiplun, Ratnagiri",9922728167,Charity,17.399914,73.547448
Indian Red Cross Society Blood Bank,Maharashtra,RATNAGIRI,Ratnagiri,"Khareghat Road, Ratnagiri",9730818228,Charity,17.019013,73.298977
Padmabhushan Vasantdada Patil Government Hospital Blood Bank,Maharashtra,SANGLI,Sangli,"Padmabhushan Vasantdada Patil Government Hospital , Blood Bank, Dr. Ambedkar Road, Sangli .",0901165410,Government,16.852571,74.574678
Rajaram Bapu Blood Bank,Maharashtra,SANGLI,Sangli,"Islampur C.S. No. 99/1, Near Islampur Spiral CT-Scan,Peth-Sangli Road",8275391940,Charity,17.048399,74.251122
Vasantdada Patil Blood Bank and Haematology Research Centre,Maharashtra,SANGLI,Sangli,"AIP - Miraj, Mirasaheb Shopping Complex,  Opposite to City Police Station, Miraj, Sangli",9422614033,Charity,16.82132,74.649492
Miraj Medical Centre - Wanless Hospital Blood Bank,Maharashtra,SANGLI,Sangli,"Wanless Hospital Blood Bank, Medical Centre, Miraj",9604542311,Charity,16.832135,74.645472
Jeevan Rekha Charitable Trust Blood Bank,Maharashtra,SANGLI,Sangli,"H. No. 329/E, Ward No. 5, 1st Floor, Umrani Road, A/p-jath, Sangli",9822112722,Charity,17.049271,75.204853
Smt. Anila Kantilal Kothari Blood Bank  Department of Hemato Oncology,Maharashtra,SANGLI,Sangli,"Dr. D. K. Gosavi Memorial, Shri Siddhivinayak Ganapati Cancer Hospital, Sangli - Miraj Road, Miraj",9876543210,Charity,16.833879,74.635364
Bharati Vidyapeeth University Medical college And Hospital Blood Bank,Maharashtra,SANGLI,Sangli,"A/p Wanlesswadi, Miraj",9876543210,Charity,16.841716,74.617969
Hindratna Prakashbapu Patil Blood Bank,Maharashtra,SANGLI,Sangli,"2nd Floor, Siddhivinayak Commercial Complex Guest House, Miraj Road, Near Tata Petrol Pump, Sangli",0703891597,Charity,16.8537,74.580099
Miraj Serological Institute Blood Bank,Maharashtra,SANGLI,Sangli,"S. No.795/A1, Dr. Bhalchandra Patil Hospital,  Zaribag Budhgaonkar Mala, Near Gulabrao Patil Medical College, Miraj",9420041490,Charity,16.828931,74.639399
Akshay Blood Bank,Maharashtra,SANGLI,Sangli,"Plot No. 1/7, Near Anand Nursing Home, 2nd Floor, Miraj Sangli Road,  Sangli",0940372353,Charity,16.838026,74.651827
Indian Red Cross Society Blood Bank - Shirgaonkar Blood Bank,Maharashtra,SANGLI,Sangli,"Opposite to Civil Hospital, Plot No. 49, City Survey No.601/7, Sangli",9422662066,Charity,16.853702,74.575077
Shree Basaveshwar Manav Vikas Gramin Sevabhavi Sanstha Blood Bank,Maharashtra,SANGLI,Sangli,"Arihant Galaxy, 1st Floor, C.S. NO- 1599, Opposite to Civil Hospital, Garpir Road, Sangli",0922581236,Charity,16.842421,74.619929
Azad Panchi Group Charitable Trust Blood Bank,Maharashtra,SANGLI,Sangli,"Near Civil Hospital, Ganesh Nagar, 1st Lane, S. No. 1682, Sangli",9423337545,Charity,16.844539,74.572891
S. S. Venutai Y. Chavan Sub-District Hospital Blood Bank Karad,Maharashtra,SATARA,Satara,"Plot No. 290/91, Budhwar Peth Station Road, Karad, Satara",9876543210,Government,17.288048,74.186177
Civil Surgeon - Sarva Samanya Hospital Blood Bank,Maharashtra,SATARA,Satara,"Bazar Road, Satara",0982211541,Government,17.691305,74.009424
Phaltan Medical Foundation Blood Bank,Maharashtra,SATARA,Satara,"C.T.S. No. 5604/6, Near Dnyaneshwar Mandir, Behind State Bank of India, Laxminagar, 1st Floor Phaltan, Satara",0992264290,Charity,17.992317,74.42537
Krishna Hospital and Medical Research Centre Blood Bank Karad,Maharashtra,SATARA,Satara,"Poona Bangalore (NH 4) Highway, Near Debhewadi Road, Karad, Satara",9420463203,Charity,17.285065,74.185701
Instutute of Medical Science and Research Blood Bank and Blood Component Seperation Unit,Maharashtra,SATARA,Satara,"Shree Chatrapati Shivaji Education Societys, Instutute of Medical Science and Research Blood Bank and Blood Component Seperation Unit,  Vita Road, Vidyagiri, Mayani, Satatra",9422463201,Private,17.431214,74.549364
M/s. K. N. Gujar Blood Bank,Maharashtra,SATARA,Satara,"M/s K.N. Gujar Blood Bank, F. P. No. 21, 203/A/6, 1st Floor, K.N. Gujar Hospital, Shanivar Peth, Near S.T. Bus Stand, Karad, Satara",9763999704,Charity,17.278263,74.183727
M/s. Balaji Blood Bank,Maharashtra,SATARA,Satara,"M/s. MA. NA. Shri R.R. (AABA) Patil Shikshan Sheti Sanshodhan Aani Vikas Sansthas  Balaji Blood Bank, C.S.No - 467/8 A 1b/45, Jaldhara Building 2nd Floor, Sadar Bazar, Satara - 415002",9860022646,Charity,17.695093,74.010716
Akshay Blood Bank,Maharashtra,SATARA,Satara,"Akshay Medical Trust, Akshay Blood Bank, 506/22, Sadar Bazar, Near State Bank, Opposite to Nirmal Hotel, Satara",9823165603,Charity,17.672028,74.021087
Mauli Blood Bank Satara,Maharashtra,SATARA,Satara,"529/b,  Parasnis Colony, Near Hotel Monark, Powai Naka Sadar Bazar, Satara",9975639723,Private,17.686084,74.007955
Yashwantrao Chavan Blood Bank,Maharashtra,SATARA,Satara,"Phase 5, Super Market, 1st Floor Hall No. 2/1 Final Plot No. 432,433, Shaniwar Peth, Karad",7028492699,Charity,17.275751,74.18181
Civil Surgeon - General Hospital Blood Bank,Maharashtra,SINDHUDURG,Sindhudurga,"Sindhudurg Oros, At Post - Oros, Kudal, Sindhudurga (Oros)",0942241694,Government,16.12019,73.689563
"Cottage Hospital Blood Bank, Sawantwadi",Maharashtra,SINDHUDURG,Sindhudurga,"Sub -District Cottage Hospital, Blood Bank, Sawantwadi, C-Sindhudurg",9822308943,Government,15.902781,73.823544
Dean Chatrapati Shivaji Maharaj Sarvopchar Hospital Blood Bank,Maharashtra,SOLAPUR,Solapur,"B-Block Ground Floor, Shri. Chatrapati Shivaji Maharaj Sarvopchar Hospital, Solapur, Maharashtra",0932559339,Government,17.659024,75.912826
Shri Markendya Charitable and Medical Trust Irrapanna N Boli Blood Bank,Maharashtra,SOLAPUR,Solapur,"Ashok Chowk, 896/97, Bhavnarishi Peth (Bolli Mangal Karayalaya 1 floor, Solapur",9970916878,Charity,17.659918,75.906391
"Dr. Hegdewar Rakta Pedhi Sanstha, Solapur",Maharashtra,SOLAPUR,Solapur,"1st Floor, Sahyadri Shopping Centre Railway Lines, Solapur",9423227552,Charity,17.66391,75.900793
Solapur Blood Bank,Maharashtra,SOLAPUR,Solapur,"136, Railway Line, Near Railway Station, Near Atthar Hospital, Anjani Chembers,  Solapur",9850988313,Government,17.65992,75.906391
IMA - Sahakar Maharshi Shankarrao Mohite Patil Blood Bank,Maharashtra,SOLAPUR,Solapur,"804, Old Pandharpur Road, Ganeshnagar Akluj, Solapur",0982232799,Charity,17.660169,75.906401
Akshay Blood Bank,Maharashtra,SOLAPUR,Solapur,"Survey No. 2212, First Floor, Laxmi Narayan Apartment, South Sadar Bazar, Solapur",9890244339,Charity,17.669558,75.915101
M. M. Patel Public Charitable Trust - Ashwini Rural Medical College and Hospital Blood Bank,Maharashtra,SOLAPUR,Solapur,"Kumbhari, Gat No. 261 and 262 , Akkalkot Road, Kumbhari, Tal.South Solapur. Dist. Solapur",0976519023,Charity,17.644778,75.986234
Athar Minorities Social and Welfare Associations - Athar Blood Bank,Maharashtra,SOLAPUR,Solapur,"1st Floor, 410 Shukrawar Peth, Jamiya Complex, Near Jama Masjid, Solapur",9876543210,Charity,17.676725,75.910238
Indian Red Cross Society - Smt. Gopabai Damani Blood Bank,Maharashtra,SOLAPUR,Solapur,"165 Railway Line, Red Cross Road, Dufferin Chowk, Solapur",9850087068,Charity,17.660077,75.906391
Indian Red Cross Society - Sarjubai Bansila Bajaj Blood Bank,Maharashtra,SOLAPUR,Solapur,"62/2/3/4, Bhakti Marg, Pandharpur, Solapur",9822259951,Charity,17.562936,75.265589
SIDDHESHWAR BLOOD BANK,Maharashtra,SOLAPUR,Solapur,"Kalyani Towers, 126 Siddheshwar Peth, Near Yashwantrao Hospital Behind civil court, Solapur",9850220047,Charity,17.672075,75.904841
Tarapur Atomic Power Station Hospital Blood Bank,Maharashtra,THANE,Palghar,"TAPS Hospital Blood Bank, TAPS 12 (Anushri) Township Near Boisar, Palghar",9423982779,Government,19.813093,72.743519
Vitthal Sayanna General Hospital (Civil Hospital) Blood Bank,Maharashtra,THANE,Thane,"Civil Hospital, 1st Floor, Tembhi Naka, Thane (W)-400601",0998703461,Government,19.199056,72.978096
Central Hospital Blood Bank,Maharashtra,THANE,Thane,"Ulhasnagar, Central Hospital, Nehru Chowk Road, Ulhasnagar",9892026643,Government,19.229578,73.165135
JVP Blood Bank and Transfusion Centre Blood Bank,Maharashtra,THANE,Thane,"201, 213 Arenja Arcade Plot No. 4 Sec-17, Next to Apana Bazar, Vashi, Navi Mumbai",9820353954,Private,19.072305,73.000676
Sankalp Blood Bank,Maharashtra,THANE,Thane,"Riddhi Siddhi, Opposite to ICICI Bank, Near Ramchandra Hall, Murbad Road Kalyan (W)",9323870367,Private,19.241131,73.146766
Jupiter Hospital Blood Bank,Maharashtra,THANE,Thane,"Jupiter Hospital, Eastern Express Highway, Service Road, Near Voltas,  Naupada, Thane (W)",9619894785,Private,19.209617,72.972405
Plasma Diagnostic Lab and Blood Bank,Maharashtra,THANE,Thane,"Meghdoot, Building, Gopal Nagar, Hotel Janaki, Opposite to Manjunath School, Dombivali( E)",9820327325,Charity,19.215794,73.096159
Vaidhya Blood Bank,Maharashtra,THANE,Thane,"1st Floor. Satyam Apartment, M.G. Road, Jeevan Jyot Hospital, Near Naupada Police Station, Thane (W)",9892523533,Charity,19.187896,72.96724
Mahatma Gandhi Mission Medical College and Hospital Blood Bank,Maharashtra,THANE,Thane,"Plot No. 1 and 2, Sector-18, Kamothe, Navi Mumbai",9819131787,Charity,19.003199,73.118362
Navjeevan Blood Bank,Maharashtra,THANE,Thane,"Gokhale Road, Naupada, Near Dr.Mhaskar39s Hospital, Thane (W)",9820040536,Charity,19.187729,72.967926
Sarla Blood Bank,Maharashtra,THANE,Thane,"Ravi Hospital, 1st Floor, 50 Anand Nagar, Navghar Vasai (W)",9960174472,Charity,19.255677,72.865577
Tssia Blood Bank,Maharashtra,THANE,Thane,"Tssia House, Road No.P 26/T,Rd-16, Wagle Estate, Thane (W)",9223300850,Charity,19.194769,72.952884
Kai Wamanrao Oak Blood Bank,Maharashtra,THANE,Thane,"Ghantali Mandir Road, Vishnu Nagar, Naupada, Thane",9370404438,Charity,19.186459,72.975467
Blood Line Blood Bank,Maharashtra,THANE,Thane,"Swargiya Dharmvir Anand Dighe Sankool, Tika No-10, Near Vikas Palm, Dr. Ambedkar Road, Thane (W)",9867997507,Charity,19.200762,72.97498
Kalyan Dombivali Municipal Corporation Sponsored Nandakishore Education Society Arpan Blood Bank,Maharashtra,THANE,Thane,"2nd Floor, Bai Rukhminibal Hospital, Kalyan (W)",9876543210,Charity,19.244366,73.122511
Smt. Devkaabai Kalyanji Chheda Amrutvahini Blood Bank,Maharashtra,THANE,Thane,"Ashirwad Apartment, 2nd Floor,  Dshsnu (E), Thane",9876543210,Charity,19.208377,72.847668
Sanjeevan Blood Bank,Maharashtra,THANE,Thane,"1st Floor, Indravati Hospital, Sector-3, Airoli, Navi Mumbai",9876543210,Charity,19.156842,72.997815
Vijayee Blood Bank,Maharashtra,THANE,Thane,"Andrandes Bhavan 1st Floor, Plot No. 2, Sr. No 277-A, Behind Papdi Telephone Exchange, Near Sai Services,  Vasai (W)",9881091218,Charity,19.358711,72.811841
Mira Bhayandar Municipal Corporation Rajeev Gandhi Blood Bank,Maharashtra,THANE,Thane,"C.S No.30/32 Poonam Sagar Complex, Near Allahabad Bank Mira Road (E), Thane",9876543210,Charity,19.274233,72.861175
"Maharashtra Blood Bank, Component and Apheresis Centre",Maharashtra,THANE,Thane,"C- Wing, 107/207, Kuldeep Arcade, Near Navli Railway Phatak, Station Road, Palghar (W), Thane",9823133779,Charity,19.692902,72.772639
Chidanand Charitable Trust Dombivali Blood Bank,Maharashtra,THANE,Thane,"Siddhi Hospital, Bajiprabhu Chowk, Dombivali (East)",9833156009,Charity,19.212614,73.088869
Seva Blood Bank,Maharashtra,THANE,Thane,"Pushpadev Apartment, Basement, Opposite to Manav Kalyan Kendra, Near Sarvesh Hall, Dombivali",9876543210,Charity,19.215715,73.091599
Chhatrapati Shivaji Maharaj Hospital Blood Bank,Maharashtra,THANE,Thane,"Thane Belapur Road, Kalwa, Thane",9757223723,Government,19.1922569,72.986723
Navi Mumbai Municipal Corporation Blood Bank,Maharashtra,THANE,Thane,"General Hospital Vashi, Near Saint Mary Church, Sector-10, Vashi, Navi Mumbai",0932429261,Government,19.082788,72.996027
Lokmanya TSSIA Blood Bank Thane,Maharashtra,THANE,Thane,"Tssia House, Road No. P 26/T, Road-16, Next to Thane Janata Sahakari Bank, Behind the Petrol Pump, Wagle Estate, Thane (W)",9225630689,Charity,19.191526,72.95169
"District - Civil Surgeon, General Hospital Blood Bank Wardha",Maharashtra,WARDHA,Wardha,"New Building, OPD 1st Floor General Hospital, Dr. Ambedkar Road, Near Jilha Parisad, Wardha",0942290428,Government,20.737833,78.603162
Kasturba Health Society Blood Bank,Maharashtra,WARDHA,Wardha,"Sevagram, Department of Pathology, MGIMS and Kasturba Hospital,  Sevagram, Wardha",9423120939,Charity,20.739287,78.660927
Jawaharlal Nehru Medical College Blood Bank,Maharashtra,WARDHA,Wardha,"Savangi (Meghe), Paloti Road, Wardha",9823749905,Charity,20.715824,78.575564
"Civil Surgeon, General Hospital Blood Bank Washim",Maharashtra,WASHIM,Washim,"General Hospital Blood Bank, Near Akola Naka,  Washim",9823301245,Government,20.12259,77.127893
Sau Kantadevi Dale Blood Bank,Maharashtra,WASHIM,Washim,"Maa Ganga Memorial Baheti Hospital, Akola Naka, Washim",0982221794,Charity,20.105396,77.143122
Shri Vasantrao Naik Blood Bank,Maharashtra,YAVATMAL,Yavatmal,"Government Medical College and Hospital, Yavatmal",9422166126,Government,20.39524,78.118668
Laxmi Blood Bank,Maharashtra,YAVATMAL,Yavatmal,"Chiddarwar Hospital, Motinagar, Pusad, Yavatmal",9422166035,Private,19.906603,77.567708
Satyashanti Blood Bank,Maharashtra,YAVATMAL,Yavatmal,"2nd Floor, Satyashanti Hospital, Opposite to Bus Stand, Pusad",9422165895,Private,19.910776,77.569957
Aishwarya Blood Bank,Maharashtra,YAVATMAL,Yavatmal,"Survey No.3/2, Godhani Road, Gurunanak Nagar, Near Amolakshand College, Mouza, Umarsara, Yavatmal",9860508090,Charity,20.389322,78.118544
Shri Gajanan Blood Bank And Components,Maharashtra,YAVATMAL,Yavatmal,"Property No 71, Road No.9, 2nd Floor, Bajaj Satkar Bhavan, Yavatmal (m.s)",9823053679,Charity,20.418283,78.12953
Ekneel Blood Bank,Maharashtra,YAVATMAL,Yavatmal,"Near City Centre, Datta Chowk",7588775111,Charity,20.389322,78.118544
District Hospital Blood Bank,Manipur,CHURACHANDPUR,Churachandpur,"Churachandpur District Hospital, IB Road, Hiangtam Lamka",9876543210,Government,24.343447,93.692909
JNIMS Hospital Blood Bank and Transfusion Unit,Manipur,IMPHAL EAST,Porompat,"JNIMS Hospital, Ryang Palli Road, Near TV RoadPorompat, Imphal East",9862983562,Government,24.811173,93.961697
Model Blood Bank - Department of IHBT,Manipur,IMPHAL WEST,Imphal,"RIIMS, Lamphalphelpat, Lamphel Road, Imphal",0943602716,Government,24.815898,93.922827
Shija Blood Bank and Transfusion Services,Manipur,IMPHAL WEST,Imphal,"Shija Hospital and Research Institute, Meitei Langol, Lamphelpat, Imphal",9436807409,Charity,24.835805,93.914217
District Hospital Blood Bank and Transfusion Unit,Manipur,THOUBAL,Thoubal,"District Hospital, Khangbok, Maning Leikai, Manipur",0825988036,Government,24.624975,94.013034
Military Hospital Blood Bank,Meghalaya,EAST KHASI HILLS,Shillong,"Military Hospital, Rilbong, Shillong",9876543210,Government,25.571624,91.873071
Nazareth Hospital Blood Bank,Meghalaya,EAST KHASI HILLS,Shillong,"Nazareth Hospital, Laitumkhrah, Shillong",9876543210,Charity,25.571321,91.897913
"Regional Blood Bank, East Khasi Hills - Pasteur Institute",Meghalaya,EAST KHASI HILLS,Shillong,"Pasteur Institute, Pasteur Hill, Lawmali",9863024427,Government,25.583606,91.884132
North Eastern Indira Gandhi Regional Institute of Health and Medical Sciences Blood Bank,Meghalaya,EAST KHASI HILLS,Shillong,"North Eastern Indira Gandhi Regional Institute of Health and Medical Sciences , Mawdiangdiang, Shillong",9856089295,Government,25.591485,91.940381
Dr. H. Gordon Roberts Hospital Blood Bank,Meghalaya,EAST KHASI HILLS,Shillong,"Jaiaw, Shillong",9774461158,Charity,25.584829,91.875283
Tura Civil Hospital Blood Bank,Meghalaya,WEST GARO HILLS,Tura,"Tura Civil Hospital, Dermile, Near Dermile Fuel Station",9436104282,Government,25.514811,90.203482
Jowai Civil Hospital Blood Bank,Meghalaya,WEST JAINTIA HILLS,Jowai,"Jowai Civil Hospital, DurlongOpp. Lower Primary School Panaliar,Panaliar Towai",9436337637,Government,25.438521,92.199331
Civil Hospital Blood Bank Aizawl,Mizoram,AIZAWL,Aizawl,"Block -B , Civil Hospital,Near Millenium Centre,Aizawl",9436140882,Government,23.732287,92.716561
Synod Hospital Blood Bank Durtlang,Mizoram,AIZAWL,Aizawl,"Blood Bank, Synod Hospital, Durtlang",9863374335,Charity,23.772714,92.731326
District Hospital Blood Bank Champhai,Mizoram,CHAMPHAI,Champhai,"District Hospital, ChamphaiVengsang ChamphaiNear BSNL office Champhai",9862478410,Government,23.48105,93.3097
District Hospital Blood Bank Kolasib,Mizoram,KOLASIB,Kolasib,"Blood Bank, District Hospital, KolasibVenglai, Kolasib, Hospital Road",9436155353,Government,24.231419,92.676799
District Hospital Blood Bank Lawngtlai,Mizoram,LAWNGTLAI,Lawngtlai,"District Hospital, Electric veng, Near CMO office, Lawngtlai",9612194846,Government,22.536684,92.888179
Civil Hospital Blood Bank,Mizoram,LUNGLEI,Lunglei,"Civil Hospital, Chanmari-2 Lunglei",0908923652,Government,22.886385,92.744135
Christian Hospital Blood Bank Serkawn,Mizoram,LUNGLEI,Serkawn,"Christian Hospital, Serkawn",8415843580,Charity,22.90691,92.758415
District Hospital Blood Bank Mamit,Mizoram,MAMIT,Mamit,"Blood Bank, District Hospital,Lungsir, Mamit",9862635066,Government,23.909365,92.494861
Civil Hospital Blood Bank Saiha,Mizoram,SAIHA,Saiha,"District Hospital, New Saiha West, Saiha",0943658876,Government,22.488391,92.982668
"J N Hospital Blood Bank,Serchhip",Mizoram,SERCHHIP,Serchhip,"Blood Bank, District Hospital, Serchhip",9862300952,Charity,23.307946,92.856366
District Hospital Blood Bank,Nagaland,DIMAPUR,Dimapur,"District Hospital Colony, Dimapur",9436009493,Government,25.905078,93.731607
Christian Institute of Health Sciences and Research Blood Bank,Nagaland,DIMAPUR,Dimapur,"Christian Institute of Health Sciences  Research, 4th Mile, P.B. 31, P.O. ARTC, Dimapur",9862583187,Private,25.865482,93.771446
Naga Hospital Authority Blood Bank,Nagaland,KOHIMA,Kohima,"Naga Hospital, NH 39, AH1, Kohima",9436000422,Government,25.669384,94.095902
General Hospital Blood Bank,Nagaland,KOHIMA,Kohima,"General Hospital, Kohima",9436292954,Government,25.596486,94.12323
Dr. Imkongliba Memorial District Hospital Blood Bank,Nagaland,MOKOKCHUNG,Mokokchung,"Dr. Imkongliba memorial District Hospital, Majakong Ward, Mokukchung",9436006242,Government,26.318678,94.52071
District Hospital Blood Bank,Nagaland,MON,Mon,"Mon Civil Hospital, Tuensang-Mon Naginimora RoadBlood Bank",9436441059,Government,26.716467,95.02633
District Hospital Blood Bank,Nagaland,PHEK,Phek,"District Hospital, Bethany 1 Colony, Phek town",9436013317,Government,25.710067,94.464482
District Hospital Blood Bank,Nagaland,TUENSANG,Tuensang,"Civil Hospital, Tuensang-Mon-Naginimora Road, NagalandBlood Bank",9436007242,Government,26.253444,94.817879
District Hospital Blood Bank,Nagaland,WOKHA,Wokha,"Wokha Civil Hospital, Wokha, Near NH 61",9436240964,Government,26.079008,94.259206
District Hospital Blood Bank,Nagaland,ZUNHEBOTO,Zunheboto,"District Hospital, South Point East, Near Sheipu, ZunhebetoBlood Bank",9436824331,Government,26.002962,94.523584
"Odisha Red Cross Blood Bank, Angul",Odisha,ANGUL,Angul,"District Head Quarter Hospital, Angul",9439195229,Government,20.9211366,84.8567932
"Odisha Red Cross Blood Bank, SDH, Athamallik",Odisha,ANGUL,Athamallik,"Sub Divisional Hospital Athamallik, Badadamdasahi, Athamallik",9777575292,Charity,21.20617844,84.93461609
Nalco Hospital Blood Bank,Odisha,ANGUL,Mumbai,"National Aluminium Company Ltd, Nalco Nagra, Angul",9876543210,Private,20.850763,85.152407
Sub Divisional Hospital Talcher,Odisha,ANGUL,Talcher,"Sub-Divisional Hospital, Talcher, Angul",9439408511,Government,20.946461,85.240965
Neheru Satabdi (N.S) Central Hospital Blood Bank,Odisha,ANGUL,Talcher,"Neheru Shatabdi Hospital, MCL, AT/PO - Dera, Talcher",0943729053,Government,20.931088,85.173211
"Odisha Red Cross Blood Bank, Balangir",Odisha,BALANGIR,Balangir,"District Head Quarters Hospital Campus, Balangir",9861161030,Government,20.707443,83.494856
"Biju Padhnaik Red Cross Blood Bank, CHC Kantabanji",Odisha,BALANGIR,Kantabanji,"Road No 1, CHC Kantabanji , Balangir, Odisha",9437588037,Government,20.468944,82.914898
"Odisha Red Cross Blood Bank, Patnagarh",Odisha,BALANGIR,Patnagarh,"Sub Divisional Hospital Blood Bank Patnagarh , At/Po/Ps- Patnagarh",9437240734,Government,20.708494,83.129548
"Odisha Red Cross Blood Bank, SDH, Titlagarh",Odisha,BALANGIR,Titlagarh,"Sub-Divisional Hospital,Titlagarh, At/Po/Ps- Titlagarh,  Balangir",9438337291,Government,20.2894944,83.1516406
"Odisha Red Cross Blood Bank, Balasore",Odisha,Balasore,Balasore,"District Head Quarters Hospital, Baleshwar",9437435843,Government,21.493347,86.935961
Jyoti Hospital Blood Bank,Odisha,Balasore,Kuruda,"Kuruda, Balasore",0943704939,Government,21.471497,86.891335
"Odisha Red Cross Blood Bank, Nilagiri",Odisha,Balasore,Nilagiri,"Sud Divisional Hospital,  Nilagiri, At/Po/Ps-Nilagiri",9437435843,Government,21.463441,86.775551
"Odisha Red Cross Blood Bank, Baragarh",Odisha,BARGARH,Bargarh,"Distict Head Quarter Hospital, Bargarh",9876543210,Charity,21.335042,83.616202
"Catholic Mission Hospital Blood Bank, Bargarh",Odisha,BARGARH,Bargarh,"Bargarh-Bheden Rd, Tora, Ruhunia",9876543210,Private,21.331385,83.608727
"Odisha Red Cross Blood Bank, SDH, Padampur",Odisha,BARGARH,Padampur,"At-Padampur, Po-Rajborasambar,",9437344762,Government,20.999564,83.060982
"Odisha Red Cross Blood Bank, Bhadrak",Odisha,BHADRAK,Bhadrak,"District Head Quarter Hospital, Bhadrak",9437278278,Government,21.065246,86.502463
"Odisha Red Cross Blood Bank, Boudh",Odisha,BOUDH,Boudh,"District Head Quarters Hospital, NH 224, Boudh",0943749599,Charity,20.840309,84.321603
"Central Red Cross Blood Bank, Cuttack",Odisha,CUTTACK,Cuttack,"Mangalabag, Medical Road, Cuttack",8763054547,Charity,20.474804,85.888633
Shrirama Chandra Bhanj (SCB) Medical College Blood Bank,Odisha,CUTTACK,Cuttack,"Dock Road, Manglabag",9876543210,Government,20.473658,85.892097
"Odisha Red Cross Blood Bank, Deogarh",Odisha,DEOGARH,Deogarh,"District Head Quarters Hospital, Deogarh",0889503940,Government,21.534301,84.729719
"Odisha Red Cross Blood Bank, Dhenkanal",Odisha,DHENKANAL,Dhenkanal,District Head Quarters Hospital,9439123301,Charity,20.663314,85.597065
"Odisha Red Cross Blood, Paralakhemundi",Odisha,GAJAPATI,Gajapai,"District Hospital, Paralakhemundi,Gajapati",9876543210,Charity,18.771476,84.096865
Maharaja Krishna Chandra Gajapati Medical College Blood bank,Odisha,GANJAM,Berhampur,"National Highway 59, Berhampur, Ganjam",9861193566,Government,19.312434,84.810241
"Odisha Red Cross Blood Bank, SDH, Bhanjanagar",Odisha,GANJAM,Bhanjanagar,Sub Divisional Hospital Bhanjanagar,9437424234,Charity,19.93655984,84.57996368
"Odisha Red Cross Blood Bank, Jagatsinghpur",Odisha,Jagatsinghpur,Jagatsinghpur,"District Head Quarters Hospital, Jagatsinghpur",9438411897,Government,20.251662,86.179783
"Odisha Red Cross Blood Bank, Jajpur",Odisha,JAJPUR,Jaipur,"District Head Quarters Hospital, Jajpur",9437238102,Government,20.849463,86.328963
"Odisha Red Cross Blood Bank, CHC Jajpur road",Odisha,JAJPUR,Jaipur Road,CHC Jajpur Road,9876543210,Government,20.948487,20.948487
"Odisha Red Cross Blood Bank, Jharsuguda",Odisha,JHARSUGUDA,Jharsuguda,"District Head Quarter Hospital, Near Hanuman Mandir,",0943879293,Government,21.853817,84.017235
"TRL Hospital, Belpahada",Odisha,JHARSUGUDA,Mumbai,"TRL Hospital, Belpahar, Jharsuguda, Odisha",9876543210,Private,21.8138695,83.8530636
"Central Hospital (MCL), Brajaraj Nagar",Odisha,JHARSUGUDA,Mumbai,"Blood Bank, Central Hospital (MCL),Brajaraj Nagar, Jharsuguda",9876543210,Private,21.8479363,83.9174688
District Head Quarters Hospital Blood Bank Bhawanipatna,Odisha,KALAHANDI,Bhawanipatna,"Hospital Road, SH 44,",9876543210,Charity,19.901936,83.159977
"Odisha Red Cross Blood Bank, SDH, Dharmagarh",Odisha,KALAHANDI,Dharmagarh,"Sub-Divisional Hospital, At/Po- Dharmagarh",9437328408,Government,19.869351,82.781124
Sardar Rajas Medical College Hospital Blood Bank,Odisha,KALAHANDI,Mumbai,"Blood Bank, Sardar Rajas MCH, Bhawaniptna",9876543210,Government,19.890621,83.014694
"Odisha Red Cross Blood Bank, SDH, Baliguda",Odisha,KANDHAMAL,Baliguda,"Sub-Divisional Hospital, Near SBI, Balliguda",9876543210,Government,20.200309,83.909889
"Odisha Red Cross Blood Bank, Kandhamal",Odisha,KANDHAMAL,Phulbani,"District Head Quarter Hospital Phulbani, Kandhamal",0943764633,Charity,20.485796,84.224718
District Head Quarters Hospital Blood Bank Kendrapara,Odisha,KENDRAPARA,Mumbai,"District Head Quarters Hospital Blood Bank, Kendrapara",9439739510,Government,20.502151,86.425929
"Odisha Red Cross Blood Bank, SDH, Anandapur",Odisha,KENDUJHAR,Anandapur,"Sub Divisional Hospital, Anandapur, Ghasipura",9876543210,Government,21.628282,85.596419
"Odisha Red Cross Blood Bank, SDH, Champua",Odisha,KENDUJHAR,Champua NAC,"Sub Divisional Hospital Champua, At/-SDH, Champua",9776983507,Government,21.6293658,85.5978164
"Tisco Hospital Blood Bank, Kendujhar",Odisha,KENDUJHAR,Joda,"Tisco Hospital, Joda, Kendujhar",9876543210,Private,22.018667,85.418371
"Odisha Red Cross Blood Bank, Kendujhar",Odisha,KENDUJHAR,Kendujhar,"District  Head Quarter Hospital,Kendujhar",9876543210,Government,21.628282,85.596419
Central Hospital Blood Bank Joda,Odisha,KENDUJHAR,Mumbai,"Blood Bank,Central  Hospital, Joda, Keonjhar",9876543210,Private,22.036011,85.434191
"Odisha Red Cross Blood Bank, Capital Hospital",Odisha,KHORDHA,Bhubaneswar,"Capital Hospital, Udyan Marg, Unit-6, Ganga Nagar",9238342693,Government,20.260999,85.82211
"Odisha Red Cross Blood Bank, Bhubaneshwar Municipal Hospital",Odisha,KHORDHA,Bhubaneswar,"OldTown, Samantarapur",9861107152,Government,20.230822,85.841899
Kalinga Hospital Limited Blood Bank,Odisha,KHORDHA,Bhubaneswar,"Kalinga Hospital, Chandrasekharpur, Bhubaneswar",9437010331,Private,20.313722,85.818325
"Apollo Hospital Blood Bank, Bhubaneswar",Odisha,KHORDHA,Bhubaneswar,"Plot No. 251, Old Sainik School Road, Bhubaneswar, Opposite to Vanibihar",9876543210,Private,20.305593,85.831789
Hi-Tech Medical College  Hospital Blood Bank,Odisha,KHORDHA,Bhubaneswar,"Pandra,Rasulgarh,Bhubaneshwar",9876543210,Charity,20.300484,85.877272
Sum Hospital Blood Bank,Odisha,KHORDHA,Bhubaneswar,"K-8, Kalinga Nagar",9876543210,Private,20.283391,85.769625
Kalinga Institute of Medical Sciences (KIMS) Blood Bank,Odisha,KHORDHA,Bhubaneswar,"NALCO Nagar, Chandrasekharpur",9876543210,Private,20.353379,85.814853
AMRI Hospital Blood Bank,Odisha,KHORDHA,Bhubaneswar,"Plot No. 1, Near Jayadev Vatika Park, Khandagiri,",9876543210,Private,20.260166,85.777769
"Odisha Red Cross Blood Bank, Khurda",Odisha,KHORDHA,Khordha,"District Head Quarter Hospital, CDMO Campus, At/Po/Dt-Khordha",9437286660,Government,20.0553881,84.9466673
NALCO Hospital Blood Bank,Odisha,KORAPUT,Damanjodi,"Sector 3, Damanjodi",9876543210,Private,18.760347,82.9011261
"Red Cross Blood Bank, SDH, Koraputk",Odisha,KORAPUT,Jeypore,"Sub Divisional Hospital, Sardar Patel Marg",9778545750,Government,18.863146,82.572509
"Odisha Red Cross Blood Bank, Koraput",Odisha,KORAPUT,Koraput,"District Head Quarter Hospital, Janiguda",9938413345,Government,18.805606,82.705017
Asha Kiran Society Blood Bank,Odisha,KORAPUT,Lamtaput,"Lamtaput, Koraput",0943855184,Charity,18.599153,82.601739
HAL Hospital Blood Bank,Odisha,KORAPUT,Sunabeda,"Sunabeda, Koraput",9876543210,Government,18.729641,82.8215279
"Odisha Red Cross Blood Bank, Malkangiri",Odisha,MALKANGIRI,DNK Malkangiri,"District Head quarters Hospita Malkangiri,",9439523056,Government,18.581971,82.075923
"Odisha Red Cross Blood Bank, Baripada",Odisha,MAYURBHANJ,Baripada,"District Head Quarters Hospital Baripada, Mayurbhanj",9937745972,Government,21.931231,86.727842
"Odisha red Cross Blood Bank, Karanjia, Mayurbhanj",Odisha,MAYURBHANJ,Karanjia,"Sub Divisional Hospital, Karanjia (Post), Mayurbhanj",9437570485,Charity,21.764292,85.973327
"Odisha Red Cross Blood Bank, SDH, Rairangpur",Odisha,MAYURBHANJ,Rairangpur,"Sub-Divisional Hspital, Rairangpur",9438083560,Government,22.2692759,86.1564211
"Odisha Red Cross Blood Bank, SDH, Udala",Odisha,MAYURBHANJ,Udala,"Sub Divisional Hospital, Udala, Mayurbhanj",9438463520,Government,21.576557,86.565098
"Odisha Red Cross Blood Bank, Nabarangpur",Odisha,NABARANGPUR,Nabarangpur,"District Head Quarter Hospital, Miriganiguda",9437269986,Government,19.22886,82.56679
Christian Hospital Blood Bank Nabarangpur,Odisha,NABARANGPUR,Nabarangpur,"Christian Hospital, Nabarangpur, Mission Compound",9437095066,Charity,19.2392509,82.547666
"Odisha Red Cross Blood Bank, Nayagarh",Odisha,NAYAGARH,Nayagarh,District Head Quarter Hospital Nayagarh,9437189479,Government,20.128058,85.107413
Evangelical Hospital Blood Bank,Odisha,NUAPADA,Khariar,"Gadramunda, Khariar",0966842924,Charity,20.3088467,82.7417943
"Odisha Red Cross Blood Bank, Nuapada",Odisha,NUAPADA,Nuapada,"District Headquarter Hospital, Nuapada",9437292867,Government,20.808848,82.534107
Aharya Harihar Red Cross Blood Bank,Odisha,PURI,Puri,"District Head Quarters Hospital, Grand Road",9861067545,Charity,19.814381,85.829648
Christian Hospital Blood Bank,Odisha,RAYAGADA,Bissam Cuttack,"Bissam Cuttack, Rayagada",9439758855,Charity,19.516658,83.506689
"Odisha Red Cross Blood bank, SDH, Gunupur",Odisha,RAYAGADA,Gunupur,"sub- Divisional Hospital Gunupur, SDH Campus",8596985766,Government,19.071552,83.809261
Jesus Mary Hospital Blood Bank,Odisha,SAMBALPUR,Barapali,"Barapali, Sambalpur",9876543210,Private,21.497281,83.969962
"Odisha Red Cross Blood Bank, SDH, Kuchinda",Odisha,SAMBALPUR,Kuchinda,"Sub Divisional Hospital Kuchinda, Sambalpur",9668062862,Charity,21.745975,84.350757
Odisha Red Cross Blood Bank Sambalpur,Odisha,SAMBALPUR,Modipada,"District Head Quarter Hospital, Pani Tanki Road, Modipada (Post), Sambalpur",9437352858,Government,21.473765,83.974011
VSS Medical College and Hospital Blood Bank,Odisha,SAMBALPUR,Sambalpur,"VSS Medical College Hospital, BurlaOpposite to PG Hospital, VSS, MC Burla",9439536922,Government,21.501094,83.884655
"Odisha Red Cross Blood Bank, Subarnapur",Odisha,SONEPUR,Sonepur,"District Headquarters Hospital Sonepur, Hospital Road, Near fire station",9437715956,Government,20.843647,83.907
"Odisha Red Cross Blood Bank, Rourkela",Odisha,Sundergarh,Rourkela,"Rourkela Government Hospital Campus, Rourkela, PO- Uditnagr, S.T.I Chowk",9437117223,Government,22.264089,84.865108
"Immuno-Haematology  Blood Transfusion Centre, Rourkela",Odisha,Sundergarh,Rourkela,"ISPAT General Hospital, Steel Authority of India ltd. Rourkela Steel Plant, Sector - 19",8895501126,Government,22.2640892,84.8651084
Vesaj Patel Hospital and Research Center Blood Bank,Odisha,Sundergarh,Rourkela,"Vesaj Patel Hosp and Research Center, Rourkela",9876543210,Private,22.2265275,84.821447
Community Welfare Society Hospital Blood Bank,Odisha,Sundergarh,Rourkela,"Jagda, Rourkela",9876543210,Charity,22.255332,84.900917
Hi-Tech Medical college  Hospital Blood Bank,Odisha,Sundergarh,Rourkela,"Near Hanuman Vatika, R.G.H Campus",9090952348,Charity,22.223584,84.8296273
"Odisha Red Cross Blood Bank, SDH, Bonai",Odisha,Sundergarh,Sundargarh,"Sub Divisional Hospital Bonai, Bonaigarh",9437117223,Government,21.819928,84.956534
"Odisha Red Cross Blood Bank, Sundergarh",Odisha,Sundergarh,Sundergarh,"District Headquarter Hospital Premises, Sundargarh",9437250012,Government,22.118256,84.036159
Karaikal Government General Hospital Blood Bank,Puducherry,KARAIKAL,Karaikal,"Kamarajar Salai Government Hospital, Puducherry",9360082577,Government,10.917635,79.836804
Sri Venkateshwara Medical College Hospital and Research Centre,Puducherry,Puducherry,Ariyur,"13-A, Pondy-Vellupuram Main Road, Sugar Factory - Parry, Ariyur",9443602759,Private,11.903661,79.701071
Pondicherry Institute of Medical Sciences Blood Bank,Puducherry,Puducherry,Kalapet,"Kalathumettupathai, Ganapathichettikulam, Village No. 20Kalapet, Puducherry",9876543210,Private,12.046974,79.854738
Sri Manakula Vinayagar Medical College Hospital Blood Bank,Puducherry,Puducherry,Kalitheerthalkuppam,"Kalitheerthalkuppam, Madagadipet, Puducherry",9876543210,Charity,11.921612,79.62821
Vinayaka Missions Medical College and Hospital Blood Bank,Puducherry,Puducherry,Karaikal,"Keezhakasakudimedu, Kottucherry Post,  Karaikal, Puducherry",0944320311,Charity,10.955396,79.847776
Mahatma Gandhi Medical College and Research Institute,Puducherry,Puducherry,Pillayarkuppam,"Pondy-Cuddalore Main Road, PillaiyarkuppamPuducherry",9876543210,Charity,11.811867,79.778314
Aarupadai Veedu Medical College Blood Bank,Puducherry,Puducherry,Pondicherry,"East Coast Road, Kirumampakkam, Pondy Cuddalore Road,                               Puducherry",9876543210,Private,11.831098,79.783102
Indhira Gandhi Goverment General Hospital Blood Bank,Puducherry,Puducherry,Puducherry,"1,RVE Victor Simonel Street, Adjucent to Assembly",9872803453,Government,11.931847,79.83303
Jawahar Institute of Post Graduate Medical Education  Research (JIPMER) Hospital Blood Bank,Puducherry,Puducherry,Puducherry,"80, OPD Block, Second Floor, Dhanvantari Nagar, Gorimedu Near Gorimedu Check post",9876543210,Government,11.954602,79.797995
St. Joseph39s Hospital (Cluny)  Blood Bank,Puducherry,Puducherry,Puducherry,"St.Joseph39s Hospital cluny, 16, Romain Rolland Street, Puducherry",9489500837,Charity,11.930442,79.834177
Sri Lakshminarayana Institute of Medical Sciences Blood Bank,Puducherry,Puducherry,Puducherry,"Osudu Agaram Village, Villianur Commune, KudapakkamPost, Opposite Oostheri Lake",9876543210,Charity,11.938014,79.737529
INDIRA GANDHI MEDICAL COLLEGE  RESEARCH INSTITUTE ( BLOOD BANK),Puducherry,Puducherry,Puducherry,"225,First Floor, Vazhudavur Road, Kathirkamam",9876543210,Government,11.939856,79.79624
East Coast Hospitals Blood Bank,Puducherry,Puducherry,Puducherry,"No 1, Perambai Road, Paris Nagar, Moolakulam,  Near Vasantha Raja Theatre",9876543210,Private,11.930089,79.77957
Rajiv Gandhi Government Women and Child Hospital Blood Bank,Puducherry,Puducherry,Puducherry,"Iyyanar Kovil, Victor Simonal Street, 100 Feet RoadPuducherry",9876543210,Government,11.93782,79.806917
A.G. Padmavathi Hospital Blood Bank,Puducherry,Puducherry,Puducherry,"R.S. 127/1A, Villianur Main Road, Arumparthapuram, Oulgaret, Near Adhithiya School",9876543210,Private,11.92318,79.777662
Yanam Old Age Home Blood Bank,Puducherry,Puducherry,Yanam,"D.no7-4-055, Old Rajeev Nagar, River bank, Yanam",8842324933,Charity,16.729453,82.216893
Ajnala Civil Hospital Blood bank,Punjab,AMRITSAR,Ajnala,"Fatehgarh Churian Road, Near Main Chowk",9876543210,Government,31.8091472,74.26834
Sri Guru Ram Das Institute of Medical Sciences and Research Blood bank,Punjab,AMRITSAR,Amritsar,"Mehta Road, PO Vallah",9876543210,Charity,31.635855,74.966905
Green Avenue Blood Bank,Punjab,AMRITSAR,Amritsar,"644, Mcleod Road, Rani Ka Bagh",0998844882,Private,31.637056,74.856332
Anil Blood Bank,Punjab,AMRITSAR,Amritsar,"Inside EMC Super speciality Hospital, Green Avenue",9888881873,Private,31.643995,74.86651
Amandeep Blood Bank,Punjab,AMRITSAR,Amritsar,"Amandeep Hospital, Model Town, Gt Road",0988891012,Private,31.634549,74.859014
Guru Nanak Dev Hospital Blood bank,Punjab,AMRITSAR,Amritsar,"Government Medical College, Majitha Road",9876543210,Government,31.649955,74.883616
Adhlakha Medical Center Blood Bank,Punjab,AMRITSAR,Amritsar,"29-B, Race Course Road, Basant Avenue",9876543210,Private,31.651164,74.874725
Fortis Hospital Limited Blood Bank,Punjab,AMRITSAR,Amritsar,"Fortis Escort Heart and Super Speciality Institute Limited, Majitha Virka, By Pass Road",9780020944,Private,31.664656,74.918134
Shri Guru Ram Das Charitable Hospital Blood Bank,Punjab,AMRITSAR,Amritsar,"Circular Road,Near Gurdwara Sahib Shaduin Taran Taru Road",8872004286,Charity,31.615001,74.882255
Guru Tej Rasila Charitable Hospital,Punjab,AMRITSAR,Amritsar,"Guru Tej Rasila Charitable Hospital, Saidpura, Amritsar",9779922477,Charity,31.640206,75.180095
Jallianwala Bagh Martyr39s Memorial (JBMM) Civil Hospital Blood Bank,Punjab,AMRITSAR,Amritsar,"G.T Road, Inder Palace Road, Maharaja Ranjit Singh Nagar, Hhasanpura Chowk, Hussainpura G.T. Road, Inder Palace Road, Ram Bagh,",9876543210,Government,31.633401,74.878894
Maharaj Sawan Singh Charitable Hospital Blood Bank,Punjab,AMRITSAR,Beas,"G.T Road, Near Bus Stand",8568060853,Charity,31.51633,75.288007
Barnala Civil Hospital Blood Bank,Punjab,BARNALA,Barnala,"Civil Hospital Barnala, Ram Bagh Road",9501024094,Government,30.375616,75.544877
Military Blood Bank Bathinda,Punjab,BATHINDA,Bathinda,"Military Blood Bank,  Bathinda",9815498000,Government,30.216442,74.986339
Bhathinda Civil Hospital Blood Bank,Punjab,BATHINDA,Bathinda,"Mansa Road, Opposite Police Lines",9417026767,Government,30.19344,74.947545
Max Super Speciality Hospital Blood Bank,Punjab,BATHINDA,Bathinda,"NH-64, Near Bathindha District Civil Hospital, Mansa Road",9814909191,Private,30.192388,74.946979
Adesh Institute of Medical Sciences and Research Blood Bank,Punjab,BATHINDA,Bathinda,"NH- 7, Barnala Road, Bhucho, Tehsil Nathana",9041782039,Private,30.222218,75.058662
Gupta Hospital Blood Bank,Punjab,BATHINDA,Bathinda,"2/A, Power House Road, Near Jindal Heart Hospital",0981515701,Private,30.207465,74.950084
Rampura Phul Civil Hospital Blood Bank,Punjab,BATHINDA,Rampura Phul,"Cinema Road, Dashmesh Nagar",9876543210,Government,30.274566,75.235609
Guru Gobind Singh Medical College Blood Bank Hospital Blood Bank,Punjab,FARIDKOT,Faridkot,"Sadiq Road, Kotakpura",8427099444,Government,30.681255,74.747606
Kotkapura Civil Hospital Blood Bank,Punjab,FARIDKOT,Kotkapura,"NH15, Faridkot Road",9876543210,Government,30.584713,74.820153
Fatehgarh Sahib Civil Hospital Blood Bank,Punjab,FATEHGARH SAHIB,Fatehgarh Sahib,"Old Tehsil, Government Quarters, BBSBE College CampusNear DC Complex",0902333207,Government,30.646899,76.390134
Abohar Civil Hospital Blood Bank,Punjab,FAZILKA,Abohar,"NH 15, Krishna Nagri, Near Lakarh Mandi",9888283349,Government,30.141667,74.198522
Fazilka Civil Hospital Blood Bank,Punjab,FAZILKA,Fazilka,Railway Colony,9417616211,Government,30.40713,74.024688
Dr. Anil Bhaghi Memorial Hospital Blood Bank,Punjab,Ferozpur,Ferozpur,Martyr Anil Baghi Road,9814181414,Private,30.9493,74.619453
Ferozpur Civil Hospital Blood Bank,Punjab,Ferozpur,Ferozpur City,Housing Board Colony,9855600340,Government,30.952504,74.607649
Batala Civil Hospital Blood Bank,Punjab,GURDASPUR,Batala,"308 diamond avenue, batala, Civil Hospital Rd, Dharampura Colony",0987814737,Government,31.808527,75.215451
Gurdaspur Civil Hospital Blood Bank,Punjab,GURDASPUR,Gurdaspur,"Police Line, Near Bus Stand",9815418555,Government,32.040838,75.403333
Military Hospital Blood Bank,Punjab,GURDASPUR,Pathankot,"167, Military Hospital, Pathankot",8054081441,Government,32.249222,75.647473
Dasuya Civil Hospital Blood Bank,Punjab,HOSHIARPUR,Dasuya,"Hoshiarpur-Chandigarh Road, Keharvali, Dasuya",0991408165,Government,31.807263,75.665537
Garhshankar Civil Hospital Blood Bank,Punjab,HOSHIARPUR,Garshankar,Anandpur Sahib Road,9815004488,Government,31.213261,76.151158
Shivam Hospital Blood Bank,Punjab,HOSHIARPUR,Hoshiarpur,"Phagwara Road, Near Railway Crossing",9876543210,Private,31.520779,75.900469
Hoshiarpur Civil Hospital Blood Bank,Punjab,HOSHIARPUR,Hoshiarpur,Kamalpur,9876543210,Government,31.530807,75.899503
Bhai Ghanaiya Ji Charitable Blood Bank and Hospital,Punjab,HOSHIARPUR,Hoshiarpur,"Model colony, Hoshiarpur",9915460220,Charity,31.535364,75.901668
Indian Medical Association Blood Bank Hoshiarpur,Punjab,HOSHIARPUR,Hoshiarpur,"Sud Nursing Home,Premgarh, Dhobian Wali Gali,,",9876543210,Charity,31.530798,75.90642
Sant Baba Rangi Ram Ji Charitable Hospital Blood Bank,Punjab,HOSHIARPUR,Hoshiarpur,"Jaja Road, Vpo - Jaja, Near Tanda",9855109807,Charity,31.675185,75.657103
Mukerian Civil Hospital Blood Bank,Punjab,HOSHIARPUR,Mukerian,"Model Town, Tikhowal",9814868556,Government,31.950081,75.613623
Baba Budha Sabib Cardiac Centre (BBC) Heart Care  Pruthi Hospital Blood Bank,Punjab,JALANDHAR,Jalandhar,"301, Lajpat Nagar",9815343035,Private,31.317437,75.57421
Jalandhar Civil Hospital,Punjab,JALANDHAR,Jalandhar,"Near Police Station,Jyothi Chowk, Islam Ganj",9814052476,Government,31.330707,75.565197
Dr. Kanwaljit Singh Grover (KSG) Memorial Blood Bank,Punjab,JALANDHAR,Jalandhar,"Inside New Ruby Hospital, 26 Link Road, Lajput Nagar, Jalandhar",0987670898,Charity,31.3150872,75.5732243
Military Hospital,Punjab,JALANDHAR,Jalandhar,"Military Hospital, Jalandhar  Cantt.",8130105571,Government,31.2842844,75.6295921
Kidney Hospital and LifeLine Medical Institutions Blood bank,Punjab,JALANDHAR,Jalandhar,"63  64 Waryam Nagar, Cool Road",0981400757,Private,31.304465,75.587635
Tagore Hospital  Heart Care Center Blood Bank,Punjab,JALANDHAR,Jalandhar,"91, Banda Bahadur Nagar, Mahavir Marg, Near Kapurthala Chowk",9872890591,Private,31.337046,75.563262
Ohri Hospital Blood Bank,Punjab,JALANDHAR,Jalandhar,"Mahavir Marg, Near State Bank Of Patiala, Shaheed Udham Singh Nagar",9592165252,Private,31.324038,75.567511
Sacred Heart Hospital Blood Bank,Punjab,JALANDHAR,Jalandhar,"Grand Trunk Road, Maqsudan",7696410394,Charity,31.363857,75.550527
SGL Charitable Hospital Blood Bank,Punjab,JALANDHAR,Jalandhar,"1st - 4th Floor, Garha Road, Urban Estate Part I, Guru Amardas Market, Hardyal Nagar,",0935723203,Charity,31.301186,75.597155
Patel Hospital Private Limited Blood Bank,Punjab,JALANDHAR,Jalandhar,"Civil Lines, Behind Hotel Skylark",9876004506,Private,31.323729,75.578156
Ghai Hospital Blood Bank,Punjab,JALANDHAR,Jalandhar,"661, A  B, Guru Teg Bahadur Nagar,, Near Ravi Dass Chowk",9876065433,Private,31.307531,75.567277
Shree Devi Talab Mandir Charitable Hospital Blood Bank,Punjab,JALANDHAR,Jalandhar,"Mandir Marg, Tanda Road, Near Kusht Ashram, Near Doaba Chowk, Doaba College",0987288336,Charity,31.342787,75.581737
Joshi Hospital and Trauma Centre Blood Bank,Punjab,JALANDHAR,Jalandhar,"Kapurthala Chowk, Near Satyam Hospital, Adarsh Nagar",9876543210,Private,31.334225,75.563308
Punjab Institute of Medical Sciences (PIMS) Blood Bank,Punjab,JALANDHAR,Jalandhar,Garha Road,8558063129,Charity,31.306683,75.595821
Capitol Hospital Blood Bank,Punjab,JALANDHAR,Jalandhar,"Jalandhar-Pathankot Road, NH-44, Near Reru Chowk",0988888000,Private,31.364442,75.597437
Johal Multispeciality Hospital Blood Bank,Punjab,JALANDHAR,Jalandhar,"Hoshiarpur Road, Rama Mandi",0814657066,Private,31.321636,75.632472
Nakodar Civil Hospital Blood Bank,Punjab,JALANDHAR,Nakodar,"Hospital Rd, Amardas Colony",9876543210,Government,31.128006,75.47587
Phillaur Civil Hospital Blood Bank,Punjab,JALANDHAR,Phillaur,"Abad Pura, Phillaur",9814180870,Government,31.021583,75.790012
Kapurthala Civil Hospital Blood Bank,Punjab,KAPURTHALA,Kapurthala,"Civil Hospital, Kapurthala Road",9417402410,Government,31.37571,75.381995
Phagwara Civil Hospital Blood bank,Punjab,KAPURTHALA,Phagwara,"NH 1, Chahal Nagar",9876543210,Government,31.226118,75.76766
Kapurthala Blood Donor Council Blood bank,Punjab,KAPURTHALA,Phagwara,"Guru Hargobind Nagar, Blood Bank Bhawan, Phagwara",9876543210,Charity,31.219092,75.77041
Khanna Civil Hospital Blood Bank,Punjab,LUDHIANA,Khanna,"Karnail Singh Rd, Ahluwalia Mohalla, Anant Nagar",9876543210,Government,30.703465,76.222834
Shri Guru Teg Bahadur Charitable Hospital,Punjab,LUDHIANA,Ludhiana,"Near Gurudwara,  Guru Teg Bahadur (GTB) Nagar, Jalandhar",9876543210,Charity,31.302247,75.572492
SNS Pahawa Charitable Hospital Blood Bank,Punjab,LUDHIANA,Ludhiana,"Industrial Area-B, Ludhiana",9876048971,Charity,30.885426,75.862185
Red Cross Regional Blood Bank,Punjab,LUDHIANA,Ludhiana,"Red Cross Bhavan, The Mall Road, Near Rakh Bagh",9876543210,Government,30.907375,75.841051
Dayanand Medical College  Hospital Blood Bank,Punjab,LUDHIANA,Ludhiana,"Rajpura Road, Near Rose Garden, Tagore Nagar, Civil Lines",9876543210,Charity,30.916089,75.835767
Christian Medical College and Brown Memorial Hospital Blood Bank,Punjab,LUDHIANA,Ludhiana,"CMC Chowk, Brown road",9876543210,Charity,30.91067,75.863458
Mohan Dai Oswal Cancer Treatment  Research Foundation Blood Bank,Punjab,LUDHIANA,Ludhiana,"Grand Trunk Rd, Sherpur Khurd Colony, Parbhat Nagar, Balsingh Nagar",9815418555,Charity,30.890496,75.884942
Ludhiana Civil Hospital Blood Bank,Punjab,LUDHIANA,Ludhiana,"Field Ganj Road, CMC Campus",9876543210,Government,30.906634,75.859678
Dr. B.L. Kapoor Memorial Hospital Blood Bank,Punjab,LUDHIANA,Ludhiana,"Sabzi Mandi Road, G.T.Road, Old Sabzi Mandi, Dal Bazar",0981409833,Private,30.920492,75.849864
Deepak Memorial Hospital Blood Bank,Punjab,LUDHIANA,Ludhiana,"Opposite Gate No 1, PAU, Sarabha Nagar",0887242013,Charity,30.892357,75.811069
Shri Krishna Charitable Hospital Blood Bank,Punjab,LUDHIANA,Ludhiana,"Pritm Nagar, Model Town",9814868556,Charity,30.888281,75.845858
Fortis Hospital Blood Bank,Punjab,LUDHIANA,Ludhiana,"6kms from Samrala Chowk, Chandigarh Road, Mundian Kalan Village, Near Radha Soami Satsang Bhavan,",7087431444,Private,30.889292,75.935144
Satguru Pratap Singh Hospital (SPS) Blood Bank,Punjab,LUDHIANA,Ludhiana,"Grand Trunk Rd, Sherpur Chowk, Sherpur",9876543210,Private,30.883346,75.887705
Deep Nursing Home and Children Hospital Blood Bank,Punjab,LUDHIANA,Ludhiana,"Plot No.481, Model Town Rd, Model Town, Near Mint Gumri Chowk",9878408331,Private,30.88946,75.837507
Shree Ragunath Hospital Blood Bank,Punjab,LUDHIANA,Ludhiana,"Aggar Nagar - B Block, Aggar Nagar",0981402381,Charity,30.888778,75.795876
Mansa Civil Hospital Blood Bank,Punjab,MANSA,Mansa,"Water Works Road, Civil Hospital",9876543210,Government,29.985368,75.40316
Moga Civil Hospital Blood Bank,Punjab,MOGA,Moga,"Mina Bazar, New Town",9872990328,Government,30.811673,75.169349
Banga Civil Hospital Blood Bank,Punjab,NAWANSHAHR,Banga,"SH18, Gandhi Nagar Mohalla",9463282194,Government,31.184344,75.995988
Guru Nanak Mission Hospital Blood Bank,Punjab,NAWANSHAHR,Dhahan Kaleeran,"Phagwara - Mohali Expressway,",9041008101,Charity,31.193742,75.948973
"Blood Donors Council, Blood Bank",Punjab,NAWANSHAHR,Nawanshahar,"Blood Donors Complex, Rahon Road",9815498000,Charity,31.118537,76.116853
Pathankot Civil Hospital Blood Bank,Punjab,PATHANKOT,Pathankot,Shahpur Road,9876543210,Government,32.2824637,75.6529524
Chintpurni Medical College and Hospital Blood Bank,Punjab,PATHANKOT,Pathankot,"Near Indian Heritage School, DLM City, Bungal,",9876543210,Charity,32.306064,75.757861
Nabha Civil Hospital Blood Bank,Punjab,PATIALA,Nabha,Nabha,9814190308,Government,30.370999,76.146125
Government Medical College and Rajindra Hospital Blood Bank,Punjab,PATIALA,Patiala,Sangrur Road,9417153259,Government,30.327696,76.386153
Military Hospital Blood Bank,Punjab,PATIALA,Patiala,Patiala,9872461083,Government,30.326207,76.382177
Life Line Blood Centre,Punjab,PATIALA,Patiala,"13-A, Walia Hospital, Corner View Colony, Dukhniwaran Road, Factory Area",9914003848,Charity,30.343682,76.399514
Gian Sagar Medical College and Hospital Blood Bank,Punjab,PATIALA,Patiala,"Ramnagar (Banur),  District Patiala, Punjab",9876543210,Charity,30.528959,76.671462
Rajpura Civil Hospital Blood Bank,Punjab,PATIALA,Rajpura Town,"AP Jain Hospital, Rajpura",9872803453,Government,30.478441,76.584065
Ananadpur Sahib Civil Hospital Blood Bank,Punjab,RUPNAGAR,Anandpur Sahib,"Ward No1, Nania Devi Road, Keshgarh Sahib",9815315243,Government,31.238973,76.494595
BBMB Hospital Blood Bank,Punjab,RUPNAGAR,Nangal,BBMB Hosital Nangal Town Ship,0941702676,Government,31.382789,76.364112
Rupnagar Civil Hospital Blood Bank,Punjab,RUPNAGAR,Rupnagar,"Ali Mohalla, Mil Mil Nagar, Gugga Mari Mohalla, Near Bela Chowk",9876708982,Government,30.966052,76.52516
Kharar Civil Hospital Blood Bank,Punjab,S.A.S Nagar (Mohali),Kharar,"Civil Hospital Road, Guru Teg Bahadur Nagar, Near Bus Stand",9855031102,Government,30.752837,76.632796
Sri Guru Harkrishan Sahib Charitable Eye Hospital Trust Blood Bank,Punjab,S.A.S Nagar (Mohali),Mohali,"Sector 77, Ajitgarh, Sohana, Sahibzada Ajit Singh Nagar,",8725001326,Charity,30.69336,76.698763
"Fortis Hospital Mohali, Blood Bank",Punjab,S.A.S Nagar (Mohali),Mohali,"Sector 62, Phase - VIII, Sahibzada Ajit Singh Nagar,",9357232032,Private,30.694086,76.730141
Silver Oaks Hospital Blood Bank,Punjab,S.A.S Nagar (Mohali),Mohali,"Phase 9, Sector 63, SAS Nagar, Sahibzada Ajit Singh Nagar, Punjab India, SAS Nagar",7696040405,Private,30.692232,76.733098
Grecian Super Speciality Hospital Blood Bank,Punjab,S.A.S Nagar (Mohali),Mohali,"Sector 69 , Sahibzada Ajit Singh Nagar",0981515701,Private,30.691127,76.723553
Ivy Health and Life Sciences Private Limited,Punjab,S.A.S Nagar (Mohali),Mohali,"IVY Hospital, Sector-71",0750869944,Private,30.706958,76.708016
Max Super Specialty Hospital Blood Bank,Punjab,S.A.S Nagar (Mohali),Mohali,"Near Civil Hospital, Phase-VI, Sector 56A",9815073734,Private,30.73975,76.714419
Mohali Civil Hospital Blood Bank,Punjab,S.A.S Nagar (Mohali),SAS Nagar,"Phase 6, 56A, Sector 56, Sahibzada Ajit Singh Nagar",9463448383,Government,30.739307,76.713957
Malerkotla Civil Hospital Blood Bank,Punjab,SANGRUR,Malerkotla,"Railway Rd, Agar Nagar",9876543210,Government,30.26952,75.809513
Civil Hospital Blood Bank,Punjab,SANGRUR,Mandi Gobind Garh,"Civil Hospital, Nasrali, Mandi Gobindgarh",9814190308,Government,30.668559,76.294889
Sangrur Civil Hospital Blood Bank,Punjab,SANGRUR,Sangrur,"Mubarik Mehal Colony, Dhuri Road, Mahavir chowk",9876543210,Government,30.251874,75.836328
Muktsar Civil Hospital Blood Bank,Punjab,SRI MUKTSAR SAHIB,Muktsar,"Canal Colony, Bathinda Road, Sri Muktsar Sahib",9876543210,Government,30.463286,74.537174
Patti Civil Hospital Blood Bank,Punjab,Tarn Taran,Patti,"Civil Hospital Patti, Taran taran",9878683585,Government,31.274623,74.853386
Tarn Taran Civil Hospital Blood Bank,Punjab,Tarn Taran,Tarn Taran,"NH 15, Guru Teg Bahadur Nagar",9779780854,Government,31.458838,74.923433
Guru Nanak Dev Super Speciality Hospital Blood Bank,Punjab,Tarn Taran,Tarn Taran,"Goindwal Sahib Road, Bachre",8872089100,Private,31.446706,74.937133
Amrit Kaur Government Hospital Blood Bank,Rajasthan,AJMER,Beawar,"Rajasthan State Highway 59, Champa Nagar",0946080369,Government,26.080635,74.326431
J.L.N. and A.G. Hospital Blood Bank,Rajasthan,AJMER,Ajmer,"JLN Hospital,  Ajmer",9414588664,Government,26.469566,74.636014
North Western Railway Hospital Blood Bank,Rajasthan,AJMER,Ajmer,"Beawar Road, Ramganj,",9876543210,Government,26.439622,74.639781
Military Hospital Blood Bank,Rajasthan,AJMER,Ajmer,"Military Hospital, Nasirabad",9001196502,Government,26.310265,74.727086
"RAJKIYA MAHILA CHIKITSALAYA, AJMER",Rajasthan,AJMER,Ajmer,"LOHAGAL ROAD, AJMER",9460022606,Government,26.52447481,74.66235606
Mittal Hospital and Research Centre Blood Bank,Rajasthan,AJMER,Ajmer,Pushkar Road,0941400937,Private,26.474396,74.612285
Government Y.N. Hospital Blood Bank,Rajasthan,AJMER,Kishangarh,"Kishangarh Road, Mitra Niwas ColonyNear R.K House",9414506583,Government,26.581635,74.861008
Rajiv Gandhi Government General Hospital Blood Bank,Rajasthan,ALWAR,Alwar,"Bijli Ghar Ka choraha, Mangal Marg",9414325671,Government,27.57247,76.458792
Seth Makhan Lal Mahawar Charitable Blood Bank Society,Rajasthan,ALWAR,Alwar,"Red Cross Bhavan, Near Income Tax Bhawan, Moti Dungari,",9414025841,Charity,27.550891,76.615215
Kailash Hospital Blood Bank,Rajasthan,ALWAR,Behror,"Delhi-Jaipur NH-08, Behror, Near Bharat Petrol Pump",9414100844,Private,27.88214,76.286106
Mahatma Gandhi Government Hospital Blood Bank,Rajasthan,BANSWARA,Banswara,Bikaner,0941422018,Government,23.553246,74.442491
"Baran Government Hospital, Blood bank",Rajasthan,BARAN,Baran,"Government Hospital, Kota Road, Gandhi Colony",9414762599,Government,25.104377,76.503388
Barmer Government Hospital Blood Bank,Rajasthan,BARMER,Barmer,Railway Colony,9351480785,Government,25.7505,71.396354
R. B. M. Hospital Blood bank,Rajasthan,BHARATPUR,Bharatpur,"Vikas Nagar, Near circular road",9784223733,Government,27.22366,77.506446
Jindal Super Speciality Hospital Blood Bank,Rajasthan,BHARATPUR,Bharatpur,"S.P.M. Nagar, U.I.T Colony",9414180505,Private,27.230266,77.477799
Mahatma Gandhi Hospital Blood Bank,Rajasthan,BHILWARA,Bhilwara,"Swami Ram Charan Marg, Bhopal Ganj",9887750361,Government,25.347562,74.641874
Bhupal Singh Dhariwal Memorial Blood Bank,Rajasthan,BHILWARA,Bhilwara,"Sector8, R C Vyas Colony, Near Sahakari Bhumi vikas bank",9799842376,Charity,25.358359,74.645124
Ram Snehi Hospital Blood Bank,Rajasthan,BHILWARA,Bhilwara,Nehru Road,9414218849,Charity,25.349758,74.643888
Prince Bijoy Memorial Man39s Hospital Blood bank,Rajasthan,BIKANER,Bikaner,"National Highway 89, SP Medical College Road, Near Ambedkar Circal",9414084387,Government,28.012378,73.327022
Sanjeevani Jan Sewa Samiti Blood Bank,Rajasthan,BIKANER,Bikaner,"2nd Floor, Chalana Hospital Campus, Sector-6, JN Vyas Colony, Near Police Station",9414846088,Charity,28.011857,73.354305
Kothari Medical Centre and Research Institute Blood Bank,Rajasthan,BIKANER,Bikaner,"NH-15, Bangla Nagar, Bikaner.",9876543210,Private,28.02578,73.298469
P.B.S.S.General Hospital Blood Bank,Rajasthan,BUNDI,Bundi,"Opposite to Road Wave bus stand Bumdi, Near to DC office",9828030210,Government,25.441477,75.644144
Shree Sanwaliyaji Government Hospital Blood Bank,Rajasthan,CHITTORGARH,Chittorgarh,"A63, Udaipur Rd, Senthi, Bapu Nagar, Chittorgarh",9876543210,Government,24.619153,74.681808
Rajasthan Atomic Power Station (R.A.P.S) Hospital Blood Bank,Rajasthan,CHITTORGARH,Rawatbhata,Chittaurgarh,9876543210,Government,24.873676,75.617899
Government D.B. Hospital Blood Bank,Rajasthan,CHURU,Churu,"Near Polica Line, Churu.",0988775036,Government,28.28984,74.959757
Ratangarh General Hospital Blood Bank,Rajasthan,CHURU,Ratangarh,"Man Nagar, Churu",9414080853,Government,28.07138,74.623013
Lion Charitable Trust Blood Bank,Rajasthan,CHURU,Sujangarh,"Near Kanoi Balika School, Adarsh Colony, Ramgariya Dharamshala Road.",9784000132,Charity,27.697179,74.471967
Shri Ramkaran Joshi General Hospital Bood bank,Rajasthan,DAUSA,Dausa,"Lalsot, Dausa, NH-11A, Lalsot Road,",0982803573,Government,26.883949,76.335767
Dholpur Government Hospital,Rajasthan,DHOLPUR,Dholpur,"Madina Colony,  Hospital Road",9799045946,Government,26.690079,77.899636
Shri Haridev Joshi General Hospital Blood bank,Rajasthan,DUNGARPUR,Dungarpur,"New Colony, Dungarpur.",9829237372,Government,23.858847,73.71089
Life Line Blood Bank,Rajasthan,HANUMANGARH,Hanumangarh,"1st floor Bombay hospital campus, Town Road, Hanumangarh Junction",9314207889,Charity,29.609166,74.297906
Sawai Man Singh (S.M.S) Hospital Blood Bank,Rajasthan,JAIPUR,Jaipur,"J.L.N. Marg, Near Maharani College",9887760510,Government,26.906044,75.816216
Santokba Durlabhji Medical Hopsital Blood bank,Rajasthan,JAIPUR,Jaipur,"Santokba Durlabhji Memorial Hospital cum Medical Research Institute5th Floor, SDMH OPD Block, Bhawani Singh Road, Bapu Nagar",9414043886,Charity,26.893786,75.812174
Government Mahila Chikitsalaya Blood Bank,Rajasthan,JAIPUR,Jaipur,"Opposite Sangneri Gate, Adarsh Nagar",9929607025,Government,26.914775,75.824649
Zanana Hospital Blood Bank,Rajasthan,JAIPUR,Jaipur,"Chand-Pole Gate, Station Road, Reserve Police Line",9772846146,Government,26.925927,75.806748
Bhagwan Mahaveer Cancer Hospital  Research Centre Blood Bank,Rajasthan,JAIPUR,Jaipur,"Jawahar Lal Nehru Marg, Bajaj Nagar, Near Saras Sankul",9414273735,Charity,26.863267,75.805818
Jaipuria Hospital Blood Bank,Rajasthan,JAIPUR,Jaipur,"Milap Nagar, Tonk Road, Jaipur",9414980219,Government,26.856547,75.800524
Mahatama Gandhi National Institute of Medical Sciences (MGNIMS) Blood Bank,Rajasthan,JAIPUR,Jaipur,"Riico Institutional Area, Sitapura, Tonk Road,",9876543210,Private,26.770811,75.855209
Swasthya Kalyan Blood Bank and Thalesemia Research Center,Rajasthan,JAIPUR,Jaipur,"Swasthya Kalyan Bhawan, Narain Singh Road,  Near Trimurti Circle.",9414144014,Charity,26.916784,75.829997
Monilek Hospital and Research Center Blood Bank,Rajasthan,JAIPUR,Jaipur,"Sector 4, Jawahar Nagar,  Monilek meag Jawahar nagar, Near UDB Building jawahar nagar",0900199482,Charity,26.88687,75.83414
National Institute of Medical Sciences Blood bank,Rajasthan,JAIPUR,Jaipur,"Shobha Nagar, Jaipur-Delhi Highway (NH-11C)",9214556402,Charity,27.192337,75.954816
Agrasen Blood Bank,Rajasthan,JAIPUR,Jaipur,"Puran mal Phoola Devi Memorial Trust, Maharaja Agrasen Hospital Campus, Sector No-7, Vidyadhar Nagar.",9460421006,Charity,26.957297,75.777845
S.K. Soni Blood Bank,Rajasthan,JAIPUR,Jaipur,"Sector 5, Vidhyadhar Nagar,  Main Sikar Road,",9876543210,Charity,26.968848,75.773365
Fortis Escorts Hospital Blood Bank,Rajasthan,JAIPUR,Jaipur,"Jawahar Lal Nehru Marg,  Malviya Nagar.",9876543210,Private,26.846176,75.803437
Narayana Multispeciality Hospital Blood bank,Rajasthan,JAIPUR,Jaipur,"Sec-28, Kumbha Marg, Prathap Nagar-Sanganer,",9414088635,Private,26.794932,75.824591
Apex Swasthya Kalyan Blood Bank,Rajasthan,JAIPUR,Jaipur,"Apex Hospital Pvt. Ltd.SP-4  6, Malviya Nagar Industrial Area, Malviya Nagar,",9414962333,Private,26.854701,75.82519
Metro Blood Bank,Rajasthan,JAIPUR,Jaipur,"Metro Manas Arogya Sadan (MAS) Heart Care and Multispeciality HospitalShipra Path, Mansarovar, Near Technology Park",9876543210,Private,26.868106,75.768461
Pushpa Devi Memorial Blood Bank,Rajasthan,JAIPUR,Jaipur,"52-53, Ashok Vihar, Ambabari Bridge, Behind petol pump, Jhotwara Road",9414806888,Charity,26.938802,75.780923
Life care Blood Bank,Rajasthan,JAIPUR,Jaipur,"Life Care Blood Bank,  Shri Balalji Hospital Campus,  46-D, Paramhans Colony,  Murlipura, Jaipur.",9414088635,Private,26.967938,75.766452
Sevaytan Swasthay Kalyan Blood Bank,Rajasthan,JAIPUR,Jaipur,"Sevayatan Hospital, Ajmer Rd, Mittal Colony, Sodala",9982211000,Charity,26.901102,75.770403
Government BDM Hospital Blood Bank,Rajasthan,JAIPUR,Kotputli,"Kotputli,  NH-8, Near Morargi Dhramsala",9414354122,Government,27.702019,76.190905
Government S.J. Hospital Blood Bank,Rajasthan,JAISALMER,Jaisalmer,Hanuman Circle,9414396743,Government,26.241797,73.021563
Jalore Government General Hospital Blood Bank,Rajasthan,JALORE,Jalore,"Vedhaynath Colony, Jalore",9414398586,Government,25.235099,72.504023
Jhalawar Hospital and Medical College Blood Bank,Rajasthan,JHALAWAR,Jhalawar,"N.H.-12, Kota Road,",9414349145,Government,24.586774,76.160622
Government B.D.K. Hospital Blood Bank,Rajasthan,JHUNJHUNU,Jhunjhunu,"Man Nagar, Opposite Bus Depot, Road No1",9414383629,Government,28.116641,75.395501
Birla Sarvajanik Hospital Blood Bank,Rajasthan,JHUNJHUNU,Jhunjhunu,"13, Chirawa-Pilani Rd, Norangpura, Pilani",9982211000,Charity,28.358777,75.604018
Mahatma Gandhi Hospital Blood Bank,Rajasthan,JODHPUR,Jodhpur,"Jalori Bari Road, Jaswant Sarai, Ratanada",9828030210,Government,26.282878,73.018759
Mathura Das Mathur Government Hospital Blood Bank,Rajasthan,JODHPUR,Jodhpur,"Main RoadMain Road, Sector-C, Shastri Nagar, Jodhpur.",9982599995,Government,26.266415,73.009226
Umaid Hospital Blood Bank,Rajasthan,JODHPUR,Jodhpur,"Siwanchi Gate Road, Pratap Nagar",9414325795,Government,26.284673,73.009906
Military Hospital Blood Bank,Rajasthan,JODHPUR,Jodhpur,"Cantt Area, Jodhpur.",9414084387,Government,26.289543,73.047169
Kanun Devi Parasmal Mehta Medical and Blood Bank,Rajasthan,JODHPUR,Jodhpur,"733, 1st - C Road, Sardarpura",9784732000,Charity,26.27777,73.015288
Kalapurnam General Hospital Khichan Blood Bank,Rajasthan,JODHPUR,Jodhpur,"Bhatiyara Mohalla, Jodhpur.",0756828808,Charity,27.115405,72.415203
Ambika Hospital Blood Bank,Rajasthan,JODHPUR,Jodhpur,"B-22,23, Saraswati Nagar,  Madhuban Housing Board, Basni",9610444411,Charity,26.231723,73.021055
AIIMS Hospital Blood Bank,Rajasthan,JODHPUR,Jodhpur,"Basni Industrial Area, Phase-2, Jodhpur.",9876543210,Government,26.241422,73.004365
Jodhpur Medical College,Rajasthan,JODHPUR,Jodhpur,"Near Sriram Excellency Hotel, Opposite Petrol Pump,Jodhpur.",9876543210,Private,26.269415,73.007401
Government Hospital Karauli Blood Bank,Rajasthan,KARAULI,Karauli,Gulab Bagh,9887117390,Government,26.500853,77.025833
Kota Blood Bank Society,Rajasthan,KOTA,Kota,"Kota, 1-Basant Bihar, Dadabari, Near Modi College",7442410100,Charity,25.15205,75.835195
Krishna Rotary Blood Bank,Rajasthan,KOTA,Kota,"1-A- 12, S.F.S., Doctors Enclave, Talwandi",0992960336,Charity,25.153422,75.851833
Maharao Bhimsingh Hospital Blood Bank,Rajasthan,KOTA,Kota,"Maharao Bhimsingh Hospital, Nayapura,Kota.",8058706597,Government,25.198998,75.856664
New Hospital  Medical College Blood Bank,Rajasthan,KOTA,Kota,"Ganesh Nagar Road, Rama Krishna Puram, Kota.",9876543210,Private,25.119971,75.831146
Shri Ram Blood Bank,Rajasthan,KOTA,Kota,"Shri Ram Hospital , Sheela Choudhary Rd, New Rajeev Gandhi Nagar, VIP Colony, Talwandi,",9414167587,Private,25.144698,75.837722
Sudha Blood Bank,Rajasthan,KOTA,Kota,"Sudha Hospital and Research Centre Private Limited, 11-A, Talwandi, Jhalawar Road, VIP Colony, Talwandi, Kota.",0946173690,Private,25.150517,75.852151
Bharat Vikas Parishad Chikitshalya Blood Bank,Rajasthan,KOTA,Kota,"Pratap Nagar, Dada Bari",0957131111,Charity,25.16239,75.831475
Government Hospital Blood Bank,Rajasthan,NAGAUR,NAGAUR,"Bikaner Road, Near Balwa Nagaur",9414463645,Government,27.207987,73.737224
Government Bangar Hospital Blood Bank,Rajasthan,PALI,Pali,"Bangar Hospital, Veer Durga Das Nagar, Pali",9414644635,Government,25.776368,73.332182
Government Hospital Blood Bank,Rajasthan,PALI,Sojat City,Sojat,9876543210,Government,25.922226,73.663357
Bhagwan Mahavir Hospital Blood Bank,Rajasthan,PALI,Sumerpur,"Jawai Bhand Road , Ramnagar",0941333798,Charity,25.132911,73.11258
Government District Hospital Blood Bank,Rajasthan,PRATAPGARH,Pratapgarh,"District Hospital Blood Bank, Pratapgarh.",9782518462,Government,25.6835288,81.9984388
R.K. District Hospital Blood Bank,Rajasthan,RAJSAMAND,Rajsamand,"Haribhau Upadhyay Nagar, Rajsamand.",9413204230,Government,25.024193,73.883611
Riya Hospital Blood Bank,Rajasthan,SAWAI MADHOPUR,Gangapur City,"NH 11B, Adarsh Nagar",9414506583,Private,26.487535,76.740236
Sawai Madhopur Government General Hospital Blood Bank,Rajasthan,SAWAI MADHOPUR,Sawai Madhopur,"Alampur chowk Housing Board Rd, Housing Board, Sawai Madhopur,",9214311187,Government,25.217543,75.837287
S.K. Hospital Blood Bank,Rajasthan,SIKAR,Sikar,"silver Jubilee Road, Near SK College",9414463645,Government,27.61311,75.150577
Shri MunshiRam Mittal Memorial Seva Samiti Blood bank,Rajasthan,SIKAR,Sikar,"Opposite to  S.K. School, Silver Jubilee Road,",0921420588,Charity,27.612976,75.150611
Dr. K.M. Memorial Jain Heart  General Hospital Blood Bank,Rajasthan,SIKAR,Sikar,"Station Road, Subhash Chowk",9414075108,Charity,27.613529,75.145288
Getwell Hospital and Research Center Blood Bank,Rajasthan,SIKAR,Sikar,"Opp.S.K. School,Near, Dr.B.L.Ranwa (Physician)",8854801375,Charity,27.611508,75.149061
Government General Hospital Blood Bank,Rajasthan,SIROHI,Sirohi,"Palace Road Sirohi, Near Govt College Sirohi,",9414272256,Government,24.88629,72.859424
Rotary International Global Hospital Blood Bank,Rajasthan,SIROHI,Sirohi,"Radha Mohan Mehrotra Global Hospital Trauma Centre, Opposite Modern Insulators Ltd., Talhati, Abu Road",9876543210,Charity,24.538286,72.801958
Government Hospital Blood Bank,Rajasthan,SRIGANGANAGAR,Sriganganagar,"Hardeep Colony, Sri Ganganagar.",9414728810,Government,29.903133,73.873964
Tapovan Blood Bank,Rajasthan,SRIGANGANAGAR,Sriganganagar,Opposite to Jawahar Nagar Tehsil Bhawan,9876543210,Private,29.913206,73.881827
Swastik Blood Bank,Rajasthan,SRIGANGANAGAR,Sriganganagar,"Gagan Path, Jhawar Nagar, Jawahar Nagar",9829604601,Charity,29.91577,73.87975
Purohit Charitable Trust Blood Bank,Rajasthan,SRIGANGANAGAR,Sriganganagar,"11-12 G Block, Gaushala road",9414280808,Charity,29.923281,73.874708
Sadat Government Hospital Blood Bank,Rajasthan,TONK,Tonk,"Sadat Government Hospital, Bahir Colony, Tonk",9414211998,Government,26.176904,75.785332
Maharana Bhupal Government Hospital Blood Bank,Rajasthan,UDAIPUR,Udaipur,"Hospital Rd, City39s Prime Health Care Area",9414471024,Government,24.589107,73.692338
GBH American Hospital Blood bank,Rajasthan,UDAIPUR,Udaipur,"101, Kothi Bagh, Bhatt Ji Ki Bari, Meera Girls College Road",0982925211,Private,24.593634,73.696364
Geetanjali Medical College and Hospital Blood Bank,Rajasthan,UDAIPUR,Udaipur,"Hiranmagri Extension, Manwakhera NH-8 Bypass, Near Eklingpura Chouraha",0946146775,Charity,24.553352,73.731888
Saral Blood Bank,Rajasthan,UDAIPUR,Udaipur,"Smt. Sarala Singhvi Charitable Society, 30, Bhikharinath Ka Math, Bhupalpura",9876543210,Charity,24.594033,73.698544
Lokmitra Blood Bank and Thalassemia Research Centre,Rajasthan,UDAIPUR,Udaipur,"205, Bussiness Centre, Madhuvan",9876543210,Charity,24.581121,73.712858
Pacific Medical College and Hospital Blood Bank,Rajasthan,UDAIPUR,Udaipur,"Bhilon ka Bedla, N.H. 27, Pratap Pura, Girwa",9414464388,Charity,24.668857,73.70231
Central Blood Bank STNM Hospital,Sikkim,EAST Sikkim,Gangtok,"STNM Hospital Complex ,NH 31A , Gangtok,  East Sikkim",9876543210,Government,27.331167,88.614144
Central Referral Hospital Blood Bank,Sikkim,EAST Sikkim,Gangtok,"Manipal Central Referral Hospital , 5th Mile Tadong, Gangtok.Sikkim Manipal Instutute of Medical Sciences, National Highway 31A",9957195986,Private,27.316213,88.597237
Government General Hospital Blood Bank,Sikkim,SOUTH Sikkim,Namchi,"Namchi District Hospital, Hospital Road, Namchi",7797895320,Government,27.165618,88.360388
CANCER INSTITUTE HOSPITAL BLOOD BANK,Tamil Nadu,CHENNAI,Adyar,"Cancer Institute (WIA) ,No.18 Sardar Patel road",9876543210,Charity,13.005335,80.239623
Rajiv Gandhi Government General Hospital,Tamil Nadu,CHENNAI,Chennai,"General Hospital RoadPark Town,Chennai, Tamil Nadu",9436120190,Government,13.081279,80.27678
The Institute of Child Health and Hospital for Children,Tamil Nadu,CHENNAI,Chennai,"Halls Road, Egmore, Chennai",0944514209,Government,13.072798,80.258257
Government Kilpauk Medical College Hospital Blood Bank,Tamil Nadu,CHENNAI,Chennai,"Government Kilpauk Medical College and Hospital,                    822, Poonamallee High Rd, Kilpauk, Chennai",9941242840,Government,13.078315,80.243824
Southern Railway Headquarters Hospital,Tamil Nadu,CHENNAI,Chennai,"AyanavaramChennai, Tamil Nadu",9841896599,Government,13.101967,80.232996
ESIC Hospital And Occupational Diseases Centre Blood Bank,Tamil Nadu,CHENNAI,Chennai,"Ashok Pillar Main Road, K.K. Nagar,Chennai",9840362852,Government,13.034844,80.2083
Apollo Hospital Enterprises Limited Blood Bank,Tamil Nadu,CHENNAI,Chennai,"No21, Greams Lane, Off Greams Road, Thousand Lights West, Thousand Lights, Chennai",9894769935,Private,13.063084,80.251472
Jeevan Blood Bank and Research Centre,Tamil Nadu,CHENNAI,Chennai,"22/11, Wheatcrofts Road, NungambakkamChennai, Tamil Nadu 600034",9876543210,Private,13.064595,80.241688
Apollo Speciality Hospital Blood Bank,Tamil Nadu,CHENNAI,Chennai,"4th Floor, Geo Tower, Old No.319, New No.465, Anna Salai, Nandanam, Chennai",9876543210,Private,13.033595,80.24507
Madras Medical Mission(Institute of Cardio Vascular Diseses),Tamil Nadu,CHENNAI,Chennai,"No. 4 Dr.Jayalalitha Nagar, Mogapair",9876543210,Private,13.085812,80.187029
Kanchi Kamakoti Child Trust Hospital Blood Bank,Tamil Nadu,CHENNAI,Chennai,"12 A, Nageshwara Road, Nungambakkam, Chennai",9840459897,Charity,13.057336,80.245785
Vijaya Hospital Blood Bank,Tamil Nadu,CHENNAI,Chennai,"New No 434 (OId No 180), N.S.K Salai, Vadapalani",9876543210,Private,13.049867,80.208392
MIOT Hospital Blood Bank,Tamil Nadu,CHENNAI,Chennai,"No. 4/112 Mount Poonamelle Road, Manapakkam, Chennai",9876543210,Private,13.021971,80.186066
Hindu Mission Hospital Blood Bank,Tamil Nadu,CHENNAI,Chennai,"103, GST Road, Tambram, Patel Nagar, Tambaram,Chennai",9876543210,Charity,12.923848,80.113982
International Centre for Cardio Thoracic and Vascular Diseases,Tamil Nadu,CHENNAI,Chennai,"R-30c, Ambattur Industrial Estate Road, Mogappair,Chennai",9790840976,Private,13.076019,80.181451
Dr.Kamatchi Memorial and Blood Component Research Centre,Tamil Nadu,CHENNAI,Chennai,"Run by Kamatchi Memorial Trust, 1 Radial Road, Pallikaranai, Rose Avenue, Chennai",9876543210,Private,12.949232,80.209635
Bharathiraja Speciality Hospital Blood Bank,Tamil Nadu,CHENNAI,Chennai,"20 Gopathi Narayanaswami Chetty Road, Thiyagaraya NagarParthasarathy Puram, T.Nagar Chennai",9443478202,Private,13.048082,80.245055
Global Hospitals Blood Bank (A unit of Rabindranath GE Medical Association Pvt Ltd,Tamil Nadu,CHENNAI,Chennai,"439, Cheran Nagar, PerumbakkamCheran Nagar, Perumbakkam,Chennai",9876543210,Private,12.898506,80.206289
Sri Ramachandra Medical College and Research Institute Blood Bank,Tamil Nadu,CHENNAI,Chennai,"No.1, Ramachandra Nagar, Porur, Chennai",9876543210,Private,13.038833,80.143534
Rotary Blood Bank,Tamil Nadu,CHENNAI,Chennai,"Medavakkam Main Rd, Vanuvampet, Madipakkam, Chennai",9876543210,Charity,12.98107,80.195475
St Thomas Blood Bank and Research Centre St Thomas Hospital,Tamil Nadu,CHENNAI,Chennai,"5/105, II floor Defence Colony Road, St. Thomas Mount",9876543210,Charity,13.012134,80.19625
Right Hospitals Blood Bank,Tamil Nadu,CHENNAI,Chennai,"No.1, Professor Subramaniam Street, Kilpauk",9876543210,Private,13.078914,80.240581
Apollo Hospitals Blood Bank,Tamil Nadu,CHENNAI,Chennai,"Run by Apollo Hospitals Educational Trust, No. 64, Fourth Floor, Vanagaram to Ambattur Main Road, Ayanambakkam",9876543210,Charity,13.071266,80.150603
Landsteiner Lakshmi Memorial Research Foundation,Tamil Nadu,CHENNAI,Chennai,"14/90, Ground Floor, First Floor and Second Floor, Ayyavoo Street, Aminijikarai",8012999900,Charity,13.079435,80.257308
Madras Egmore Lions Blood Bank and Research Foundation,Tamil Nadu,CHENNAI,Chennai,"Egmore Lions Blood Bank and Research Foundation, 130 Marshall Road, EgmoreChennai",8012999900,Charity,13.069705,80.260797
Government Royapettah Hospital Blood Bank,Tamil Nadu,CHENNAI,Chennai,"No 1, Westcott Road, Royapettah, Chennai, Tamil Nadu",9940030580,Government,13.054709,80.265073
Government Peripheral Hospital Blood Bank,Tamil Nadu,CHENNAI,Chennai,"Government Peripheral Hospital M-2, Third Avenue,  Anna Nagar,  (Near K-4 Police Station)Chennai",9551107853,Government,13.095428,80.219317
Government Kasthurbai Gandhi Hospital for Women  Children,Tamil Nadu,CHENNAI,Chennai,"Victoria Hostel Rd, Triplicane, Chennai, Tamil Nadu",9444955617,Government,13.059296,80.278431
Institute of Obstetrics and Gynaecology Government Hospital for Women and Children,Tamil Nadu,CHENNAI,Chennai,"Police Commisioners Rd, Egmore, Chennai, Tamil Nadu",9941823003,Government,13.073689,80.259207
Government RSRM Hospital,Tamil Nadu,CHENNAI,Chennai,"Cemetery Road, Royapuram, Chennai, Tamil Nadu",9840570494,Government,13.108993,80.288403
Chennai Port Trust Hospital Blood Bank,Tamil Nadu,CHENNAI,Chennai,"No.10 Spring Heaven Road, George Town, Chennai, Tamil Nadu",9876543210,Charity,13.085925,80.291757
ESI Hospital Blood Bank,Tamil Nadu,CHENNAI,Chennai,"The Blood Bank Medical Officer, ESI Hospital, Ayanavaram, Chennai",9443285809,Government,13.094828,80.240417
Rotary Central TTK Voluntary Health Services (Dr Raganathan Memorial Blood Bank),Tamil Nadu,CHENNAI,Chennai,"Tharamani, Adyar, Chennai, Tamil Nadu",9444021560,Charity,13.002059,80.24716
AA Lab Blood Bank,Tamil Nadu,CHENNAI,Chennai,"Old No 12 New No 23, 5th Cross Street, NungambakkamNungambakkamChennai, Tamil Nadu",0944436872,Charity,13.054067,80.239828
Sree Venkateswara Blood Bank,Tamil Nadu,CHENNAI,Chennai,"158, Mannarswamy Kovil StreetRoyapuramChennai, Tamil Nadu",0984106777,Private,13.109828,80.281945
CSI Rainy Multi Speciality Hospital,Tamil Nadu,CHENNAI,Chennai,"45, GA Road, Old Washermanpet, Chennai, Tamil Nadu",9876543210,Private,13.11812,80.290511
Dhanvandri Blood Bank and Research Centre of Sreemahalakshmi Charitable Health Trust,Tamil Nadu,CHENNAI,Chennai,"F-1, 52A, T.Nagar, S W Boag Rd,CIT Nagar, Chennai, Tamil Nadu",9876543210,Charity,13.031013,80.231629
ACS General Hospital,Tamil Nadu,CHENNAI,Chennai,"Run by Dr MGR Educational Reaserch Institute, Poonamalle High Road, Chennai- Bangalore Highway NH4, VelappanchavaChennai, Tamil Nadu",9876543210,Private,13.06852,80.131421
Muthukumaran Medical College Hospital and Research Institute,Tamil Nadu,CHENNAI,Chennai,"Chikkarayapuram, Chennai, Tamil Nadu",9876543210,Private,13.017931,80.108969
Tagore Medical College Hospital Blood Bank,Tamil Nadu,CHENNAI,Chennai,"Vandalur - Kelambakkam Road, Melakkottaiyur Post, Near Vandalur, Rathinamangalam, Chennai, Tamil Nadu",9551757371,Private,12.860204,80.291655
Fortis Malar Hospitals Limited Blood Bank,Tamil Nadu,CHENNAI,Chennai,"52, First Main Road, Gandhi Nagar, Adyar",9176633665,Private,13.01006,80.258702
Madha Medical College and Hospital Blood Bank,Tamil Nadu,CHENNAI,Chennai,"State Highway 113,Thandalam,Kovur, Harijana ColonyChennai, Tamil Nadu",8148077777,Private,13.004678,80.112061
Billroth Hospitals Limited Blood Bank,Tamil Nadu,CHENNAI,Chennai,"No.56  57, New Door No,5 AMP7 Gajapathy Street, Shenoy Nagar, Chennai",9840538108,Private,13.075671,80.227297
Government Stanley Hospital Blood Bank,Tamil Nadu,CHENNAI,Chennai,"305 OSH Rd, Royapuram, Chennai, Tamil Nadu",9840053283,Government,13.105854,80.285439
Sree Balaji General Hospital Blood Bank,Tamil Nadu,CHENNAI,Chrompet,"7, Works Road, Chrompet,Chennai",9876543210,Private,12.954308,80.137703
The Tamil Nadu Dr. MGR Medical University Blood Bank,Tamil Nadu,CHENNAI,Guindy,"69, Anna Salai, Guindy,Chennai",9876543210,Government,13.009896,80.218188
ESI Hospital Blood Bank,Tamil Nadu,COIMBATORE,Varadharajapuram,"ESI Hospital, Kamarajar Road, Uppilipalayam, Varadharajapuram(P.O)",9788172927,Government,11.009114,77.023704
Coimbatore Medical College Hospital Blood Bank,Tamil Nadu,COIMBATORE,Coimbatore,"Trichy Road, Kallimadu, Coimbatore",9843193801,Government,10.994861,76.969577
KG Hospital Blood Bank,Tamil Nadu,COIMBATORE,Coimbatore,"5, Government Arts College Road, Coimbatore",9486499369,Charity,11.000435,76.971556
PSG Hospital Blood Bank,Tamil Nadu,COIMBATORE,Coimbatore,"Avinashi Road, Kalluri Nagar, Peelamedu, PSG Medical College And Hospital Campus, Coimbatore",9876543210,Charity,11.018766,77.007145
G. Kuppusamy Naidu Memorial Hospital Blood Bank,Tamil Nadu,COIMBATORE,Coimbatore,"P.B. No. 6327, Nethaji Road, Pappanaickenpalayam,Coimbatore",9876543210,Private,11.01277,76.980509
Ramakrishna Hospital Blood Bank,Tamil Nadu,COIMBATORE,Coimbatore,"No. 395 Sarojini Naidu Road , New Siddhapudur, Coimbatore",8870157558,Charity,11.023686,76.976713
Ramana Gounder Medical Trust Hospital Blood Bank,Tamil Nadu,COIMBATORE,Coimbatore,"Mettupalayam Road, S. F. No. 47 and 48 Thudaiyalur",9876543210,Charity,11.07054,76.942457
Ganga Hospital Blood Bank,Tamil Nadu,COIMBATORE,Coimbatore,"No. 313, Mettupalayam Road, Saibaba Koil, Coimbatore",9876543210,Private,11.025162,76.952501
Kongu Nadu Hospital Private Limited Blood Bank,Tamil Nadu,COIMBATORE,Coimbatore,"336 to 353 Dr. Rajendra Prasad Road, (100 feet Road) 11th St, Tatabad, Coimbatore",9876543210,Private,11.018134,76.960595
Lions Club of Coimbatore Legend Blood Bank Research Centre,Tamil Nadu,COIMBATORE,Coimbatore,"Red Rase Tower No.422 DB Road, R.S. Puram",9876543210,Charity,11.005808,76.951074
Shanthi Social Services Medical Centre Blood Bank,Tamil Nadu,COIMBATORE,Coimbatore,"Neelikonampalayam, Coimbatore",9629297329,Private,11.003734,77.038048
Kuriji Hospital Blood Bank (A Unit of Vangal Amman Health Service Limited),Tamil Nadu,COIMBATORE,Coimbatore,"522/3, Udayampalayam Road, Sowripalayam Post",9629297329,Private,11.019604,76.994964
Sree Abirami Hospital Private Limited Blood Bank,Tamil Nadu,COIMBATORE,Coimbatore,"No. 33, Madukkarai Road, Sundarapuram, Coimbatore",9876543210,Private,10.952537,76.973216
Government Hospital Blood Bank,Tamil Nadu,COIMBATORE,Coimbatore,"Ooty main road, Mettupalayam, Coimbatore",9876543210,Government,11.304849,76.937118
Sheela Hospitals Blood Bank,Tamil Nadu,COIMBATORE,Coimbatore,"No. 117, East Power House road, Tatabad,Coimbatore",9876543210,Private,11.018303,76.960319
Kovai Medical Centre and Hospital Blood Bank,Tamil Nadu,COIMBATORE,Coimbatore,"3209 Avinashi Road, Sitra, Coimbatore",0984301781,Private,11.042085,77.040324
IMA Rotary Midtown Mahaveer Blood Bank,Tamil Nadu,COIMBATORE,Coimbatore,"92, Syrian Church Road, RS Puram, Coimbatore",9876543210,Private,11.005732,76.960893
The Coimbatore Bio Medical Services Blood Bank,Tamil Nadu,COIMBATORE,Coimbatore,"No.190A, Bashyakarlu Road East, R.S. Puram",9876543210,Charity,11.014581,76.953349
Karpagam Hospital Blood Bank,Tamil Nadu,COIMBATORE,Coimbatore,"Pollachi Main Road, Othakkalmandapam, Coimbatore",9876543210,Charity,10.885007,77.008223
Swaasam Blood Bank (Run by Any time Blood Voluntary Association),Tamil Nadu,COIMBATORE,Coimbatore,"Shop No. 9/3, Sakthi estate, M. G Road, Avarampalayam, Coimbatore",0994234445,Charity,11.024262,76.984656
RVS Hospital Blood Bank,Tamil Nadu,COIMBATORE,Coimbatore,"242-B, Trichy Rd,Mathiyalagan Nagar,Sulur,",9876543210,Private,11.028425,77.134135
Government Hospital Blood Bank,Tamil Nadu,COIMBATORE,Pollachi,"Government Hospital, NH209,Mahalingapuram,Udumalpet Road,Pollachi",9865305136,Government,10.658046,77.009584
Pollachi Blood Bank Services,Tamil Nadu,COIMBATORE,Pollachi,"No  6, Kanitha methai Ramaujam Street, Venkatesa Colony, Pollachi",9843018180,Private,10.665479,77.007079
Rajah Muthiah Medical College and Hospital Blood Bank,Tamil Nadu,CUDDALORE,Chidambaram,"Annamalai Nagar, Chidambaram",9944669799,Private,11.398477,79.718821
Kamaraj Government Hospital Blood Bank,Tamil Nadu,CUDDALORE,Chidambaram,"S.P.Kovil Street, Chidamabaram bus stand, Chidambaram",9842381535,Government,11.394771,79.699614
Government Hospital Blood Bank,Tamil Nadu,CUDDALORE,Cuddalore,"Government  Hospital, Viruduchalam (T.K)",9688034114,Government,11.515577,79.316767
Government Head Quarters Hospital Blood Bank,Tamil Nadu,CUDDALORE,Cuddalore,"Nellikuppam road, Cuddalore",9443253439,Government,11.756684,79.759266
Neyveli Lignite Corporation,Tamil Nadu,CUDDALORE,Neyveli,"NH532, M.K Colony, Neyveli, Tamil Nadu",9791557028,Government,11.537043,79.467181
Dharmapuri Medical College Hospital Blood Bank,Tamil Nadu,DHARMAPURI,Dharmapuri,"3/29A, Nethaji Bye Pass Road, Kamalakhsmi Colony,Dharmapuri",9443166388,Government,12.122192,78.156738
Ashok Blood Bank and Clinical Laboratory,Tamil Nadu,DHARMAPURI,Dharmapuri,"No. 63A, Sengodipuram Road IInd Floor, Dharmapuri",9843260627,Private,12.132581,78.161182
Om Sakthi Blood Bank,Tamil Nadu,DHARMAPURI,Dharmapuri,"No 4 Sengodipuram, Dharmapuri",9345610279,Private,12.132676,78.161652
Christian Community Health Center and Hospital Blood Bank,Tamil Nadu,DINDIGUL,Ambilikai,"Shanthipuram, Ambilikkai, Tamil Nadu",8940487508,Charity,10.545977,77.725236
St.Joseph Hospital Blood Bank,Tamil Nadu,DINDIGUL,Dindigul,"Chennai Theni Highway, Nehruji Nagar",9942018383,Private,10.370257,77.980644
Dindigul Blood Bank,Tamil Nadu,DINDIGUL,Dindigul,"No. 28/2, Veppan thoppu street, Palani Road, Dindigul",9443177063,Private,10.366656,77.977708
Government Head quarters Hospital Blood Bank,Tamil Nadu,DINDIGUL,Dindigul,"Trichy Road,New bus stand, Opp to North police station",9443447160,Government,10.363893,77.976364
Leonard Hospital Blood Bank,Tamil Nadu,DINDIGUL,Dindigul,"SH 155, Arunachalapuram, Batlagundu",9876543210,Charity,10.165505,77.760672
Christian Fellowship Hospital Blood Bank,Tamil Nadu,DINDIGUL,Oddanchataram,"Dindigul Main Road, Oddanchathram",9994892496,Charity,10.48803,77.751707
Government Hospital Blood Bank,Tamil Nadu,DINDIGUL,Palani,"Dindigul Road, South Anna Nagar, Palani",9876543210,Government,10.448498,77.516908
Erode Blood Bank and Clinical Laboratory,Tamil Nadu,ERODE,Erode,"No. 43, Patel Road, 1st Floor,Erode",9841011418,Private,11.336191,77.718506
Kongu Blood Bank,Tamil Nadu,ERODE,Erode,"TS No. 51/1E Ist floor, Perundurai Road",9876543210,Private,11.340634,77.715943
Lotus Blood Bank,Tamil Nadu,ERODE,Erode,(Lotus Apollo Hospital) Poonthurai Main Road,9876543210,Private,11.326009,77.730096
IRT Perunthurai Medical College Hospital Blood Bank,Tamil Nadu,ERODE,Erode,"Perundurai, Erode",9876543210,Government,11.280826,77.567496
Government Hospital Blood Bank,Tamil Nadu,ERODE,Gobichettipalayam,"Government Hospital, Gobichettipalayam",0984236760,Government,11.456457,77.428786
Sri Ram Blood Bank,Tamil Nadu,ERODE,Gobichettipalayam,"4/28, Govt Hospital Road, Gobichettipalayam,",9443014094,Private,11.455893,77.42957
Chengalpattu Medical College Hospital Blood Bank,Tamil Nadu,KANCHIPURAM,Chengalpattu,"Anna Nagar, Chengalpattu",9445142097,Government,12.677617,79.98029
Shri Sathya Sai Medical College and Research Institute Blood Bank,Tamil Nadu,KANCHIPURAM,Chengalpattu,"Tiruporur - Guduvancherry Main Road, Ammapettai, Chengalpat",9842139353,Private,12.746312,80.132393
"Military Hospital Blood Bank, St. Thomas Mount",Tamil Nadu,KANCHIPURAM,Chennai,"Defence Colony 1st Ave,Ekkatuthangal, Chennai",9840362852,Government,13.024872,80.199193
Meenakshi Medical College Hospital and Research Institute Blood Bank,Tamil Nadu,KANCHIPURAM,Kanchipuram,"Enathur, Karrapettai Post, Kanchipuram",9876543210,Private,12.872611,79.723864
Government Aringnar Anna Memorial Cancer Hospital Blood Bank,Tamil Nadu,KANCHIPURAM,Kanchipuram,"Bangalore High Road, Karaipettai",8220328529,Government,12.86981,79.715799
Government Head Quarters Hospital Blood Bank,Tamil Nadu,KANCHIPURAM,Kanchipuram,"Hospital Road, Kanchipuram",8220328529,Government,12.832978,79.710277
Annai Medical College and Hospital Blood Bank (Run by Sri Devi Karumari Amman Educational Trust),Tamil Nadu,KANCHIPURAM,Kanchipuram,"1st Floor Casuality Block, Dr. G. Jayarama Nagar, Pennatur, Sri Perumbudur Taluk",9876543210,Charity,12.97068,79.976376
SRM Medical College Hospital Blood Bank,Tamil Nadu,KANCHIPURAM,Kattangulathur,"SRM Nagar, Potheri, Kattankulathur, Kancheepuram",9876543210,Private,12.822849,80.048734
Chettinad Hospital and Research Institute Blood Bank,Tamil Nadu,KANCHIPURAM,Kelambakkam,"SH 121, Rajiv Gandhi Salai, Kelambakkam",9443025241,Private,12.794973,80.216129
Madurantakam Government Hospital Blood Bank,Tamil Nadu,KANCHIPURAM,Madurantakam,"Hospital Road, Madurantakam",0984141980,Government,12.50908,79.890064
Karpaga Vinayaga Institute of Medical Sciences Blood Bank,Tamil Nadu,KANCHIPURAM,Maduranthagam,"GST Road, Chinna Kolambakkam, Palayanoor P.O.Madurantagam Taluk.",9876543210,Private,12.592392,79.911956
Government Hospital Tambaram Blood Bank,Tamil Nadu,KANCHIPURAM,Tambaram,"Government Hospital Tambaram, GST Road, Chrompet",9444084885,Government,12.9456,80.134345
Deen Dayal Hospital Blood Bank,Tamil Nadu,KANCHIPURAM,Thiruvallur,"No. 61, Deen Dayal Nagar, Kunnavalam Post, Tirupati Road,Thiruvallur Taluk,Tamil Nadu",9876543210,Private,13.177496,79.810762
Sree Mookambika Institute Medical Science Blood Bank,Tamil Nadu,Kanyakumari,Kanyakumari,"14-9C 15, Ist Floor, Medical College Hospital Building, Padanilam, Kulasekaram",9876543210,Private,8.361102,77.292365
Government Head Quarters Hospital Blood Bank,Tamil Nadu,Kanyakumari,Kanyakumari,"Padmanabhapuram, Thuckalay, Kanyakumari",8012503145,Government,8.247696,77.313237
Catherine Booth Hospital Blood Bank (Run By The Salvation Army),Tamil Nadu,Kanyakumari,Nagarcoil,"M/s.  The Salvation Army Catherine Booth Hospital,Arunachalam Colony, Nagercoil",9443374501,Private,8.200027,77.43068
Kanyakumari Medical College Hospital Blood Bank,Tamil Nadu,Kanyakumari,Nagercoil,"KGMCH,  Asaripallam",0759885312,Government,8.172512,77.392704
Kanya Blood Bank,Tamil Nadu,Kanyakumari,Nagercoil,"No.173 A/1, K.P. Road, Ramavarmapuram, Nagercoil",9443360716,Private,8.17554,77.429731
Vivek Blood Bank,Tamil Nadu,Kanyakumari,Nagercoil,"253, K-11,  K.P. Road, Nagercoil",9876543210,Private,8.184559,77.410413
Dr. Jeyasekharan Medical Trust and Nursing Home Blood Bank,Tamil Nadu,Kanyakumari,Nagercoil,"No. 253, KP Road, Nagercoil, Kanyakumari,",9876543210,Charity,8.184416,77.409869
Thangam Blood Bank (Run by Thangam Chartiable Community Health Trust) William Hospital,Tamil Nadu,Kanyakumari,Nagercoil,"No 252, II floor, william hospital complex, Krishnan Koil, Nagerkoil",9442711334,Charity,8.191431,77.423288
Bensam Hospital Blood Bank,Tamil Nadu,Kanyakumari,Nagercoil,"Kalliancaud, NH 66, Nagercoil",9876543210,Private,8.189676,77.412207
Kanyakumari Medical Mission CSI Hospital Blood Bank,Tamil Nadu,Kanyakumari,Neyoor,"CSI Hospital, SH 180,Neyyoor",9876543210,Charity,8.211518,77.302952
Karur Blood Bank,Tamil Nadu,KARUR,Karur,"No. 196/29, Kamarajapuram",9876543210,Private,10.963696,78.069084
Government Head Quarters Hospital Blood Bank,Tamil Nadu,KARUR,Karur,"Government Headquarters Hospital, Karur",0975132312,Government,10.962277,78.080228
M/S TCR Blood Bank ( Run by TCR hospital  Charitable Trust),Tamil Nadu,KRISHNAGIRI,Krishnagiri,"TCR Multi Speciality Hospital, No.1/450, Avvai Nagar,Near LIC, Krishnagiri.",9585843555,Charity,12.5186,78.2137
Government Hospital Blood Bank,Tamil Nadu,KRISHNAGIRI,Hosur,"SH 17, Denkanikotta Road, Hosur,",0944324400,Government,12.72911,77.825456
Arogya Blood Bank (A Unit of Arogya Seva Hospitals Private Limited),Tamil Nadu,KRISHNAGIRI,Hosur,"35 Opposite CSI church , Denkanikottai road,New Temple Land Hudco, Shanthi Nagar East, Hosur",9876543210,Private,12.728397,77.824389
Government Head Quarters Hospital Blood Bank,Tamil Nadu,KRISHNAGIRI,Krishnagiri,"Gandhi Road, Old pet, Krishnagiri",0880727381,Government,12.524837,78.220022
Government Rajaji Hospital Blood Bank,Tamil Nadu,MADURAI,Madurai,"Government Rajaji Hospital, Madurai",9786426203,Government,9.926986,78.131758
Meenakshi Mission Hospital and Research Centre Blood Bank,Tamil Nadu,MADURAI,Madurai,"Lake Area, Melur Road, Madurai, Tamil Nadu",9894734003,Private,9.947597,78.162318
The Apollo Speciality Hospital Blood Bank,Tamil Nadu,MADURAI,Madurai,"No.14 Deputy Collectors Colony, Lake View Road, K.K. Nagar, Madurai",9876543210,Private,9.927966,78.148775
Vadamalayan Hospital Blood Bank,Tamil Nadu,MADURAI,Madurai,"Vadamalayan Hospital, No.9B, PT Rajan Road, Chokkikulam, Reserve Police Line",9876543210,Private,9.942846,78.130616
Sivan Blood Bank Run by Lakshmiammal Memorial Trust,Tamil Nadu,MADURAI,Madurai,"Plot No.10, D.No. 58A Kuruvikaran Salai, 1st Cross Street, Aringnar Anna Nagar",9865199411,Charity,9.923292,78.140268
Velammal Medical College Hospital and Reserach Institute Blood Bank,Tamil Nadu,MADURAI,Madurai,"Velammal Village, Madurai-Tuticorin Ring Road, AnuppanadiMadurai",9876543210,Private,9.887094,78.150868
Annai Abirami Blood Bank,Tamil Nadu,MADURAI,Madurai,"171/1, Opposite S K G  CO, South Masi Street, Kondaiyanaidu Ln, Periyar, Madurai Main",9943906500,Private,9.915247,78.119525
Christian Mission Hospital Blood Bank,Tamil Nadu,MADURAI,Madurai,"E Veli St. Old Kuyavar Palayam Salai, Madurai Main, Madurai",9443475393,Private,9.915951,78.125557
Government Head Quarters Hospital Blood Bank,Tamil Nadu,MADURAI,Madurai,"Government  Head quarters Hospital, Usilampatti, Madurai",9787741087,Government,9.962367,77.788596
Government Hospital Blood Bank,Tamil Nadu,NAGAPATTINAM,Mayiladuthurai,"GovernmentHospital, MainRoad, Mayiladuthurai",9566154714,Government,11.10168,79.647377
Government Head Quarters Hospital Blood Bank,Tamil Nadu,NAGAPATTINAM,Nagapattinam,"Government Head Quarters Hospital, Nagapattinam",0979015259,Government,10.77284,79.843885
Shharc Charity Blood Bank,Tamil Nadu,NAMAKKAL,Namakkal,"39A, Dr. Shankaram Road, Gandhi Nagar (Near BSNL Office), Namakkal",9585500112,Private,11.215701,78.168668
Government Head Quarters Hospital Blood Bank,Tamil Nadu,NAMAKKAL,Namakkal,"Government Head Quarters Hospital, Namakkal",9942933213,Government,11.216752,78.168939
Government Hospital Blood Bank,Tamil Nadu,NAMAKKAL,Rasipuram,"Government  Hospital, Rasipuram",9876543210,Government,11.461112,78.185127
Government Head Quarters Hospital Blood Bank,Tamil Nadu,PERAMBALUR,Perambalur,"Government  Head Quarters Hospital,Thuraiyur Main Road, Perambalur",9047737699,Government,11.23657,78.860775
Muthu Medical Center Blood Bank (Muthu Charitable Trust),Tamil Nadu,PERAMBALUR,Perambalur,"No.153 Mettu Street  Opposite to Vegetable Market Perambalur, Tamil Nadu",9443747377,Charity,11.238114,78.864898
Dhanalakshmi Srinivasan Medical College and Hospital Blood Bank,Tamil Nadu,PERAMBALUR,Siruvachur,"1st floor Diagnostic Block, Trichy  Chennai Highways (NH 45) Siruvachur, Perambaulur",8489923825,Private,11.198683,78.872944
Government Head Quarters Hospital Blood Bank,Tamil Nadu,PUDUKKOTTAI,Pudukkottai,"Government Head Quarters Hospital, SanthanathapuramPudukkottai",0944256886,Government,10.378804,78.818264
Government Hospital Blood Bank,Tamil Nadu,PUDUKKOTTAI,Pudukkottai,"The Medical Officer,  Taluk Government  Hospital, Aranthangi",7639364928,Government,10.180049,79.000136
Government Headquarters Hospital Blood Bank,Tamil Nadu,RAMANATHAPURAM,Ramanathapuram,"Government Headquarters Hospital, Ramanathapuram",0944344415,Government,9.363747,78.831928
Government Hospital Blood Bank,Tamil Nadu,SALEM,Attur,"Cuddalore Main Road, Attur, Salem District",9876543210,Government,11.59695,78.60139
Government Head Quarters Hospital Blood Bank,Tamil Nadu,SALEM,Metturdam,"Government Head Quarters Hospital, Mettur Dam",0944320347,Government,11.795825,77.798916
Government Mohan Kumaramangalam Medical College Hospital Blood Bank,Tamil Nadu,SALEM,Salem,"Super Specialty Block, Steel Plant Main Road, Salem",0888312266,Government,11.656585,78.153948
Sri Gokulam Hospital Blood Bank,Tamil Nadu,SALEM,Salem,"No. 3/60, Mayanur Road, Salem",9842437887,Private,11.672702,78.133827
Sithi Vinayagar Blood Bank,Tamil Nadu,SALEM,Salem,"No, 1C Vidhyalaya Road, Salem",9486499369,Charity,11.671281,78.151721
Vinayaga Mission Kirubananda Variar Medical College Hospital Blood Bank,Tamil Nadu,SALEM,Salem,"Sankari Main Road, Chinna Seeragapadi, Salem",9876543210,Private,11.585415,78.06378
KSM Blood Bank (Run by Maruti Charitable Trust),Tamil Nadu,SALEM,Salem,"245/10 , 5th Cross street, Brindavan Road, Fairlands, Salem",0944327373,Charity,11.666537,78.143476
Salem Blood Bank,Tamil Nadu,SALEM,Salem,"Run by SHHARC Charity Trust, 2A 3rd Agraharam,  (Opposite to Kasiwiswanathar Temple), Salem",0958550011,Charity,11.659085,78.168204
Kurinji Hospital Blood Bank,Tamil Nadu,SALEM,Salem,"Tee Jay salai, Five Roads, Salem",7373262110,Private,11.677233,78.135322
Maruti Blood Bank,Tamil Nadu,SALEM,Salem,"Door No. 5, 5/1, Srinivasa Complex, (First Floor) Ram Nagar, Meyyanur, Salem",0944317706,Charity,11.672426,78.136187
Salem Steel Authority of India Salem Steel Plant,Tamil Nadu,SALEM,Salem,"Mohan Nagar, Salem",9876543210,Private,11.654349,78.025247
Minu Labs and Blood Bank,Tamil Nadu,SALEM,Salem,"7.A/4, Ramakrishna Road, (Rajaji Road)",9443233744,Private,11.675357,78.131943
S Palaniyandi Mudaliar Memorial Hospital Blood Bank,Tamil Nadu,SALEM,Salem,"No. 29 Cuddalore Road,  Ammapet, Salem",9876543210,Charity,11.661224,78.192156
Sri Shellapha Hospital Blood Bank,Tamil Nadu,SALEM,Salem,"239, Rajaram  Nagar, Near Gandhi Stadium, Salem",0989426433,Private,11.659832,78.154862
Government Sivagangai Medical College Hospital Blood Bank,Tamil Nadu,SIVAGANGA,Sivagangai,"Vanieyankudi, Sivagangai",0944313777,Government,9.838881,78.478259
Government Head Quarters Hospital Blood Bank,Tamil Nadu,SIVAGANGA,Sivagangai,"Government Head Quarters Hospital, Karaikudi, Sivagangai District",0944350340,Government,10.063948,78.777174
Sri Kaali Blood Bank,Tamil Nadu,THANJAVUR,Kumbakonam,"No. 165A Gandhi Adigal Salai, Kumbakonam,  Tamil Nadu",9443249803,Private,10.956521,79.37494
Government Head Quarters Hospital Blood Bank,Tamil Nadu,THANJAVUR,Kumbakonam,"Government Head Quarters Hospital, Dr. Moorthy Road, Kumbakonam",7708581524,Government,10.969246,79.385655
Government Hospital Blood Bank,Tamil Nadu,THANJAVUR,Pattukkottai,"Palaniappan St.Nadimuthu Nagar, Pattukkottai,",9787799089,Government,10.421081,79.317866
Thanjavur Medical College Hospital Blood Bank,Tamil Nadu,THANJAVUR,Thanjavur,"Thanjavur Medical College Hospital, Thanjavur",0944358656,Government,10.758601,79.106601
Sri Kaali Blood Bank,Tamil Nadu,THANJAVUR,Thanjavur,"No. 32 Thirunagar, Thanjavur",9443249803,Private,10.785119,79.120603
Government Raja Mirasudar Hospital,Tamil Nadu,THANJAVUR,Thanjavur,"Government Raja Mirasudar Hospital, Thanjavur",8148601484,Government,10.785541,79.1366
Lakshminarayana Blood Bank,Tamil Nadu,THANJAVUR,Thanjavur,"No. 190 ,11 th cross,  Arulananda Ammal Nagar",0936034232,Private,10.764582,79.134439
Indian Red Cross Society Blood Bank,Tamil Nadu,THANJAVUR,Thanjavur,"Indian Red Cross Society, 43/C, Al - Seraj Building, Medical College Road",0936031566,Private,10.776729,79.12912
Meenakshi Hospital Blood Bank,Tamil Nadu,THANJAVUR,Thanjavur,"SF No.244/2, 3rd Floor, Nilagiri Therkku Thottam Village,  Near New Bus Stand, Trichy Main Road, Tanjore",8508744477,Private,10.745435,79.111902
Government Lawley Hospital Blood Bank,Tamil Nadu,THE NILGIRIS,Coonoor,"Government Lawley Hospital, Coonoor",9865627457,Government,11.347494,76.792608
Government Taluk Hospital Blood Bank,Tamil Nadu,THE NILGIRIS,Gudalur,"Government Taluk Hospital, Gudalur",9443165933,Government,9.676495,77.240608
Gudalur Adivasi Hospital Blood Bank (Previously named as Ashwini hospital  under Ashwini trust),Tamil Nadu,THE NILGIRIS,Gudalur,"0/147 G7, Kothervayal, Gudalur, Kothervayal, Ashwini Hospital Road",9486478308,Charity,11.50223,76.498838
Government Head quarters Hospital,Tamil Nadu,THE NILGIRIS,Udagamandalam,"Government Head quarters Hospital,Udagamandalam",0944304233,Government,11.407951,76.700279
Military Hospital Blood Bank,Tamil Nadu,THE NILGIRIS,Wellington,"Military Hospital, Wellington",9876543210,Government,11.367257,76.782632
Government Head Quarters Hospital Blood Bank,Tamil Nadu,THENI,Periyakulam,"Government Head Quarters Hospital, Thenkarai, Periyakulam",7200343511,Government,10.123029,77.53294
Government Theni Medical College Hospital Blood Bank,Tamil Nadu,THENI,Theni,"Government  Theni Medical College, Kanavilaku, Madurai Road, Theni",0975039821,Government,10.006927,77.553185
Government Head Quarters Hospital Blood Bank,Tamil Nadu,THIRUVALLUR,Thiruvallur,"Government  Thiruvallur Head Quarters Hospital, JN Road, Thiruvallur",0994386034,Government,13.127649,79.91098
Government Medical College and Hospital Blood Bank,Tamil Nadu,THIRUVARUR,Tiruvarur,"The Medical Officer,  Government  Medical College  Hospital, Collectrate Campus, Vilamal, Thiruvarur",0888391799,Government,10.779139,79.606921
Government Head Quarters Hospital Blood Bank,Tamil Nadu,Thoothukudi (TUTICORIN),Kovilpatti,"Government Head Quarters Hospital, Kovilpatti, Thoothukudi",0801206229,Government,9.175646,77.874168
Sudiksha Prabhu Hospital Blood Bank and Research Centre,Tamil Nadu,Thoothukudi (TUTICORIN),Kovilpatti,"59,60, Chokkan Urani Street, AKS Theatre RoadV.O.C. Nagar, Kadershan Koil, Kovilpatti",9876543210,Private,9.172693,77.864944
Aarthi Hospital Blood Bank,Tamil Nadu,Thoothukudi (TUTICORIN),Kovilpatti,"60, Santhaipettai Road, Kovilpatti",0968821311,Private,9.174494,77.866384
Government Thoothukudi Medical College Hospital Blood Bank,Tamil Nadu,Thoothukudi (TUTICORIN),Thoothukudi,"Palayamkottai Road, Thoothukudi",0984213913,Government,8.798061,78.136134
Tuticorin Blood Bank,Tamil Nadu,Thoothukudi (TUTICORIN),Tuticorin,"No. 67/70, 1st Floor, North Car Street, Tuticorin",0944338857,Private,8.808076,78.146747
Southern Railway Hospital Blood Bank,Tamil Nadu,TIRUCHIRAPPALLI,Tirchy,"Gold Rock, Railway colony",9876543210,Government,10.784568,78.725301
Mahathma Gandhi Memorial Government Hospital Blood Bank,Tamil Nadu,TIRUCHIRAPPALLI,Trichy,"(Attached with KAP Vishwanathan Medical College) Mahathma Gandhi Memorial Government Hospital, EVR Road, Puthur, Trichy",0944306069,Government,10.811588,78.677458
KMC Speciality Hospitals Blood Bank ( Kaveri Hospitals),Tamil Nadu,TIRUCHIRAPPALLI,Trichy,"No. 6 Royal Road, Cantonment, Trichy",0944396551,Private,10.802301,78.680138
Bharath Blood Bank,Tamil Nadu,TIRUCHIRAPPALLI,Trichy,"No, 15A Rishi Complex, II Floor,  Main Road, Thillainagar",9876543210,Private,10.819196,78.676748
Chennai Medical College Hospital and Research Centre,Tamil Nadu,TIRUCHIRAPPALLI,Trichy,"SRM Medical College, Irungallar, Manachanallur, Trichy",9876543210,Private,10.954422,78.754891
Government Headquarters Hospital Blood Bank,Tamil Nadu,TIRUCHIRAPPALLI,Trichy,"Government  Head Quarters Hospital, Viralimalai Road, Manapparai",0996590499,Government,10.604228,78.437862
Church of South India Mission General Hospital Blood Bank,Tamil Nadu,TIRUCHIRAPPALLI,Trichy,"Woraiyur, Tiruchirappalli",0944368561,Charity,10.830302,78.67675
Child Jesus Hospital Blood Bank,Tamil Nadu,TIRUCHIRAPPALLI,Trichy,"Next to All India Radio, Promenade Road, Cantonment, Tiruchirappalli",9488414084,Private,10.805162,78.686566
Government Hospital Blood Bank,Tamil Nadu,TIRUNELVELI,Ambasamudram,"Goverment Hospital, Ambasamudram",9443252905,Government,8.702599,77.385988
Government Hospital Blood Bank,Tamil Nadu,TIRUNELVELI,Sankarankovil,"Government Hospital, Katcheri Road, Sankaran Kovil",9876543210,Government,9.167302,77.535764
Government Head Quarters Hospital Blood Bank,Tamil Nadu,TIRUNELVELI,Tenkasi,"Government Head Quarters Hospital, Tenkasi",8438465334,Government,8.952567,77.315522
Shifa Hospitals Blood Bank,Tamil Nadu,TIRUNELVELI,Thirunelveli,"No. 82 Kailasapuram Middle Street, IIIrd Floor, Thirunelveli Junction, Thirunelveli",0944315281,Private,8.728161,77.710143
Tirunelveli Medical College Hospital Blood Bank,Tamil Nadu,TIRUNELVELI,Tirunelveli,"Tirunelveli Medical College Hospital, Tirunelveli",9843193801,Government,8.711749,77.75082
Kartheek Nursing Home Blood Bank,Tamil Nadu,TIRUNELVELI,Tirunelveli,"Complex No. 37 (STC Road) Perumal Puram 7th Street, Thirunelveli",0944312528,Private,8.704073,77.738605
Life Line Blood Bank Component and Research Centre,Tamil Nadu,TIRUNELVELI,Tirunelveli,"Run by Subashtika Charitable Society, 3rd Floor, Sri Sudharsan Hospital, No.4, Salai Street, Vannarpettai",9894124430,Charity,8.729758,77.719592
Aarthi Hospital and Diagnostic Centre Blood Bank,Tamil Nadu,TIRUNELVELI,Tirunelveli,"No. 177/A-22/2, Trivandrum High Road Vannarapettai, Tirunelveli",0968821311,Private,8.716055,77.749882
Galaxy Hospital Blood Bank,Tamil Nadu,TIRUNELVELI,Tirunelveli,"North Bye Pass Road, Vannerpettai, Tirunelveli",9942525580,Private,8.733836,77.723049
Government Hospital Blood Bank,Tamil Nadu,TIRUPPUR,Dharapuram,"Government  Hospital, Park Road, Near Taluk Office, Dharapuram",9626185212,Government,10.732509,77.530473
Revathy Medical Centre Blood Bank,Tamil Nadu,TIRUPPUR,Thiruppur,"No 10, CKP Layout 4th Floor, Valayankadu Main Road, Kumar Nagar (West) Avinashi Road, Tiruppur",0984224799,Private,11.120178,77.32933
DSK Hospital Blood Bank,Tamil Nadu,TIRUPPUR,Tiruppur,"9 Kathir Nagar, Kangayam Main Road, Kathir Layout Road, Sathyamurthy Nagar, Tiruppur",9876543210,Private,11.103261,77.369155
Government Head Quarters Hospital Blood Bank,Tamil Nadu,TIRUPPUR,Tiruppur,"Government Head Quarters Hospital, Dharapuram Road, Tiruppur",9842230774,Government,11.076008,77.36898
Government Hospital Blood Bank,Tamil Nadu,TIRUPPUR,Udumalpet,"Government Hospital, VOC Street, Udumalpet",0989467104,Government,10.583823,77.247247
Udumalpet Indian Medical Association Rotary Blood Bank,Tamil Nadu,TIRUPPUR,Udumalpet,"UKP-IMA Building, K.P.N. Nagar Gandhinagar Post, Udumalpet",9876543210,Charity,10.586364,77.255039
Government Medical College Hospital Blood Bank,Tamil Nadu,TIRUVANNAMALAI,Tiruvannamalai,"Government Thiruvannamalai Medical College Hospital, Thiruvannamalai",0996291032,Government,12.225476,79.064744
ST Thomas Hospital Blood Bank and Leprosy Centre,Tamil Nadu,TIRUVANNAMALAI,Tiruvannamalai,"Chettupattu, Polur Road, Tiruvannamalai",9443252867,Charity,12.466265,79.335994
Government Medical College Hospital Blood Bank,Tamil Nadu,VELLORE,Adukamparai,"Arni Road, Arani Road, Opposite Staff Quarters, Adukkamparai, Vellore",9003508909,Government,12.845971,79.135775
Government Hospital Blood Bank,Tamil Nadu,VELLORE,Ambur,"Government Hospital, Nethaji Road, Ambur",7708885992,Government,12.786665,78.716928
Bethesda Hospital Blood Bank,Tamil Nadu,VELLORE,Ambur,"Mission Compound, Post Box No 56,  Ambur",9894053388,Private,12.778149,78.720022
Government Hospital Blood Bank,Tamil Nadu,VELLORE,Gudiyatham,"Government Hospital, Gudiyatham",9003563054,Government,12.945268,78.870574
Government Head Quarters Hospital Blood Bank,Tamil Nadu,VELLORE,Tirupattur,"Government Hospital, Railway Station Road, Achamangalam, Tirupattur",0944328035,Government,12.49646,78.565713
Government Hospital Blood Bank,Tamil Nadu,VELLORE,Vaniyambadi,"Government Hospital, Vaniyambadi",0909552456,Government,12.676583,78.615933
CMC Hospital Blood Bank,Tamil Nadu,VELLORE,Vellore,"IDA Scudder Road, Vellore, Tamil Nadu",9655503150,Charity,12.92504,79.136105
Masonic Blood Bank,Tamil Nadu,VELLORE,Vellore,"W/BRO V Surendranath Reddy Memorial Trust ,No. 5/2 New Katpadi Road, Opposite to Hotal River view, Vellore",0984947061,Charity,12.930498,79.135092
Sri Narayani Hospital and Research Centre Blood Bank,Tamil Nadu,VELLORE,Vellore,"Sripuram, Thirumalaikodi, Vellore, Tamil Nadu",9994467006,Private,12.870762,79.089846
Government Head Quarters Hospital Blood Bank,Tamil Nadu,VELLORE,Walajapet,"Government Head Quarters Hospital, Walaja",0960095707,Government,12.926168,79.356628
Government Head Quarters Hospital Blood Bank,Tamil Nadu,VILLUPURAM,Kallakurichi,"Government Hospital, Kachirapalayam Road, Kallakurichi",0999459559,Government,11.737301,78.959375
Melmaruvathur Adiparasakthi Institute of Medical Sciences and Research Blood Bank,Tamil Nadu,VILLUPURAM,Melmaruvathur,"A unit of Adiparasuthi Charitable Medical Eductional Cultural Trust, Melmaruvathur, Kancheepuram",9442882041,Private,12.434226,79.81321
Government Hospital Blood Bank,Tamil Nadu,VILLUPURAM,Tindivanam,"Government Hospital, Hospital Road, Dindivanam",0944349769,Government,12.241136,79.651734
St Joseph Hospital Blood Bank,Tamil Nadu,VILLUPURAM,Tindivanam,"Police line, Jayapuram, Tindivanam",9498098134,Charity,12.219359,79.654492
Government Hospital Blood Bank,Tamil Nadu,VILLUPURAM,Ulundupettai,"Government Hospital, Ulundurpettai",9443276936,Government,11.692762,79.285932
Government Villupuram Medical College and Hospital Blood Bank,Tamil Nadu,VILLUPURAM,Villupuram,"Government  Villupuram Medical College and Hospital, Mundiyambakkam, Villupuram",0975038511,Government,11.992895,79.516782
GN Blood Bank,Tamil Nadu,VILLUPURAM,Villupuram,"Run by GG Educational and Charitable Trust, 7-C, Chairman Chidambaram Street, Villupuram",9443481222,Charity,11.939851,79.487355
Government Hospital Blood Bank,Tamil Nadu,VIRUDHUNAGAR,Aruppukottai,"Pandalkudi Road, Near Vellai Kottai, Aruppukottai",0894021496,Government,9.502673,78.097224
Government Hospital Blood Bank,Tamil Nadu,VIRUDHUNAGAR,Rajapalayam,Government Hospital,0978720036,Government,9.41412,77.597374
Government Hospital Blood Bank,Tamil Nadu,VIRUDHUNAGAR,Sivakasi,"Government Hospital, Parasakthi colony, Near Sivakasi railway station, Shield Road",9486496169,Government,9.460615,77.786369
Government Head Quarters Hospital Blood Bank,Tamil Nadu,VIRUDHUNAGAR,Virudhunagar,"Government Head Quarters Hospital, Ramamoorthy Road, Virudhunagar",0984226161,Government,9.588385,77.961917
Rajiv Gandhi Institute of Medical Sciences Blood Bank,Telangana,ADILABAD,Adilabad,"Teachers Colony, Near State Bank of Hyderabad, Ground Floor, IP Block, Govt. District Head Quarters Hopsital Premises",9849905223,Government,19.664144,78.524732
Indian Red Cross Society Blood Bank,Telangana,ADILABAD,Mancherial,"Ground Floor, Area Hospital, I.B Chaurastha",7036222259,Charity,18.87247,79.444699
Singareni Collieries Co. Ltd Blood bank,Telangana,ADILABAD,Mandamarri,"Sector-1, Area Hospital, Ramakrishnapur, Mandamarri (M), Bellampalli",0949114418,Charity,19.063129,79.487441
Indian Red Cross Society Blood Bank,Telangana,ADILABAD,Nirmal,"Area Hospital, Gajulpet Roadnear A1 Function Hall",8790988499,Government,19.664062,78.532011
The Singareni Collieries Co. Ltd,Telangana,ADILABAD,R.K puram,"Area Hospital Blood Bank, Ramakrishnapuram",9491344418,Government,19.664062,78.532011
Challa Hospital Blood Bank (A Multi Speciality Hospital),Telangana,HYDERABAD,Ameerpet,"D.No. 7-1-71/A/1, 1st Floor, Dharam Karam Road, Ameerpet",9876543210,Private,17.439581,78.450633
Aarohi Blood Bank,Telangana,HYDERABAD,Banjara Hills,"No.6-3-182/1 to 3, 3rd Floor, Lake View Palace, Road No.1, Banjara Hills",8106999686,Charity,17.411615,78.449834
Institute of Transfusion Medicine and Research,Telangana,HYDERABAD,Banjara Hills,"Road.No.1, Banjara Hills",9866098101,Charity,17.42114,78.449212
NTR Trust Blood Bank,Telangana,HYDERABAD,Banjara Hills,"D.No. 8-2-269/H/191/A/1, NTR Trust Bhavan, Road No. 2, Banjara Hills",9963474040,Charity,17.423643,78.425977
Care Hospital Blood Bank,Telangana,HYDERABAD,Banjara Hills,"1st Floor, Road No.1, Banjara Hills",9876543210,Private,17.412542,78.450258
Star Hospitals Blood Bank,Telangana,HYDERABAD,Banjara Hills,"A unit of Unimed Healthcare Private Limited, 6th floor,8-2-596/ Road No  10, Banjara Hills",9876543210,Private,17.41567,78.439477
Mythri Charitable Trust Blood Bank and Transfusion Centre,Telangana,HYDERABAD,Barkatpura,"3-4-808 1st Floor, Barkatpura, Bs C C Shroff Hospital, Barkatpura, Hyderabad, Telangana",9876543210,Charity,17.391514,78.497215
Sanjeevini Blood Bank,Telangana,HYDERABAD,Bhagyanagar,"Sanjeevini Non-Governmental Organisation, Niveditha Orthopaedic Center, H.No.1-1-79/A, RTC Cross Road, Bhagyanagar, Hyderabad",9876543210,Charity,17.405787,78.499215
Rudhira Voluntary Blood Bank,Telangana,HYDERABAD,Himayathnagar,"H.No.3-6-10/A,1st floor, Anasuya Commercial Complex, Liberty Road, Himayathnagar",9876543210,Charity,17.406011,78.478212
Satya Nursing Home Blood Bank,Telangana,HYDERABAD,Himayatnagar,"D.No. 3-6-426, First Floor, Street No. 4, Himayatnagar, Hyderabad, Hyderabad District, Telangana",9666699889,Private,17.404758,78.482139
Nizams Institute of Medical Sciences Blood Bank,Telangana,HYDERABAD,Hyderabad,"Accident and Emergency Block, 2nd Floor, Road.No.1, Banjara Hills",9876543210,Government,17.421241,78.451389
The Osmania General Hospital Blood Bank,Telangana,HYDERABAD,Hyderabad,"Osmania General Hospital Premises, Hyderabad",9849546995,Government,17.372522,78.473807
MNJ  Institute of Oncology and Regional Cancer Centre Blood Bank,Telangana,HYDERABAD,Hyderabad,"Ground Floor, Lakdikapool, Red Hills",9949929429,Government,17.398812,78.462087
General Chest Hospital,Telangana,HYDERABAD,Hyderabad,"Blood Bank Medical Officer,  Blood Bank, General and Chest Hospital, Irrumnuma, Hyderabad",9848445380,Government,17.445384,78.434951
Lions Club of Hyderabad(East) Bhanji Kheraj Blood Bank,Telangana,HYDERABAD,Hyderabad,"Feroz Gandhi Park,  Bank Street, Koti, Hyderabad",9876543210,Charity,17.520718,78.440959
Blood Bank Thelasemia and Sickle Cell,Telangana,HYDERABAD,Hyderabad,"Blood Bank Medical Officer, Blood Bank Thelasemia and Sick Cell, Hyderabad",9391029400,Government,17.385044,78.486671
Andhra Mahila Sabha Durgabhai Deshmukh Hospital  Blood Bank,Telangana,HYDERABAD,Hyderabad,"Osmania University Road, Ram Nagar Gundu, Adikmet, Hyderabad, Telangana",9876543210,Charity,17.4025,78.509832
Share Medical Care (Mediciti Hospital) Blood Bank,Telangana,HYDERABAD,Hyderabad,"D.No. 5-9-22/B/103, Flat No.103, First Floor, My Home Sarovar Complex, Secretariat Road",9876543210,Private,17.406546,78.471614
Aditya Hospital Blood Bank,Telangana,HYDERABAD,Hyderabad,"4-3-154/3, Beside Pragati College, Hanuman Tekdi, Abids, Hyderabad.",9885642579,Private,17.390308,78.481143
Himabindhu Multispeciality Hospital Blood Bank,Telangana,HYDERABAD,Hyderabad,"H.No. 17-1-383/1/1, 1st Floor, Vinay Nagar, Sagar Road, Santhosh Nagar",7097097990,Private,17.352329,78.506534
Thalassemia and Sickle Cell Society Vuppala Venkaiah Memorial Blood Bank,Telangana,HYDERABAD,Hyderabad,"D.No.22-8-496 to 501, 1st and 2nd floor, Chatta Bazar X Road, Near City Civil Courts, Purana Haveli, Hyderabad",9876543210,Charity,17.368886,78.480146
NEW LIFE EDUCATIONAL SOCIETY BLOOD BANK,Telangana,HYDERABAD,HYDERABAD,"22-1-1038,1st FLOOR,ABID ALI KHAN LIONS EYE HOSPITAL,DARULSHIFA, Hyderabad, TELANGANA",9948495035,Charity,17.37694,78.34905
Apollo Hospital Blood Bank,Telangana,HYDERABAD,Hyderabad,"Apollo hospital, Ground floor, Jubilee hills, Hyderabad",4023607777,Private,17.415057,78.416515
Employees State Insurance Corporation Medical College Hospital Blood Bank,Telangana,HYDERABAD,Hyderabad,"Second Floor, Radiology Block, Sanath nagar, Hyderabad",9640754300,Government,17.447882,78.439955
Yashoda Super Speciality Hospitals Blood Bank,Telangana,HYDERABAD,Hyderabad,"D.No. 6-3-903/A/4/F-3, 2nd floor, Shirdi Apartments,Somajiguda",9876543210,Private,17.424342,78.457724
Apollo Hospital Enterprises Ltd,Telangana,HYDERABAD,Hyderguda,"D.No.3/5/836 to 838, main road, hyderguda, hyderabad.",9849694039,Private,17.39928,78.479256
Lions Club Matadin Goel Blood Bank,Telangana,HYDERABAD,Hymayathnagar,"Blood Bank Medical Officer,  Lions Club Matadin Goel Blood Bank, Himayatnagar, Hyderabad,",9441114036,Charity,17.403106,78.479609
Chiranjeevi Blood Bank,Telangana,HYDERABAD,Jublee Hills,"Road No.1, Jubliee Hills checkpost",0984969131,Charity,17.428205,78.416539
Owaisi Medical and Research Centre,Telangana,HYDERABAD,Kanchanbagh,"Nawab Lutfud Dowli Palace,  Kanchanbagh, Zafargadh,Santoshnagar,Hyderabad",9876543210,Private,17.34132,78.506714
Kamineni Health Services Pvt.Ltd. Blood Bank,Telangana,HYDERABAD,Kingkoti,"D.No. 4-1-1227, Cellar Portion, Boggulakunta, Kingkoti, Hyderguda, Hyderabad District, Telangana",9876543210,Private,17.392587,78.479728
The Government  Maternity Hospital,Telangana,HYDERABAD,Koti,"Blood bank,  Sultan Bazar, Koti, Hyderabad",9849488601,Government,17.385808,78.48723
Global Hospital Blood Bank,Telangana,HYDERABAD,Lakdikapool,"D.No.6-1-1070/1 to 4, Lakdikapool",9876543210,Private,17.405254,78.463164
Sri Balaji Blood Bank (A Unit of Sri Balaji Educational Society),Telangana,HYDERABAD,Malakpet,"Cellar Portion, 16-8-923, Nalgonda X Road, Malakpet, Hyderabad",9876543210,Charity,17.375363,78.497278
Premier Hospital Blood Bank,Telangana,HYDERABAD,Mehdipatnam,"12-2-718, Nanal Nagar X Roads, Mehdipatnam, Hyderabad",9876543210,Private,17.391657,78.427008
Institute of Preventive Medicine,Telangana,HYDERABAD,Narayana guda,"Public Health Laboratories and Food (Health) Administration, Narayanaguda, Hyderabad",9849905227,Government,17.393915,78.490331
M G M H BLOOD BANK (Government Modern Maternity Hospital),Telangana,HYDERABAD,Petlaburj,"Government Modern Maternity Hospital, Opp City College, Petlaburz, Hyderabad",0720761396,Government,17.365982,78.464893
Rakshita Voluntary Blood Bank,Telangana,HYDERABAD,Putlibowli,"H.No.5-1-931, First Floor, Jambagh, Putlibowli",9849540078,Charity,17.381461,78.480605
The Govt. Niloufer Hospital Blood Bank,Telangana,HYDERABAD,Red Hills,"Premises of Government Niloufer Hospital, Red Hills, Nampally",9876543210,Government,17.398649,78.461057
"Health, Agriculture, Rural Development Society (HARD)  Blood Bank",Telangana,HYDERABAD,Red Hills,"No.11-5-263/3, Red Hills, Hyderabad",9876543210,Charity,17.396159,78.463155
The ESI Hospital Blood Bank,Telangana,HYDERABAD,Sanathnagar,"ESI Hospital premises, Ground Floor, Sanathnagar",9848021446,Government,17.456588,78.426852
St. Theresa39s Hospital Blood Bank,Telangana,HYDERABAD,Sanathnagar,"Erragadda, Sanath Nagar, Hyderabad",9949496496,Charity,17.451375,78.436556
Gandhi Hospital Blood Bank,Telangana,HYDERABAD,Secunderabad,"1st Floor, A block, Musheerabad, Secunderabad, Telangana",9848250147,Government,17.42323,78.504138
Lions Club of Secunderabad Twin Cities,Telangana,HYDERABAD,Secunderabad,"2nd Floor, Varalaxmi Complex, Opposite Stay Inn Hotel, James Street, M.G.Road, Secunderabad",9581227272,Charity,17.432643,78.490824
Yashoda Hospital (A Unit of Datta Chandra Hospital Pvt. Ltd.)  Blood Bank,Telangana,HYDERABAD,Secunderabad,"1-1-156/157, 9th Floor, Alexander Road, Secunderabad, Telangana",8096940111,Private,17.441664,78.497002
Vivekananda Environmental International Society Social Service Blood Bank,Telangana,HYDERABAD,Secunderabad,"H.No.9-1-127/D/1, Opposite St.Mary39s Church, S.D.Road, Secunderabad",9247973842,Charity,17.440396,78.500468
Janani Voluntary Blood Bank (A Unit of Janani Organization),Telangana,HYDERABAD,Secunderabad,"D.No.9-1-66/3, 2nd Floor, Lane Opposite Oriental Bank, S.D.Road, Secunderabad",9876543210,Charity,17.441361,78.500984
Krishna Institute of Medical Sciences Blood Bank,Telangana,HYDERABAD,Secunderabad,"D.No.1-8-31/1, Block-III, 2nd Floor, Minister Road, Secretariat, Secunderabad",9876543210,Private,17.437572,78.482096
Jeevadhara Voluntary Blood Bank (A Unit of Jeevadhaara Society),Telangana,HYDERABAD,Secunderabad,"H.No.9-4-269 to 275, Saluja Hospital, Second Floor, Rezimental Bazar, Secunderabad",9876543210,Charity,17.435457,78.502918
Sunshine Hospital Blood Bank,Telangana,HYDERABAD,Secunderabad,"No.1-7-201- to 205, II Floor, P.G.Road, Behind Paradise  Hotel,  Secunderabad",9876543210,Private,17.44101,78.486923
Sri Devi Charitable Trust Blood Bank,Telangana,HYDERABAD,Secunderabad,"D. No. 12-13-197, Flat No. 106  107, Opposite HUDA Complex, Tarnaka, Secunderabad",9247546406,Charity,17.424972,78.535869
Princess Esra Hospital Blood Bank,Telangana,HYDERABAD,Shah Ali Banda,"Second Floor, 23-2-665, Shah Ali Banda",9876543210,Charity,17.356461,78.474211
RTC Hospital,Telangana,HYDERABAD,Tarnaka,"RTC Hospital Blood Bank, Tarnaka, Hyderabad",8008204060,Government,17.425416,78.530499
Indian Red Cross Society Blood Bank,Telangana,HYDERABAD,Vidhyanagar,"1-9-310, Street No14, Opposite Achyutha Reddy Complex,  Vidya Nagar Hyderabad",9701103085,Charity,17.405048,78.508731
Chalmeda Ananda Rao Institute of Medical Sciences Blood Bank,Telangana,KARIMNAGAR,Bommakal,"Block C, Ground Floor, Bommakal (V), Karimnagar",9491398688,Private,18.45324,79.165083
Singareni Collieries Co.Ltd Blood Bank,Telangana,KARIMNAGAR,Godavarikhani,"Area Hospital Blood Bank, Ram Mandir, Godavarikhani",9440471197,Government,18.75955,79.481638
"Indian Red Cross Society Jagityal, Blood Bank",Telangana,KARIMNAGAR,JAGTIAL,"District Headquarters Hospital JAGTIAL First Floor, Old Bus Stand",9440026445,Charity,18.438555,79.128841
Government District Head Quarters Hospital Blood Bank,Telangana,KARIMNAGAR,Karimnagar,"Savaran Street, Manchiryal Chowrastha",0995944492,Government,18.438555,79.128841
Indian Red Cross Society Blood Bank,Telangana,KARIMNAGAR,Karimnagar,"D.No.4-1-22, Osmanpura, Opp to Andhra Bank Main Branch",0944048823,Charity,18.438555,79.128841
Life Care Voluntary Blood Bank,Telangana,KARIMNAGAR,Karimnagar,"D.No.3-1-446, 1st Floor, Opposite Government Hospital, Prashanth Nagar",9441038039,Charity,18.443293,79.12973
Prathima Institute of Medical Sciences Blood Bank,Telangana,KARIMNAGAR,Nagnur,"1st Floor, Hospital Building, Nagnur",9948652670,Private,18.498565,79.151148
Apollo Reach Hospitals - Apollo Blood Bank,Telangana,KARIMNAGAR,Subhash Nagar,"H.No.4-72, 3rd Floor, Subhash Nagar, Near Railway station",9959243300,Private,18.454907,79.13294
The Government Area Hospital Blood Bank,Telangana,KHAMMAM,Bhadrachalam,"Bhadrachalam, Bhadradri Kothagudem",9347563589,Government,17.584049,80.332784
The APVVP District Head Quarters Hospital Blood Bank,Telangana,KHAMMAM,Khammam,"1st Floor, Room.No.31, O.P. Block, Wyra Road, Khammam",9963075123,Government,17.247253,80.151445
Rudhira Voluntary Blood Bank,Telangana,KHAMMAM,Khammam,"(A Unit of Rudhira Health Organization), H.No.11-4-25/A, 1st  2nd Floor, Wyra Road, Khammam",9876543210,Charity,17.769321,80.499386
Siva Multi Speciality Hospital Blood Bank,Telangana,KHAMMAM,Khammam,"H.No.11-2-44, Balaji Nagar, Wyra Road, Khammam",9876543210,Private,17.2508,80.144151
The Government Area Hospital Blood Bank,Telangana,KHAMMAM,Kothagudem,"Kothagudem, Khammam",0800820423,Government,17.249377,80.152006
The Singareni Collieries  Co. Ltd,Telangana,KHAMMAM,Kothagudem,"Hospital Blood Bank, Main Hospital, Kothagudem, Khammam",0949114522,Government,17.247253,80.151445
Sarala Blood Bank,Telangana,KHAMMAM,Kothagudem,"A Unit of Sarala Memorial Charitable Chartitable Trust, D.No. 5-13-7, 2nd Floor, M.G. Road, Kothagudem, Khammam",9393667032,Private,17.556004,80.614396
Singareni Collieries Co. Ltd,Telangana,KHAMMAM,Manuguru,"Blood Bank Medical Officer,  Blood Bank, Singareni Collieries Co. Ltd, Manuguru, Dist. Khammam, Mobile no9491145024",9866803810,Government,17.931207,80.82662
Asha Emergency  Chest Hospital Blood Bank,Telangana,KHAMMAM,Sattupally,"D. No. 4-851/1, Opposite Bus Stand, Kalabharathi Road, Sattupally, Khammam",9391281010,Private,17.24618,80.832243
Singareni Collieries Co. Ltd,Telangana,KHAMMAM,Yellandu,"Singareni Collieries Co. Ltd Blood Bank, Yellandu, District Khammam.",9491145024,Government,17.594134,80.322363
Indian Red Cross Society,Telangana,MAHBUBNAGAR,Gadwal,"Blood Bank, Area Hospital, Gadwal, Mahaboobnagar",9014871177,Charity,16.233659,77.808136
Government District Head Quarters Hospital Blood Bank,Telangana,MAHBUBNAGAR,Mahaboobnagar,"Ground Floor, Mahaboobnagar",9440635240,Government,16.750213,77.991441
Indian Red Cross Society Blood Bank,Telangana,MAHBUBNAGAR,Mahabubnagar,"Ground  First Floor,D.No.1-6-65/5/A,1-6-65/5/A, Modern High School Chourastha",9866465799,Charity,16.0,78.0011525
IRCS  RCH-II  Blood Bank District Hospital Wanaparthy,Telangana,MAHBUBNAGAR,WANAPARTHY,"Blood Bank, District Hospital,Wanaparthy, WANAPARTHY",9949236778,Charity,16.362312,78.062182
Maheshwara Medical College and Maheshwara Hospital Blood Bank,Telangana,MEDAK,Patancheru Mandal,"1st floor, Maheshwara Hospital Building, Isnapur Cross Road, Chitkul Village, Patancheru Mandal, Medak",7032888434,Private,17.562407,78.20521
Bharat Heavy Electricals Limited Hospital,Telangana,MEDAK,Ramachandrapuram,"Blood Bank, Ramachandrapuram, Medak",9440214361,Government,17.496713,78.305268
The APVVP District Head Quarters Hospital,Telangana,MEDAK,Sangareddy,"Blood Bank, Sangareddy, Medak",0934678344,Government,18.052936,78.261853
Indian Red Cross Society,Telangana,MEDAK,Siddipet,"Blood Bank, Area Hospital Premises, Siddipet,  Medak",9440037038,Government,18.098842,78.84139
Government District Head Quarter Hospital Nalgonda,Telangana,NALGONDA,Gollaguda,"Blood Bank, District Head Quarters Hospital Premises, 1st Floor, Old Building, Nalgonda",9441367822,Government,17.055864,79.277882
Indian Red Cross Society,Telangana,NALGONDA,Nalgonda,"Blood Bank, D.No. 5-6-300, Red cross Bhavan, Near RTC Bus Stand, Nalgonda",0984919355,Charity,17.054925,79.273455
Lions Club Blood Bank,Telangana,NALGONDA,Suryapet,"Govt Area Hospital, Main Road , Suryapet - Nalgonda Dist  08684-224699",9912262939,Government,17.057571,79.262029
"Indian Red Cross Society ,RCH-II",Telangana,NALGONDA,Suryapet,"Blood Bank, RCH-II, TVVP Area Hospital, 1st Floor, Suryapet, distSuryapet.",9848956022,Government,17.141493,79.606681
Sai Prasad Orthopedic Hospital,Telangana,NALGONDA,Suryapet,"Blood Bank, H.No.1-2-270/45/3, Opposite Vijetha Hotel, Suryapet, Nalgonda",9876543210,Private,17.135315,79.633367
Indian Red Cross Society,Telangana,NIZAMABAD,Kamareddy,"Blood Bank, Area Hospital, Kamareddy, Nizamabad",9876543210,Charity,18.322975,78.337899
V.T.Thakur Memorial Rotary,Telangana,NIZAMABAD,Kamareddy,"Blood Bank, H.No.1-4-31/1, Godown Road, Bathukammakunta, Kamareddy, Nizamabad",9876543210,Charity,18.323995,78.334305
The Government District Headquarters Hospital,Telangana,NIZAMABAD,Khaleelwadi,"Blood Bank, 7th  Floor, Khaleelwadi, R.P. Road, Nizamabad",9951649780,Government,18.675665,78.099084
Indian Red Cross Society,Telangana,NIZAMABAD,Khaleelwadi,"Blood Bank, M.R.O. Office, Complex, Khaleelwadi, Nizamabad",9246931749,Charity,18.672505,78.094087
Perali Narasaiah Memorial Charitable Trust,Telangana,NIZAMABAD,Khaleelwadi,"Blood Bank, H.No.5-7-71, Khaleelwadi, Nizamabad",9876543210,Charity,18.674236,78.10156
S.B.Voluntary Blood Bank,Telangana,NIZAMABAD,Khaleelwadi,"H.No.5-6-812, 3rd Floor, Amrutha Laxmi Hospital, Opposite Rajiv Gandhi Auditorium, Khaleelwadi, Nizamabad",9876543210,Charity,18.673955,78.102653
BBR Multispeciality Hospital Blood Bank,Telangana,RANGAREDDY,Hyderabad,"H. No. 7-4-194, Ferozguda, Near Bank of India, Balanagar, Hyderabad",9849022849,Private,17.464246,78.457112
Janani Voluntary Blood Bank,Telangana,RANGAREDDY,Hyderabad,"D.No.125-28-11/1, GPR Complex, KPHB Colony, Kukatpally, Hyderabad",9876543210,Charity,17.491139,78.398166
Life Voluntary Blood Bank,Telangana,RANGAREDDY,Hyderabad,"MIG-323,Above Syndicate Bank,Road no-4, Remedy hospital lane,  First Floor, KPHB Colony, Phase-I, Kukatpally, Ranga Reddy.",7702292227,Charity,17.492862,78.39781
Ozone Institute of Medical Sciences Hospital Blood Bank,Telangana,RANGAREDDY,Hyderabad,"H. No. 11-13-201/33, Plot No. 23, 25  26. Road No. 4, Green Hills Colony, L. B. Nagar, Hyderabad",9876543210,Private,17.36107,78.549759
Rajyalakshmi Charitable Trust Blood Bank (A Unit of Rajyalakshmi Charitable Trust),Telangana,RANGAREDDY,Hyderabad,"1st Floor, D.No.18-77/78, Street No.3, Kamala Nagar, Chaitanyapuri, Dilsukhnagar, Hyderabad",9290123728,Charity,17.367454,78.530729
Continental Hospital Blood Bank,Telangana,RANGAREDDY,Hyderabad,"Plot No. 3, Road No. 2, IT  Financial district, Nanakramguda, Hyderabad",9963445607,Private,17.417886,78.339922
ADRM Hospital and Blood Bank,Telangana,RANGAREDDY,Hyderabad,"4th Floor, D.No. 9-2, Plot No. 3, Ramanthapur, Hyderabad",9392441976,Private,17.398478,78.536069
Narayana Hrudayalaya Mallareddy Hospital Blood Bank,Telangana,RANGAREDDY,Hyderabad,"1-1-216, Suraram 39X39 Road, Qutbullapur Mandal, Jeedimetla, Hyderabad",9876543210,Private,17.544026,78.433044
Ram Hospital Blood Bank,Telangana,RANGAREDDY,Hyderabad,"2nd Floor,Ram Hospital, D.No.57/A, Shapur Nagar, IDA., Jeedimetla, Hyderabad",9876543210,Private,17.516138,78.447736
Malla Reddy Medical College and Malla Reddy General Hospital Blood Bank,Telangana,RANGAREDDY,Quthbullapur,"Survey No.138, Suraram Main Roads, Quthbullapur Mandal",9876543210,Private,17.545201,78.432739
SLMS Hospital Blood Bank,Telangana,RANGAREDDY,Ranga Reddy,"Nagole 39x39 Roads, Ranga Reddy",9876543210,Private,17.376463,78.557369
Citizens Hospital Blood Bank,Telangana,RANGAREDDY,Serilingampally,"D.No.1-100/1/CCH, Nallagandla Village, Serilingampally Mandal",8008411400,Private,17.470667,78.311308
Indian Red Cross Society Blood Bank,Telangana,RANGAREDDY,Vikarabad,"Govt. Community Health Centre, Vikarabad, Ranga Reddy",9963633631,Charity,17.33643,77.904848
"Indian Red Cross Society, Blood Bank",Telangana,WARANGAL,Hanumakonda,"Opp Dist. Collectorate, Subedari,Hanamkonda.",0998536036,Charity,18.005635,79.557155
Indian Red Cross Society Blood Bank RCH-II ( Jangaon),Telangana,WARANGAL,Janagoan,"Sub Divisional Branch, 1st Floor, Area Hospital Premises, Janagaon, Warangal",0944002644,Government,17.721054,79.160411
Government Mahatma Gandhi Memorial Hospital Blood Bank,Telangana,WARANGAL,Warangal,"MGM  Hospital Blood Bank, 1st Floor, O.P.Block, MGM. Hospital, Warangal",9490611947,Government,17.990313,79.592843
Saint Anns Hospital Blood Bank,Telangana,WARANGAL,Warangal,FATHIMANAGAR NIT (POST) WARANGAL DT. TELANGANA STATE,9866309453,Private,17.981693,79.52627
Singareni Collieries Company Limited Area Hospital Blood Bank,Telangana,WARANGAL,Warangal,"Bhupalpalli, Warangal",9876543210,Government,18.400965,79.852782
Mother Voluntary Blood Bank,Telangana,WARANGAL,Warangal,"MAS (Multipurpose Amicable Social Services Society), D.No.11-26-231, 1st Floor, Opp MGM Hospital, Warangal",7386698009,Charity,18.000637,79.585628
Kakatiya Voluntary Blood Bank (A Unit of Life Care Medical and Educational Society),Telangana,WARANGAL,Warangal,"Telengana Bhavan, Opposite Alankar Main Road, Hanumakonda, Warangal",9876543210,Charity,18.003153,79.579693
Bimal Singha Memorial Hospital Blood Bank,Tripura,Dhalai,Kamalpur,"Bimal Singha Memorial Hospital Kamalpur,  DhalaiTripura",9436372951,Government,24.196139,91.831476
District Hospital Gomati Blood Bank,Tripura,Gomati,Udaipur,"District Hospital,Near Tepania Eco Park, Udaipur Gomati,",9436131338,Government,23.554399,91.455532
District Hospital  Blood Bank Dharmanagar,Tripura,North Tripura,Dharmanagar,"District Hospital North Tripura, Hospital Road",9862525411,Government,24.234,92.09507
R.G.M Hospital Blood Bank Unakoti,Tripura,Unakoti,Kailashahar,"District Hospital Unakoti, Kailashahar, Unakoti, Opp to District Jail",9436372951,Government,24.304612,92.033366
Indira Gandhi Memorial Hospital Blood Bank,Tripura,West Tripura,Agartala,"Indira Gandhi Memorial (I.G.M) Hospital, Akhaura Road, Agartala, Tripura West.",9436188760,Government,23.8311,91.276015
Tripura Medical College and Dr. B.R.A.M. Teaching Hospital Blood Bank,Tripura,West Tripura,Agartala,"Tripura Medical College, Hapania, Agartala, West Tripura.",9862348264,Private,23.783323,91.25688
ILS Hospital Blood Bank,Tripura,West Tripura,Agartala,"Capital Complex Extension, P.O. New Secretariat, Kunjaban, Agartala, Tripura.",8974050418,Private,23.867534,91.289606
Agartala Govt. Medical College GBP Hospital Blood Bank,Tripura,West Tripura,Agartala,"Agartala Government Medical College and G.B. Hospital Complex, P.O.- Kunjaban, Agartala, Tripura",9876543210,Government,23.51648,91.17531
Military Hospital,Uttar Pradesh,AGRA,Agra,"Idgah Colony, Agra, Uttar Pradesh 282001",9876543210,Government,27.152822,77.999201
Samarpan Blood Bank,Uttar Pradesh,AGRA,Agra,Samarpan BhawanDelhi Gate,9319136644,Charity,27.19704,77.997713
District Hospital Blood Bank,Uttar Pradesh,AGRA,Agra,"MG Road, Chhipitola, Rakabganj, Agra",9876543210,Government,27.17064,78.010456
S.N. Medical College,Uttar Pradesh,AGRA,Agra,Meerut,9876543210,Government,27.188073,78.006357
Agra City Blood Bank,Uttar Pradesh,AGRA,Agra,"71, M.G. Road, Opposite to  Subhash Park",9837081000,Private,27.179146,78.002405
Goyal Jan Suvidha Charitable Blood Bank,Uttar Pradesh,AGRA,Agra,Sanjay Place,9876543210,Private,27.198683,78.003769
Life Line Charitable Blood Bank,Uttar Pradesh,AGRA,Agra,"156 A, Gulab Rai Marg, Delhi Gate",9897766466,Private,28.33669,79.420104
Pushpanjali Hospital and Research Centre Private limited,Uttar Pradesh,AGRA,Agra,Delhi Gate,9411689343,Private,27.198608,77.995402
Sanjeevani Charitable Blood Bank,Uttar Pradesh,AGRA,Agra,"A Unit of Sanjeevani Charitable Trust, 2/42A, Ramnagar Colony, Church Road",9876543210,Private,27.204177,78.003361
Lokhitam Blood Bank,Uttar Pradesh,AGRA,Agra,"D-520, Kamla Nagar",8439099789,Private,27.215043,78.02117
G.R. Hospital and Research Centre Private limited,Uttar Pradesh,AGRA,Agra,"Near Bhole Baba Dairy, Barauli Ahir, Shamsabad Road",9837013476,Private,27.12969,78.052565
Pushpa Maa Samaj Charitable Blood bank,Uttar Pradesh,AGRA,Agra,"1st Floor, Gihar Complex, Khandari, X-ing, NH - 2,",9410831376,Charity,27.21103,77.989507
Sri Jagdamba Charitable Blood Bank and Component,Uttar Pradesh,AGRA,Agra,"D-101, Phase-2, Trans Yamuna Colony,",9876543210,Charity,27.203435,78.046861
"Malkhan Singh, District Hospital Blood Bank",Uttar Pradesh,ALIGARH,Aligarh,"Rasalganj Road, City, Aligarh",8750472409,Government,27.889079,78.071255
J.N. Medical College Blood Bank,Uttar Pradesh,ALIGARH,Aligarh,AMU Aligarh,9897406711,Government,27.918377,78.088725
Dev Hospital Blood Bank,Uttar Pradesh,ALIGARH,Aligarh,"18/205, Sarai Khirni, Agra Road",9876543210,Private,27.616404,78.055196
"Jeevan Sanjeevan Blood Bank, Jeevan Hospital",Uttar Pradesh,ALIGARH,Aligarh,"2/151, Bela marg, Vishnupuri",9876543210,Private,27.882584,78.082163
"S.R.N. Hospital, M.L. N. Medical College",Uttar Pradesh,ALLAHABAD,Allahabad,"Hanuman Mandir, Swarooprani Hospital, North Malaka",9415214308,Government,25.456005,81.852791
Military Hospital Blood Bank,Uttar Pradesh,ALLAHABAD,Allahabad,Mahoba,9876543210,Government,25.46047,81.814778
Moti Lal Nehru District Hospital Blood Bank,Uttar Pradesh,ALLAHABAD,Allahabad,"12 Dr. Katjoo Road, Allahabad Near Railway Station",9450073213,Government,25.439232,81.8286
AMA (Allahabad Medical Association) Blood Bank,Uttar Pradesh,ALLAHABAD,Allahabad,"Stanely Road, Allahabad",9876543210,Charity,25.468205,81.844042
Mahamaya Rajkiya Allopathic Medical College,Uttar Pradesh,AMBEDKAR NAGAR,Ambedkar Nagar,"Mahamaya Rajkiya Allopathic Medical College, Saddarpur Tanda",0981878935,Government,26.509125,82.6139
District Combined Hospital Blood Bank,Uttar Pradesh,BAGHPAT,Baghpat,"Bhajan Vihar, Baghpat",9876543210,Government,28.946386,77.21707
District Hospital Blood Bank,Uttar Pradesh,BAHRAICH,Bahraich,"Friganj, Bahraich",9990552920,Government,27.572408,81.605903
District Hospital Blood Bank,Uttar Pradesh,BALLIA,Ballia,District Hospital Blood Bank,8382957867,Government,25.750805,84.147468
Combined District Hospital Blood Bank,Uttar Pradesh,BALRAMPUR,Balrampur,"Combined District Hospital, Balrampur",9450110947,Government,27.409812,82.192775
District Hospital Blood Bank,Uttar Pradesh,BANDA,Banda,"District Hospital, Banda",9450022562,Government,25.48931,80.334888
Hind Institute of Medical Sciences,Uttar Pradesh,BARABANKI,Barabanki,"Near Minar Canal, Safedabad-Faizabad Road",7309036038,Private,26.906812,81.122637
Mayo Institute of Medical Sciences Blood Bank,Uttar Pradesh,BARABANKI,Barabanki,"Run by Bodhisatva Charitable Trust, Faizabad Road, Gadia aizabad Road, Gadia, Barabanki, Dharsani",9876543210,Private,26.909607,81.141778
Military Hospital Blood Bank,Uttar Pradesh,BAREILLY,Bareilly,Hamirpur,9876543210,Government,28.332012,79.426081
District Hospital Blood Bank,Uttar Pradesh,BAREILLY,Bareilly,"Civil Lines, Bareilly, Uttar Pradesh",9412377198,Government,28.361399,79.416409
Ganga Sheel Charitable Trust Blood Bank,Uttar Pradesh,BAREILLY,Bareilly,"A-3, Rampur Garden",9219413775,Private,28.347944,79.426794
Sri Ram Murti Samarak Institute of Medical Sciences Blood Bank,Uttar Pradesh,BAREILLY,Bareilly,"Bareilly - Nainital Road, Bhojipura, Bareilly, Uttar Pradesh",9876543210,Charity,28.481101,79.443201
Ruhelkhand Medical College and Hospital Blood Bank,Uttar Pradesh,BAREILLY,Bareilly,Pilibhit By Pass Road,9876543210,Private,28.380191,79.462087
Clara Swain Mission Hospital Blood Bank,Uttar Pradesh,BAREILLY,Bareilly,"Civil Lines, Bareilly",9415375744,Private,28.349627,79.415881
IMA Blood Bank,Uttar Pradesh,BAREILLY,Bareilly,"IMA Bhawan, 110, Civil Lines",9876543210,Private,28.346917,79.424735
IMA Blood Bank,Uttar Pradesh,BAREILLY,Bareilly,"Run by Indian Medical Association, Civil Lines",9876543210,Government,28.346917,79.424734
Rajshree Medical Research Institute,Uttar Pradesh,BAREILLY,Bareilly,"21 Km Near Toll Plaza, Rampur Road Bareilly",8192000283,Charity,28.48308,79.285312
District Hospital Blood Bank,Uttar Pradesh,BASTI,Basti,Bhinga,9415133713,Government,26.800773,82.759197
M/s Sewa Blood Bank,Uttar Pradesh,BASTI,Basti,"R.K. Puram, Near Kotwali",9415332416,Charity,26.7800781,82.76441135
OPEC Hospital Blood Bank,Uttar Pradesh,BASTI,Basti,"OPEC Hospital, Basti",9415375744,Private,26.779101,82.762356
District Hospital Blood Bank,Uttar Pradesh,BIJNOR,Bijnor,Lakhimpur Khiri,9876543210,Government,29.384974,78.136521
Sarvodaya Jankalyan Samati,Uttar Pradesh,BIJNOR,Bijnor,"Near Exchange, Kalagarh Road, Dharmpur",9876543210,Private,26.005074,81.044749
District Hospital Blood Bank,Uttar Pradesh,BUDAUN,Badaun,Bareilly,7351009125,Government,28.027732,79.126275
Babu Banarasi Das District Hospital Blood Bank,Uttar Pradesh,BULANDSHAHR,Bulandshahar,Gonda,9415538903,Government,28.728373,77.468591
NAPS (Narora Atomic Power Station) Hospital Blood Bank,Uttar Pradesh,BULANDSHAHR,Narora,Narora,9837085170,Private,28.205915,78.379131
Combined District Hospital Blood Bank,Uttar Pradesh,CHITRAKOOT,Chitrakoot,Combined District Hospital,9651882226,Government,25.196167,80.914609
District Hospital Blood Bank,Uttar Pradesh,DEORIA,Deoria,"Saket Nagar, Deoria",9876543210,Government,26.495682,83.781488
Dr. Bhimrao Ambedkar Combined Hospital (District Hospital),Uttar Pradesh,ETAWAH,Etawah,"Civil Lines, Etawah",0941528564,Government,26.787903,79.005523
Rural Institute of Medical Sciences and Research,Uttar Pradesh,ETAWAH,Etawah,Safai,9411689343,Government,26.96145,78.962055
District Hospital Blood Bank,Uttar Pradesh,FAIZABAD,Faizabad,Shahjahanpur,9557207450,Government,26.777679,82.141614
Chandan Diagnostics Center and Blood Bank,Uttar Pradesh,FAIZABAD,Faizabad,"Mukut Complex Near District Hospital Rakabganj, Lajpat Nagar, Faizabad",9876543210,Private,26.774399,82.143734
District Hospital Blood Bank,Uttar Pradesh,FATEHPUR,Fatehpur,Azamgarh,9719429909,Government,25.936333,80.813799
Shyam Nursing Home and Blood Bank,Uttar Pradesh,FATEHPUR,Fatehpur,"400/761, Civil Line (Near S.P. Residence)",0991857143,Private,25.930647,80.800955
"SNM, District Hospital Blood Bank",Uttar Pradesh,FIROZABAD,Firozabad,"Rehna Road, Bypass Road Company Baag, Arya Nagar",9415068049,Government,27.157627,78.389439
Jeevan Dhara Blood Bank,Uttar Pradesh,FIROZABAD,Firozabad,"8 Buddh Ashram, Bye Paas Road",9876543210,Private,27.160557,78.398609
Dr. M.C. Agrawal Hospital and Research Centre Private limited,Uttar Pradesh,FIROZABAD,Firozabad,"Kotla Chungi, Bye Pass Road",9876543210,Private,27.159652,78.403521
F.H. Hospital Blood Bank,Uttar Pradesh,FIROZABAD,Firozabad,"Near Etmadpur, Railway over Bridge NH-2, Tundla District, Firozabad",0847793666,Private,27.230412,78.212065
Sevarth Sansthan Blood Bank,Uttar Pradesh,FIROZABAD,Firozabad,"Sevarth Sansthan Seth Bimal Kumar Jain Trauma and Phsytherapy Dharmarth Samiti, NH-2, Agra Road",0819402777,Private,27.23053,78.21226
Naveen Hospital,Uttar Pradesh,GAUTAM BUDDHA NAGAR,Dadri,Railway Road,9876543210,Private,28.477615,77.518568
Sharda Hospital Blood Bank,Uttar Pradesh,GAUTAM BUDDHA NAGAR,Greater Noida,"Plot No. 32-34, Knowledge Park-III",9876543210,Private,28.474444,77.4827
Kailash Hospital Llimited,Uttar Pradesh,GAUTAM BUDDHA NAGAR,Greater Noida,"A unit of Kailash Group of Hospitals Limited, 23 KP-1, NEAR PARI CHOWK",9876543210,Private,28.577474,77.331606
Shri Krishna Life Line Hospital Blood Bank,Uttar Pradesh,GAUTAM BUDDHA NAGAR,Greater Noida,"NH-22D, Sector Tau Swarn Nagri, Greater Noida, Gautam Buddha Nagar",9540700708,Private,28.460872,77.532452
Kailash Hospital and Heart Institute,Uttar Pradesh,GAUTAM BUDDHA NAGAR,Noida,"A Unit of Kailash Healthcare Limited, H-33, Sector-27, Noida",8750472409,Private,28.577472,77.331603
Metro Hospital and Heart Institute,Uttar Pradesh,GAUTAM BUDDHA NAGAR,Noida,"X-1, Sector -12",9415060292,Private,28.597462,77.338017
Prayag Hospital and Research Centre,Uttar Pradesh,GAUTAM BUDDHA NAGAR,Noida,"J-206/A-01, Sector-41",9876543210,Private,28.563602,77.365447
Prakash Hospital Blood Bank,Uttar Pradesh,GAUTAM BUDDHA NAGAR,Noida,"D-12, 12-A, 12-B, Sector-33",0981007599,Private,28.58564,77.34952
Rotary Noida Research and Social Welfare Trust Blood Bank,Uttar Pradesh,GAUTAM BUDDHA NAGAR,Noida,"E-2, IMA House, Sector-31, Nithari",9876543210,Private,28.576931,77.339491
Dr. Bhimrao Ambedkar Multi Specialty Hospital Blood Bank,Uttar Pradesh,GAUTAM BUDDHA NAGAR,Noida,Sector-30,0981878935,Private,28.576565,77.33745
Yatharth Wellness Super Speciality Hospital and Heart Care Blood Bank,Uttar Pradesh,GAUTAM BUDDHA NAGAR,Noida,"NH-01, Sector-110",0880079790,Private,28.532064,77.384568
Jaypee Hospital Blood Bank,Uttar Pradesh,GAUTAM BUDDHA NAGAR,Noida,"A Unit of Jaypee Healthcare Limited, Sector-128",9876543210,Private,28.515258,77.371495
Santosh Medical and Dental College,Uttar Pradesh,GHAZIABAD,Ghaziabad,Kushinagar,9927087638,Private,28.670024,77.432342
"MMG, District Hospital Blood Bank",Uttar Pradesh,GHAZIABAD,Ghaziabad,"MMG, District Hospital Ghaziabad",9990552920,Government,28.662528,77.42361
Yashoda Hospital and Research,Uttar Pradesh,GHAZIABAD,Ghaziabad,3rd M Nehru Nagar,9718884111,Private,28.66037,77.442026
Life Line Blood Bank,Uttar Pradesh,GHAZIABAD,Ghaziabad,Life Line Blood Bank 3rd B2 Nehru Nagar,9876543210,Private,28.669238,77.440304
"Yashoda Hospital and Research Centre Limited, Kaushambi",Uttar Pradesh,GHAZIABAD,Ghaziabad,"H-1, Kaushambi, Near Dabur Chowk, Ghaziabad",9711103446,Private,28.659996,77.438403
Lok Priya Hospital Blood Bank,Uttar Pradesh,GHAZIABAD,Ghaziabad,"G.T. Road, Modinagar",9876543210,Private,28.968368,77.730589
"Pushpanjali Crossley Hospital (Max Superspeciality Hospital, Vaishali)",Uttar Pradesh,GHAZIABAD,Ghaziabad,"W-3, Sector-I, Vaishali",9891864672,Private,28.634769,77.333007
M/s Shanti Gopal Hospital Blood Bank,Uttar Pradesh,GHAZIABAD,Ghaziabad,"Plot No. NH-1, Ahinsa Khand-II, Indrapuram",0959806051,Private,28.641918,77.379325
Divya Joyati Institute Of Medical Science  Research,Uttar Pradesh,GHAZIABAD,Ghaziabad,"Niwari Road, Road, Modinagar",9368564762,Private,28.830657,77.570159
Family Health Care Hospital Blood Bank,Uttar Pradesh,GHAZIABAD,Ghaziabad,"15-H.C. -1 Vasundhara, Gaziabad, Uttar Pradesh",9953234790,Private,28.652652,77.360171
Atlanta Mediworld Multispeciality Hospital,Uttar Pradesh,GHAZIABAD,Ghaziabad,"NH-1, Sector-14, Vasundhara",9650128880,Private,28.657847,77.360777
Dev Nandani Hospital Blood Bank,Uttar Pradesh,GHAZIABAD,Hapur,"Near Railway Crossing, Garh Road",9876543210,Private,28.728814,77.792219
Rama Medical College and Research Centre Blood Bank,Uttar Pradesh,GHAZIABAD,Hapur,"Run by Rama Educational Society, Rama Delhi NH-24 38km milestone Hapur",8859091804,Private,28.69787,77.607979
Narinder Mohan Hospital and Heart Centre,Uttar Pradesh,GHAZIABAD,Mohan Nagar,"Mohan Nagar, Ghaziabad.",9899965656,Private,28.666671,77.439269
District Hospital Blood Bank,Uttar Pradesh,GHAZIPUR,Ghazipur,"District Hospital, Gazipur",9876543210,Government,25.582008,83.582114
District Hospital Blood Bank,Uttar Pradesh,GONDA,Gonda,Balrampur,7376068569,Government,27.409813,82.192774
City Blood Bank,Uttar Pradesh,GORAKHPUR,Gorakhpur,"Pratibha Complex,  Infront of Jubilee Inter School, Jublee Nagar",9956201174,Private,26.753844,83.364532
Air Force Hospital Blood Bank,Uttar Pradesh,GORAKHPUR,Gorakhpur,Maharajganj,9876543210,Government,26.759066,83.420833
Nehru Hospital and B.R.D. Medical College,Uttar Pradesh,GORAKHPUR,Gorakhpur,Gorakhpur,9876543210,Government,26.813424,83.400296
Guru Shri Gorakhnath Chikitsalaya Blood Bank,Uttar Pradesh,GORAKHPUR,Gorakhpur,Gorakhnath Mandir,0894800107,Private,26.776322,83.357794
Fatima Hospital Blood Bank,Uttar Pradesh,GORAKHPUR,Gorakhpur,Padri Bazar,9453752318,Private,26.787217,83.400142
Savitri Blood Bank and Component Centre,Uttar Pradesh,GORAKHPUR,Gorakhpur,"Savitri Hospital Campus, Dilezakpur, Cinema Road",9415245598,Private,26.758493,83.364814
Saraswathi Institute of Medical Science,Uttar Pradesh,HAPUR,Hapur,"NH-24, Anwarpur Pilkhuwa",9876543210,Private,28.713701,77.692994
District Hospital Blood Bank,Uttar Pradesh,HARDOI,Hardoi,Gorakhpur,9670783667,Government,27.395757,80.134659
Bagla Combined District Hospital Blood Bank,Uttar Pradesh,HATHRAS,Hathras,Not Available,9415332416,Government,27.599857,78.049858
Government Medical College and Hospital Blood Bank,Uttar Pradesh,JALAUN,Orai,"Government Medical College and Hospital, Orai",9876543210,Government,25.999845,79.473401
District Hospital Blood Bank,Uttar Pradesh,JAUNPUR,Jaunpur,Ghaziabad,8192833336,Government,25.759674,82.696747
M/s Isha Hospital Blood Bank,Uttar Pradesh,JAUNPUR,Jaunpur,Haribandhanpur Parav,0753594594,Private,25.733137,82.672548
Sant Diagnostic Centre and Blood Bank,Uttar Pradesh,JHANSI,Jhansi,"25/1A, Sant Bhawan, Opposite to MLB Medical College, Between Gate no -1  2, Kanpur Road Jhansi",9695290268,Private,25.45845516,78.61560658
MLB Medical College and Hospital,Uttar Pradesh,JHANSI,Jhansi,"Bundelkhand University,Jhansi.",9450939194,Government,25.459045,78.615934
District Hospital Blood Bank,Uttar Pradesh,JHANSI,Jhansi,"Shivpuri Road, Rajghat Colony, Jhansi.",9415364919,Government,25.457843,78.57868
St. Judes Hospital Blood Bank,Uttar Pradesh,JHANSI,Jhansi,"St. Judes Hospital Campus, Sipri, Jhansi",9415412699,Charity,25.462874,78.547451
Nirmal Hospital Blood Bank,Uttar Pradesh,JHANSI,Jhansi,Opposite Medical College Gate No.-03,9450881860,Government,25.460278,78.617827
Parakh Voluntary Blood Bank,Uttar Pradesh,JHANSI,Jhansi,"Run by Samagra Vikash Jan Kalyan Samiti, Karguawaji Road, Opposite Gate No.-2",9412342308,Charity,25.458336,78.616978
Combined District Hospital Blood Bank,Uttar Pradesh,KANNAUJ,Kannauj,"Combined District Hospital, Kannauj",9876543210,Government,27.118091,79.712484
B.S.D.B.A. Government Medical College and Hospital,Uttar Pradesh,KANNAUJ,Kannauj,"Tirwa - Kannauj Road, Tirwa, NH 91A, Nunari",9415527666,Government,26.963334,79.792236
Combined District Hospital (M) Blood Bank,Uttar Pradesh,KANPUR DEHAT,Akbarpur,"Akbarpur, Kanpur Dehat",9876543210,Government,26.380489,26.380489
Mariampur Hospital and Blood Bank,Uttar Pradesh,KANPUR NAGAR,Kanpur,Shastri Nagar,9876543210,Private,26.465207,80.305556
Life Line Blood Bank,Uttar Pradesh,KANPUR NAGAR,Kanpur,"B-1, Sarvoday Nagar",9412230493,Private,26.479559,80.299895
Regency Hospital Limited,Uttar Pradesh,KANPUR NAGAR,Kanpur,"A-2, Sarvodaya Nagar",9389476580,Private,26.479223,80.316263
GSVM Medical College Blood Bank,Uttar Pradesh,KANPUR NAGAR,Kanpur,"Swaroop Nagar, Kanpur",9450835110,Government,26.481102,80.307684
Sanjeevani Blood Bank,Uttar Pradesh,KANPUR NAGAR,Kanpur,"117/O 461 ,Geeta Nagar, Kanpur",8005192796,Private,26.486118,80.290276
Sneh Pathology X-ray and Blood Bank,Uttar Pradesh,KANPUR NAGAR,Kanpur,"133/10, O-Block, Kidwai Nagar",9415088785,Private,26.439394,80.33679
"UHM, District Hospital",Uttar Pradesh,KANPUR NAGAR,Kanpur,"Shop No. 30/01, Mall Rd, Bada Chouraha, Parade Chouraha, Parade, Kanpur",9415068049,Government,26.474045,80.346099
Air Force Hospital,Uttar Pradesh,KANPUR NAGAR,Kanpur,"Nathu Singh Road, Saharanpur",9876543210,Government,26.446739,80.375727
CLM Hospital and Blood Bank,Uttar Pradesh,KANPUR NAGAR,Kanpur,"121/625, Industrial Estate, Shastri Nagar",9876543210,Private,26.463772,80.296612
Sai Blood Bank,Uttar Pradesh,KANPUR NAGAR,Kanpur,"N-2, Kidwai Nagar",9876543210,Private,26.433311,80.322243
Rama Medical College Hospital and Research Centre,Uttar Pradesh,KANPUR NAGAR,Kanpur,"Rama Medical College Hospital  Research Centre,Blood Bank, GT Road, Mandhana, Kanpur",8090167357,Private,26.567295,80.220837
LPS Institute of Cardiology,Uttar Pradesh,KANPUR NAGAR,Kanpur,"Mall Road, Sarvodaya Nagar",9690261262,Government,26.481154,80.303811
Tulsi Hospital Limited,Uttar Pradesh,KANPUR NAGAR,Kanpur,"14/116-A, Civil Lines",9837184061,Private,26.479826,80.344033
Krishna Super Speciality Hospital,Uttar Pradesh,KANPUR NAGAR,Kanpur,"A Unit of Gita Healthcare Private Limited, 363, Harrisganj, Near Tatmil Chauraha",0945593169,Private,26.448475,80.344084
SPM Hospital Research and Trauma Centre Blood Bank,Uttar Pradesh,KANPUR NAGAR,Kanpur Nagar,"A Unit of Tyco Hospitals Private Ltimited, C-48, Kalyanpur",9198607532,Private,26.501131,80.257486
Combined District Hospital,Uttar Pradesh,KAUSHAMBI,Kaushambi,Manjhanpur,0800519267,Government,25.361049,81.403171
District Hospital,Uttar Pradesh,Lakhimpur Kheri,Lakhimpur Khiri,Auriya,9415543070,Government,27.945898,80.784474
District Hospital,Uttar Pradesh,LALITPUR,Lalitpur,Chitrakoot,9876543210,Government,24.696225,78.412323
Career Institute of Medical Sciences and Hospital Blood Bank,Uttar Pradesh,LUCKNOW,Ghailla,"A Unit of Career Convent Education and Charitable Trust, Sitapur-Hardoi Bypass Road, Near IIM",9876543210,Private,26.91543,80.909715
Indira Diagnostic and Blood Bank Limited,Uttar Pradesh,LUCKNOW,Lucknow,"Sanjay Gandhi Puram, Faizabad Road",9389476580,Private,26.870091,80.971582
Sanjay Gandhi Post-Graduate Institute (SGPGI),Uttar Pradesh,LUCKNOW,Lucknow,"Department of Transfusion Medicine, Sanjay Gandhi Postgraduate Institute of Medical Sciences, Rae Bareli Road",9876543210,Government,26.742135,80.945981
Sh. Chattrapati Shivaji Maharaj Chikitsalaya University,Uttar Pradesh,LUCKNOW,Lucknow,"KGMU, Lucknow",9335349791,Government,26.813839,80.904558
Balrampur Hospital Blood Bank,Uttar Pradesh,LUCKNOW,Lucknow,"Balrampur Hospital, Chakbast Road, Qaiserbagh, Lucknow, Uttar Pradesh",9415214308,Government,26.856601,80.926431
Command Hospital Blood Bank,Uttar Pradesh,LUCKNOW,Lucknow,Faizabad,9415226197,Government,26.81745,80.940818
Dr. Shyama Prasad Mukharjee Civil Hospital,Uttar Pradesh,LUCKNOW,Lucknow,Gorakhpur,9897406711,Government,26.844593,80.948999
Vivekanand Polyclinic and Institute of Medical Sciences,Uttar Pradesh,LUCKNOW,Lucknow,Vrindaban,9415034053,Government,26.875283,80.942804
Kohli Blood Bank and Components Private limited,Uttar Pradesh,LUCKNOW,Lucknow,"2nd Floor, A-Block, Kanchan Market, Chowk",9876543210,Private,26.865274,80.911431
Eras Medical College and Hospital Blood Bank,Uttar Pradesh,LUCKNOW,Lucknow,"Sarfaraj Ganj, Musabag, Picnic Spot-Hardoi Road",9876543210,Private,26.878389,80.872448
Shekhar Hospital Private Limited Blood Bank,Uttar Pradesh,LUCKNOW,Lucknow,"B Block, Church Road, Indira Nagar, Lucknow",9415022105,Private,26.876188,80.985528
Nidan Diagnostic Centre and Blood Bank,Uttar Pradesh,LUCKNOW,Lucknow,"4/31, Captan Manoj Pandey Chauraha, Vivek Khand, Gomti Nagar",9876543210,Private,26.854084,80.995132
Dr Ram Manohar Lohia Institute of Medical Sciences,Uttar Pradesh,LUCKNOW,Lucknow,Gomati Nagar,0999703190,Government,26.86889,80.999691
St. Joseph Hospital Blood Bank,Uttar Pradesh,LUCKNOW,Lucknow,"Vishal Khand-5, Gomti Nagar",9876543210,Charity,26.854293,80.991967
B.N.K. Hospital Blood Bank,Uttar Pradesh,LUCKNOW,Lucknow,"B-1/196 Nirala Nagar, Lucknow",9451817060,Private,26.879585,80.932757
Lucknow Nursing Home Association Blood Bank,Uttar Pradesh,LUCKNOW,Lucknow,"c 228, Officers Colony, Nirala Nagar",0730903603,Charity,26.878474,80.938496
Sahara Hospital Blood Bank,Uttar Pradesh,LUCKNOW,Lucknow,"Viraj Khand, Gomati Nagar",5226781683,Private,26.850106,81.023867
Divine Heart Hospital and Research Centre Blood Bank,Uttar Pradesh,LUCKNOW,Lucknow,"Viraj Khand, Institutional Area - 5, Gomti Nagar",0920888312,Private,26.859198,81.023215
Nova Hospital Limited,Uttar Pradesh,LUCKNOW,Lucknow,"Patrakarpuram Crossing Vikash Khand-1,Gomti Nagar",9876543210,Private,26.850001,80.983334
Fatima Hospital Blood bank,Uttar Pradesh,LUCKNOW,Lucknow,"35-C, Mahanagar Colony",7703001503,Charity,26.871551,80.952133
Dr O P Choudhery Hospital Blood Bank,Uttar Pradesh,LUCKNOW,Lucknow,"Chaudhary Vihar, Raibarely Road",9876543210,Private,26.785201,80.973148
Integral Institute of Medical Sciences and Research Blood Bank,Uttar Pradesh,LUCKNOW,Lucknow,"Kursi Road, Lucknow",9415183133,Private,26.957942,81.002588
Medison Hospital Private Limited Blood Bank,Uttar Pradesh,LUCKNOW,Lucknow,"Medison Hospital  Blood Bank, UGF,D3 Durgapuram Colony Sector 13 VikasNagar, Near Goel Motors,Near Tedhi Pulia,Ring Road",0938989330,Private,26.90491,80.959052
Fehmina Hospital and Blood Bank,Uttar Pradesh,LUCKNOW,Lucknow,"Victoriaganaj, Near Sunni Inter College, Tulsidas marg",0786005444,Private,26.854943,80.90488
GCRG Memorial Hospital  Charitable Blood Bank,Uttar Pradesh,LUCKNOW,Lucknow,"Village-Parvatpur, Chandrika Devi Road, Bakshi Ka Talab",9559662557,Private,26.842776,80.949164
Charak Hospital and Research Center Blood Bank,Uttar Pradesh,LUCKNOW,Lucknow,"Dubagga Hardoi Road, Lucknow",9876543210,Private,26.872555,80.871172
District Hospital,Uttar Pradesh,MAHOBA,Mahoba,"Makaniya Purva, Mahoba",9876543210,Government,25.293146,79.88485
Agrawal Life Line Hospital and Trauma Centre Blood Bank,Uttar Pradesh,MATHURA,Aurangabad,"Kamdhenu Nagar, Agra Road",9876543210,Private,27.435244,77.701066
K.D. Medical College Hospital  Research Centre Blood Bank,Uttar Pradesh,MATHURA,Chhatta,"24 KM Mile Stone, Mathura-Delhi Road, NH-2, Post-Akbarpur",7055400500,Private,27.650459,77.549915
District Hospital Blood Bank,Uttar Pradesh,MATHURA,Mathura,Etah,9876543210,Government,25.351229,82.986065
"Rotary Blood Bank, Rotary Point",Uttar Pradesh,MATHURA,Mathura,"Near Alwar Railway Bridge, Delhi-mathura NH-2",8171911911,Charity,27.5117922,77.654894
Ramakrishna Mission Sevashrama,Uttar Pradesh,MATHURA,Vrindaban,"Swami Vivekananda Road, Near Anandmayee Maa Temple, Mathura, Vrindaban",9876543210,Private,27.571999,77.694371
Fatima Hospital Blood Bank,Uttar Pradesh,MAU,Mau,"Fatima Hospital, Chandmari Imiliya Road, Maunathbhanjan, Mau",7839038093,Charity,25.923014,83.570215
Combined District Hospital,Uttar Pradesh,MAU,Mau,Munshi Pura,9927612995,Government,25.921403,83.563806
Military Hospital,Uttar Pradesh,MEERUT,Meerut,Pratapgarh,9876543210,Government,28.987584,77.689042
Lokpriya Hospital Blood Bank,Uttar Pradesh,MEERUT,Meerut,"Samrat Palace, Garh Road",9876543210,Private,28.968374,77.730585
SVBP Hospital Blood Bank,Uttar Pradesh,MEERUT,Meerut,LLRM Medical College Campus,9876543210,Government,28.958429,77.753433
P.L. Sharma Hospital Blood Bank,Uttar Pradesh,MEERUT,Meerut,Jali Kothi,9876543210,Government,28.98213,77.699779
Subharti Hospital Blood Bank,Uttar Pradesh,MEERUT,Meerut,Meerut by Pass Road,9876543210,Charity,28.961414,77.638197
Sanjeevani Blood Bank,Uttar Pradesh,MEERUT,Meerut,"644, Bhagpat Road",9876543210,Private,28.972402,77.687042
Anand Hospital Blood Bank,Uttar Pradesh,MEERUT,Meerut,"A-1, Damodar Colony, Garh Road",9876543210,Private,28.96181,77.746366
Jaswant Rai Specialty Hospital Blood Bank,Uttar Pradesh,MEERUT,Meerut,"Opposite Sports Stadium, Civil Lines, Mawana Road",9876543210,Private,28.991297,77.72323
Vadhava Blood Bank,Uttar Pradesh,MEERUT,Meerut,Meerut,9412746144,Private,28.961817,77.755222
District Hospital Blood Bank,Uttar Pradesh,MIRZAPUR,Mirzapur,Sultanpur,9876543210,Government,25.154094,82.577234
Pt. Deen Dayal Upadhaya Combined District Hospital,Uttar Pradesh,MORADABAD,Moradabad,"Civil LinesMoradabad, Uttar Pradesh",9415755536,Government,28.848179,78.765907
Asian Vivekanand Super Specialty Hospital Blood Bank,Uttar Pradesh,MORADABAD,Moradabad,Faizabad,9876543210,Private,28.883923,78.736882
Dr. Chaturvedi Central Blood Bank,Uttar Pradesh,MORADABAD,Moradabad,Renukoot,9876543210,Private,28.845183,78.774082
Sri Sai Hospital and Blood Bank,Uttar Pradesh,MORADABAD,Moradabad,"Mansarovar Scheme, Delhi Road",9760016106,Private,28.840201,78.752813
Teerthankar Mahaveer Hospital and Research Centre,Uttar Pradesh,MORADABAD,Moradabad,"N.H. 24, Delhi Road, Bagadpur, Moradabad, Uttar Pradesh 244001",9876543210,Private,28.822812,78.65787
"Cosmos Hospital, Multi Speciality and Trauma Centre",Uttar Pradesh,MORADABAD,Moradabad,"Prem Nagar, P.O.- Kazipura, Kanth Road",8477007857,Private,28.894018,78.729084
District Hospital Blood Bank,Uttar Pradesh,MORADABAD,Moradabad,"Bank Civil Lines, Moradabad",9876543210,Government,28.84818,78.76591
IMA Blood Bank (Run by Indian Medical Association),Uttar Pradesh,MORADABAD,Mumbai,"IMA Bhawan, Court Compound",9876543210,Private,30.334183,78.017785
District Hospital Blood Bank,Uttar Pradesh,MUZAFFARNAGAR,Muzaffarnagar,Banda,9450268160,Government,29.478774,77.696912
Muzaffarnagar Medical College and Hospital,Uttar Pradesh,MUZAFFARNAGAR,Muzaffarnagar,"Opposite Begrajpur Industrial Area, Ghasipura",9997732222,Private,29.372403,77.706668
District Hospital,Uttar Pradesh,PILIBHIT,Pilibhit,"Ekta Nagar, Pilibhit",9415030192,Government,28.630707,79.816455
District Hospital Blood Bank,Uttar Pradesh,PRATAPGARH,Pratapgarh,Barabanki,9415486482,Government,25.922103,81.998641
District Hospital Blood Bank,Uttar Pradesh,RAEBARELI,Raebareli,"Nirala nagar, Raebareli",9876543210,Government,26.222751,81.23944
District Hospital Blood Bank,Uttar Pradesh,RAMPUR,Rampur,Lucknow,9876543210,Government,28.807443,79.014396
Maulana Mohamad Ali Johar Hospital,Uttar Pradesh,RAMPUR,Rampur,Nainital Road,9876543210,Charity,28.818555,79.060106
Tarawati Nursing Home Private Limited Blood Bank,Uttar Pradesh,SAHARANPUR,Saharanpur,Bajoria Road,9359202132,Private,29.95683,77.557192
"SBD, District Hospital",Uttar Pradesh,SAHARANPUR,Saharanpur,Bajoria Road,9415058785,Government,29.955375,77.559465
District Hospital Blood Bank,Uttar Pradesh,SANT KABIR NAGAR,Sant Kabir Nagar,Khalilabad,9876543210,Government,26.732839,83.139134
Jeevan Deep Hospital Private Limited Blood Bank,Uttar Pradesh,Sant Ravidas Nagar (BHADOHI),Bhadohi,"Indira Mill Crossing, Jeevandeep Road, Jamunipur, SRN Bhadohi",9876543210,Private,25.387859,82.592757
Maharaja Chet Singh District Hospital,Uttar Pradesh,Sant Ravidas Nagar (BHADOHI),Bhadoi,Gyanpur,9876543210,Government,25.358723,82.464122
District Hospital Blood Bank,Uttar Pradesh,SHAHJAHANPUR,Shahjahanpur,Ambedkar Nagar,9412377198,Government,27.871234,79.913853
Swami Vivekanand Charitable Blood Bank,Uttar Pradesh,SHAHJAHANPUR,Shahjahanpur,"A unit of Swami Vivekanand Charitable Trust Regd.,   Near Anta Chauraha",0945131195,Charity,27.874974,79.915468
Hind Institute of Medical Sciences Blood Bank,Uttar Pradesh,SITAPUR,Atariya,"Atariya, Sitapur",9876543210,Private,27.188717,80.85432
District Hospital,Uttar Pradesh,SITAPUR,Sitapur,Nai Basti,9876543210,Government,27.571025,80.676905
BCM Hospital Blood Bank,Uttar Pradesh,SITAPUR,Sitapur,Khairabad,8604905210,Charity,27.530523,80.745172
Hindalco Hospital Blood Bank,Uttar Pradesh,SONBHADRA,Renukoot,"Plant -1 Road, Renukoot",9876543210,Private,24.212959,83.036739
District Joint Hospital,Uttar Pradesh,SONBHADRA,Sonbhadra,"SH 5A, Bhandar Khurd",9161349145,Government,24.646173,83.058614
Sanjay Gandhi Hospital Blood Bank,Uttar Pradesh,SULTANPUR,Amethi,"SH 34, Katra Maharan",9876543210,Government,26.210663,81.807126
District Hospital Blood Bank,Uttar Pradesh,SULTANPUR,Sultanpur,Sultanpur,9415168259,Government,26.262708,82.069909
District Hospital Blood Bank,Uttar Pradesh,UNNAO,Unnao,Orai,9415457880,Government,26.537805,80.478884
Banaras Heart Hospital Component Blood Bank,Uttar Pradesh,VARANASI,Banaras,"62, Chandrika Nagar, Sigra",9369352137,Private,25.311963,82.986551
Shri Shiv Prasad Gupta Mandliya Zilla Chikitsalaya,Uttar Pradesh,VARANASI,Varanasi,Varanasi,0941248770,Government,25.31984,83.008853
Heritage Hospital,Uttar Pradesh,VARANASI,Varanasi,LANKA BHU ROAD,8953003624,Private,25.279165,83.003404
Sir Sunderlal Hospital Blood Bank,Uttar Pradesh,VARANASI,Varanasi,"IMS, BHU, Lanka",9876543210,Government,25.276992,83.001231
Santushti Hospital Private Limited Blood Bank,Uttar Pradesh,VARANASI,Varanasi,"N8/180-B-51, BHU - DLW Road, DLW Sunderpur Road, Sunderpur, Newada, Varanasi, Uttar Pradesh",9876543210,Private,25.282632,82.975715
Apex Hospital Component Blood Bank,Uttar Pradesh,VARANASI,Varanasi,"Apex Welcare Trust, N-7/2, A-5, D.L.W. Hydil Road",9876543210,Private,25.283163,82.968511
Pt. Deen Dayal Upadhayay Government Hospital,Uttar Pradesh,VARANASI,varanasi,Pandeypur,9876543210,Government,28.628047,77.112399
Heritage Institute of Medical Sciences Blood Bank,Uttar Pradesh,VARANASI,Varanasi,"3rd Floor, Near Mohan Sarai, Ram Nagar Bypass, Bhadwar",9415226197,Private,25.278956,83.002917
District Hospital,Uttarakhand,ALMORA,Almora,"District Hospital, Almora",9412163496,Government,29.59808,79.659042
Govind Singh Mahra Government Hospital Blood Bank,Uttarakhand,ALMORA,Ranikhet,"GSM Government Hospital, Ranikhet",9410161710,Government,29.643481,79.438859
Gopeshwar (Chamoli) District Hospital Blood Bank,Uttarakhand,CHAMOLI,Gopeshwar,"District Hospital, Gopeshwar (Chamoli)",8958716843,Government,30.410086,79.320134
"Doon Hospital, District Hospital Blood Bank",Uttarakhand,DEHRADUN,Dehradun,"Court Road, Nagar Nigam, Dehradun",9456174232,Government,30.318779,78.042188
IMA Blood Bank of Uttarakhand,Uttarakhand,DEHRADUN,Dehradun,"47, Ballupur Road, Dehradun",9876543210,Charity,30.334225,78.017667
Max Super Speciality Hospital Blood Bank,Uttarakhand,DEHRADUN,Dehradun,"Mansa Malsi, Khasra No. 165-166, Massorie Diversion RoadNear indian oil petrol Pump",9997159330,Private,30.373737,78.074684
Sainik (Military Hospital) Hospital Blood Bank,Uttarakhand,DEHRADUN,Dehradun,"Army Canteen, Dehradun",9876543210,Government,30.316493,78.032191
Shri Mahant Indiresh Hospital Blood Bank,Uttarakhand,DEHRADUN,Dehradun,"Patel Nagar, Dehradun",9557016224,Private,30.304956,78.021322
Himalayan Institute Trust Blood Bank,Uttarakhand,DEHRADUN,Doiwala,"HIHT, Jolly Grant, DehradunNear Airport",9411013626,Charity,30.192882,78.164815
SPS Government Hospital Blood Bank,Uttarakhand,DEHRADUN,Rishikesh,"SPS Government Hospital, Rishikesh",9412403065,Government,30.108705,78.295839
HMG District Hospital Blood Bank Haridwar,Uttarakhand,HARIDWAR,Haridwar,"Bilkeshwar Road, Near Mela Hospital, Laltaro Pul, Haridwar",0941237915,Government,29.951147,78.161657
Ramakrishna Mission Sevashrana Blood Bank,Uttarakhand,HARIDWAR,Haridwar,"Opposite to Harihar Ashram, Ramakrishna Mission",9412379159,Charity,29.933208,78.148128
BHEL Hospital Blood Bank,Uttarakhand,HARIDWAR,Haridwar,"Near HDFC bank BHEL, Haridwar",9876543210,Private,29.94804,78.115461
Government Combined Hospital Blood Bank Roorkee,Uttarakhand,HARIDWAR,Roorkee,"Government Hospital, Dehradun Road, RoorkeeNear Idgah chowk",9412403065,Government,29.878353,77.878609
Sainik Hospital Blood Bank,Uttarakhand,HARIDWAR,Roorkee,"Army Canteen, Roorkee",9876543210,Government,29.854008,77.886842
Dr. Susheela Tiwari Memorial Hospital Blood Bank,Uttarakhand,NAINITAL,Haldwani,"STM Govt Hospital Rampur Road, Haldwani. Opposite to FTI Building",0999724400,Government,29.204322,79.515729
Soban Singh Jeena Base Hospital (SSJ) Blood Bank,Uttarakhand,NAINITAL,Haldwani,"Near Roadways Bus Stand, Haldwani",9412913888,Government,29.215833,79.52931
Government Combined Hospital Blood Bank,Uttarakhand,PAURI GARHWAL,Kotdwar,"Government Hospital Pauri Road, Kotdwar",9411739473,Government,29.751387,78.524142
District Hospital Blood Bank,Uttarakhand,PAURI GARHWAL,Pauri Garhwal,"District Hospital, Pauri Garhwal",9876543210,Government,30.150844,78.773687
H.N. Bahuguna Government Base Hospital Blood Bank,Uttarakhand,PAURI GARHWAL,Srinagar,"Base Hospital, Badrinath Road, Srinagar",9412040359,Government,30.222802,78.816142
B.D. Pandey District Hospital Blood Bank,Uttarakhand,PITHORAGARH,Pithoragarh,"District Hospital Mallital, Nainital",9412951518,Government,29.587434,80.211347
B.D. Pandey (P) Hospital Blood Bank,Uttarakhand,PITHORAGARH,Pithoragarh,"B.D. Pandey District Hospital, Pithoragarh",9411119184,Government,29.587436,80.211345
L.D. Bhatt Governmentt Hospital Kashipur,Uttarakhand,UDHAM SINGH NAGAR,Kashipur,"Ramnagar Road Kashipur Udam singh nagar,Opposite to Domino39s Kashipur Ramnagar Road",9568100123,Government,29.218682,78.963999
Jeevan Rekha Hospital Blood Bank,Uttarakhand,UDHAM SINGH NAGAR,Kashipur,"Kachnal Gazi, Manpur Road",9837855132,Private,29.238855,78.965199
Chamunda Hospital Blood Bank,Uttarakhand,UDHAM SINGH NAGAR,Kashipur,"Chamunda Hospital, Kashipur",9411270462,Private,29.218723,78.96485
Jawahar Lal Nehru District Hospital (JLN ) Blood Bank,Uttarakhand,UDHAM SINGH NAGAR,Rudrapur,"Kichha Road, Rudrapur, Near Indra Chouk",9412088195,Government,28.970388,79.399832
Uttarkashi District Hospital Blood Bank,Uttarakhand,UTTAR KASHI,Uttar Kashi,"District Hospital, Near Vishwanath Temple",9410735514,Government,30.729788,78.442688
Barasat District Hospital Blood Bank,West Bengal,24 PARAGANAS NORTH,Barasat,P.O. Barasat,9433141123,Government,22.721578,88.492236
Base Hospital Blood Bank Barrackpore,West Bengal,24 PARAGANAS NORTH,Barrackpore,North 24-Paraganas,9876543210,Government,22.767744,88.347009
Barrackpore S.D. Hospital (Dr. B.N. Bose) Hospital Blood Bank,West Bengal,24 PARAGANAS NORTH,Barrackpore,"Barrackpore, District- North 24 Parganas P.O. Barrackpore",9830042202,Government,22.7516453,88.3709966
S.D. Hospital Blood Bank Basirhat,West Bengal,24 PARAGANAS NORTH,North 24 Parganas,P.O. Basirhat,9830139352,Government,22.666139,88.89003
Bongaon S.D. Hospital Blood Bank (Dr. J.R. Dhar),West Bengal,24 PARAGANAS NORTH,North 24 Parganas,P.O. Bongaon,0943455797,Government,23.047662,88.822849
Canning Sub Divisional Hospital Blood Bank,West Bengal,24 PARAGANAS SOUTH,Canning Town,Canning,9830978592,Government,22.314134,88.659722
Diamond Harbour Hospital Blood Bank,West Bengal,24 PARAGANAS SOUTH,Diamond Harbour,"Diamond Harbour Rd, Harindanga",9432886141,Government,22.197588,88.190999
Baruipur Sub-Divisional Hospital Blood Bank,West Bengal,24 PARAGANAS SOUTH,South 24 Parganas,"Subuddhipur, Baruipur,",0973277071,Government,22.359212,88.4335733
Bankura Sammilani Medical College and Hospital Blood Bank,West Bengal,BANKURA,Bankura,"Gobindanagar, P.O.- Kenduadihi",9467159242,Government,23.233875,87.037024
Little Heart Childrens Hospital Private Limited Blood Bank,West Bengal,BANKURA,Bankura,"271/7/1, Taragoti Samanta Road, Kenduadihi",9830275127,Private,23.2328678,87.0347214
Bishnupur S.D. Hospital Blood Bank,West Bengal,BANKURA,Bishnupur,P.O. Bishnupur,9932772938,Government,23.068944,87.309801
Khatra SD Hospital Blood Bank,West Bengal,BANKURA,Khatra,Hospital Road,9830322157,Government,22.969097,86.848541
Asansol District Hospital Blood Bank,West Bengal,BARDHAMAN,Asansol,"SB Gorai Rd, Hamid Nagar",9732335118,Government,23.676673,86.974114
ECL Central Hospital Kalla Blood Bank,West Bengal,BARDHAMAN,Asansol,"Domohani Rd, C H Kalla, Near Kazi Nazrul University",9477463948,Government,23.7012794,86.9963121
Divisional Railway Hospital Blood Bank Asansol,West Bengal,BARDHAMAN,Bardhaman,Asansol,9434373298,Government,23.674512,86.941165
Kasturba Gandhi Hospital Blood Bank,West Bengal,BARDHAMAN,Burdwan,"Chittaranjan Locovotive Works, Barddhaman Rd, Alipore",0916334050,Government,23.849528,86.895907
Rashmi Blood bank,West Bengal,BARDHAMAN,Burdwan,"Saheed Shibsankar Seba Samity, Baburbag Rd, Baburbag, Near Burdwan Fire Station",9830071948,Charity,23.254108,87.853364
Burdwan Medical College and Hospital Blood Bank,West Bengal,BARDHAMAN,Burdwan Sadar,"Near Baburbag Road, Bardhaman University",9831964064,Government,23.244835,87.857325
Burnpur Hospital SAIL-ISP Blood Bank,West Bengal,BARDHAMAN,Burnpur,IiSCO Steel Plant Ltd,0943496134,Government,23.6660013,86.9451971
Sanctoria Hospital Blood Bank,West Bengal,BARDHAMAN,Dishergarh Burdwan,"2, Jhalbagan, Sanctoria",0983209688,Government,23.7061752,86.8280197
Bidhannagar Sub-Divisional Hospital Blood Bank,West Bengal,BARDHAMAN,Durgapur,"Bidhannagar, Dr. Zakir Hussain avenue",9876543210,Government,23.5370135,87.331789
Durgapur Steel Plant Hospital Blood Bank,West Bengal,BARDHAMAN,Durgapur,"J. M. Sengupta Road, Durgapore-V, Burdwan (west),B-Zone.",0943479243,Government,23.572531,87.30336
The Mission Hospital Blood Bank (A Unit of Durgapur Medical Centre Private Limited),West Bengal,BARDHAMAN,Durgapur,"Plot No 219(P), Sector-2C, Iman Kalyan Sarani, Bidhan Nagar",0980088180,Private,23.5201833,87.3554804
Vivekananda Hospital Private Limited Blood bank,West Bengal,BARDHAMAN,Durgapur,"Dr. Zakir Hussain Avenue, Bidhan NagarBeside Durgapur Esi Hospital",7797343434,Private,23.523226,87.339337
IQ City Narayana Multispeciality Hospital Blood Bank,West Bengal,BARDHAMAN,Durgapur,"Sovapur, Bijra Road, Jemua",9163324545,Private,23.570751,87.3372
Kalna Sub Divisional Hospital Blood Bank,West Bengal,BARDHAMAN,Kalna,STKK Road,9876543210,Government,23.223472,88.346155
"Hemraj Blood Bank, Katwa S.D. Hospital",West Bengal,BARDHAMAN,Katwa,"Kachari Road,",9933304056,Government,23.646029,88.126393
Life Line Blood Bank,West Bengal,BARDHAMAN,Raniganj,"N.C.B. Road, P.O.- Raniganj, Burdwan Near Neilkantha Hotel",9831461331,Private,23.68721,86.973343
Rampurhat S.D. Hospital Blood Bank,West Bengal,BIRBHUM,Birbhum,"P.O. Rampurhat, Rampurahat hospital Road, Besides of NH-60",9932613072,Government,24.188551,87.7930965
Bolpur Sub Divisional Hospital Blood Bank,West Bengal,BIRBHUM,Bolpur,Nanoor Chandidas Road,9831187021,Government,23.663705,87.690853
Suri Sadar District Hospital Blood Bank,West Bengal,BIRBHUM,Suri,P.O. Suri,9474778520,Government,23.915783,87.516918
Cooch Behar Municipality Hospital Blood Bank,West Bengal,Cooch Behar,Cooch Behar,"Cooch Behar Municipality Building (Ground Floor), Near Sagar Dighi, Po - Cooch Behar",9876543210,Government,26.3193973,89.4406897
M.J.N Hospital Blood Bank,West Bengal,Cooch Behar,Cooch Behar,Silverjubilee Road,9433135529,Government,26.32175,89.446384
"St. John Ambulance Association, Cooch Berar District Centre",West Bengal,Cooch Behar,Cooch Behar,"Sagardighi North Collectorate Building,  P.O. Cooch Behar",9876543210,Private,26.3227486,89.43823
Balurghat District Hospital Blood Bank,West Bengal,Dakshin Dinajpur,Balurghat,"West Dinajpur, Balurghat",7797222313,Government,25.247506,88.781652
Base Hospital and Blood Bank,West Bengal,DARJEELING,Darjeeling,"158, C/O 99 APO, Siliguri",9733649581,Government,26.712463,88.317248
Darjeeling District Hospital Blood Bank,West Bengal,DARJEELING,Darjeeling,"Hill Cart Road, Near Darjeeling Police Station",9876543210,Government,27.0444301,88.2624757
S.D. Hospital Blood Bank Siliguri,West Bengal,DARJEELING,Darjeeling,P.O. Siliguri,9126442648,Government,26.711004,88.427963
Kalimpong Sub Divisional Hospital Blood Bank,West Bengal,DARJEELING,Kalimpong,"Kalimpong Hospital, Chotta Bhalukhop",9876543210,Government,27.072148,88.472107
Kurseong Sub Divisional Hospital Blood Bank,West Bengal,DARJEELING,Kurseong,"Burdawan Road, Near Kurseong Palace Hotel",0943417699,Government,26.880521,88.277576
North Bengal Medical College Hospital Blood Bank,West Bengal,DARJEELING,Siliguri,"Thiknikata,  P.O. Shusrut Nagar",9433038175,Government,26.691918,88.380047
Siliguri Terai Lions Charitable Trust Blood Bank,West Bengal,DARJEELING,Siliguri,"A Unit of Lions Club of Siliguri Terai,Dist 322F,  2nd Mile, Sevoke Road, Siliguri.",9433379879,Charity,26.740331,88.439515
"Paul P. Harris, Siliguri Rotary Blood Bank",West Bengal,DARJEELING,Siliguri,"Rotary Hall, Pradhan Nagar, Near Medica North Bengal Clinic",9933003240,Charity,26.7304824,88.4166094
Arambagh Sub Divisional Hospital Blood Bank,West Bengal,HOOGHLY,Arambagh,Opposite to ravindra Bhavan,9830314228,Government,22.887385,87.786016
Imambara Sadar Hospital Blood Bank,West Bengal,HOOGHLY,Chinsurah,"New Hospital Road, Akhanbazar",9433114777,Government,22.8926,88.399647
Chandannagar Sub Divisional Hospital Blood Bank,West Bengal,HOOGHLY,Hooghly,"Helapukur Rd, Last French Colony, Chandannagar",8348090946,Government,22.866913,88.369249
Walsh Hospital  Blood Bank,West Bengal,HOOGHLY,Serampore,"Serampore Walsh S.D. Hospital, 22/A T.C Goswami Street, Opposite Holy home school",9876543210,Government,22.755211,88.346626
Sanjiban Hospital Blood Bank,West Bengal,HOWRAH,"Fuleswar, Uluberia","A Unit of Chikitsabrati UdyogMonsatala More, Fuleswas, P.O. Sijberia",9674966026,Private,22.4807481,88.1152976
Howrah Orthopaedic Hospital Blood Bank,West Bengal,HOWRAH,Howrah,"222, Church Road, Howrah Railway StationNear Bijoy krishna Girls39 college",9830403315,Government,22.5839912,88.3356088
Howrah District Hospital Blood Bank,West Bengal,HOWRAH,Howrah,"09, Biplabi Haren Ghosh Sarani",9002022505,Government,22.580194,88.335924
Uluberia Sub-Divisional Hospital Blood Bank,West Bengal,HOWRAH,Uluberia,"Uluberia Station Road, Near Uluberia Station",9831060270,Government,22.470189,88.094533
Air Force Hospital Blood Bank,West Bengal,JALPAIGURI,Jalpaiguri,"No. 10 , P.O. Hasimara",9410735514,Government,26.7044458,89.3603002
Alipurduar Sub Divisional Hospital Blood Bank,West Bengal,JALPAIGURI,Jalpaiguri,"Hospital Rd, Alipurduar",0947434738,Government,26.484428,89.523071
Jalpaiguri Sub Divisonal Hospital Blood Bank,West Bengal,JALPAIGURI,Jalpaiguri,Hospital para,9433437383,Government,26.529163,88.727445
B.M. Birla Heart Research Centre Blood Bank,West Bengal,KOLKATA,KOLKATA,1/1 National Library Avenue,9876543210,Private,22.53269,88.328346
B.R. Singh Hospital Blood Bank,West Bengal,KOLKATA,Kolkata,"Eastern Railway, Sealdah",9434176999,Government,22.565712,88.370758
Belle Vue Clinic Blood Bank,West Bengal,KOLKATA,Kolkata,"9, Dr. U. N. Bramachari Street.",9876543210,Private,22.542571,88.355055
Bhoruka Research Centre for Haematology and Blood Transfusion,West Bengal,KOLKATA,Kolkata,"63 Rafi Ahmed Kidwai Road, Kolkata",9876543210,Government,22.555075,88.357116
Peerless Hospital and Research Center Limited Blood Bank,West Bengal,KOLKATA,Kolkata,360 Panchasayar,9433174948,Private,22.480926,88.39381
Mission of Mercy Hospital and Research Centre Blood Bank,West Bengal,KOLKATA,Kolkata,Park Street,8697402095,Private,22.548112,88.3600601
Apollo Gleneagles Hospital Limited Blood Bank,West Bengal,KOLKATA,Kolkata,"58, Canal Circular Road",9433070633,Private,22.574843,88.401517
Barasat Cancer Research and Welfare Centre Blood Bank,West Bengal,KOLKATA,Kolkata,"Banamalipur, Barasat",9051255379,Private,22.7240431,88.4887791
Central Hospital Blood Bank,West Bengal,KOLKATA,Kolkata,"South Eastern Railway, 11, Garden Rich Road",9434507566,Government,22.5460158,88.3103853
Command Hospital (EC) Blood Bank,West Bengal,KOLKATA,Kolkata,Alipore Road,9876543210,Government,22.529472,88.330501
Chittaranjan National Cancer Institute Blood Bank,West Bengal,KOLKATA,Kolkata,"37, SP Mukherjee Road",9434367371,Government,22.526268,88.347256
Calcutta National Medical College Hospital Blood Bank,West Bengal,KOLKATA,Kolkata,"24, Gorachand Road",9231856613,Government,22.546116,88.371121
Indian Association of Blood Cancer and Allied Diseases,West Bengal,KOLKATA,Kolkata,"81-C Narkeldanga Main Road, Phool Bagan, BeliaghataKolkata, West Bengal 700054",9876543210,Private,22.5718203,88.3924006
Institute of Blood Transfusion Medicine and Immunohaematology,West Bengal,KOLKATA,Kolkata,"205, Vivekananda Road, Maniktala",9830027440,Government,22.585192,88.375102
"ESI Hospital, Maniktala Blood Bank",West Bengal,KOLKATA,Kolkata,"Maniktala, 55, Bagmari Road",9830169971,Government,22.58558,88.392535
Lions District 322B1 Blood Bank,West Bengal,KOLKATA,Kolkata,27/8A Water Loo Street,8100100090,Private,22.5675717,88.3510506
Calcutta Medical College Hospital Blood Bank,West Bengal,KOLKATA,Kolkata,"88, College Street",9433666630,Government,22.573681,88.360779
Marwari Relief Society Blood Bank,West Bengal,KOLKATA,Kolkata,"227, Rabindra Sarani",9876543210,Charity,22.5828594,88.3574931
Life Care Medical Complex Private Limited Blood Bank,West Bengal,KOLKATA,Kolkata,204/1 B Linton Street.,7890590510,Private,22.549891,88.370811
N.R.S. Medical College and Hospital Blood Bank,West Bengal,KOLKATA,Kolkata,"138, A.J.C. Bose Road",9876543210,Government,22.561845,88.370626
M.R. Bangur Hospital Blood Bank,West Bengal,KOLKATA,Kolkata,"Deshapran Sashmal Road, Tollygunge",9434424375,Government,22.499155,88.346592
Peoples Blood Bank,West Bengal,KOLKATA,Kolkata,"90A, S.P. Mukherjee Road",0983014088,Private,22.525654,88.346302
Blood Bank Ramkrishna Mission Seva Prathisthan,West Bengal,KOLKATA,Kolkata,"99, Sarat Bose Road,",9876543210,Charity,22.5233814,88.351709
R.G. Kar Medical College and Hospital Blood Bank,West Bengal,KOLKATA,Kolkata,"Belgachia Road. 1, Khudiram Bose Sarani",9831645645,Government,22.604657,88.378256
S.S.K.M Hospital Blood Bank,West Bengal,KOLKATA,Kolkata,"244, A. J. C. Bose Road",9434641050,Government,22.539616,88.343926
Woodland Multispeciality Hospital Limited Blood Bank,West Bengal,KOLKATA,Kolkata,"8/5,Alipore Road",9876543210,Private,22.53223,88.329213
Saroj Gupta Cancer Centre and Research Institute Blood Bank,West Bengal,KOLKATA,Kolkata,"Mahatma Gandhi Road, Thakurpukur",9732813839,Private,22.4591971,88.3196724
The Haemophilia Society Calcutta Chapter Blood Bank,West Bengal,KOLKATA,Kolkata,"Singhabari, Kalikapur, E.M. Bye Pass",9434387842,Government,22.502558,88.4005252
KPC Medical College and Hospital,West Bengal,KOLKATA,Kolkata,"Jadavpur, 1F, Raja S.C. Mullick Road",9434350270,Private,22.4938363,88.3731117
Health Point - A Multispeciality Hospital Blood Bank,West Bengal,KOLKATA,Kolkata,"21/1, Prannath Pandit Street, (Opposite Lansdown Padmapukur)",9831605606,Private,22.531068,88.353145
"Ashok Laboratory, Centre for Transfusion, Medicine and Clinical Research",West Bengal,KOLKATA,Kolkata,308 Jodhpur Park,9830305225,Private,22.5078809,88.3639574
"Blood Bank, ESIC Hospital and ODC (E.Z.)",West Bengal,KOLKATA,Kolkata,"Diamond Harbour Road, P.O. Joka",9432590340,Government,22.453064,88.302505
Cord Life Sciences India Private Limited Blood Bank,West Bengal,KOLKATA,Kolkata,"P.L.Deuty Road (Off. Diamond Harbour Road), Bishnupur, South 24-Pgs.",9876543210,Private,22.3923025,88.2717419
Fortis Hospitals Limited Blood Bank,West Bengal,KOLKATA,Kolkata,"730, Anandpur, EM Bypass",8585030368,Private,22.52022,88.401133
Tata Medical Centre Trust Blood Bank,West Bengal,KOLKATA,Kolkata,"14 Mar (EW), New Town, Rajarhat",9831254891,Private,22.577236,88.479461
Institute of Child Health Blood Bank,West Bengal,KOLKATA,Kolkata,"11 Dr. Biresh Guha Street, Kolkata",9876543210,Private,22.5387081,88.3719339
Medica Super Specialty Hospital Blood Bank,West Bengal,KOLKATA,Kolkata,"1st Floor, 127, Mukundapur, E.M. Bypass",9876543210,Private,22.494356,88.400972
College of Medicine and Sagore Dutta Hospital Blood Bank,West Bengal,KOLKATA,Kolkata,Kmarhati,9876543210,Government,22.6749766,88.374313
Malda Medical College  Hospital Blood bank,West Bengal,MALDA,Malda,"Malda Medeical CollegeHospital, P.O.- Malda, P.S. - English Bazar,",0943419144,Government,24.99533,88.137375
Contai Sub Divisional Hospital Blood Bank,West Bengal,MEDINIPUR EAST,Contai,"Vill.  Darua, P.O. Darua, P.S.  Contai",9732255903,Government,21.781682,87.776009
Haldia Sub Divisional Hospital Blood Bank,West Bengal,MEDINIPUR EAST,Haldia,"Basudevpur, P.O.-Khanganchak, PS- DurgachakNear SDO office Haldia and ADM Office",8373071200,Government,22.0806305,88.142764
"Dr. Bidhan Chandra Roy Hospital Blood Bank, Haldia (A Unit of ICARE)",West Bengal,MEDINIPUR EAST,Haldia,"Vill-Banbishnupur, P.O.- Balughata, P.S. Bhawanipur, Purba Medinipur Pin-721645",9876543210,Charity,22.0639805,88.0360249
Purba Medinipur District Hospital Blood bank,West Bengal,MEDINIPUR EAST,Tamluk,P.O. Tamluk,9876543210,Government,22.286378,87.919661
Ghatal Sub Divisonal Hospital Blood Bank,West Bengal,MEDINIPUR WEST,Ghatal,"SH 4, Kuspata, Ghatal",9232362053,Government,22.657052,87.737725
Jhargram Blood Bank,West Bengal,MEDINIPUR WEST,Jhargram,"Jhargram District Hospital, P.O. Jhargram, Raghunathpur",9800244688,Government,22.447732,86.997281
Kharagpur Sub Divsional Hospital Blood Bank,West Bengal,MEDINIPUR WEST,Kharagpur,"South Side, P.O. Kharagpur",9932792250,Government,22.32698,87.314481
"South Eastern Railway Main Hospital Blood Bank, Kharagpur",West Bengal,MEDINIPUR WEST,Kharagpur,Kharagpur,9876543210,Government,22.3343711,87.3149694
Midnapur Medical College and Hospital Blood Bank,West Bengal,MEDINIPUR WEST,Midnapore,"Vidyasagar Road , Paschim Medinipur, Medinipur,",9433503553,Government,22.4208441,87.3218013
S.D. Hospital Blood Bank Jangipur,West Bengal,MURSHIDABAD,Jangipur,P.O. JangipurP.S.  Raghunathgunj,9474316022,Government,24.460303,88.061671
S.D. Hospital Blood Bank Kandi,West Bengal,MURSHIDABAD,KANDI,P.O. Kandi PS-KANDI,9876543210,Government,23.953471,88.038984
"S.D. Hospital,Lalbagh",West Bengal,MURSHIDABAD,Lalbagh,"Hospital roadLalbagh, Murshidabad",9433028593,Government,24.171845,88.277211
Baharampur District Hospital Blood Bank,West Bengal,MURSHIDABAD,Murshidabad,P.O. Baharampur,9748280944,Government,24.088999,88.257123
Gandhi Memorial Hospital Blood Bank,West Bengal,NADIA,KALYANI,"Alipore Road, P.O. Kalyani",9433559729,Government,22.965616,88.466843
Nadia District Hospital Blood Bank Krishnanagar (Saktinagar),West Bengal,NADIA,Mumbai,P.O. Krishnanagar,9434121152,Government,23.405437,88.49109
Jawaharlal Nehru Memorial Hospital Blood Bank,West Bengal,NADIA,NADIA,P.O. Kalyani,9434005862,Government,22.975118,88.455524
Nabadwip SGH Blood Bank,West Bengal,NADIA,Nadia,Nadia,9434160366,Government,23.424553,88.3571715
Deben Mahato (Sadar) Hospital Blood Bank,West Bengal,PURULIA,Purulia,P.O.Purulia,9433204823,Government,23.332391,86.362661
Sub Divisional Hospital Blood Bank Islampur,West Bengal,Uttar Dinajpur,Islampur,P.O. Islampur,9830385878,Government,26.257667,88.185293
"Raiganj Blood Bank, Uttar Dinajpur Raiganj District Hospital",West Bengal,Uttar Dinajpur,Mumbai,P.O. Raiganj,9475112860,Government,25.609904,88.132494
