donor_id,full_name,gender,age,blood_group,contact_number,city,state,last_donation_date,eligible_for_donation
DNR000001,Ananya Kapoor,Female,38,O+,9144987768,Kolkata,West Bengal,07-10-2025,Yes
DNR000002,Pooja Nair,Female,49,B+,9512376651,Jaipur,Rajasthan,08-11-2020,No
DNR000003,Ananya Kapoor,Female,29,B+,7378942855,Gurgaon,Haryana,12-04-2025,No
DNR000004,Kunal Desai,Male,29,O+,9140246376,Thiruvananthapuram,Kerala,21-02-2025,Yes
DNR000005,Rohan Mehta,Male,27,A+,9051350391,Bhopal,Madhya Pradesh,18-04-2024,Yes
DNR000006,Rahul Verma,Female,37,O+,8802719785,Kolkata,West Bengal,07-12-2023,Yes
DNR000007,Aarav Sharma,Female,23,B+,7836855063,Patna,Bihar,18-08-2024,No
DNR000008,Rohan Mehta,Male,33,B+,9501173314,Hyderabad,Telangana,28-06-2025,No
DNR000009,Neha Iyer,Female,32,A+,8181878334,Patna,Bihar,13-08-2025,No
DNR000010,Rahul Verma,Male,26,AB+,8411170917,Nagpur,Maharashtra,16-11-2023,Yes
DNR000011,Rohan Mehta,Female,27,B+,7772377772,Jaipur,Rajasthan,10-02-2025,Yes
DNR000012,Priya Patel,Male,43,A+,7521430482,Delhi,Delhi,26-03-2025,Yes
DNR000013,Rohan Mehta,Female,45,O+,9395796937,Patna,Bihar,10-10-2023,No
DNR000014,Rahul Verma,Male,36,B+,7170627337,Patna,Bihar,23-10-2025,Yes
DNR000015,Sneha Joshi,Female,19,A-,8803604624,Bengaluru,Karnataka,05-07-2023,Yes
DNR000016,Neha Iyer,Female,34,O+,9862630642,Bhopal,Madhya Pradesh,19-02-2022,Yes
DNR000017,Aarav Sharma,Female,47,AB+,8118735533,Ahmedabad,Gujarat,12-02-2022,Yes
DNR000018,Pooja Nair,Female,40,O+,8098404537,Pune,Maharashtra,30-08-2024,No
DNR000019,Rohan Mehta,Female,19,A+,9635279640,Patna,Bihar,06-02-2025,Yes
DNR000020,Sneha Joshi,Male,25,O+,8301653358,Ahmedabad,Gujarat,16-10-2025,Yes
DNR000021,Priya Patel,Male,34,O+,7607289786,Chennai,Tamil Nadu,20-10-2022,Yes
DNR000022,Ananya Kapoor,Male,37,O+,8215027945,Kanpur,Uttar Pradesh,03-03-2025,Yes
DNR000023,Sneha Joshi,Female,48,B+,8588450687,Surat,Gujarat,24-10-2025,No
DNR000024,Ananya Kapoor,Female,34,B+,7616560690,Mohali,Punjab,28-08-2024,Yes
DNR000025,Aarav Sharma,Male,40,B+,7099001080,Pune,Maharashtra,27-02-2025,Yes
DNR000026,Rohan Mehta,Male,24,B+,9961859619,Surat,Gujarat,12-10-2025,Yes
DNR000027,Aarav Sharma,Female,19,O+,8935995101,Nagpur,Maharashtra,13-10-2025,Yes
DNR000028,Neha Iyer,Female,25,B+,9092014948,Jaipur,Rajasthan,09-10-2025,Yes
DNR000029,Ananya Kapoor,Male,35,B+,8666066442,Mohali,Punjab,13-03-2025,No
DNR000030,Priya Patel,Female,47,B+,8127546429,Jaipur,Rajasthan,02-02-2025,Yes
DNR000031,Rahul Verma,Female,25,O+,9590783527,Nagpur,Maharashtra,18-08-2025,Yes
DNR000032,Kunal Desai,Male,37,AB-,7398874724,Thiruvananthapuram,Kerala,16-02-2024,Yes
DNR000033,Neha Iyer,Male,32,O+,8600490096,Vadodara,Gujarat,18-07-2025,Yes
DNR000034,Aarav Sharma,Female,41,A+,7465884539,Vadodara,Gujarat,06-04-2024,Yes
DNR000035,Ananya Kapoor,Female,44,B+,7630054377,Kanpur,Uttar Pradesh,03-02-2023,Yes
DNR000036,Pooja Nair,Male,44,O+,7526943595,Bhopal,Madhya Pradesh,02-11-2023,Yes
DNR000037,Kunal Desai,Female,36,A+,9822094341,Visakhapatnam,Andhra Pradesh,31-05-2024,No
DNR000038,Priya Patel,Female,18,O+,7685384833,Jaipur,Rajasthan,01-11-2025,No
DNR000039,Neha Iyer,Female,25,A+,8793793688,Lucknow,Uttar Pradesh,14-09-2025,Yes
DNR000040,Kunal Desai,Female,35,B+,9824183378,Visakhapatnam,Andhra Pradesh,15-03-2025,No
DNR000041,Aarav Sharma,Male,27,O+,7149216602,Ahmedabad,Gujarat,14-03-2021,Yes
DNR000042,Rohan Mehta,Female,32,B+,8716131122,Jaipur,Rajasthan,27-07-2025,Yes
DNR000043,Rahul Verma,Male,37,O+,8250443322,Ahmedabad,Gujarat,11-04-2024,Yes
DNR000044,Aarav Sharma,Female,46,O+,8014425423,Lucknow,Uttar Pradesh,04-09-2025,Yes
DNR000045,Neha Iyer,Male,38,B+,9654064725,Hyderabad,Telangana,26-11-2024,Yes
DNR000046,Priya Patel,Male,33,B+,9009529760,Visakhapatnam,Andhra Pradesh,26-01-2025,Yes
DNR000047,Aarav Sharma,Female,34,O+,8060682718,Thiruvananthapuram,Kerala,21-02-2024,No
DNR000048,Kunal Desai,Female,43,O+,9939417092,Mumbai,Maharashtra,09-06-2025,Yes
DNR000049,Vikram Singh,Male,40,B+,8127338934,Kolkata,West Bengal,04-09-2025,Yes
DNR000050,Pooja Nair,Female,32,B+,7869367168,Visakhapatnam,Andhra Pradesh,18-01-2023,Yes
DNR000051,Sneha Joshi,Female,27,B-,8024532172,Kolkata,West Bengal,17-07-2023,Yes
DNR000052,Rohan Mehta,Female,48,B+,7823285365,Jaipur,Rajasthan,31-12-2023,No
DNR000053,Sneha Joshi,Female,29,A+,9894687716,Mohali,Punjab,01-11-2025,Yes
DNR000054,Priya Patel,Female,43,O+,9633212420,Vadodara,Gujarat,20-06-2025,No
DNR000055,Vikram Singh,Male,45,O+,8384757016,Thiruvananthapuram,Kerala,19-09-2024,Yes
DNR000056,Ananya Kapoor,Female,40,O+,8305807551,Surat,Gujarat,19-09-2025,No
DNR000057,Neha Iyer,Female,40,A+,7638928472,Delhi,Delhi,15-09-2025,Yes
DNR000058,Neha Iyer,Male,36,O-,8784907951,Visakhapatnam,Andhra Pradesh,17-10-2025,Yes
DNR000059,Pooja Nair,Female,18,B+,8312934169,Jaipur,Rajasthan,23-08-2025,Yes
DNR000060,Neha Iyer,Male,33,O+,9779992680,Delhi,Delhi,13-12-2023,Yes
DNR000061,Rohan Mehta,Female,36,B+,8629533401,Visakhapatnam,Andhra Pradesh,14-01-2025,Yes
DNR000062,Kunal Desai,Female,26,B+,9216382150,Pune,Maharashtra,11-10-2025,Yes
DNR000063,Rohan Mehta,Male,55,A+,7351767063,Vadodara,Gujarat,19-09-2025,Yes
DNR000064,Priya Patel,Male,28,O+,8539322031,Mohali,Punjab,28-10-2021,Yes
DNR000065,Priya Patel,Female,41,B+,7139517249,Mumbai,Maharashtra,22-10-2025,Yes
DNR000066,Kunal Desai,Female,32,AB-,9618409069,Kanpur,Uttar Pradesh,20-01-2025,Yes
DNR000067,Ananya Kapoor,Male,32,O+,7933356369,Bhopal,Madhya Pradesh,Never,Yes
DNR000068,Kunal Desai,Female,28,B+,8331165929,Mohali,Punjab,08-11-2024,Yes
DNR000069,Rahul Verma,Female,20,B+,9113190257,Mohali,Punjab,31-12-2023,Yes
DNR000070,Sneha Joshi,Female,49,O+,7216516253,Mumbai,Maharashtra,11-10-2025,Yes
DNR000071,Vikram Singh,Female,40,A+,9170656044,Delhi,Delhi,18-02-2025,No
DNR000072,Ananya Kapoor,Male,40,O+,8521933134,Gurgaon,Haryana,21-04-2023,Yes
DNR000073,Ananya Kapoor,Male,50,B+,7081332773,Thiruvananthapuram,Kerala,07-03-2024,Yes
DNR000074,Vikram Singh,Male,33,A+,9712905763,Vadodara,Gujarat,16-08-2025,Yes
DNR000075,Neha Iyer,Female,22,B+,9298283711,Pune,Maharashtra,18-10-2025,Yes
DNR000076,Kunal Desai,Female,31,A+,7529681496,Surat,Gujarat,Never,No
DNR000077,Rohan Mehta,Male,32,O+,8840204214,Thiruvananthapuram,Kerala,06-03-2023,Yes
DNR000078,Aarav Sharma,Male,22,A-,8006862343,Nagpur,Maharashtra,27-05-2025,Yes
DNR000079,Pooja Nair,Female,40,A+,8457725286,Vadodara,Gujarat,31-01-2025,Yes
DNR000080,Neha Iyer,Male,28,A-,8062793580,Gurgaon,Haryana,15-05-2025,Yes
DNR000081,Rohan Mehta,Female,39,O+,7840751085,Kolkata,West Bengal,12-11-2024,Yes
DNR000082,Rohan Mehta,Female,45,O+,8267985149,Thiruvananthapuram,Kerala,26-10-2025,No
DNR000083,Rahul Verma,Male,23,B+,7627365778,Mohali,Punjab,27-07-2024,Yes
DNR000084,Rahul Verma,Male,30,A+,8471865650,Bengaluru,Karnataka,18-04-2025,Yes
DNR000085,Vikram Singh,Male,47,A+,9064561586,Kolkata,West Bengal,30-07-2025,Yes
DNR000086,Rohan Mehta,Female,43,A+,7791433339,Ahmedabad,Gujarat,15-07-2025,Yes
DNR000087,Priya Patel,Female,18,B+,7076675457,Vadodara,Gujarat,06-01-2024,Yes
DNR000088,Ananya Kapoor,Male,33,B+,8701442826,Thiruvananthapuram,Kerala,05-07-2025,Yes
DNR000089,Vikram Singh,Female,26,B+,8606823108,Kolkata,West Bengal,13-04-2024,No
DNR000090,Pooja Nair,Male,34,A+,9927658256,Bhopal,Madhya Pradesh,02-08-2024,Yes
DNR000091,Kunal Desai,Male,32,B+,7988539074,Hyderabad,Telangana,19-02-2025,Yes
DNR000092,Pooja Nair,Male,41,O+,8017996179,Delhi,Delhi,08-08-2023,Yes
DNR000093,Kunal Desai,Male,45,B+,9384479983,Nagpur,Maharashtra,21-07-2025,Yes
DNR000094,Aarav Sharma,Male,29,O+,9597989782,Jaipur,Rajasthan,21-10-2024,No
DNR000095,Pooja Nair,Female,18,A+,8567648681,Patna,Bihar,09-01-2022,No
DNR000096,Pooja Nair,Male,30,O+,8565415585,Gurgaon,Haryana,02-06-2023,No
DNR000097,Aarav Sharma,Female,19,B+,8001938095,Delhi,Delhi,25-03-2025,Yes
DNR000098,Pooja Nair,Female,29,B+,8249046016,Vadodara,Gujarat,Never,No
DNR000099,Ananya Kapoor,Male,49,B+,8913366664,Surat,Gujarat,25-09-2022,Yes
DNR000100,Priya Patel,Male,42,B+,7612866892,Bhopal,Madhya Pradesh,02-06-2025,Yes
DNR000101,Neha Iyer,Male,43,O+,9410497698,Lucknow,Uttar Pradesh,09-07-2025,Yes
DNR000102,Neha Iyer,Male,44,O-,7839954414,Kanpur,Uttar Pradesh,20-05-2024,Yes
DNR000103,Rohan Mehta,Male,58,A+,8396936633,Gurgaon,Haryana,03-06-2024,Yes
DNR000104,Vikram Singh,Female,41,B-,8309902732,Gurgaon,Haryana,08-11-2020,Yes
DNR000105,Neha Iyer,Male,59,O+,7239637377,Kanpur,Uttar Pradesh,06-03-2025,Yes
DNR000106,Rohan Mehta,Female,32,O+,8260783119,Chennai,Tamil Nadu,24-09-2023,No
DNR000107,Ananya Kapoor,Female,18,A+,7085033735,Ahmedabad,Gujarat,12-12-2024,No
DNR000108,Vikram Singh,Female,32,B+,9655806227,Patna,Bihar,15-11-2024,Yes
DNR000109,Sneha Joshi,Male,31,B+,9418841562,Ahmedabad,Gujarat,18-07-2023,No
DNR000110,Vikram Singh,Male,34,O+,8207895308,Lucknow,Uttar Pradesh,16-10-2025,Yes
DNR000111,Aarav Sharma,Female,59,B+,8446616104,Kanpur,Uttar Pradesh,28-07-2025,Yes
DNR000112,Sneha Joshi,Female,18,B+,8309093284,Lucknow,Uttar Pradesh,18-02-2024,Yes
DNR000113,Aarav Sharma,Male,30,O+,7740572771,Surat,Gujarat,08-06-2025,No
DNR000114,Rohan Mehta,Male,26,A+,7319496610,Mumbai,Maharashtra,02-09-2025,No
DNR000115,Pooja Nair,Male,28,O+,8373296512,Ahmedabad,Gujarat,Never,Yes
DNR000116,Kunal Desai,Female,41,B+,9190096174,Lucknow,Uttar Pradesh,10-08-2025,No
DNR000117,Vikram Singh,Female,18,B+,8128041729,Vadodara,Gujarat,22-03-2024,No
DNR000118,Vikram Singh,Male,25,B+,7791358788,Surat,Gujarat,30-11-2020,No
DNR000119,Pooja Nair,Female,28,O+,7620582924,Mumbai,Maharashtra,01-05-2025,Yes
DNR000120,Neha Iyer,Female,45,AB-,8273582784,Gurgaon,Haryana,08-11-2022,Yes
DNR000121,Rohan Mehta,Male,34,B-,9199030324,Nagpur,Maharashtra,Never,Yes
DNR000122,Rohan Mehta,Female,26,O+,7043514354,Chennai,Tamil Nadu,01-11-2025,Yes
DNR000123,Neha Iyer,Other,36,B+,9660054978,Bhopal,Madhya Pradesh,19-08-2025,Yes
DNR000124,Ananya Kapoor,Male,44,B-,8286247417,Gurgaon,Haryana,16-09-2025,No
DNR000125,Aarav Sharma,Male,19,B+,8907251830,Mohali,Punjab,17-06-2024,Yes
DNR000126,Neha Iyer,Male,26,B+,8232598967,Vadodara,Gujarat,06-05-2025,No
DNR000127,Priya Patel,Male,28,A+,8453931565,Pune,Maharashtra,21-09-2025,No
DNR000128,Aarav Sharma,Male,33,O-,8614838641,Thiruvananthapuram,Kerala,18-11-2024,Yes
DNR000129,Pooja Nair,Male,40,B+,8019062974,Ahmedabad,Gujarat,10-06-2024,Yes
DNR000130,Sneha Joshi,Female,18,A+,9272221069,Bengaluru,Karnataka,14-09-2022,Yes
DNR000131,Pooja Nair,Female,33,O+,8273559201,Patna,Bihar,26-09-2021,No
DNR000132,Rohan Mehta,Female,36,B+,7318204514,Jaipur,Rajasthan,17-05-2024,Yes
DNR000133,Rahul Verma,Female,34,B+,9702024551,Gurgaon,Haryana,Never,Yes
DNR000134,Kunal Desai,Female,30,O+,7537212202,Bengaluru,Karnataka,22-03-2025,Yes
DNR000135,Priya Patel,Male,48,B+,8765105362,Kolkata,West Bengal,23-10-2025,Yes
DNR000136,Priya Patel,Male,19,O+,7362897957,Patna,Bihar,06-10-2024,Yes
DNR000137,Priya Patel,Female,43,O+,9721664644,Chennai,Tamil Nadu,14-02-2025,No
DNR000138,Ananya Kapoor,Male,18,B+,7269702344,Bhopal,Madhya Pradesh,02-11-2025,Yes
DNR000139,Neha Iyer,Male,33,O+,8649392835,Hyderabad,Telangana,16-02-2025,Yes
DNR000140,Aarav Sharma,Male,24,O+,9694782220,Vadodara,Gujarat,02-02-2021,Yes
DNR000141,Rohan Mehta,Male,45,A+,8710863775,Visakhapatnam,Andhra Pradesh,05-07-2025,Yes
DNR000142,Ananya Kapoor,Female,34,B+,9317908023,Lucknow,Uttar Pradesh,30-05-2021,Yes
DNR000143,Pooja Nair,Female,48,A+,8135902551,Thiruvananthapuram,Kerala,08-08-2025,No
DNR000144,Sneha Joshi,Male,38,O+,9063772421,Kanpur,Uttar Pradesh,10-05-2022,Yes
DNR000145,Sneha Joshi,Male,27,A+,7059925586,Kolkata,West Bengal,24-07-2025,Yes
DNR000146,Vikram Singh,Male,37,A+,9432831543,Chennai,Tamil Nadu,09-06-2025,Yes
DNR000147,Rahul Verma,Female,28,A+,9215189628,Pune,Maharashtra,19-12-2023,Yes
DNR000148,Priya Patel,Male,45,B+,9858041941,Visakhapatnam,Andhra Pradesh,25-07-2024,No
DNR000149,Vikram Singh,Female,27,B+,9019447841,Bhopal,Madhya Pradesh,06-01-2023,Yes
DNR000150,Vikram Singh,Male,25,B+,8186366179,Kolkata,West Bengal,Never,Yes
DNR000151,Aarav Sharma,Male,42,O+,9746759542,Surat,Gujarat,01-04-2025,Yes
DNR000152,Priya Patel,Male,34,A+,7998641952,Thiruvananthapuram,Kerala,17-05-2021,No
DNR000153,Rohan Mehta,Male,29,O+,8111865293,Surat,Gujarat,21-07-2024,Yes
DNR000154,Vikram Singh,Female,23,B+,8459963275,Kanpur,Uttar Pradesh,Never,No
DNR000155,Pooja Nair,Female,37,B+,8833884628,Bengaluru,Karnataka,23-05-2024,Yes
DNR000156,Rohan Mehta,Female,18,O+,8875880741,Mohali,Punjab,14-10-2025,No
DNR000157,Kunal Desai,Male,45,O+,8614338736,Hyderabad,Telangana,27-04-2025,Yes
DNR000158,Vikram Singh,Female,22,B+,8891727995,Lucknow,Uttar Pradesh,19-10-2025,Yes
DNR000159,Aarav Sharma,Female,21,A+,8537259404,Visakhapatnam,Andhra Pradesh,09-08-2025,Yes
DNR000160,Vikram Singh,Female,45,B+,9376161552,Hyderabad,Telangana,04-11-2025,Yes
DNR000161,Vikram Singh,Male,35,A+,9570347860,Ahmedabad,Gujarat,18-08-2025,Yes
DNR000162,Ananya Kapoor,Male,48,B+,9037869431,Chennai,Tamil Nadu,28-09-2025,Yes
DNR000163,Pooja Nair,Male,18,O+,7721782956,Bengaluru,Karnataka,19-10-2025,Yes
DNR000164,Rohan Mehta,Female,43,O+,8032007243,Bengaluru,Karnataka,30-07-2022,No
DNR000165,Kunal Desai,Male,24,B+,8281860448,Hyderabad,Telangana,12-03-2025,Yes
DNR000166,Ananya Kapoor,Female,22,O+,9250582481,Mohali,Punjab,19-09-2025,Yes
DNR000167,Rohan Mehta,Male,23,O+,9330599016,Kanpur,Uttar Pradesh,01-09-2025,Yes
DNR000168,Ananya Kapoor,Male,40,A+,8675369974,Surat,Gujarat,Never,Yes
DNR000169,Rahul Verma,Female,52,O+,8011402663,Surat,Gujarat,07-02-2022,Yes
DNR000170,Vikram Singh,Female,40,O+,7343569052,Gurgaon,Haryana,17-09-2025,No
DNR000171,Neha Iyer,Female,23,B-,9194154411,Bengaluru,Karnataka,08-11-2020,Yes
DNR000172,Aarav Sharma,Male,45,O+,9078423910,Jaipur,Rajasthan,20-10-2025,Yes
DNR000173,Sneha Joshi,Male,31,O+,9955170643,Jaipur,Rajasthan,29-01-2025,Yes
DNR000174,Aarav Sharma,Female,40,O+,9887552269,Gurgaon,Haryana,05-08-2025,Yes
DNR000175,Sneha Joshi,Female,18,B+,7675780247,Jaipur,Rajasthan,10-03-2024,No
DNR000176,Sneha Joshi,Male,35,O+,7128841165,Mohali,Punjab,20-07-2025,Yes
DNR000177,Aarav Sharma,Female,33,O+,8256984375,Gurgaon,Haryana,03-10-2025,Yes
DNR000178,Priya Patel,Female,30,O+,7421333141,Mumbai,Maharashtra,19-05-2023,No
DNR000179,Vikram Singh,Male,18,B+,7496228518,Gurgaon,Haryana,02-04-2024,No
DNR000180,Kunal Desai,Male,36,O+,7452780210,Delhi,Delhi,19-08-2023,Yes
DNR000181,Kunal Desai,Female,30,O+,8660229704,Surat,Gujarat,27-08-2025,No
DNR000182,Aarav Sharma,Female,38,B+,7279731542,Hyderabad,Telangana,15-10-2025,No
DNR000183,Kunal Desai,Female,41,O+,7797750043,Bhopal,Madhya Pradesh,02-08-2025,Yes
DNR000184,Neha Iyer,Male,18,O+,8580049717,Chennai,Tamil Nadu,09-01-2024,No
DNR000185,Priya Patel,Female,45,B+,7774777098,Delhi,Delhi,29-12-2023,Yes
DNR000186,Vikram Singh,Female,23,B+,7116848032,Hyderabad,Telangana,27-10-2022,Yes
DNR000187,Rohan Mehta,Male,35,O+,9036329228,Thiruvananthapuram,Kerala,13-09-2022,No
DNR000188,Rohan Mehta,Male,33,A+,9933545846,Visakhapatnam,Andhra Pradesh,06-02-2024,Yes
DNR000189,Vikram Singh,Male,37,O+,9156398232,Chennai,Tamil Nadu,12-03-2025,Yes
DNR000190,Vikram Singh,Male,37,B+,8349097141,Delhi,Delhi,17-07-2024,Yes
DNR000191,Rohan Mehta,Male,21,AB-,7387096846,Kolkata,West Bengal,27-01-2025,No
DNR000192,Neha Iyer,Male,49,B+,9065979170,Kolkata,West Bengal,16-07-2022,Yes
DNR000193,Sneha Joshi,Female,18,O+,8068846653,Gurgaon,Haryana,29-09-2023,No
DNR000194,Aarav Sharma,Female,18,A+,8889151470,Chennai,Tamil Nadu,25-04-2021,Yes
DNR000195,Aarav Sharma,Female,26,B+,9271861448,Hyderabad,Telangana,23-02-2023,No
DNR000196,Priya Patel,Male,33,O+,7472838291,Nagpur,Maharashtra,07-01-2025,No
DNR000197,Vikram Singh,Male,32,O+,9266201762,Gurgaon,Haryana,03-10-2025,Yes
DNR000198,Neha Iyer,Male,39,O+,8796218710,Vadodara,Gujarat,24-07-2024,Yes
DNR000199,Rohan Mehta,Male,35,O+,8981424081,Chennai,Tamil Nadu,21-08-2025,No
DNR000200,Neha Iyer,Female,34,B+,7215134574,Mumbai,Maharashtra,24-01-2025,Yes
DNR000201,Rahul Verma,Female,42,B+,7685701571,Hyderabad,Telangana,23-03-2024,Yes
DNR000202,Rahul Verma,Female,25,B+,8922803491,Nagpur,Maharashtra,21-02-2024,No
DNR000203,Vikram Singh,Male,32,AB-,7070893633,Bhopal,Madhya Pradesh,03-04-2025,Yes
DNR000204,Rahul Verma,Male,32,B+,8156928575,Bengaluru,Karnataka,16-11-2023,No
DNR000205,Aarav Sharma,Female,19,B+,8036693710,Ahmedabad,Gujarat,02-09-2025,No
DNR000206,Rahul Verma,Male,45,AB+,9240531170,Kolkata,West Bengal,23-10-2025,Yes
DNR000207,Rohan Mehta,Male,22,B+,7876783499,Jaipur,Rajasthan,03-03-2023,Yes
DNR000208,Aarav Sharma,Male,32,A+,9426843209,Mumbai,Maharashtra,14-08-2025,Yes
DNR000209,Vikram Singh,Male,40,O+,9311860039,Pune,Maharashtra,Never,Yes
DNR000210,Aarav Sharma,Male,51,A+,8286137877,Visakhapatnam,Andhra Pradesh,24-06-2025,No
DNR000211,Rahul Verma,Female,24,A+,9058427875,Bhopal,Madhya Pradesh,12-08-2025,Yes
DNR000212,Neha Iyer,Male,30,B+,7349313798,Nagpur,Maharashtra,11-09-2023,No
DNR000213,Priya Patel,Female,35,A+,8496408173,Vadodara,Gujarat,14-07-2025,Yes
DNR000214,Neha Iyer,Female,43,B+,7594852021,Vadodara,Gujarat,Never,No
DNR000215,Priya Patel,Female,34,A+,9817821059,Bhopal,Madhya Pradesh,16-09-2024,No
DNR000216,Neha Iyer,Male,18,O+,7425028942,Visakhapatnam,Andhra Pradesh,17-09-2025,Yes
DNR000217,Pooja Nair,Female,22,A+,8850305141,Ahmedabad,Gujarat,22-07-2022,No
DNR000218,Aarav Sharma,Female,47,A+,9520005395,Delhi,Delhi,09-09-2024,No
DNR000219,Rahul Verma,Male,23,A+,8275408418,Delhi,Delhi,11-08-2025,Yes
DNR000220,Priya Patel,Female,32,A+,8429858043,Kolkata,West Bengal,04-09-2024,No
DNR000221,Ananya Kapoor,Male,24,B+,7176668094,Kanpur,Uttar Pradesh,24-10-2025,Yes
DNR000222,Rohan Mehta,Female,39,A+,9374884606,Patna,Bihar,08-11-2020,Yes
DNR000223,Pooja Nair,Female,35,B+,8374937054,Kolkata,West Bengal,26-07-2025,No
DNR000224,Sneha Joshi,Female,30,O-,7800004721,Gurgaon,Haryana,09-03-2025,Yes
DNR000225,Sneha Joshi,Female,20,B+,9679422541,Bengaluru,Karnataka,15-12-2024,No
DNR000226,Sneha Joshi,Male,18,O+,7856331477,Bhopal,Madhya Pradesh,29-07-2024,Yes
DNR000227,Pooja Nair,Female,24,B+,7726308825,Gurgaon,Haryana,26-09-2024,No
DNR000228,Kunal Desai,Male,54,O+,9416160438,Vadodara,Gujarat,06-01-2025,Yes
DNR000229,Pooja Nair,Female,48,O+,8512032397,Pune,Maharashtra,01-05-2024,No
DNR000230,Ananya Kapoor,Male,44,A+,9569830348,Kolkata,West Bengal,24-08-2024,No
DNR000231,Rohan Mehta,Male,38,B+,7466168599,Mumbai,Maharashtra,05-11-2025,Yes
DNR000232,Ananya Kapoor,Male,35,B+,8024412906,Mumbai,Maharashtra,Never,No
DNR000233,Aarav Sharma,Male,25,B+,8291820713,Gurgaon,Haryana,14-07-2025,Yes
DNR000234,Pooja Nair,Male,20,B+,8191423358,Surat,Gujarat,16-09-2025,Yes
DNR000235,Pooja Nair,Female,40,O+,9018348696,Bengaluru,Karnataka,06-04-2024,No
DNR000236,Sneha Joshi,Male,28,O+,7548718368,Thiruvananthapuram,Kerala,24-06-2022,Yes
DNR000237,Ananya Kapoor,Male,27,O+,8920285613,Bengaluru,Karnataka,01-03-2025,No
DNR000238,Ananya Kapoor,Female,36,B+,7565226380,Surat,Gujarat,04-09-2025,No
DNR000239,Ananya Kapoor,Male,36,O-,8931826979,Delhi,Delhi,28-10-2024,No
DNR000240,Aarav Sharma,Female,43,O+,9871611731,Kanpur,Uttar Pradesh,16-07-2024,Yes
DNR000241,Ananya Kapoor,Female,37,A+,9863611819,Thiruvananthapuram,Kerala,16-01-2025,Yes
DNR000242,Kunal Desai,Male,39,B+,9327095942,Mohali,Punjab,27-10-2024,Yes
DNR000243,Sneha Joshi,Male,31,O+,8283690031,Jaipur,Rajasthan,13-02-2025,Yes
DNR000244,Ananya Kapoor,Female,39,B+,7366532028,Kanpur,Uttar Pradesh,21-06-2023,No
DNR000245,Ananya Kapoor,Female,19,B+,7992089009,Hyderabad,Telangana,26-03-2022,No
DNR000246,Aarav Sharma,Female,25,B+,7440131128,Delhi,Delhi,30-03-2024,Yes
DNR000247,Rohan Mehta,Female,45,B+,7581915060,Patna,Bihar,08-12-2024,Yes
DNR000248,Ananya Kapoor,Male,25,O+,8172993161,Surat,Gujarat,13-12-2022,Yes
DNR000249,Rohan Mehta,Male,25,B-,9656210024,Surat,Gujarat,03-11-2025,No
DNR000250,Pooja Nair,Female,29,B+,7215919484,Mumbai,Maharashtra,Never,No
DNR000251,Vikram Singh,Female,38,O-,9260728621,Hyderabad,Telangana,20-06-2025,Yes
DNR000252,Neha Iyer,Female,39,B+,7185696090,Hyderabad,Telangana,07-02-2025,Yes
DNR000253,Vikram Singh,Female,35,A-,8876164551,Jaipur,Rajasthan,02-06-2022,Yes
DNR000254,Neha Iyer,Male,32,AB+,8661390438,Surat,Gujarat,17-09-2025,Yes
DNR000255,Rahul Verma,Male,33,A+,7640107928,Mohali,Punjab,13-04-2024,Yes
DNR000256,Rohan Mehta,Male,29,O-,7315201892,Pune,Maharashtra,03-10-2025,Yes
DNR000257,Sneha Joshi,Male,24,A+,9451827559,Patna,Bihar,25-06-2023,Yes
DNR000258,Kunal Desai,Female,31,B+,7859862396,Patna,Bihar,27-09-2024,Yes
DNR000259,Vikram Singh,Male,18,B+,9457435394,Ahmedabad,Gujarat,14-01-2024,Yes
DNR000260,Pooja Nair,Female,31,A+,9826755208,Ahmedabad,Gujarat,12-12-2024,Yes
DNR000261,Aarav Sharma,Male,42,O+,8455755310,Surat,Gujarat,26-08-2025,Yes
DNR000262,Priya Patel,Female,39,O+,9951690578,Chennai,Tamil Nadu,14-08-2024,No
DNR000263,Rahul Verma,Male,31,B+,8358162805,Kolkata,West Bengal,13-03-2025,Yes
DNR000264,Kunal Desai,Female,52,AB+,8938436116,Thiruvananthapuram,Kerala,06-02-2024,Yes
DNR000265,Pooja Nair,Male,26,O+,9974518658,Gurgaon,Haryana,07-03-2025,Yes
DNR000266,Ananya Kapoor,Male,34,O+,8909702304,Thiruvananthapuram,Kerala,04-10-2023,Yes
DNR000267,Sneha Joshi,Female,19,AB+,8284348799,Visakhapatnam,Andhra Pradesh,27-09-2025,No
DNR000268,Kunal Desai,Female,39,B+,9885602558,Mumbai,Maharashtra,27-01-2024,No
DNR000269,Rahul Verma,Male,29,A+,9975895269,Gurgaon,Haryana,05-03-2024,Yes
DNR000270,Kunal Desai,Male,19,O+,7932478785,Nagpur,Maharashtra,14-11-2023,No
DNR000271,Neha Iyer,Male,27,A+,7141924054,Ahmedabad,Gujarat,24-09-2025,Yes
DNR000272,Priya Patel,Female,29,O+,9288613827,Gurgaon,Haryana,Never,No
DNR000273,Aarav Sharma,Male,35,B+,8618827776,Pune,Maharashtra,04-05-2023,Yes
DNR000274,Ananya Kapoor,Female,34,O+,7430742033,Mohali,Punjab,Never,Yes
DNR000275,Neha Iyer,Female,45,B+,7847694954,Vadodara,Gujarat,Never,No
DNR000276,Vikram Singh,Male,37,B+,8424804302,Thiruvananthapuram,Kerala,16-10-2024,Yes
DNR000277,Vikram Singh,Female,32,O+,8214610096,Kolkata,West Bengal,18-03-2024,Yes
DNR000278,Neha Iyer,Male,18,O+,8847051249,Visakhapatnam,Andhra Pradesh,06-02-2024,Yes
DNR000279,Vikram Singh,Male,18,O+,8797970476,Delhi,Delhi,12-03-2025,Yes
DNR000280,Ananya Kapoor,Female,46,B+,7354535383,Delhi,Delhi,14-07-2025,No
DNR000281,Sneha Joshi,Female,29,O+,7774672842,Ahmedabad,Gujarat,15-06-2025,Yes
DNR000282,Pooja Nair,Female,41,O-,9863645884,Bhopal,Madhya Pradesh,22-11-2021,No
DNR000283,Neha Iyer,Male,40,A-,8070498111,Mumbai,Maharashtra,08-11-2020,Yes
DNR000284,Priya Patel,Female,24,O+,8331798038,Nagpur,Maharashtra,11-08-2023,No
DNR000285,Vikram Singh,Female,31,B+,9733542420,Surat,Gujarat,08-11-2020,No
DNR000286,Pooja Nair,Male,41,O+,7223014853,Kanpur,Uttar Pradesh,30-10-2023,Yes
DNR000287,Neha Iyer,Male,24,A+,8355257225,Kolkata,West Bengal,04-08-2023,Yes
DNR000288,Sneha Joshi,Male,31,B+,7759496974,Visakhapatnam,Andhra Pradesh,18-09-2025,Yes
DNR000289,Rahul Verma,Female,41,O+,8691866873,Bhopal,Madhya Pradesh,21-11-2022,Yes
DNR000290,Pooja Nair,Male,29,A+,7024117340,Ahmedabad,Gujarat,06-11-2021,Yes
DNR000291,Aarav Sharma,Female,43,B+,8516967979,Kolkata,West Bengal,26-11-2024,Yes
DNR000292,Vikram Singh,Male,44,B+,8008075727,Thiruvananthapuram,Kerala,01-11-2023,Yes
DNR000293,Sneha Joshi,Female,34,O+,7892091882,Kanpur,Uttar Pradesh,04-09-2024,No
DNR000294,Sneha Joshi,Female,25,O-,8889948150,Jaipur,Rajasthan,14-10-2024,Yes
DNR000295,Ananya Kapoor,Female,31,B+,9444468635,Pune,Maharashtra,22-08-2024,No
DNR000296,Rahul Verma,Female,21,O+,8254147034,Kolkata,West Bengal,19-05-2021,No
DNR000297,Pooja Nair,Female,26,B+,9010739993,Ahmedabad,Gujarat,01-11-2023,No
DNR000298,Sneha Joshi,Male,36,A+,8276074632,Mumbai,Maharashtra,17-04-2024,Yes
DNR000299,Ananya Kapoor,Female,43,B+,7969331074,Surat,Gujarat,17-01-2025,No
DNR000300,Vikram Singh,Male,27,O+,7020596271,Nagpur,Maharashtra,30-03-2025,No
DNR000301,Pooja Nair,Female,32,B+,9458323517,Bhopal,Madhya Pradesh,05-11-2025,Yes
DNR000302,Neha Iyer,Female,27,B+,7425324282,Gurgaon,Haryana,23-12-2021,Yes
DNR000303,Pooja Nair,Female,34,O+,9202683016,Nagpur,Maharashtra,20-08-2025,No
DNR000304,Neha Iyer,Male,27,B+,7496005643,Nagpur,Maharashtra,29-12-2023,No
DNR000305,Aarav Sharma,Male,24,B+,9549151428,Vadodara,Gujarat,26-05-2024,Yes
DNR000306,Pooja Nair,Male,48,O+,8141091510,Lucknow,Uttar Pradesh,05-06-2025,Yes
DNR000307,Aarav Sharma,Male,24,B+,7514348003,Chennai,Tamil Nadu,25-12-2024,Yes
DNR000308,Pooja Nair,Male,32,B+,7851487421,Hyderabad,Telangana,08-11-2020,Yes
DNR000309,Rohan Mehta,Female,52,B+,7927955325,Lucknow,Uttar Pradesh,05-09-2024,No
DNR000310,Aarav Sharma,Female,22,A+,8101976199,Visakhapatnam,Andhra Pradesh,Never,Yes
DNR000311,Neha Iyer,Male,33,B+,9587214042,Bhopal,Madhya Pradesh,08-11-2020,Yes
DNR000312,Rohan Mehta,Female,49,A+,9506935298,Jaipur,Rajasthan,15-01-2025,Yes
DNR000313,Neha Iyer,Female,39,B+,9644575360,Visakhapatnam,Andhra Pradesh,02-08-2025,No
DNR000314,Neha Iyer,Male,22,O+,9659768610,Delhi,Delhi,04-09-2025,Yes
DNR000315,Aarav Sharma,Male,54,A+,9091138962,Chennai,Tamil Nadu,06-01-2025,No
DNR000316,Kunal Desai,Male,31,O+,8657269700,Lucknow,Uttar Pradesh,08-11-2020,Yes
DNR000317,Rohan Mehta,Male,36,O+,9201414268,Pune,Maharashtra,02-04-2023,No
DNR000318,Ananya Kapoor,Female,34,O+,9994030442,Bhopal,Madhya Pradesh,26-10-2024,Yes
DNR000319,Neha Iyer,Male,33,A+,9543807014,Chennai,Tamil Nadu,22-06-2025,No
DNR000320,Priya Patel,Male,44,A+,9164290908,Surat,Gujarat,13-04-2021,Yes
DNR000321,Priya Patel,Female,45,O+,7836184840,Gurgaon,Haryana,04-10-2022,Yes
DNR000322,Priya Patel,Female,48,B+,9922990207,Surat,Gujarat,10-04-2022,No
DNR000323,Ananya Kapoor,Male,39,O+,9075239843,Patna,Bihar,Never,No
DNR000324,Pooja Nair,Male,35,B+,7122947313,Pune,Maharashtra,05-04-2025,Yes
DNR000325,Priya Patel,Female,45,O+,8333010935,Mohali,Punjab,08-11-2020,No
DNR000326,Priya Patel,Female,27,A+,7293024559,Jaipur,Rajasthan,16-08-2023,Yes
DNR000327,Kunal Desai,Female,39,B+,7816602170,Kanpur,Uttar Pradesh,27-09-2024,Yes
DNR000328,Vikram Singh,Female,28,B+,9528468142,Lucknow,Uttar Pradesh,20-02-2025,No
DNR000329,Ananya Kapoor,Male,35,B+,7018130076,Kolkata,West Bengal,08-11-2024,No
DNR000330,Vikram Singh,Female,40,A+,7067414074,Jaipur,Rajasthan,Never,Yes
DNR000331,Neha Iyer,Male,32,B+,8068789559,Thiruvananthapuram,Kerala,29-11-2021,Yes
DNR000332,Ananya Kapoor,Male,26,B+,9364779058,Mohali,Punjab,28-03-2025,Yes
DNR000333,Neha Iyer,Male,25,B+,8698345877,Gurgaon,Haryana,10-12-2023,Yes
DNR000334,Vikram Singh,Female,44,O+,7453469405,Lucknow,Uttar Pradesh,14-11-2024,No
DNR000335,Neha Iyer,Female,33,AB+,7741927725,Hyderabad,Telangana,21-07-2023,No
DNR000336,Priya Patel,Male,29,A-,7480105026,Jaipur,Rajasthan,22-10-2022,Yes
DNR000337,Aarav Sharma,Female,25,O+,7153643923,Bengaluru,Karnataka,06-04-2023,No
DNR000338,Aarav Sharma,Female,26,B+,7281147440,Bengaluru,Karnataka,02-12-2023,Yes
DNR000339,Sneha Joshi,Female,18,B+,9042565888,Bhopal,Madhya Pradesh,Never,Yes
DNR000340,Priya Patel,Female,43,O+,9174278529,Pune,Maharashtra,01-09-2025,No
DNR000341,Aarav Sharma,Male,40,O+,8976865726,Kanpur,Uttar Pradesh,17-07-2025,Yes
DNR000342,Rohan Mehta,Female,29,B+,7764255293,Lucknow,Uttar Pradesh,04-06-2023,No
DNR000343,Vikram Singh,Female,46,O+,7430329876,Surat,Gujarat,19-12-2023,Yes
DNR000344,Rahul Verma,Male,38,O+,7175385661,Surat,Gujarat,14-08-2023,Yes
DNR000345,Priya Patel,Female,44,A+,9108076798,Visakhapatnam,Andhra Pradesh,02-03-2025,Yes
DNR000346,Neha Iyer,Female,26,O+,7077380960,Mumbai,Maharashtra,22-01-2025,Yes
DNR000347,Neha Iyer,Male,31,B+,9935456937,Hyderabad,Telangana,24-10-2024,No
DNR000348,Ananya Kapoor,Male,32,B+,9056721671,Bengaluru,Karnataka,16-08-2024,Yes
DNR000349,Rohan Mehta,Male,31,AB+,9364562548,Bengaluru,Karnataka,07-11-2025,Yes
DNR000350,Rahul Verma,Male,26,O+,8407533788,Kolkata,West Bengal,15-01-2022,Yes
DNR000351,Vikram Singh,Female,40,O+,8138168582,Kanpur,Uttar Pradesh,03-06-2025,No
DNR000352,Ananya Kapoor,Female,24,B-,9638711189,Delhi,Delhi,08-11-2020,No
DNR000353,Priya Patel,Male,34,O+,8265634801,Ahmedabad,Gujarat,04-09-2025,No
DNR000354,Pooja Nair,Male,27,A+,9179920479,Mumbai,Maharashtra,03-11-2025,Yes
DNR000355,Ananya Kapoor,Male,49,B+,7516255728,Thiruvananthapuram,Kerala,07-05-2024,Yes
DNR000356,Aarav Sharma,Female,21,O+,8657493007,Chennai,Tamil Nadu,11-03-2024,Yes
DNR000357,Kunal Desai,Male,23,A+,7305758072,Patna,Bihar,16-12-2023,Yes
DNR000358,Rohan Mehta,Male,39,O+,7205570397,Pune,Maharashtra,11-10-2025,Yes
DNR000359,Neha Iyer,Female,31,B+,8924945599,Bhopal,Madhya Pradesh,08-11-2020,Yes
DNR000360,Priya Patel,Male,37,O+,9523582152,Lucknow,Uttar Pradesh,09-05-2024,No
DNR000361,Pooja Nair,Female,35,O+,7678136721,Pune,Maharashtra,09-10-2024,Yes
DNR000362,Aarav Sharma,Female,34,O-,7522023683,Kolkata,West Bengal,19-06-2024,Yes
DNR000363,Rohan Mehta,Female,33,O+,8431896833,Gurgaon,Haryana,16-03-2025,Yes
DNR000364,Kunal Desai,Male,31,B-,9691955160,Gurgaon,Haryana,02-12-2024,Yes
DNR000365,Pooja Nair,Male,33,O+,8255303511,Nagpur,Maharashtra,28-08-2021,Yes
DNR000366,Kunal Desai,Female,37,O-,8856247592,Surat,Gujarat,10-04-2023,No
DNR000367,Rahul Verma,Male,38,A+,8561913025,Lucknow,Uttar Pradesh,11-12-2022,Yes
DNR000368,Vikram Singh,Female,21,O+,8473934447,Ahmedabad,Gujarat,16-10-2025,No
DNR000369,Pooja Nair,Female,36,A+,8585822710,Hyderabad,Telangana,16-02-2025,No
DNR000370,Aarav Sharma,Male,53,A+,9352386838,Hyderabad,Telangana,29-05-2024,No
DNR000371,Rohan Mehta,Male,28,A+,8424954138,Mohali,Punjab,Never,Yes
DNR000372,Vikram Singh,Female,38,O-,7964600052,Chennai,Tamil Nadu,31-01-2024,No
DNR000373,Pooja Nair,Female,18,A+,8225765084,Kolkata,West Bengal,Never,Yes
DNR000374,Pooja Nair,Female,33,O+,7286821675,Jaipur,Rajasthan,Never,No
DNR000375,Aarav Sharma,Male,23,O+,7842534062,Kanpur,Uttar Pradesh,13-03-2025,No
DNR000376,Pooja Nair,Female,22,O-,7032181740,Visakhapatnam,Andhra Pradesh,26-12-2021,Yes
DNR000377,Rohan Mehta,Female,28,O+,7363665066,Kolkata,West Bengal,02-07-2025,Yes
DNR000378,Neha Iyer,Female,43,O+,7142593541,Mohali,Punjab,15-07-2025,Yes
DNR000379,Vikram Singh,Male,18,O+,7460468770,Pune,Maharashtra,26-10-2025,Yes
DNR000380,Neha Iyer,Female,42,B+,7917142395,Kolkata,West Bengal,05-09-2023,No
DNR000381,Rahul Verma,Female,29,O+,9456927779,Vadodara,Gujarat,08-11-2020,Yes
DNR000382,Rohan Mehta,Female,39,AB-,7472890961,Chennai,Tamil Nadu,25-09-2025,Yes
DNR000383,Rohan Mehta,Male,40,A+,7454504586,Surat,Gujarat,30-10-2023,Yes
DNR000384,Rohan Mehta,Male,33,O+,8997663997,Mumbai,Maharashtra,08-11-2020,Yes
DNR000385,Rahul Verma,Male,34,O+,8243790817,Lucknow,Uttar Pradesh,04-01-2025,Yes
DNR000386,Priya Patel,Female,38,A+,7233460691,Surat,Gujarat,21-03-2024,No
DNR000387,Ananya Kapoor,Female,46,B+,7287670444,Thiruvananthapuram,Kerala,16-02-2025,Yes
DNR000388,Pooja Nair,Female,35,O+,7073858744,Surat,Gujarat,21-04-2023,Yes
DNR000389,Rohan Mehta,Male,28,AB+,9432417111,Kanpur,Uttar Pradesh,27-01-2025,Yes
DNR000390,Ananya Kapoor,Male,46,B+,7284646214,Bengaluru,Karnataka,13-12-2024,Yes
DNR000391,Kunal Desai,Female,29,B+,7133919918,Mohali,Punjab,09-01-2025,No
DNR000392,Kunal Desai,Male,24,A+,7205171025,Bengaluru,Karnataka,03-01-2025,No
DNR000393,Priya Patel,Female,25,AB+,9317434283,Ahmedabad,Gujarat,20-09-2025,No
DNR000394,Sneha Joshi,Male,32,B+,8921082002,Chennai,Tamil Nadu,29-10-2025,Yes
DNR000395,Vikram Singh,Female,45,O+,8444040611,Gurgaon,Haryana,31-08-2025,No
DNR000396,Sneha Joshi,Male,43,AB+,8266282277,Mohali,Punjab,04-11-2023,Yes
DNR000397,Rohan Mehta,Female,25,A+,9679906400,Delhi,Delhi,08-11-2020,Yes
DNR000398,Rahul Verma,Female,31,A+,8359253656,Bhopal,Madhya Pradesh,08-11-2020,Yes
DNR000399,Rohan Mehta,Male,25,O-,7450929012,Patna,Bihar,07-01-2025,Yes
DNR000400,Pooja Nair,Female,35,O+,7598605115,Kanpur,Uttar Pradesh,10-09-2025,No
DNR000401,Aarav Sharma,Female,36,B+,8195180064,Mohali,Punjab,29-09-2025,No
DNR000402,Kunal Desai,Female,27,A+,7429022907,Mohali,Punjab,07-08-2021,Yes
DNR000403,Sneha Joshi,Female,38,B+,8150219273,Gurgaon,Haryana,29-01-2025,No
DNR000404,Kunal Desai,Male,36,O+,7642719970,Chennai,Tamil Nadu,03-02-2022,Yes
DNR000405,Rohan Mehta,Male,45,B+,7788620542,Nagpur,Maharashtra,17-11-2024,No
DNR000406,Kunal Desai,Female,26,O+,9241749479,Patna,Bihar,Never,No
DNR000407,Neha Iyer,Female,28,B+,7993079799,Surat,Gujarat,23-09-2024,No
DNR000408,Aarav Sharma,Male,33,O+,8132982706,Nagpur,Maharashtra,24-07-2025,No
DNR000409,Sneha Joshi,Female,41,A+,9466027968,Bengaluru,Karnataka,Never,Yes
DNR000410,Rohan Mehta,Male,43,O+,9723216295,Mohali,Punjab,29-07-2024,Yes
DNR000411,Neha Iyer,Male,20,B+,9970056292,Mohali,Punjab,14-02-2025,Yes
DNR000412,Priya Patel,Male,39,O+,9343739768,Kolkata,West Bengal,08-01-2025,Yes
DNR000413,Ananya Kapoor,Male,35,O+,9709229350,Bengaluru,Karnataka,24-07-2025,Yes
DNR000414,Neha Iyer,Female,30,O+,7017557883,Hyderabad,Telangana,21-07-2025,Yes
DNR000415,Priya Patel,Male,35,O+,9287286385,Vadodara,Gujarat,08-06-2025,Yes
DNR000416,Vikram Singh,Male,38,A+,8532102095,Patna,Bihar,22-08-2025,No
DNR000417,Pooja Nair,Male,26,O+,9480895298,Surat,Gujarat,22-07-2024,Yes
DNR000418,Vikram Singh,Male,38,A+,8898928611,Kanpur,Uttar Pradesh,01-03-2025,Yes
DNR000419,Rahul Verma,Male,37,A+,9996012594,Visakhapatnam,Andhra Pradesh,18-08-2025,No
DNR000420,Ananya Kapoor,Female,34,A+,7504236683,Hyderabad,Telangana,02-02-2022,No
DNR000421,Pooja Nair,Male,34,B+,9301899298,Mumbai,Maharashtra,29-12-2024,Yes
DNR000422,Priya Patel,Male,33,A+,8720625564,Delhi,Delhi,18-09-2025,Yes
DNR000423,Sneha Joshi,Female,46,B+,8648264264,Hyderabad,Telangana,07-11-2024,Yes
DNR000424,Pooja Nair,Male,37,O+,9514403793,Visakhapatnam,Andhra Pradesh,11-09-2025,Yes
DNR000425,Kunal Desai,Male,31,O-,8522121529,Nagpur,Maharashtra,01-09-2025,Yes
DNR000426,Priya Patel,Male,34,AB+,7513922273,Delhi,Delhi,05-07-2025,Yes
DNR000427,Vikram Singh,Male,21,A+,9172313428,Gurgaon,Haryana,11-06-2025,Yes
DNR000428,Neha Iyer,Male,27,O+,9234815353,Patna,Bihar,19-02-2023,Yes
DNR000429,Rohan Mehta,Female,36,O+,9297061772,Ahmedabad,Gujarat,01-01-2024,Yes
DNR000430,Pooja Nair,Female,38,B+,7837963163,Kolkata,West Bengal,03-03-2022,Yes
DNR000431,Neha Iyer,Female,37,B+,9723363935,Mohali,Punjab,13-10-2024,Yes
DNR000432,Rahul Verma,Male,48,O-,8530161145,Thiruvananthapuram,Kerala,23-05-2025,Yes
DNR000433,Rohan Mehta,Male,30,O+,7943676805,Kolkata,West Bengal,14-11-2023,Yes
DNR000434,Sneha Joshi,Male,43,B+,8817516342,Bhopal,Madhya Pradesh,05-05-2025,Yes
DNR000435,Rahul Verma,Male,35,O+,7765948069,Delhi,Delhi,10-06-2025,Yes
DNR000436,Ananya Kapoor,Female,25,B+,7433199653,Mumbai,Maharashtra,21-09-2025,Yes
DNR000437,Vikram Singh,Male,24,B+,7484989129,Mohali,Punjab,02-05-2022,Yes
DNR000438,Aarav Sharma,Male,33,B+,8427958424,Delhi,Delhi,Never,No
DNR000439,Priya Patel,Female,21,O+,8299509436,Vadodara,Gujarat,26-09-2025,Yes
DNR000440,Priya Patel,Male,31,O+,8437094583,Surat,Gujarat,20-10-2025,Yes
DNR000441,Neha Iyer,Female,46,A-,9518693830,Patna,Bihar,18-09-2023,No
DNR000442,Sneha Joshi,Male,40,O+,9300869423,Patna,Bihar,Never,Yes
DNR000443,Rahul Verma,Female,37,O+,8279752854,Bhopal,Madhya Pradesh,22-10-2023,Yes
DNR000444,Rahul Verma,Female,44,B+,7354190511,Bengaluru,Karnataka,16-06-2025,No
DNR000445,Rahul Verma,Male,45,A+,9184077556,Jaipur,Rajasthan,08-06-2025,Yes
DNR000446,Priya Patel,Male,49,A+,9874822490,Surat,Gujarat,11-09-2024,Yes
DNR000447,Pooja Nair,Female,45,O+,7612927078,Mumbai,Maharashtra,30-04-2024,No
DNR000448,Rahul Verma,Male,42,AB+,7586494906,Ahmedabad,Gujarat,27-10-2025,No
DNR000449,Rahul Verma,Male,39,O-,7925759152,Pune,Maharashtra,29-07-2025,Yes
DNR000450,Kunal Desai,Male,38,A+,8943668299,Kanpur,Uttar Pradesh,06-10-2025,Yes
DNR000451,Aarav Sharma,Female,33,O+,9483475123,Nagpur,Maharashtra,17-07-2022,Yes
DNR000452,Kunal Desai,Male,26,B+,8343215032,Mohali,Punjab,23-01-2022,Yes
DNR000453,Ananya Kapoor,Male,36,B+,8088357701,Jaipur,Rajasthan,04-03-2025,No
DNR000454,Aarav Sharma,Female,32,O+,9492799833,Lucknow,Uttar Pradesh,15-01-2025,Yes
DNR000455,Aarav Sharma,Male,32,A+,8664755168,Bhopal,Madhya Pradesh,08-11-2020,Yes
DNR000456,Ananya Kapoor,Female,31,O+,9278414644,Mumbai,Maharashtra,31-05-2025,Yes
DNR000457,Priya Patel,Male,30,O+,9421461094,Nagpur,Maharashtra,Never,Yes
DNR000458,Priya Patel,Male,22,O-,7961857167,Mumbai,Maharashtra,10-07-2022,No
DNR000459,Rohan Mehta,Female,18,O+,9591046551,Kolkata,West Bengal,05-09-2024,Yes
DNR000460,Neha Iyer,Male,36,B+,9272157631,Jaipur,Rajasthan,16-09-2025,Yes
DNR000461,Neha Iyer,Female,18,A+,9565637470,Kanpur,Uttar Pradesh,26-07-2024,No
DNR000462,Neha Iyer,Male,18,O-,7799828427,Thiruvananthapuram,Kerala,07-08-2023,Yes
DNR000463,Ananya Kapoor,Male,18,B+,9440932056,Thiruvananthapuram,Kerala,04-11-2024,No
DNR000464,Sneha Joshi,Female,44,O-,9899178861,Chennai,Tamil Nadu,14-07-2025,Yes
DNR000465,Priya Patel,Female,30,O+,9559590827,Lucknow,Uttar Pradesh,11-06-2024,No
DNR000466,Kunal Desai,Female,40,O+,9260924394,Bengaluru,Karnataka,31-12-2022,No
DNR000467,Vikram Singh,Female,37,O+,7812861425,Mohali,Punjab,11-03-2023,Yes
DNR000468,Neha Iyer,Female,38,O+,9354341939,Gurgaon,Haryana,29-12-2023,Yes
DNR000469,Ananya Kapoor,Male,27,O+,7754259328,Bengaluru,Karnataka,12-06-2022,Yes
DNR000470,Vikram Singh,Female,39,B-,7109754496,Kolkata,West Bengal,31-10-2024,Yes
DNR000471,Kunal Desai,Male,26,O+,8427427879,Mumbai,Maharashtra,12-04-2025,Yes
DNR000472,Vikram Singh,Female,33,A+,8473051768,Lucknow,Uttar Pradesh,14-05-2025,No
DNR000473,Priya Patel,Female,53,AB+,8893910209,Hyderabad,Telangana,13-10-2025,Yes
DNR000474,Pooja Nair,Female,30,O+,9230878804,Pune,Maharashtra,17-10-2025,No
DNR000475,Priya Patel,Male,18,B+,8234600235,Bengaluru,Karnataka,10-11-2024,Yes
DNR000476,Sneha Joshi,Male,36,O+,7190008374,Thiruvananthapuram,Kerala,21-01-2025,Yes
DNR000477,Ananya Kapoor,Male,29,O-,8466239042,Thiruvananthapuram,Kerala,18-06-2024,Yes
DNR000478,Priya Patel,Male,37,O+,7607906490,Pune,Maharashtra,27-10-2025,Yes
DNR000479,Aarav Sharma,Male,34,B+,7176041509,Jaipur,Rajasthan,30-09-2025,Yes
DNR000480,Neha Iyer,Female,41,B+,7531632415,Kolkata,West Bengal,20-03-2025,Yes
DNR000481,Vikram Singh,Female,37,O+,7214526297,Chennai,Tamil Nadu,04-10-2023,No
DNR000482,Priya Patel,Female,24,A+,8793090538,Bhopal,Madhya Pradesh,18-09-2025,Yes
DNR000483,Ananya Kapoor,Female,18,B+,9375700510,Gurgaon,Haryana,16-06-2021,Yes
DNR000484,Ananya Kapoor,Female,29,B+,9468147321,Mohali,Punjab,16-09-2024,No
DNR000485,Neha Iyer,Male,32,A-,8041553664,Thiruvananthapuram,Kerala,03-11-2025,Yes
DNR000486,Aarav Sharma,Male,41,B+,7672513202,Hyderabad,Telangana,09-11-2021,Yes
DNR000487,Aarav Sharma,Male,45,O+,8217653423,Kanpur,Uttar Pradesh,01-12-2024,No
DNR000488,Rahul Verma,Male,27,A+,9198905868,Jaipur,Rajasthan,05-05-2024,Yes
DNR000489,Priya Patel,Female,21,O-,9223856036,Kolkata,West Bengal,17-06-2024,No
DNR000490,Priya Patel,Female,23,O+,8997709887,Lucknow,Uttar Pradesh,01-11-2025,No
DNR000491,Priya Patel,Male,38,B-,7288081327,Visakhapatnam,Andhra Pradesh,08-11-2020,Yes
DNR000492,Pooja Nair,Male,24,B+,7460616895,Pune,Maharashtra,24-01-2024,Yes
DNR000493,Sneha Joshi,Male,24,B+,7395448839,Chennai,Tamil Nadu,10-07-2021,No
DNR000494,Neha Iyer,Female,21,A+,7420904881,Vadodara,Gujarat,Never,No
DNR000495,Vikram Singh,Female,35,O+,9741186940,Chennai,Tamil Nadu,30-04-2025,No
DNR000496,Kunal Desai,Male,31,B+,9836513830,Ahmedabad,Gujarat,17-07-2023,Yes
DNR000497,Sneha Joshi,Female,23,B+,8946667151,Bengaluru,Karnataka,20-01-2025,Yes
DNR000498,Ananya Kapoor,Other,25,O-,9888829840,Bhopal,Madhya Pradesh,12-05-2021,Yes
DNR000499,Neha Iyer,Female,37,O-,7548782772,Gurgaon,Haryana,30-05-2025,No
DNR000500,Aarav Sharma,Female,28,O+,7729211468,Bhopal,Madhya Pradesh,02-10-2025,Yes
DNR000501,Neha Iyer,Female,36,O+,9860628666,Mumbai,Maharashtra,04-06-2025,Yes
DNR000502,Ananya Kapoor,Male,38,AB-,9409340665,Surat,Gujarat,01-11-2025,No
DNR000503,Vikram Singh,Female,23,AB-,7614819948,Patna,Bihar,Never,Yes
DNR000504,Ananya Kapoor,Male,46,B+,8046842240,Hyderabad,Telangana,30-10-2025,Yes
DNR000505,Vikram Singh,Female,22,A-,8538892064,Mohali,Punjab,31-08-2023,Yes
DNR000506,Ananya Kapoor,Male,44,O+,7275326052,Visakhapatnam,Andhra Pradesh,20-12-2023,Yes
DNR000507,Sneha Joshi,Male,50,B+,9151178208,Surat,Gujarat,29-09-2021,Yes
DNR000508,Sneha Joshi,Female,36,A+,7316047367,Mumbai,Maharashtra,23-12-2024,Yes
DNR000509,Neha Iyer,Female,31,B+,7718787192,Bhopal,Madhya Pradesh,22-04-2023,Yes
DNR000510,Sneha Joshi,Female,27,B-,7376170558,Mumbai,Maharashtra,17-03-2021,Yes
DNR000511,Pooja Nair,Female,38,O+,7268410639,Pune,Maharashtra,04-10-2025,No
DNR000512,Pooja Nair,Female,23,B+,8358526123,Hyderabad,Telangana,19-07-2025,Yes
DNR000513,Rohan Mehta,Female,44,A+,9514790521,Bhopal,Madhya Pradesh,08-11-2022,Yes
DNR000514,Rohan Mehta,Male,27,A+,8339120272,Ahmedabad,Gujarat,16-10-2025,Yes
DNR000515,Priya Patel,Male,18,B+,9134104779,Delhi,Delhi,11-04-2023,Yes
DNR000516,Ananya Kapoor,Female,29,B+,9792821128,Jaipur,Rajasthan,26-04-2025,No
DNR000517,Priya Patel,Female,23,B+,7611581967,Bengaluru,Karnataka,05-12-2024,Yes
DNR000518,Vikram Singh,Male,41,B+,9047763213,Kolkata,West Bengal,31-08-2024,Yes
DNR000519,Ananya Kapoor,Male,18,A-,7181568152,Kanpur,Uttar Pradesh,21-09-2024,No
DNR000520,Rohan Mehta,Male,26,O+,7784796926,Lucknow,Uttar Pradesh,09-06-2024,No
DNR000521,Rahul Verma,Male,40,O+,7743437884,Thiruvananthapuram,Kerala,23-12-2024,Yes
DNR000522,Pooja Nair,Male,32,O+,8775697841,Gurgaon,Haryana,02-09-2025,Yes
DNR000523,Priya Patel,Female,24,O+,8149362862,Delhi,Delhi,20-12-2024,No
DNR000524,Pooja Nair,Female,41,A+,9823006997,Gurgaon,Haryana,26-07-2025,No
DNR000525,Pooja Nair,Female,48,B+,9177000495,Lucknow,Uttar Pradesh,14-08-2025,No
DNR000526,Aarav Sharma,Other,31,O+,8221269005,Chennai,Tamil Nadu,20-12-2024,No
DNR000527,Pooja Nair,Male,18,A+,7640553291,Gurgaon,Haryana,19-11-2023,Yes
DNR000528,Rohan Mehta,Male,36,A+,7363220014,Ahmedabad,Gujarat,Never,Yes
DNR000529,Aarav Sharma,Female,24,O+,8770570767,Chennai,Tamil Nadu,15-09-2025,No
DNR000530,Kunal Desai,Male,42,B+,7472004211,Vadodara,Gujarat,02-12-2024,No
DNR000531,Kunal Desai,Male,43,O+,7978992510,Mohali,Punjab,10-06-2025,Yes
DNR000532,Vikram Singh,Male,23,O+,7642748096,Surat,Gujarat,25-08-2023,Yes
DNR000533,Rohan Mehta,Male,31,B+,7310438975,Surat,Gujarat,17-09-2025,No
DNR000534,Rohan Mehta,Female,39,B+,9277378788,Jaipur,Rajasthan,08-04-2025,No
DNR000535,Rohan Mehta,Female,36,B+,8277559578,Vadodara,Gujarat,03-10-2025,Yes
DNR000536,Sneha Joshi,Female,53,AB+,8574154951,Vadodara,Gujarat,06-10-2023,Yes
DNR000537,Rahul Verma,Female,36,O+,7196441123,Hyderabad,Telangana,07-11-2025,No
DNR000538,Rohan Mehta,Male,36,B+,7608397052,Gurgaon,Haryana,15-07-2025,Yes
DNR000539,Kunal Desai,Female,45,O-,7510364257,Vadodara,Gujarat,Never,No
DNR000540,Aarav Sharma,Female,41,O+,7882412716,Delhi,Delhi,30-12-2024,Yes
DNR000541,Neha Iyer,Male,42,B+,8727860347,Chennai,Tamil Nadu,27-09-2024,Yes
DNR000542,Sneha Joshi,Female,47,O+,9905767386,Lucknow,Uttar Pradesh,Never,Yes
DNR000543,Kunal Desai,Male,18,O+,7478966435,Mohali,Punjab,22-03-2025,Yes
DNR000544,Kunal Desai,Female,49,B+,7493870153,Patna,Bihar,31-03-2025,Yes
DNR000545,Vikram Singh,Female,50,O+,9946617944,Mumbai,Maharashtra,09-03-2024,No
DNR000546,Aarav Sharma,Female,45,A+,7515487004,Delhi,Delhi,30-03-2024,No
DNR000547,Rohan Mehta,Male,29,O+,8389286831,Bengaluru,Karnataka,16-03-2024,Yes
DNR000548,Pooja Nair,Female,37,O+,9436282149,Delhi,Delhi,03-10-2025,No
DNR000549,Pooja Nair,Male,35,B-,8409704642,Kanpur,Uttar Pradesh,14-09-2024,Yes
DNR000550,Kunal Desai,Female,36,O+,7563155150,Thiruvananthapuram,Kerala,02-09-2023,Yes
DNR000551,Ananya Kapoor,Male,47,O+,9452568552,Pune,Maharashtra,26-10-2025,No
DNR000552,Rohan Mehta,Male,32,A-,8711612995,Kanpur,Uttar Pradesh,10-10-2025,Yes
DNR000553,Sneha Joshi,Female,31,O+,8032512279,Kolkata,West Bengal,03-09-2025,Yes
DNR000554,Ananya Kapoor,Male,32,B+,7333526903,Mohali,Punjab,Never,Yes
DNR000555,Pooja Nair,Female,34,O+,8595449278,Bhopal,Madhya Pradesh,10-10-2025,No
DNR000556,Sneha Joshi,Male,24,B+,7711055869,Kolkata,West Bengal,11-02-2024,No
DNR000557,Rahul Verma,Female,35,B+,7850510227,Kanpur,Uttar Pradesh,17-08-2025,Yes
DNR000558,Vikram Singh,Female,28,AB+,7052729963,Bengaluru,Karnataka,07-07-2024,Yes
DNR000559,Vikram Singh,Male,43,A+,9636059759,Visakhapatnam,Andhra Pradesh,18-06-2024,Yes
DNR000560,Ananya Kapoor,Male,43,B-,9425044065,Pune,Maharashtra,31-07-2025,Yes
DNR000561,Ananya Kapoor,Female,53,B+,8386635037,Jaipur,Rajasthan,09-10-2024,Yes
DNR000562,Priya Patel,Male,48,O-,9616723574,Surat,Gujarat,22-05-2022,No
DNR000563,Pooja Nair,Female,38,O+,8676896658,Mohali,Punjab,08-11-2020,No
DNR000564,Aarav Sharma,Female,35,O+,7782800684,Pune,Maharashtra,04-10-2025,Yes
DNR000565,Rahul Verma,Female,42,O+,7776173289,Hyderabad,Telangana,07-02-2024,No
DNR000566,Pooja Nair,Female,28,A+,7345082230,Chennai,Tamil Nadu,01-04-2024,Yes
DNR000567,Priya Patel,Female,38,A+,9930976966,Patna,Bihar,01-10-2025,Yes
DNR000568,Pooja Nair,Male,33,A+,7045741939,Mohali,Punjab,22-04-2024,Yes
DNR000569,Sneha Joshi,Female,35,A+,8999666202,Surat,Gujarat,Never,Yes
DNR000570,Rahul Verma,Female,22,A+,9828639607,Hyderabad,Telangana,14-01-2025,Yes
DNR000571,Priya Patel,Female,32,B+,9150714996,Thiruvananthapuram,Kerala,05-09-2024,No
DNR000572,Ananya Kapoor,Female,54,B+,8968516281,Vadodara,Gujarat,06-09-2025,Yes
DNR000573,Priya Patel,Male,55,A-,9576542720,Bengaluru,Karnataka,Never,No
DNR000574,Neha Iyer,Other,42,O+,8921108939,Jaipur,Rajasthan,20-08-2024,Yes
DNR000575,Aarav Sharma,Male,26,O+,7465258293,Pune,Maharashtra,06-11-2025,No
DNR000576,Ananya Kapoor,Male,18,A+,7512925306,Visakhapatnam,Andhra Pradesh,24-10-2025,Yes
DNR000577,Neha Iyer,Female,23,O+,7552962484,Delhi,Delhi,27-05-2025,Yes
DNR000578,Sneha Joshi,Male,40,O+,7780643393,Thiruvananthapuram,Kerala,07-11-2025,No
DNR000579,Kunal Desai,Female,45,B+,8203827671,Kanpur,Uttar Pradesh,22-12-2024,Yes
DNR000580,Sneha Joshi,Male,34,B+,8943380428,Chennai,Tamil Nadu,24-07-2023,No
DNR000581,Rahul Verma,Female,35,A+,9636844454,Gurgaon,Haryana,08-11-2020,Yes
DNR000582,Rahul Verma,Male,23,B+,8946894658,Gurgaon,Haryana,25-07-2025,No
DNR000583,Priya Patel,Female,28,O+,7305451881,Pune,Maharashtra,04-06-2024,Yes
DNR000584,Priya Patel,Male,54,B+,7942309804,Chennai,Tamil Nadu,06-08-2023,No
DNR000585,Sneha Joshi,Male,33,O+,8256359674,Lucknow,Uttar Pradesh,11-05-2024,Yes
DNR000586,Sneha Joshi,Male,48,O+,8324552024,Surat,Gujarat,07-05-2025,No
DNR000587,Neha Iyer,Female,52,O+,8851918953,Mohali,Punjab,16-09-2024,No
DNR000588,Sneha Joshi,Male,35,B+,8906254953,Kolkata,West Bengal,Never,Yes
DNR000589,Rohan Mehta,Male,40,B+,8444781459,Visakhapatnam,Andhra Pradesh,20-03-2024,Yes
DNR000590,Kunal Desai,Male,21,B+,9323306038,Ahmedabad,Gujarat,25-10-2025,No
DNR000591,Neha Iyer,Female,36,O+,8671945178,Bengaluru,Karnataka,01-05-2025,Yes
DNR000592,Sneha Joshi,Female,43,A-,9096483600,Surat,Gujarat,04-12-2024,No
DNR000593,Sneha Joshi,Female,26,A+,7299948577,Bhopal,Madhya Pradesh,26-01-2023,No
DNR000594,Aarav Sharma,Female,34,O+,8878497403,Kanpur,Uttar Pradesh,29-07-2025,Yes
DNR000595,Rahul Verma,Male,32,A-,8871686837,Patna,Bihar,29-04-2022,Yes
DNR000596,Neha Iyer,Female,41,A+,9061527443,Surat,Gujarat,04-12-2023,Yes
DNR000597,Rohan Mehta,Male,54,B+,8386561041,Pune,Maharashtra,17-06-2025,Yes
DNR000598,Priya Patel,Male,26,A+,7678475860,Kolkata,West Bengal,08-11-2020,No
DNR000599,Aarav Sharma,Male,24,B+,9260415964,Hyderabad,Telangana,06-09-2024,Yes
DNR000600,Priya Patel,Female,42,B+,9489327982,Mohali,Punjab,26-12-2024,No
DNR000601,Kunal Desai,Male,25,A+,7077588305,Vadodara,Gujarat,09-12-2024,Yes
DNR000602,Sneha Joshi,Female,34,A+,7149059342,Bengaluru,Karnataka,19-10-2024,No
DNR000603,Pooja Nair,Male,31,B+,7552384573,Visakhapatnam,Andhra Pradesh,25-11-2023,Yes
DNR000604,Kunal Desai,Male,28,O+,8237955830,Visakhapatnam,Andhra Pradesh,30-08-2024,No
DNR000605,Rahul Verma,Female,30,O+,7957790920,Mumbai,Maharashtra,21-06-2025,No
DNR000606,Vikram Singh,Male,37,B+,9276131876,Chennai,Tamil Nadu,20-11-2023,Yes
DNR000607,Vikram Singh,Female,42,AB+,7802537729,Thiruvananthapuram,Kerala,02-01-2025,Yes
DNR000608,Priya Patel,Male,30,B+,8203663322,Surat,Gujarat,31-12-2023,Yes
DNR000609,Vikram Singh,Female,20,A+,8845401462,Surat,Gujarat,26-01-2024,Yes
DNR000610,Aarav Sharma,Female,52,B-,8154308379,Ahmedabad,Gujarat,24-12-2024,Yes
DNR000611,Rahul Verma,Female,34,O+,8868295903,Nagpur,Maharashtra,14-05-2023,No
DNR000612,Sneha Joshi,Female,41,B+,7947068804,Chennai,Tamil Nadu,Never,Yes
DNR000613,Ananya Kapoor,Female,38,O+,7758330998,Patna,Bihar,28-04-2022,No
DNR000614,Aarav Sharma,Male,20,O+,8017895245,Lucknow,Uttar Pradesh,30-09-2025,Yes
DNR000615,Rahul Verma,Female,43,O-,9068573605,Jaipur,Rajasthan,14-05-2025,No
DNR000616,Priya Patel,Female,18,O+,7197584876,Surat,Gujarat,17-03-2025,No
DNR000617,Rohan Mehta,Male,41,B+,7317827015,Ahmedabad,Gujarat,10-06-2025,Yes
DNR000618,Sneha Joshi,Male,32,O+,9313969171,Chennai,Tamil Nadu,26-09-2025,Yes
DNR000619,Priya Patel,Female,37,AB+,9629724638,Ahmedabad,Gujarat,30-10-2024,No
DNR000620,Rohan Mehta,Male,32,B+,7619008649,Bengaluru,Karnataka,29-08-2022,Yes
DNR000621,Ananya Kapoor,Male,46,O+,8899910702,Mohali,Punjab,07-05-2023,Yes
DNR000622,Aarav Sharma,Female,18,A+,9485019556,Nagpur,Maharashtra,25-07-2024,Yes
DNR000623,Vikram Singh,Male,36,B+,8094749916,Ahmedabad,Gujarat,03-05-2025,No
DNR000624,Pooja Nair,Female,28,O+,7170719010,Vadodara,Gujarat,Never,No
DNR000625,Neha Iyer,Female,36,O+,9784694839,Mumbai,Maharashtra,31-08-2025,No
DNR000626,Rahul Verma,Female,18,O+,9695008172,Bhopal,Madhya Pradesh,17-01-2024,No
DNR000627,Rahul Verma,Male,37,AB+,8416463878,Patna,Bihar,10-11-2021,Yes
DNR000628,Rohan Mehta,Female,47,B+,8470027882,Delhi,Delhi,28-08-2024,Yes
DNR000629,Priya Patel,Male,32,O+,9835028568,Surat,Gujarat,25-07-2025,Yes
DNR000630,Vikram Singh,Female,23,O+,7330678809,Lucknow,Uttar Pradesh,12-08-2023,No
DNR000631,Priya Patel,Male,24,A+,7496273605,Bengaluru,Karnataka,26-05-2025,Yes
DNR000632,Kunal Desai,Female,34,O+,8514672481,Surat,Gujarat,17-06-2024,Yes
DNR000633,Ananya Kapoor,Male,38,B+,8260315915,Vadodara,Gujarat,17-08-2025,Yes
DNR000634,Pooja Nair,Male,28,B+,7656623675,Kanpur,Uttar Pradesh,05-10-2025,Yes
DNR000635,Priya Patel,Male,44,A+,8556160639,Mohali,Punjab,09-09-2025,Yes
DNR000636,Vikram Singh,Male,30,B+,9601991647,Vadodara,Gujarat,15-01-2025,Yes
DNR000637,Ananya Kapoor,Female,32,AB+,7884678872,Surat,Gujarat,09-04-2022,Yes
DNR000638,Sneha Joshi,Female,38,O+,8076290652,Bhopal,Madhya Pradesh,26-11-2023,No
DNR000639,Vikram Singh,Male,30,O+,7568930888,Jaipur,Rajasthan,14-08-2025,No
DNR000640,Ananya Kapoor,Female,39,B+,8160928783,Mumbai,Maharashtra,17-06-2025,Yes
DNR000641,Sneha Joshi,Male,30,A+,9752482101,Jaipur,Rajasthan,17-08-2025,Yes
DNR000642,Aarav Sharma,Male,50,B+,9283278669,Kanpur,Uttar Pradesh,08-11-2020,Yes
DNR000643,Pooja Nair,Female,40,O+,7308635694,Bengaluru,Karnataka,26-02-2025,Yes
DNR000644,Rahul Verma,Female,18,B+,8422655991,Hyderabad,Telangana,18-06-2023,Yes
DNR000645,Priya Patel,Female,28,A-,8895423046,Bhopal,Madhya Pradesh,17-02-2023,Yes
DNR000646,Sneha Joshi,Male,31,B+,9723962653,Mohali,Punjab,Never,Yes
DNR000647,Priya Patel,Male,50,B+,7469685376,Ahmedabad,Gujarat,20-07-2023,No
DNR000648,Pooja Nair,Male,30,A+,9946995941,Patna,Bihar,12-06-2025,No
DNR000649,Aarav Sharma,Male,33,O-,7295732631,Delhi,Delhi,12-11-2024,Yes
DNR000650,Sneha Joshi,Female,33,O+,8081478913,Jaipur,Rajasthan,Never,Yes
DNR000651,Rahul Verma,Female,41,B+,7710876063,Mumbai,Maharashtra,29-04-2024,No
DNR000652,Sneha Joshi,Female,46,AB+,7885619545,Patna,Bihar,26-09-2025,Yes
DNR000653,Aarav Sharma,Male,44,B+,8349139728,Lucknow,Uttar Pradesh,12-09-2025,Yes
DNR000654,Rahul Verma,Male,49,A+,8927410035,Jaipur,Rajasthan,16-09-2025,Yes
DNR000655,Vikram Singh,Female,37,A-,7667059087,Ahmedabad,Gujarat,27-09-2025,No
DNR000656,Sneha Joshi,Female,39,B+,9169455214,Chennai,Tamil Nadu,09-05-2025,Yes
DNR000657,Sneha Joshi,Male,30,B+,9653876682,Thiruvananthapuram,Kerala,21-01-2025,Yes
DNR000658,Priya Patel,Male,46,B+,7320420651,Visakhapatnam,Andhra Pradesh,06-01-2025,Yes
DNR000659,Ananya Kapoor,Male,47,B+,9347810019,Bengaluru,Karnataka,16-02-2023,Yes
DNR000660,Rohan Mehta,Female,22,B+,7319561609,Chennai,Tamil Nadu,04-07-2024,No
DNR000661,Neha Iyer,Female,39,O+,7574810989,Ahmedabad,Gujarat,12-10-2024,No
DNR000662,Neha Iyer,Male,42,O+,8841109438,Chennai,Tamil Nadu,15-09-2024,No
DNR000663,Aarav Sharma,Female,32,A+,8967339976,Patna,Bihar,30-09-2025,Yes
DNR000664,Ananya Kapoor,Male,37,B+,8746234319,Mumbai,Maharashtra,01-06-2023,No
DNR000665,Kunal Desai,Female,35,B+,9675956028,Gurgaon,Haryana,14-10-2025,No
DNR000666,Ananya Kapoor,Male,31,A+,8291168367,Hyderabad,Telangana,31-08-2025,Yes
DNR000667,Sneha Joshi,Male,26,AB+,8536216848,Surat,Gujarat,03-10-2024,Yes
DNR000668,Priya Patel,Male,42,O+,8497672275,Mumbai,Maharashtra,29-09-2024,No
DNR000669,Aarav Sharma,Male,36,O+,8389964000,Mumbai,Maharashtra,05-09-2025,Yes
DNR000670,Ananya Kapoor,Male,36,B+,8429650826,Pune,Maharashtra,26-08-2025,Yes
DNR000671,Ananya Kapoor,Female,35,O-,8042145361,Surat,Gujarat,14-08-2025,Yes
DNR000672,Pooja Nair,Female,23,B+,8327280768,Delhi,Delhi,25-05-2024,No
DNR000673,Kunal Desai,Male,18,A+,7580633359,Mumbai,Maharashtra,08-11-2020,Yes
DNR000674,Neha Iyer,Male,35,A+,9383637041,Visakhapatnam,Andhra Pradesh,19-06-2024,Yes
DNR000675,Ananya Kapoor,Male,47,O+,7709401001,Hyderabad,Telangana,16-10-2025,No
DNR000676,Pooja Nair,Male,34,O+,9483514190,Kolkata,West Bengal,04-11-2023,No
DNR000677,Ananya Kapoor,Male,39,O+,7976191896,Visakhapatnam,Andhra Pradesh,06-10-2025,Yes
DNR000678,Rahul Verma,Male,34,B+,8929981140,Patna,Bihar,09-12-2020,No
DNR000679,Kunal Desai,Female,27,B+,8409401448,Kolkata,West Bengal,02-10-2025,No
DNR000680,Rohan Mehta,Female,48,O+,8570003401,Mohali,Punjab,01-01-2025,No
DNR000681,Vikram Singh,Female,35,B+,9075423368,Gurgaon,Haryana,30-05-2025,No
DNR000682,Rohan Mehta,Female,44,B-,7868804096,Patna,Bihar,04-11-2021,Yes
DNR000683,Pooja Nair,Male,40,O+,8773112097,Vadodara,Gujarat,08-11-2020,Yes
DNR000684,Rahul Verma,Male,37,O+,7320705547,Delhi,Delhi,10-07-2024,No
DNR000685,Pooja Nair,Female,43,O+,9377481862,Bhopal,Madhya Pradesh,08-11-2020,Yes
DNR000686,Aarav Sharma,Female,29,A-,7751426582,Pune,Maharashtra,30-06-2025,No
DNR000687,Rahul Verma,Female,30,B+,8090854805,Delhi,Delhi,06-03-2025,Yes
DNR000688,Neha Iyer,Female,49,O+,9362620288,Mumbai,Maharashtra,27-02-2022,Yes
DNR000689,Sneha Joshi,Female,52,O+,9996361040,Nagpur,Maharashtra,14-10-2025,Yes
DNR000690,Kunal Desai,Male,28,O+,9890946716,Bhopal,Madhya Pradesh,22-04-2023,Yes
DNR000691,Pooja Nair,Male,32,B+,8785460554,Patna,Bihar,06-04-2024,Yes
DNR000692,Sneha Joshi,Female,60,O+,7091286084,Pune,Maharashtra,29-05-2024,No
DNR000693,Sneha Joshi,Male,24,O-,8546884568,Hyderabad,Telangana,Never,Yes
DNR000694,Rohan Mehta,Female,27,B+,8917158841,Mohali,Punjab,01-11-2025,No
DNR000695,Rohan Mehta,Female,31,O+,9379691835,Ahmedabad,Gujarat,30-01-2023,Yes
DNR000696,Pooja Nair,Male,18,B-,7729007235,Kanpur,Uttar Pradesh,20-11-2023,Yes
DNR000697,Aarav Sharma,Male,37,A+,8229268142,Vadodara,Gujarat,13-09-2024,No
DNR000698,Vikram Singh,Male,42,A+,9922978789,Surat,Gujarat,23-05-2023,Yes
DNR000699,Kunal Desai,Female,30,O+,9079263398,Nagpur,Maharashtra,01-02-2023,No
DNR000700,Rahul Verma,Female,18,O-,7677163626,Hyderabad,Telangana,02-11-2025,No
DNR000701,Rohan Mehta,Male,35,B+,7954666999,Jaipur,Rajasthan,13-06-2024,Yes
DNR000702,Neha Iyer,Female,33,AB+,9201405000,Visakhapatnam,Andhra Pradesh,31-10-2024,Yes
DNR000703,Rohan Mehta,Female,43,B+,9878090230,Surat,Gujarat,30-11-2023,No
DNR000704,Sneha Joshi,Female,31,B+,8837123651,Kanpur,Uttar Pradesh,08-10-2025,No
DNR000705,Pooja Nair,Female,18,O+,8191847488,Ahmedabad,Gujarat,27-03-2025,Yes
DNR000706,Vikram Singh,Male,18,B+,8328962064,Lucknow,Uttar Pradesh,13-12-2023,Yes
DNR000707,Rahul Verma,Male,41,B+,9523589365,Kanpur,Uttar Pradesh,02-08-2025,Yes
DNR000708,Rahul Verma,Male,27,O+,9707314605,Bengaluru,Karnataka,05-10-2022,Yes
DNR000709,Priya Patel,Female,19,B+,8262986244,Vadodara,Gujarat,13-04-2025,No
DNR000710,Aarav Sharma,Female,18,O+,7635397951,Jaipur,Rajasthan,03-02-2025,No
DNR000711,Kunal Desai,Male,36,A-,9011487922,Thiruvananthapuram,Kerala,01-12-2023,Yes
DNR000712,Ananya Kapoor,Female,25,B+,7359928347,Nagpur,Maharashtra,05-06-2025,Yes
DNR000713,Pooja Nair,Female,46,O+,9888683460,Bhopal,Madhya Pradesh,10-09-2023,No
DNR000714,Ananya Kapoor,Female,44,O+,9850475524,Surat,Gujarat,06-05-2025,No
DNR000715,Vikram Singh,Male,18,O+,8813612502,Jaipur,Rajasthan,07-10-2025,No
DNR000716,Rohan Mehta,Female,30,A+,7263496172,Visakhapatnam,Andhra Pradesh,07-09-2024,No
DNR000717,Sneha Joshi,Female,22,A+,7695857436,Mohali,Punjab,08-09-2025,No
DNR000718,Rohan Mehta,Male,32,B+,7082804009,Gurgaon,Haryana,04-11-2024,Yes
DNR000719,Neha Iyer,Female,36,O+,7843138333,Kolkata,West Bengal,27-02-2024,No
DNR000720,Aarav Sharma,Female,54,O+,7942418621,Mohali,Punjab,24-05-2025,No
DNR000721,Rahul Verma,Male,28,O+,9538123563,Gurgaon,Haryana,09-02-2024,Yes
DNR000722,Neha Iyer,Other,44,O+,7013915101,Bengaluru,Karnataka,27-08-2025,Yes
DNR000723,Kunal Desai,Female,29,O-,8850456119,Lucknow,Uttar Pradesh,21-08-2023,Yes
DNR000724,Aarav Sharma,Male,32,O+,9972478192,Pune,Maharashtra,22-04-2025,Yes
DNR000725,Sneha Joshi,Male,44,B+,9158558844,Thiruvananthapuram,Kerala,08-02-2024,Yes
DNR000726,Neha Iyer,Female,44,O+,8350053931,Thiruvananthapuram,Kerala,09-10-2025,Yes
DNR000727,Neha Iyer,Male,23,O+,8234345936,Patna,Bihar,08-11-2020,No
DNR000728,Kunal Desai,Female,40,AB+,9616980489,Chennai,Tamil Nadu,02-05-2025,No
DNR000729,Ananya Kapoor,Male,26,B+,7100080367,Pune,Maharashtra,20-09-2025,Yes
DNR000730,Vikram Singh,Female,35,AB-,7642913949,Nagpur,Maharashtra,24-10-2022,Yes
DNR000731,Rahul Verma,Male,30,A+,8589167600,Jaipur,Rajasthan,27-10-2021,No
DNR000732,Aarav Sharma,Male,36,A-,9448711980,Kanpur,Uttar Pradesh,Never,Yes
DNR000733,Rahul Verma,Female,31,A+,7820719046,Kanpur,Uttar Pradesh,Never,No
DNR000734,Ananya Kapoor,Female,18,AB+,9963882024,Mohali,Punjab,04-10-2025,Yes
DNR000735,Rohan Mehta,Male,35,O+,9190829813,Hyderabad,Telangana,05-05-2024,No
DNR000736,Vikram Singh,Male,28,B+,9344599426,Jaipur,Rajasthan,16-02-2025,Yes
DNR000737,Pooja Nair,Female,42,AB+,8850393669,Bhopal,Madhya Pradesh,23-01-2023,Yes
DNR000738,Neha Iyer,Other,37,A+,9238442498,Visakhapatnam,Andhra Pradesh,24-07-2023,Yes
DNR000739,Pooja Nair,Female,29,B+,8614707364,Ahmedabad,Gujarat,07-01-2025,No
DNR000740,Rahul Verma,Male,44,O+,8113296107,Ahmedabad,Gujarat,19-09-2024,No
DNR000741,Pooja Nair,Female,38,O+,8014700720,Hyderabad,Telangana,30-05-2025,Yes
DNR000742,Rahul Verma,Male,34,A+,8986859392,Hyderabad,Telangana,26-02-2025,Yes
DNR000743,Priya Patel,Female,24,A+,7501592671,Chennai,Tamil Nadu,27-01-2024,No
DNR000744,Pooja Nair,Female,38,O+,9815291899,Surat,Gujarat,01-04-2025,Yes
DNR000745,Kunal Desai,Female,32,O+,7734609953,Bhopal,Madhya Pradesh,Never,Yes
DNR000746,Priya Patel,Male,37,B+,7576234499,Ahmedabad,Gujarat,Never,Yes
DNR000747,Rohan Mehta,Female,29,A+,9414495557,Surat,Gujarat,14-10-2025,Yes
DNR000748,Ananya Kapoor,Female,54,A+,9497799603,Surat,Gujarat,23-11-2023,Yes
DNR000749,Vikram Singh,Female,41,B+,7196971996,Mohali,Punjab,12-05-2025,Yes
DNR000750,Sneha Joshi,Female,30,A+,9760950927,Visakhapatnam,Andhra Pradesh,17-08-2023,No
DNR000751,Pooja Nair,Female,32,B-,9352253157,Delhi,Delhi,03-01-2024,No
DNR000752,Aarav Sharma,Male,31,O+,7775118427,Chennai,Tamil Nadu,20-12-2022,Yes
DNR000753,Vikram Singh,Female,40,O+,9926725524,Gurgaon,Haryana,28-10-2025,Yes
DNR000754,Rahul Verma,Male,18,O+,7045247249,Gurgaon,Haryana,16-01-2024,No
DNR000755,Aarav Sharma,Male,48,B+,8953335460,Nagpur,Maharashtra,12-09-2025,Yes
DNR000756,Ananya Kapoor,Female,31,B+,7192223864,Vadodara,Gujarat,20-04-2025,Yes
DNR000757,Pooja Nair,Female,36,A+,7517348608,Delhi,Delhi,16-07-2025,Yes
DNR000758,Rohan Mehta,Female,41,O+,7865334318,Nagpur,Maharashtra,13-01-2023,Yes
DNR000759,Pooja Nair,Male,47,A+,8252748039,Delhi,Delhi,05-08-2025,Yes
DNR000760,Pooja Nair,Male,36,A-,7160412553,Delhi,Delhi,04-09-2024,Yes
DNR000761,Rohan Mehta,Male,48,O+,8803551832,Gurgaon,Haryana,08-12-2024,Yes
DNR000762,Rohan Mehta,Male,30,B+,7630908014,Lucknow,Uttar Pradesh,04-07-2025,Yes
DNR000763,Priya Patel,Male,40,B+,7399379788,Ahmedabad,Gujarat,11-04-2025,Yes
DNR000764,Sneha Joshi,Male,46,A+,9296074170,Gurgaon,Haryana,18-06-2024,Yes
DNR000765,Aarav Sharma,Male,51,O+,8992025121,Vadodara,Gujarat,20-05-2025,No
DNR000766,Priya Patel,Male,60,O+,7751457114,Pune,Maharashtra,14-05-2025,Yes
DNR000767,Rohan Mehta,Male,36,B+,9798320675,Kolkata,West Bengal,28-07-2025,Yes
DNR000768,Aarav Sharma,Male,31,O+,9964292712,Mumbai,Maharashtra,21-07-2022,No
DNR000769,Vikram Singh,Female,21,B+,7469883852,Ahmedabad,Gujarat,20-05-2025,No
DNR000770,Priya Patel,Male,36,AB+,9291711526,Thiruvananthapuram,Kerala,06-05-2025,Yes
DNR000771,Ananya Kapoor,Male,48,A+,8247606359,Nagpur,Maharashtra,10-07-2025,Yes
DNR000772,Ananya Kapoor,Female,40,B+,8947447395,Mohali,Punjab,15-12-2023,No
DNR000773,Kunal Desai,Male,31,O+,8477554547,Nagpur,Maharashtra,25-03-2024,Yes
DNR000774,Neha Iyer,Male,28,O+,8589776090,Vadodara,Gujarat,24-05-2023,Yes
DNR000775,Neha Iyer,Female,43,O+,9875616496,Bhopal,Madhya Pradesh,01-08-2025,No
DNR000776,Kunal Desai,Female,39,B+,9821431777,Visakhapatnam,Andhra Pradesh,08-11-2020,Yes
DNR000777,Rahul Verma,Female,34,B+,7977544540,Hyderabad,Telangana,06-11-2024,Yes
DNR000778,Neha Iyer,Female,39,A-,8624349057,Bhopal,Madhya Pradesh,Never,No
DNR000779,Rohan Mehta,Female,34,AB+,9359879217,Delhi,Delhi,15-07-2025,Yes
DNR000780,Sneha Joshi,Female,49,O+,8770604505,Pune,Maharashtra,20-10-2025,Yes
DNR000781,Priya Patel,Male,20,B+,7731698145,Jaipur,Rajasthan,14-07-2024,Yes
DNR000782,Neha Iyer,Female,38,A+,7499340065,Mumbai,Maharashtra,11-09-2025,Yes
DNR000783,Sneha Joshi,Female,39,O+,9504263778,Bengaluru,Karnataka,Never,Yes
DNR000784,Pooja Nair,Male,27,B+,8685394662,Kanpur,Uttar Pradesh,28-05-2025,No
DNR000785,Kunal Desai,Female,40,B+,8044533399,Surat,Gujarat,05-11-2023,No
DNR000786,Pooja Nair,Male,36,B+,8543781540,Delhi,Delhi,07-01-2025,Yes
DNR000787,Sneha Joshi,Male,33,B+,7096941292,Lucknow,Uttar Pradesh,22-09-2024,No
DNR000788,Aarav Sharma,Female,18,A+,9817350757,Nagpur,Maharashtra,31-08-2025,Yes
DNR000789,Rohan Mehta,Female,25,B+,8308640697,Hyderabad,Telangana,15-03-2025,No
DNR000790,Rohan Mehta,Female,30,B+,8276633449,Hyderabad,Telangana,10-05-2025,No
DNR000791,Vikram Singh,Male,31,B+,9696995178,Bhopal,Madhya Pradesh,01-06-2025,Yes
DNR000792,Pooja Nair,Female,40,B+,8162112398,Mohali,Punjab,11-11-2024,No
DNR000793,Vikram Singh,Female,37,A+,8677477556,Ahmedabad,Gujarat,11-07-2025,Yes
DNR000794,Rohan Mehta,Female,25,B+,9608114145,Pune,Maharashtra,29-07-2021,Yes
DNR000795,Vikram Singh,Female,18,B+,7725044845,Patna,Bihar,26-08-2025,Yes
DNR000796,Priya Patel,Female,46,O+,8462958953,Kolkata,West Bengal,18-04-2025,Yes
DNR000797,Rohan Mehta,Male,47,O+,7384155323,Vadodara,Gujarat,03-09-2025,No
DNR000798,Kunal Desai,Male,34,B+,8656879081,Gurgaon,Haryana,16-10-2025,Yes
DNR000799,Aarav Sharma,Female,36,O+,9799385556,Hyderabad,Telangana,07-10-2025,Yes
DNR000800,Pooja Nair,Female,21,B+,8594830392,Bengaluru,Karnataka,11-06-2025,Yes
DNR000801,Kunal Desai,Male,27,A-,9297282436,Kolkata,West Bengal,06-08-2025,Yes
DNR000802,Rahul Verma,Female,18,B+,7824402163,Mumbai,Maharashtra,Never,Yes
DNR000803,Rahul Verma,Female,34,A+,7694327214,Vadodara,Gujarat,20-04-2025,Yes
DNR000804,Rohan Mehta,Male,45,B+,8141403537,Chennai,Tamil Nadu,08-11-2020,Yes
DNR000805,Ananya Kapoor,Male,27,A+,9239645672,Pune,Maharashtra,22-05-2025,Yes
DNR000806,Ananya Kapoor,Male,47,B+,9999926280,Mumbai,Maharashtra,Never,Yes
DNR000807,Aarav Sharma,Male,26,A+,7615723991,Chennai,Tamil Nadu,07-12-2020,No
DNR000808,Kunal Desai,Female,40,O+,8630895197,Surat,Gujarat,16-09-2024,No
DNR000809,Priya Patel,Male,31,A-,7320197039,Jaipur,Rajasthan,03-02-2025,Yes
DNR000810,Priya Patel,Female,27,O+,8549130807,Bengaluru,Karnataka,03-02-2025,Yes
DNR000811,Vikram Singh,Female,36,B-,7538609800,Lucknow,Uttar Pradesh,22-01-2025,Yes
DNR000812,Kunal Desai,Female,47,O+,7151930072,Kolkata,West Bengal,18-07-2024,Yes
DNR000813,Aarav Sharma,Male,42,O-,7693585804,Hyderabad,Telangana,31-10-2024,Yes
DNR000814,Pooja Nair,Female,37,B+,9772182973,Nagpur,Maharashtra,31-12-2024,No
DNR000815,Aarav Sharma,Female,55,O+,9236532497,Lucknow,Uttar Pradesh,04-09-2022,Yes
DNR000816,Vikram Singh,Male,38,B+,9124018705,Surat,Gujarat,06-08-2025,No
DNR000817,Sneha Joshi,Male,20,B+,7900358959,Vadodara,Gujarat,06-10-2022,Yes
DNR000818,Rahul Verma,Female,45,B+,8390707382,Bhopal,Madhya Pradesh,14-06-2024,Yes
DNR000819,Neha Iyer,Female,32,O+,7211365486,Hyderabad,Telangana,08-11-2020,Yes
DNR000820,Rohan Mehta,Male,39,B+,7046005655,Kolkata,West Bengal,15-09-2023,Yes
DNR000821,Rohan Mehta,Female,44,A+,8775536434,Chennai,Tamil Nadu,24-01-2025,No
DNR000822,Vikram Singh,Male,18,B+,9436103504,Jaipur,Rajasthan,01-05-2025,No
DNR000823,Aarav Sharma,Male,36,B+,9434052671,Patna,Bihar,01-04-2024,Yes
DNR000824,Aarav Sharma,Male,50,B+,7351214672,Kanpur,Uttar Pradesh,30-06-2025,Yes
DNR000825,Kunal Desai,Male,32,O+,9666161612,Gurgaon,Haryana,01-10-2023,No
DNR000826,Rahul Verma,Male,33,B+,8474936715,Mohali,Punjab,02-07-2025,No
DNR000827,Priya Patel,Female,18,O+,7686454009,Kanpur,Uttar Pradesh,18-10-2025,Yes
DNR000828,Rohan Mehta,Male,21,O+,7164609838,Patna,Bihar,11-02-2025,Yes
DNR000829,Pooja Nair,Male,34,B+,7550394921,Vadodara,Gujarat,22-10-2024,No
DNR000830,Sneha Joshi,Male,54,O+,8895828699,Vadodara,Gujarat,21-07-2025,Yes
DNR000831,Rohan Mehta,Male,46,O+,9192222355,Bhopal,Madhya Pradesh,08-08-2023,Yes
DNR000832,Pooja Nair,Male,46,O+,7350331283,Pune,Maharashtra,19-05-2025,Yes
DNR000833,Rohan Mehta,Male,55,B+,9555840999,Bhopal,Madhya Pradesh,18-12-2024,Yes
DNR000834,Vikram Singh,Male,37,O+,9232904662,Surat,Gujarat,30-01-2025,Yes
DNR000835,Ananya Kapoor,Male,38,O+,7904617347,Patna,Bihar,13-03-2022,No
DNR000836,Sneha Joshi,Male,36,O+,8950559529,Mohali,Punjab,13-06-2025,Yes
DNR000837,Kunal Desai,Female,30,O+,8644781472,Chennai,Tamil Nadu,23-10-2024,Yes
DNR000838,Pooja Nair,Female,20,O+,8787005588,Kanpur,Uttar Pradesh,11-10-2025,Yes
DNR000839,Neha Iyer,Male,49,O+,9990795778,Lucknow,Uttar Pradesh,17-08-2025,Yes
DNR000840,Vikram Singh,Male,54,O+,9239646185,Jaipur,Rajasthan,19-09-2023,No
DNR000841,Neha Iyer,Male,34,A+,7639779143,Hyderabad,Telangana,07-07-2024,Yes
DNR000842,Kunal Desai,Female,34,O+,9701873606,Kanpur,Uttar Pradesh,26-12-2024,No
DNR000843,Ananya Kapoor,Female,32,A+,9510301452,Jaipur,Rajasthan,19-10-2025,Yes
DNR000844,Kunal Desai,Male,22,B+,8638423408,Delhi,Delhi,12-10-2025,Yes
DNR000845,Kunal Desai,Male,36,O+,9440475006,Vadodara,Gujarat,29-06-2025,Yes
DNR000846,Priya Patel,Female,30,A+,8826688021,Kanpur,Uttar Pradesh,23-04-2024,No
DNR000847,Priya Patel,Male,26,O+,8745547857,Visakhapatnam,Andhra Pradesh,08-06-2025,Yes
DNR000848,Sneha Joshi,Male,24,AB+,8824935560,Nagpur,Maharashtra,Never,Yes
DNR000849,Rahul Verma,Male,31,O-,7010469682,Visakhapatnam,Andhra Pradesh,23-04-2023,Yes
DNR000850,Vikram Singh,Male,34,B+,8167050036,Bhopal,Madhya Pradesh,29-09-2022,Yes
DNR000851,Kunal Desai,Female,29,O-,9380058400,Gurgaon,Haryana,08-11-2020,Yes
DNR000852,Pooja Nair,Male,27,B+,7667115053,Pune,Maharashtra,21-09-2025,Yes
DNR000853,Aarav Sharma,Male,41,O+,7623058292,Nagpur,Maharashtra,17-02-2023,Yes
DNR000854,Aarav Sharma,Male,43,A+,9216160334,Mohali,Punjab,18-11-2024,Yes
DNR000855,Rahul Verma,Female,36,B+,7902616271,Kolkata,West Bengal,06-07-2023,No
DNR000856,Vikram Singh,Female,34,O-,8960538664,Delhi,Delhi,13-02-2025,No
DNR000857,Aarav Sharma,Male,39,B+,8884453968,Ahmedabad,Gujarat,19-09-2025,Yes
DNR000858,Kunal Desai,Female,18,B+,8777608049,Bengaluru,Karnataka,14-06-2024,Yes
DNR000859,Rahul Verma,Male,30,AB-,7076990041,Bengaluru,Karnataka,26-07-2025,Yes
DNR000860,Priya Patel,Female,51,B+,8621388378,Jaipur,Rajasthan,25-05-2024,No
DNR000861,Kunal Desai,Male,25,B+,7732830421,Gurgaon,Haryana,10-02-2023,No
DNR000862,Rohan Mehta,Male,28,O+,7269658803,Bengaluru,Karnataka,09-05-2025,No
DNR000863,Rahul Verma,Female,32,B+,9458606707,Thiruvananthapuram,Kerala,03-09-2025,Yes
DNR000864,Neha Iyer,Female,39,O+,9764487885,Hyderabad,Telangana,26-08-2025,No
DNR000865,Aarav Sharma,Female,29,A+,9604903704,Thiruvananthapuram,Kerala,02-07-2024,No
DNR000866,Kunal Desai,Male,35,A+,7098112936,Delhi,Delhi,14-09-2024,Yes
DNR000867,Vikram Singh,Female,20,O-,7065840977,Surat,Gujarat,09-11-2024,No
DNR000868,Sneha Joshi,Male,42,B+,8901514601,Bengaluru,Karnataka,21-12-2024,Yes
DNR000869,Priya Patel,Male,42,O-,8242823631,Gurgaon,Haryana,16-05-2025,Yes
DNR000870,Vikram Singh,Female,28,B+,8092703693,Jaipur,Rajasthan,09-05-2025,Yes
DNR000871,Ananya Kapoor,Male,38,A-,7188517730,Bengaluru,Karnataka,15-08-2025,Yes
DNR000872,Rohan Mehta,Male,45,O+,9682007990,Pune,Maharashtra,27-09-2025,Yes
DNR000873,Rahul Verma,Other,37,O+,9719349915,Gurgaon,Haryana,01-02-2025,No
DNR000874,Vikram Singh,Female,18,B+,9419960274,Thiruvananthapuram,Kerala,28-01-2025,No
DNR000875,Rahul Verma,Male,40,B+,9825392200,Visakhapatnam,Andhra Pradesh,05-02-2023,No
DNR000876,Rahul Verma,Male,23,A+,8165270605,Gurgaon,Haryana,29-10-2024,Yes
DNR000877,Rohan Mehta,Male,54,A+,8844244399,Kanpur,Uttar Pradesh,27-11-2024,Yes
DNR000878,Rahul Verma,Male,24,O+,8231759195,Patna,Bihar,04-12-2022,Yes
DNR000879,Vikram Singh,Male,53,O+,8758680877,Surat,Gujarat,08-11-2020,Yes
DNR000880,Neha Iyer,Male,27,B+,7469840036,Kolkata,West Bengal,24-07-2025,Yes
DNR000881,Neha Iyer,Female,40,A+,9869934576,Lucknow,Uttar Pradesh,08-11-2023,Yes
DNR000882,Kunal Desai,Female,24,B+,7213155247,Pune,Maharashtra,07-11-2025,No
DNR000883,Sneha Joshi,Female,46,O+,9231867306,Chennai,Tamil Nadu,17-04-2025,No
DNR000884,Sneha Joshi,Male,24,B+,9467429515,Jaipur,Rajasthan,15-06-2022,Yes
DNR000885,Kunal Desai,Male,23,B+,7851481972,Pune,Maharashtra,14-02-2025,Yes
DNR000886,Priya Patel,Male,28,O+,8537515725,Jaipur,Rajasthan,09-07-2024,No
DNR000887,Priya Patel,Female,28,O+,7144781763,Thiruvananthapuram,Kerala,08-11-2020,No
DNR000888,Sneha Joshi,Female,24,B-,8899884748,Mumbai,Maharashtra,28-08-2025,Yes
DNR000889,Ananya Kapoor,Male,32,B+,8804364625,Vadodara,Gujarat,21-03-2025,Yes
DNR000890,Pooja Nair,Male,30,O+,9512632764,Patna,Bihar,03-10-2024,Yes
DNR000891,Aarav Sharma,Female,38,O+,7429829051,Pune,Maharashtra,21-05-2021,Yes
DNR000892,Aarav Sharma,Female,39,A+,9010719719,Vadodara,Gujarat,03-02-2025,No
DNR000893,Neha Iyer,Female,23,B+,9487818122,Thiruvananthapuram,Kerala,04-06-2025,Yes
DNR000894,Pooja Nair,Female,21,O+,7386340554,Lucknow,Uttar Pradesh,23-11-2023,No
DNR000895,Aarav Sharma,Male,18,B+,8910794293,Hyderabad,Telangana,29-03-2024,Yes
DNR000896,Kunal Desai,Female,30,A+,8756782434,Patna,Bihar,01-07-2025,Yes
DNR000897,Pooja Nair,Female,26,O+,7980602499,Pune,Maharashtra,20-06-2025,No
DNR000898,Priya Patel,Female,40,B+,7564740938,Surat,Gujarat,22-09-2024,Yes
DNR000899,Ananya Kapoor,Female,19,O+,8546808505,Bhopal,Madhya Pradesh,01-06-2025,No
DNR000900,Rohan Mehta,Female,41,B+,9576395972,Jaipur,Rajasthan,13-06-2025,Yes
DNR000901,Kunal Desai,Male,25,A+,7832614746,Patna,Bihar,10-10-2025,Yes
DNR000902,Sneha Joshi,Male,31,O+,9656234504,Kanpur,Uttar Pradesh,29-12-2024,Yes
DNR000903,Priya Patel,Male,47,B+,8930694980,Bhopal,Madhya Pradesh,04-12-2024,Yes
DNR000904,Priya Patel,Male,44,O+,9231415114,Hyderabad,Telangana,07-06-2023,No
DNR000905,Vikram Singh,Female,37,O+,7346783047,Delhi,Delhi,10-07-2025,No
DNR000906,Rohan Mehta,Female,28,AB+,9381879642,Ahmedabad,Gujarat,01-01-2023,Yes
DNR000907,Aarav Sharma,Male,40,B+,8069492792,Hyderabad,Telangana,06-04-2025,No
DNR000908,Neha Iyer,Female,44,O+,9652981232,Thiruvananthapuram,Kerala,24-05-2025,No
DNR000909,Neha Iyer,Male,32,A+,8185357454,Lucknow,Uttar Pradesh,29-06-2025,No
DNR000910,Rohan Mehta,Male,49,B+,8129997607,Delhi,Delhi,16-10-2024,Yes
DNR000911,Aarav Sharma,Female,31,A+,9735342430,Kolkata,West Bengal,14-10-2025,Yes
DNR000912,Aarav Sharma,Female,41,O+,7497221560,Gurgaon,Haryana,01-08-2024,Yes
DNR000913,Kunal Desai,Female,27,O+,9016793348,Hyderabad,Telangana,05-07-2022,No
DNR000914,Aarav Sharma,Male,42,O+,8743890312,Lucknow,Uttar Pradesh,08-11-2020,Yes
DNR000915,Rahul Verma,Male,38,O+,7211316924,Lucknow,Uttar Pradesh,09-01-2024,No
DNR000916,Priya Patel,Female,33,O+,8353829163,Jaipur,Rajasthan,10-11-2024,No
DNR000917,Sneha Joshi,Female,54,B+,8101120192,Gurgaon,Haryana,11-05-2021,No
DNR000918,Kunal Desai,Male,47,A+,9094306016,Mumbai,Maharashtra,21-06-2025,Yes
DNR000919,Pooja Nair,Male,44,B+,8854467715,Visakhapatnam,Andhra Pradesh,24-02-2023,Yes
DNR000920,Rohan Mehta,Female,34,O+,8713895162,Ahmedabad,Gujarat,28-04-2024,Yes
DNR000921,Vikram Singh,Male,33,B+,9004544883,Surat,Gujarat,21-09-2025,Yes
DNR000922,Priya Patel,Female,30,A+,9558186906,Lucknow,Uttar Pradesh,10-06-2023,Yes
DNR000923,Pooja Nair,Male,27,O+,9644639403,Kanpur,Uttar Pradesh,02-11-2025,No
DNR000924,Kunal Desai,Female,49,B+,8389259565,Mumbai,Maharashtra,13-08-2025,Yes
DNR000925,Aarav Sharma,Male,45,AB+,8469199212,Kanpur,Uttar Pradesh,21-10-2025,No
DNR000926,Rahul Verma,Female,40,B+,8355289532,Kolkata,West Bengal,01-07-2025,Yes
DNR000927,Rohan Mehta,Male,42,A+,7856312743,Bhopal,Madhya Pradesh,21-09-2025,No
DNR000928,Priya Patel,Male,51,A+,7663586576,Hyderabad,Telangana,23-04-2025,Yes
DNR000929,Ananya Kapoor,Male,37,A+,9288005101,Mumbai,Maharashtra,25-07-2025,Yes
DNR000930,Rohan Mehta,Male,18,AB+,7464254491,Nagpur,Maharashtra,22-07-2021,Yes
DNR000931,Rahul Verma,Male,37,A+,7313002948,Mohali,Punjab,16-11-2024,Yes
DNR000932,Rohan Mehta,Female,32,B+,7586215903,Kanpur,Uttar Pradesh,08-11-2020,Yes
DNR000933,Vikram Singh,Female,30,B+,9364476150,Bengaluru,Karnataka,03-09-2023,Yes
DNR000934,Pooja Nair,Female,47,B+,8783646182,Patna,Bihar,01-08-2022,No
DNR000935,Rahul Verma,Female,18,O+,7181160334,Gurgaon,Haryana,20-04-2025,No
DNR000936,Kunal Desai,Male,18,AB+,9498474560,Visakhapatnam,Andhra Pradesh,01-05-2023,Yes
DNR000937,Priya Patel,Female,26,B+,8261456522,Bhopal,Madhya Pradesh,26-06-2024,Yes
DNR000938,Priya Patel,Male,41,B+,9923874115,Surat,Gujarat,14-08-2025,No
DNR000939,Rahul Verma,Female,32,O+,7887510441,Hyderabad,Telangana,Never,Yes
DNR000940,Pooja Nair,Male,22,O+,9924250380,Surat,Gujarat,02-05-2025,Yes
DNR000941,Aarav Sharma,Female,22,O+,8126760959,Delhi,Delhi,03-04-2025,Yes
DNR000942,Vikram Singh,Female,54,O+,9153400808,Nagpur,Maharashtra,17-11-2024,Yes
DNR000943,Rahul Verma,Female,34,O-,7937023614,Nagpur,Maharashtra,03-12-2021,No
DNR000944,Vikram Singh,Female,18,A+,8458450914,Kolkata,West Bengal,06-01-2024,No
DNR000945,Kunal Desai,Female,32,A+,7962323947,Mumbai,Maharashtra,07-07-2024,Yes
DNR000946,Neha Iyer,Female,37,O+,9398407768,Kanpur,Uttar Pradesh,05-07-2024,Yes
DNR000947,Rahul Verma,Female,30,A+,7763093225,Ahmedabad,Gujarat,30-11-2024,No
DNR000948,Vikram Singh,Female,22,B+,9245363899,Surat,Gujarat,Never,Yes
DNR000949,Aarav Sharma,Male,39,A-,9861588404,Visakhapatnam,Andhra Pradesh,19-06-2025,Yes
DNR000950,Kunal Desai,Female,34,O-,8612805475,Chennai,Tamil Nadu,07-11-2025,Yes
DNR000951,Priya Patel,Male,21,O+,8424365066,Lucknow,Uttar Pradesh,30-11-2024,No
DNR000952,Kunal Desai,Female,31,A+,9240942733,Nagpur,Maharashtra,09-10-2021,Yes
DNR000953,Rahul Verma,Other,28,B+,9193561679,Kolkata,West Bengal,27-09-2025,No
DNR000954,Sneha Joshi,Female,39,O+,9787659121,Bhopal,Madhya Pradesh,30-05-2025,Yes
DNR000955,Rohan Mehta,Female,30,A+,7758760385,Mohali,Punjab,31-08-2025,No
DNR000956,Rohan Mehta,Male,27,O+,9518887301,Lucknow,Uttar Pradesh,01-05-2025,No
DNR000957,Priya Patel,Male,38,B+,9201825611,Hyderabad,Telangana,03-11-2024,No
DNR000958,Sneha Joshi,Female,39,B+,7448881953,Nagpur,Maharashtra,16-09-2024,Yes
DNR000959,Ananya Kapoor,Female,21,O+,7434407839,Bengaluru,Karnataka,27-01-2025,Yes
DNR000960,Rahul Verma,Male,40,A+,7775035239,Nagpur,Maharashtra,07-03-2024,Yes
DNR000961,Pooja Nair,Male,36,B+,8396461735,Gurgaon,Haryana,29-11-2024,No
DNR000962,Pooja Nair,Female,40,A-,8782337399,Visakhapatnam,Andhra Pradesh,08-11-2020,Yes
DNR000963,Sneha Joshi,Female,28,AB+,9617370104,Chennai,Tamil Nadu,30-09-2025,Yes
DNR000964,Rohan Mehta,Male,34,B+,8568466875,Lucknow,Uttar Pradesh,Never,Yes
DNR000965,Neha Iyer,Male,40,O+,8188068901,Nagpur,Maharashtra,03-05-2024,Yes
DNR000966,Ananya Kapoor,Female,21,O+,8197157723,Bhopal,Madhya Pradesh,19-07-2024,No
DNR000967,Aarav Sharma,Female,24,B+,8075606866,Nagpur,Maharashtra,16-12-2024,Yes
DNR000968,Pooja Nair,Male,29,O+,8407782382,Lucknow,Uttar Pradesh,Never,No
DNR000969,Rohan Mehta,Female,44,B+,9945910513,Hyderabad,Telangana,12-07-2025,No
DNR000970,Neha Iyer,Female,43,O+,7401666750,Surat,Gujarat,26-02-2024,No
DNR000971,Vikram Singh,Female,20,B+,9883906074,Kolkata,West Bengal,28-07-2024,Yes
DNR000972,Rahul Verma,Male,51,B+,9234593329,Kanpur,Uttar Pradesh,05-06-2025,Yes
DNR000973,Vikram Singh,Female,32,A+,8676216343,Chennai,Tamil Nadu,01-11-2022,Yes
DNR000974,Priya Patel,Male,31,B+,8041101678,Gurgaon,Haryana,19-10-2022,Yes
DNR000975,Rahul Verma,Female,18,A+,8054967161,Ahmedabad,Gujarat,04-05-2025,Yes
DNR000976,Sneha Joshi,Male,33,O+,8504120169,Visakhapatnam,Andhra Pradesh,16-09-2024,No
DNR000977,Sneha Joshi,Male,50,B+,9531313967,Surat,Gujarat,03-01-2025,Yes
DNR000978,Neha Iyer,Female,33,O+,9924934858,Chennai,Tamil Nadu,23-09-2025,No
DNR000979,Rahul Verma,Male,30,A+,8907715723,Ahmedabad,Gujarat,15-08-2025,Yes
DNR000980,Priya Patel,Female,53,O+,8333014563,Mohali,Punjab,31-05-2021,Yes
DNR000981,Rahul Verma,Male,45,O+,8006947816,Surat,Gujarat,31-01-2025,Yes
DNR000982,Pooja Nair,Female,26,A-,8709304424,Lucknow,Uttar Pradesh,13-07-2024,Yes
DNR000983,Priya Patel,Male,20,B+,9319648784,Mohali,Punjab,22-02-2025,Yes
DNR000984,Aarav Sharma,Female,18,A+,7248457786,Gurgaon,Haryana,03-05-2023,No
DNR000985,Priya Patel,Male,41,O+,8096827042,Bhopal,Madhya Pradesh,12-03-2024,Yes
DNR000986,Neha Iyer,Male,35,A+,7921145824,Surat,Gujarat,26-08-2025,No
DNR000987,Priya Patel,Male,34,A+,7413087276,Kanpur,Uttar Pradesh,27-07-2023,Yes
DNR000988,Priya Patel,Female,30,O+,9967116073,Lucknow,Uttar Pradesh,22-08-2025,Yes
DNR000989,Rohan Mehta,Female,53,A+,9443993272,Bengaluru,Karnataka,01-07-2025,Yes
DNR000990,Aarav Sharma,Male,28,B+,7137823105,Jaipur,Rajasthan,08-11-2020,No
DNR000991,Neha Iyer,Male,24,A+,9288183614,Patna,Bihar,21-03-2024,Yes
DNR000992,Rohan Mehta,Male,35,B+,8901193336,Nagpur,Maharashtra,26-12-2021,Yes
DNR000993,Pooja Nair,Female,19,B+,9542724011,Bengaluru,Karnataka,18-02-2024,No
DNR000994,Ananya Kapoor,Male,28,B+,8695733561,Delhi,Delhi,24-04-2024,Yes
DNR000995,Ananya Kapoor,Female,30,B+,8811637419,Patna,Bihar,Never,Yes
DNR000996,Neha Iyer,Male,18,B+,7416694201,Jaipur,Rajasthan,21-07-2025,Yes
DNR000997,Priya Patel,Male,35,B+,8276391625,Ahmedabad,Gujarat,02-08-2025,Yes
DNR000998,Rohan Mehta,Male,23,O+,9897328058,Jaipur,Rajasthan,27-03-2024,Yes
DNR000999,Aarav Sharma,Other,34,O+,8975945774,Vadodara,Gujarat,29-05-2023,No
DNR001000,Aarav Sharma,Male,25,O+,9085159278,Mumbai,Maharashtra,08-11-2020,No
DNR001001,Rohan Mehta,Female,34,A+,8379851331,Mohali,Punjab,Never,Yes
DNR001002,Kunal Desai,Female,57,B+,9179511357,Patna,Bihar,30-06-2023,No
DNR001003,Rohan Mehta,Female,39,B+,9312907555,Patna,Bihar,24-04-2025,Yes
DNR001004,Pooja Nair,Female,38,O+,7315937752,Vadodara,Gujarat,19-10-2025,Yes
DNR001005,Vikram Singh,Male,49,B+,7507378799,Ahmedabad,Gujarat,03-02-2025,Yes
DNR001006,Ananya Kapoor,Female,35,O+,7724314039,Surat,Gujarat,08-11-2020,No
DNR001007,Kunal Desai,Male,36,O+,9913764212,Thiruvananthapuram,Kerala,Never,Yes
DNR001008,Pooja Nair,Male,34,A+,9913047950,Gurgaon,Haryana,06-12-2024,No
DNR001009,Priya Patel,Male,34,A+,9198342218,Chennai,Tamil Nadu,Never,Yes
DNR001010,Priya Patel,Male,34,A+,7508172025,Chennai,Tamil Nadu,23-04-2024,Yes
DNR001011,Rahul Verma,Female,39,AB-,9299226732,Kolkata,West Bengal,25-01-2025,Yes
DNR001012,Sneha Joshi,Female,18,O+,9037092309,Chennai,Tamil Nadu,01-10-2025,No
DNR001013,Vikram Singh,Female,18,B+,9843427929,Hyderabad,Telangana,13-09-2025,No
DNR001014,Ananya Kapoor,Female,42,O+,9652575177,Mohali,Punjab,23-01-2025,No
DNR001015,Rohan Mehta,Female,37,B+,8267726064,Vadodara,Gujarat,05-03-2025,Yes
DNR001016,Kunal Desai,Female,34,O+,9645950782,Mumbai,Maharashtra,02-05-2022,No
DNR001017,Ananya Kapoor,Female,18,O+,9731959748,Ahmedabad,Gujarat,04-02-2024,Yes
DNR001018,Aarav Sharma,Male,56,B-,7595594728,Jaipur,Rajasthan,Never,Yes
DNR001019,Ananya Kapoor,Male,26,B+,8600124733,Bhopal,Madhya Pradesh,11-07-2025,Yes
DNR001020,Sneha Joshi,Female,28,O+,8437518702,Bhopal,Madhya Pradesh,25-02-2021,No
DNR001021,Aarav Sharma,Female,35,O+,8750095385,Kolkata,West Bengal,18-01-2021,No
DNR001022,Kunal Desai,Female,18,B+,7324911274,Hyderabad,Telangana,24-06-2025,No
DNR001023,Sneha Joshi,Male,20,B+,9526437070,Gurgaon,Haryana,20-11-2024,Yes
DNR001024,Neha Iyer,Male,24,O+,8863862874,Ahmedabad,Gujarat,07-11-2025,Yes
DNR001025,Neha Iyer,Male,44,A+,9824770114,Surat,Gujarat,31-05-2025,No
DNR001026,Pooja Nair,Female,43,O+,7278866647,Delhi,Delhi,Never,Yes
DNR001027,Vikram Singh,Female,19,O+,7010241602,Nagpur,Maharashtra,Never,No
DNR001028,Ananya Kapoor,Male,20,B+,9889753939,Gurgaon,Haryana,05-10-2025,Yes
DNR001029,Rahul Verma,Female,55,B+,9310929580,Visakhapatnam,Andhra Pradesh,01-01-2025,No
DNR001030,Ananya Kapoor,Male,39,O+,8770948275,Bengaluru,Karnataka,23-09-2024,No
DNR001031,Neha Iyer,Female,39,O-,8699044224,Nagpur,Maharashtra,08-11-2020,No
DNR001032,Neha Iyer,Male,37,B+,7176741675,Patna,Bihar,26-07-2024,No
DNR001033,Rahul Verma,Male,41,O+,7934311558,Jaipur,Rajasthan,18-09-2025,Yes
DNR001034,Neha Iyer,Female,23,A+,7759905014,Thiruvananthapuram,Kerala,06-05-2025,Yes
DNR001035,Aarav Sharma,Female,34,AB-,9043045006,Kanpur,Uttar Pradesh,30-12-2021,No
DNR001036,Priya Patel,Male,44,O+,9895997093,Patna,Bihar,06-09-2023,Yes
DNR001037,Vikram Singh,Female,32,O+,9505896995,Mohali,Punjab,15-10-2025,No
DNR001038,Rohan Mehta,Female,35,A-,9476246523,Jaipur,Rajasthan,22-11-2024,Yes
DNR001039,Rahul Verma,Female,29,O+,7132470840,Jaipur,Rajasthan,01-12-2021,Yes
DNR001040,Aarav Sharma,Female,32,O+,9606392479,Delhi,Delhi,31-10-2025,Yes
DNR001041,Pooja Nair,Female,23,AB+,8530348170,Kolkata,West Bengal,10-05-2025,Yes
DNR001042,Rahul Verma,Female,30,O-,9866188706,Kanpur,Uttar Pradesh,03-11-2024,Yes
DNR001043,Aarav Sharma,Male,43,A+,9905690343,Gurgaon,Haryana,14-10-2025,Yes
DNR001044,Ananya Kapoor,Female,43,O+,8468091596,Visakhapatnam,Andhra Pradesh,22-05-2023,No
DNR001045,Neha Iyer,Male,57,A+,9867295543,Nagpur,Maharashtra,22-06-2025,Yes
DNR001046,Kunal Desai,Other,32,O+,8291374232,Bhopal,Madhya Pradesh,20-05-2025,No
DNR001047,Vikram Singh,Male,35,B+,7197527289,Vadodara,Gujarat,16-10-2025,Yes
DNR001048,Rahul Verma,Male,29,O-,9686150934,Bengaluru,Karnataka,22-10-2023,No
DNR001049,Ananya Kapoor,Female,43,B+,9884151903,Lucknow,Uttar Pradesh,07-07-2024,No
DNR001050,Ananya Kapoor,Female,23,O+,8384718702,Gurgaon,Haryana,04-10-2024,Yes
DNR001051,Aarav Sharma,Female,28,O+,8831604218,Ahmedabad,Gujarat,14-04-2024,No
DNR001052,Sneha Joshi,Male,53,O+,9896485150,Pune,Maharashtra,14-06-2025,No
DNR001053,Kunal Desai,Female,37,B+,8139819133,Surat,Gujarat,23-05-2023,No
DNR001054,Kunal Desai,Male,35,B+,7124833113,Patna,Bihar,02-07-2025,Yes
DNR001055,Aarav Sharma,Female,54,AB+,9189315581,Bhopal,Madhya Pradesh,26-10-2024,Yes
DNR001056,Vikram Singh,Male,32,O+,9722448773,Ahmedabad,Gujarat,23-12-2024,No
DNR001057,Kunal Desai,Female,43,AB+,9789522517,Chennai,Tamil Nadu,17-09-2025,No
DNR001058,Ananya Kapoor,Male,28,B+,8197182439,Visakhapatnam,Andhra Pradesh,17-08-2025,Yes
DNR001059,Sneha Joshi,Female,41,A+,9444592175,Visakhapatnam,Andhra Pradesh,27-09-2025,No
DNR001060,Vikram Singh,Male,34,B+,9421783355,Surat,Gujarat,08-03-2025,Yes
DNR001061,Kunal Desai,Male,21,B+,7041316366,Ahmedabad,Gujarat,02-08-2025,Yes
DNR001062,Kunal Desai,Male,31,A+,9548703139,Kolkata,West Bengal,08-11-2020,No
DNR001063,Rahul Verma,Male,31,B+,7050721840,Pune,Maharashtra,05-12-2023,No
DNR001064,Rahul Verma,Female,30,B+,9650312665,Thiruvananthapuram,Kerala,28-02-2024,Yes
DNR001065,Priya Patel,Female,24,O+,8412045311,Vadodara,Gujarat,04-03-2025,Yes
DNR001066,Kunal Desai,Male,28,O-,8459284637,Mohali,Punjab,30-07-2025,Yes
DNR001067,Aarav Sharma,Female,40,B+,7347456594,Gurgaon,Haryana,02-10-2025,Yes
DNR001068,Ananya Kapoor,Female,22,B+,7891328700,Thiruvananthapuram,Kerala,29-10-2025,Yes
DNR001069,Priya Patel,Female,18,A+,7308091620,Kolkata,West Bengal,10-11-2023,Yes
DNR001070,Vikram Singh,Female,36,B+,9150029937,Lucknow,Uttar Pradesh,Never,No
DNR001071,Rohan Mehta,Male,31,O+,7946827527,Ahmedabad,Gujarat,15-05-2024,No
DNR001072,Priya Patel,Male,41,B+,7621650679,Nagpur,Maharashtra,12-07-2024,Yes
DNR001073,Priya Patel,Female,43,B+,9326311206,Jaipur,Rajasthan,23-02-2025,No
DNR001074,Rohan Mehta,Female,37,B+,8583581198,Bhopal,Madhya Pradesh,13-10-2021,No
DNR001075,Ananya Kapoor,Female,21,O+,8909468076,Chennai,Tamil Nadu,28-10-2025,No
DNR001076,Ananya Kapoor,Male,40,B+,9952806315,Ahmedabad,Gujarat,25-09-2025,Yes
DNR001077,Rohan Mehta,Female,39,O-,8930709999,Patna,Bihar,04-03-2025,Yes
DNR001078,Rohan Mehta,Female,51,A+,9409156974,Mohali,Punjab,21-09-2025,No
DNR001079,Rohan Mehta,Male,39,O-,7880827902,Thiruvananthapuram,Kerala,02-04-2024,No
DNR001080,Neha Iyer,Male,36,O+,7019063371,Bhopal,Madhya Pradesh,17-10-2025,Yes
DNR001081,Kunal Desai,Female,28,AB-,7199920284,Delhi,Delhi,01-11-2025,Yes
DNR001082,Sneha Joshi,Male,18,O+,8548425505,Thiruvananthapuram,Kerala,14-08-2025,Yes
DNR001083,Rahul Verma,Male,24,A+,7097718323,Ahmedabad,Gujarat,19-12-2021,No
DNR001084,Neha Iyer,Female,33,B+,7286152242,Gurgaon,Haryana,26-10-2024,Yes
DNR001085,Rohan Mehta,Male,33,A+,7987526010,Visakhapatnam,Andhra Pradesh,20-10-2024,No
DNR001086,Rahul Verma,Female,32,A-,7032010876,Kanpur,Uttar Pradesh,31-08-2022,Yes
DNR001087,Aarav Sharma,Male,20,B+,9451093322,Delhi,Delhi,25-07-2025,No
DNR001088,Ananya Kapoor,Male,24,A+,7500449294,Lucknow,Uttar Pradesh,22-08-2024,Yes
DNR001089,Ananya Kapoor,Male,30,B+,7437812046,Bhopal,Madhya Pradesh,03-10-2025,Yes
DNR001090,Aarav Sharma,Female,46,B+,9992816329,Mumbai,Maharashtra,04-06-2025,No
DNR001091,Rahul Verma,Female,18,O+,8608116018,Mohali,Punjab,08-11-2020,No
DNR001092,Rahul Verma,Female,34,B+,8910396696,Nagpur,Maharashtra,02-07-2024,No
DNR001093,Aarav Sharma,Female,43,A-,9309367455,Surat,Gujarat,25-07-2024,Yes
DNR001094,Priya Patel,Female,50,O+,7494575111,Mumbai,Maharashtra,23-05-2025,Yes
DNR001095,Pooja Nair,Male,18,A+,9623754303,Lucknow,Uttar Pradesh,09-10-2025,Yes
DNR001096,Pooja Nair,Male,33,O-,7447915886,Bengaluru,Karnataka,09-06-2024,Yes
DNR001097,Pooja Nair,Male,25,B+,7423593984,Gurgaon,Haryana,25-06-2025,Yes
DNR001098,Sneha Joshi,Male,30,A+,7567104978,Surat,Gujarat,31-10-2025,Yes
DNR001099,Neha Iyer,Male,23,B+,7271135145,Kanpur,Uttar Pradesh,28-11-2023,Yes
DNR001100,Rahul Verma,Female,27,O+,9342229978,Jaipur,Rajasthan,Never,Yes
DNR001101,Pooja Nair,Male,40,O+,7298779332,Kanpur,Uttar Pradesh,16-04-2025,Yes
DNR001102,Aarav Sharma,Male,27,O+,7017971552,Chennai,Tamil Nadu,22-02-2023,Yes
DNR001103,Neha Iyer,Male,42,O+,8278584253,Surat,Gujarat,31-05-2022,No
DNR001104,Sneha Joshi,Female,24,O+,8630246453,Thiruvananthapuram,Kerala,18-05-2025,Yes
DNR001105,Sneha Joshi,Female,43,B+,7634389689,Mohali,Punjab,10-08-2024,Yes
DNR001106,Pooja Nair,Male,25,O-,7939548600,Patna,Bihar,17-07-2025,Yes
DNR001107,Pooja Nair,Male,26,B+,7374513818,Mumbai,Maharashtra,07-11-2025,Yes
DNR001108,Kunal Desai,Female,24,A+,8063163006,Delhi,Delhi,05-02-2024,Yes
DNR001109,Ananya Kapoor,Male,43,O+,9414887480,Patna,Bihar,27-07-2025,No
DNR001110,Neha Iyer,Female,25,O+,8049837534,Kolkata,West Bengal,15-11-2024,No
DNR001111,Priya Patel,Female,40,O+,8826883023,Mumbai,Maharashtra,30-06-2024,Yes
DNR001112,Neha Iyer,Female,36,A+,8794958750,Patna,Bihar,19-03-2022,Yes
DNR001113,Priya Patel,Female,44,B+,7120950880,Hyderabad,Telangana,17-01-2025,No
DNR001114,Pooja Nair,Male,42,A+,9064461652,Mohali,Punjab,Never,Yes
DNR001115,Rohan Mehta,Male,23,B+,9650674380,Bengaluru,Karnataka,Never,No
DNR001116,Sneha Joshi,Male,25,B+,8686866970,Bengaluru,Karnataka,28-01-2024,No
DNR001117,Rohan Mehta,Female,33,B+,9128310364,Delhi,Delhi,22-06-2025,Yes
DNR001118,Neha Iyer,Male,34,O+,7987844200,Hyderabad,Telangana,20-12-2023,Yes
DNR001119,Rohan Mehta,Male,29,B+,9458007473,Jaipur,Rajasthan,17-10-2024,Yes
DNR001120,Pooja Nair,Female,32,O+,9978489906,Nagpur,Maharashtra,29-12-2024,Yes
DNR001121,Kunal Desai,Female,36,B+,9266053980,Pune,Maharashtra,06-11-2025,Yes
DNR001122,Sneha Joshi,Male,58,B+,8164463236,Gurgaon,Haryana,20-01-2025,Yes
DNR001123,Ananya Kapoor,Male,23,O+,7850168054,Surat,Gujarat,05-07-2025,Yes
DNR001124,Priya Patel,Female,37,B+,9505525404,Bhopal,Madhya Pradesh,15-11-2024,No
DNR001125,Rahul Verma,Male,40,A+,7154245029,Hyderabad,Telangana,09-07-2025,Yes
DNR001126,Rahul Verma,Female,22,AB-,7414757933,Lucknow,Uttar Pradesh,06-12-2022,No
DNR001127,Kunal Desai,Female,18,A+,7979920442,Hyderabad,Telangana,09-05-2024,Yes
DNR001128,Vikram Singh,Female,18,B+,8409913001,Kolkata,West Bengal,23-05-2024,No
DNR001129,Vikram Singh,Male,25,B+,7797778568,Patna,Bihar,19-12-2024,No
DNR001130,Ananya Kapoor,Female,35,B+,9016642087,Kanpur,Uttar Pradesh,28-08-2025,Yes
DNR001131,Kunal Desai,Male,33,B+,8390401855,Pune,Maharashtra,02-11-2025,Yes
DNR001132,Neha Iyer,Male,29,O-,9783415168,Vadodara,Gujarat,27-09-2025,No
DNR001133,Ananya Kapoor,Female,33,AB+,9410449011,Kanpur,Uttar Pradesh,08-08-2025,Yes
DNR001134,Aarav Sharma,Male,20,B+,9873901012,Chennai,Tamil Nadu,30-06-2025,No
DNR001135,Priya Patel,Female,26,AB+,7874240974,Nagpur,Maharashtra,15-06-2024,Yes
DNR001136,Aarav Sharma,Female,34,O+,8023741079,Patna,Bihar,23-11-2023,No
DNR001137,Kunal Desai,Female,33,B+,7388195226,Patna,Bihar,08-05-2024,Yes
DNR001138,Rohan Mehta,Female,25,O+,8700927632,Nagpur,Maharashtra,18-04-2025,Yes
DNR001139,Rahul Verma,Male,39,AB+,8242444713,Surat,Gujarat,11-09-2025,Yes
DNR001140,Priya Patel,Male,18,B+,8074482458,Vadodara,Gujarat,22-08-2024,Yes
DNR001141,Aarav Sharma,Female,22,B+,9475083350,Ahmedabad,Gujarat,15-07-2025,Yes
DNR001142,Rahul Verma,Male,25,A+,8045990902,Hyderabad,Telangana,26-10-2025,Yes
DNR001143,Priya Patel,Female,36,A+,8694922508,Hyderabad,Telangana,11-05-2025,Yes
DNR001144,Aarav Sharma,Male,39,O+,9165558178,Chennai,Tamil Nadu,08-12-2020,Yes
DNR001145,Aarav Sharma,Female,41,B+,8552856051,Vadodara,Gujarat,15-10-2024,No
DNR001146,Rohan Mehta,Female,29,B+,9357966562,Delhi,Delhi,Never,Yes
DNR001147,Vikram Singh,Female,41,O+,8309489724,Lucknow,Uttar Pradesh,04-09-2024,No
DNR001148,Rohan Mehta,Male,51,B+,7491430394,Kolkata,West Bengal,08-11-2020,Yes
DNR001149,Kunal Desai,Male,42,O-,7468769983,Lucknow,Uttar Pradesh,20-08-2025,Yes
DNR001150,Ananya Kapoor,Male,29,O+,9210465055,Visakhapatnam,Andhra Pradesh,02-09-2025,Yes
DNR001151,Rahul Verma,Female,18,O-,9974068050,Visakhapatnam,Andhra Pradesh,07-05-2025,Yes
DNR001152,Aarav Sharma,Male,41,O+,7065050146,Lucknow,Uttar Pradesh,27-11-2024,Yes
DNR001153,Vikram Singh,Male,41,O+,7718971287,Vadodara,Gujarat,15-08-2025,Yes
DNR001154,Sneha Joshi,Female,28,A+,9768695525,Nagpur,Maharashtra,23-08-2021,Yes
DNR001155,Priya Patel,Female,29,O+,9347793196,Kanpur,Uttar Pradesh,14-06-2025,No
DNR001156,Vikram Singh,Female,53,A+,9685406747,Visakhapatnam,Andhra Pradesh,16-11-2023,No
DNR001157,Rahul Verma,Male,49,O-,7627048787,Ahmedabad,Gujarat,31-12-2023,No
DNR001158,Rohan Mehta,Female,47,A+,8364389806,Hyderabad,Telangana,21-11-2024,No
DNR001159,Vikram Singh,Female,33,B-,7081631321,Bhopal,Madhya Pradesh,28-04-2025,Yes
DNR001160,Kunal Desai,Female,43,O+,9145160212,Bengaluru,Karnataka,22-09-2025,Yes
DNR001161,Vikram Singh,Female,41,B+,7359034740,Patna,Bihar,08-11-2020,Yes
DNR001162,Ananya Kapoor,Female,41,A+,7779391653,Lucknow,Uttar Pradesh,02-10-2024,No
DNR001163,Neha Iyer,Female,46,B+,8567261523,Hyderabad,Telangana,05-04-2024,No
DNR001164,Aarav Sharma,Male,18,B+,8666731222,Visakhapatnam,Andhra Pradesh,19-08-2025,Yes
DNR001165,Pooja Nair,Male,33,O-,9809205373,Surat,Gujarat,14-02-2022,Yes
DNR001166,Sneha Joshi,Male,28,B+,8484928174,Surat,Gujarat,13-07-2022,Yes
DNR001167,Sneha Joshi,Male,38,A+,8481098142,Chennai,Tamil Nadu,19-06-2024,Yes
DNR001168,Sneha Joshi,Male,28,O-,9250275949,Bengaluru,Karnataka,08-05-2025,Yes
DNR001169,Aarav Sharma,Female,31,O+,7076746154,Lucknow,Uttar Pradesh,24-08-2025,Yes
DNR001170,Aarav Sharma,Male,40,O+,8015358555,Vadodara,Gujarat,22-09-2025,Yes
DNR001171,Sneha Joshi,Male,18,O+,8097251775,Bengaluru,Karnataka,17-11-2024,Yes
DNR001172,Rohan Mehta,Female,47,A+,7125689831,Delhi,Delhi,22-06-2025,Yes
DNR001173,Ananya Kapoor,Male,30,O+,9239873413,Jaipur,Rajasthan,18-05-2021,No
DNR001174,Rahul Verma,Male,18,A+,8233364420,Vadodara,Gujarat,04-04-2025,Yes
DNR001175,Pooja Nair,Female,33,O+,7657315691,Visakhapatnam,Andhra Pradesh,06-10-2025,No
DNR001176,Rohan Mehta,Female,40,O+,7247574424,Visakhapatnam,Andhra Pradesh,Never,Yes
DNR001177,Neha Iyer,Female,21,O+,7071472767,Mohali,Punjab,20-06-2024,No
DNR001178,Priya Patel,Male,44,A+,7880141890,Thiruvananthapuram,Kerala,24-12-2024,No
DNR001179,Aarav Sharma,Male,25,AB-,9986928292,Ahmedabad,Gujarat,20-10-2025,Yes
DNR001180,Kunal Desai,Female,25,A+,8232604228,Jaipur,Rajasthan,22-03-2025,No
DNR001181,Rahul Verma,Female,39,B+,9981885720,Chennai,Tamil Nadu,05-08-2021,Yes
DNR001182,Rahul Verma,Male,39,A+,7590669297,Hyderabad,Telangana,14-05-2025,Yes
DNR001183,Rahul Verma,Female,28,O+,7750058134,Visakhapatnam,Andhra Pradesh,15-06-2023,Yes
DNR001184,Sneha Joshi,Male,49,B+,7788757580,Hyderabad,Telangana,16-05-2024,Yes
DNR001185,Neha Iyer,Male,25,O+,9139155869,Jaipur,Rajasthan,24-09-2025,Yes
DNR001186,Pooja Nair,Male,33,A+,8414000900,Lucknow,Uttar Pradesh,17-09-2025,Yes
DNR001187,Kunal Desai,Male,32,O+,7140281430,Nagpur,Maharashtra,12-04-2025,Yes
DNR001188,Sneha Joshi,Male,37,A+,8376572872,Mumbai,Maharashtra,23-07-2024,Yes
DNR001189,Kunal Desai,Male,18,A+,8044026365,Patna,Bihar,08-11-2020,Yes
DNR001190,Pooja Nair,Other,28,O+,9636779491,Jaipur,Rajasthan,17-08-2024,No
DNR001191,Rahul Verma,Male,42,O+,7872982453,Gurgaon,Haryana,27-12-2024,Yes
DNR001192,Rahul Verma,Male,40,O+,7412669768,Surat,Gujarat,22-12-2024,Yes
DNR001193,Aarav Sharma,Female,54,AB+,9291879902,Mumbai,Maharashtra,19-10-2025,No
DNR001194,Kunal Desai,Female,33,B+,9645837544,Surat,Gujarat,01-02-2025,No
DNR001195,Rahul Verma,Male,31,O-,9272220674,Surat,Gujarat,20-09-2025,Yes
DNR001196,Aarav Sharma,Other,24,O+,8304081130,Mumbai,Maharashtra,04-11-2025,Yes
DNR001197,Vikram Singh,Male,18,A+,8977903866,Bhopal,Madhya Pradesh,08-11-2020,Yes
DNR001198,Vikram Singh,Male,26,B+,7527323411,Gurgaon,Haryana,Never,Yes
DNR001199,Ananya Kapoor,Male,41,A+,8148357934,Patna,Bihar,10-09-2024,Yes
DNR001200,Kunal Desai,Male,40,O+,7835601388,Bhopal,Madhya Pradesh,29-12-2024,Yes
DNR001201,Neha Iyer,Male,42,B+,9813021850,Bhopal,Madhya Pradesh,19-04-2023,Yes
DNR001202,Neha Iyer,Male,25,O+,9978580525,Jaipur,Rajasthan,20-08-2025,Yes
DNR001203,Vikram Singh,Female,33,B-,8004191579,Kolkata,West Bengal,04-09-2025,No
DNR001204,Priya Patel,Male,47,B+,8290998268,Delhi,Delhi,21-09-2024,Yes
DNR001205,Kunal Desai,Female,33,B+,9615344289,Kolkata,West Bengal,07-03-2024,No
DNR001206,Ananya Kapoor,Male,31,B+,9339616867,Mumbai,Maharashtra,18-07-2025,Yes
DNR001207,Aarav Sharma,Female,29,B+,7923118102,Bengaluru,Karnataka,08-04-2025,Yes
DNR001208,Rohan Mehta,Male,18,O+,7273875616,Jaipur,Rajasthan,16-08-2024,No
DNR001209,Neha Iyer,Female,22,O+,9487091217,Surat,Gujarat,18-09-2025,No
DNR001210,Rahul Verma,Male,46,A+,9655784481,Mohali,Punjab,25-09-2022,Yes
DNR001211,Rahul Verma,Male,41,B+,9794501318,Mumbai,Maharashtra,11-07-2024,Yes
DNR001212,Rahul Verma,Male,46,O+,7698994312,Kanpur,Uttar Pradesh,04-05-2025,No
DNR001213,Rohan Mehta,Male,46,O+,8599555973,Jaipur,Rajasthan,30-08-2023,Yes
DNR001214,Ananya Kapoor,Female,34,AB+,7743656659,Kolkata,West Bengal,20-10-2023,No
DNR001215,Kunal Desai,Male,42,O+,8287704867,Kanpur,Uttar Pradesh,04-04-2024,No
DNR001216,Rahul Verma,Male,21,O+,9449706030,Mohali,Punjab,17-05-2024,No
DNR001217,Aarav Sharma,Female,44,B+,9030023757,Chennai,Tamil Nadu,08-03-2024,Yes
DNR001218,Kunal Desai,Female,29,B+,7334760547,Kanpur,Uttar Pradesh,08-11-2020,Yes
DNR001219,Ananya Kapoor,Female,39,B+,7050235174,Nagpur,Maharashtra,21-02-2025,Yes
DNR001220,Aarav Sharma,Male,37,AB+,7716989834,Kolkata,West Bengal,Never,No
DNR001221,Priya Patel,Female,39,B+,9515076526,Lucknow,Uttar Pradesh,29-06-2025,Yes
DNR001222,Neha Iyer,Male,31,O+,7570005325,Bengaluru,Karnataka,07-10-2025,Yes
DNR001223,Rahul Verma,Male,42,A+,7766848602,Jaipur,Rajasthan,04-04-2025,Yes
DNR001224,Rohan Mehta,Female,31,B+,7247408788,Bengaluru,Karnataka,26-10-2024,No
DNR001225,Aarav Sharma,Male,40,O+,8338905606,Gurgaon,Haryana,02-11-2025,Yes
DNR001226,Vikram Singh,Male,48,O+,7923137495,Gurgaon,Haryana,Never,No
DNR001227,Ananya Kapoor,Female,22,A+,7472123598,Kanpur,Uttar Pradesh,20-08-2025,No
DNR001228,Pooja Nair,Male,39,B+,9680123063,Mohali,Punjab,01-01-2024,No
DNR001229,Kunal Desai,Male,29,O+,8344626952,Kolkata,West Bengal,21-08-2024,Yes
DNR001230,Neha Iyer,Male,33,A+,7456350978,Ahmedabad,Gujarat,08-02-2025,No
DNR001231,Ananya Kapoor,Male,46,A-,8877431357,Mumbai,Maharashtra,18-08-2025,Yes
DNR001232,Sneha Joshi,Male,38,O+,8440592453,Kanpur,Uttar Pradesh,Never,Yes
DNR001233,Rohan Mehta,Male,25,A+,7115588361,Visakhapatnam,Andhra Pradesh,08-11-2020,Yes
DNR001234,Rohan Mehta,Female,30,O+,9618914933,Hyderabad,Telangana,03-08-2025,Yes
DNR001235,Priya Patel,Other,37,B+,8069558018,Jaipur,Rajasthan,26-10-2025,No
DNR001236,Rohan Mehta,Male,19,B+,8033251489,Delhi,Delhi,30-10-2024,No
DNR001237,Neha Iyer,Female,41,B+,9412185356,Nagpur,Maharashtra,27-08-2025,Yes
DNR001238,Kunal Desai,Female,40,A+,9243993282,Ahmedabad,Gujarat,05-07-2025,No
DNR001239,Aarav Sharma,Female,31,O+,8882606683,Mohali,Punjab,26-03-2024,No
DNR001240,Vikram Singh,Female,34,B+,9988042074,Mumbai,Maharashtra,22-08-2024,No
DNR001241,Neha Iyer,Male,37,O+,8891901017,Bengaluru,Karnataka,15-04-2024,No
DNR001242,Sneha Joshi,Male,40,O+,7073641627,Mumbai,Maharashtra,05-04-2024,No
DNR001243,Rohan Mehta,Male,22,A+,9288934891,Surat,Gujarat,13-04-2024,No
DNR001244,Rohan Mehta,Female,31,A+,7978578972,Mumbai,Maharashtra,12-10-2025,Yes
DNR001245,Neha Iyer,Male,44,O+,8759647121,Ahmedabad,Gujarat,09-05-2024,Yes
DNR001246,Rohan Mehta,Female,18,B+,9605758536,Nagpur,Maharashtra,30-08-2025,No
DNR001247,Aarav Sharma,Male,40,B+,8991078810,Kolkata,West Bengal,12-09-2025,Yes
DNR001248,Ananya Kapoor,Female,47,O+,7061049436,Kolkata,West Bengal,25-11-2023,Yes
DNR001249,Priya Patel,Female,18,B+,7416849343,Chennai,Tamil Nadu,05-10-2025,Yes
DNR001250,Rohan Mehta,Female,18,B-,8795889708,Kanpur,Uttar Pradesh,08-06-2025,Yes
DNR001251,Rahul Verma,Male,37,A-,8224271547,Ahmedabad,Gujarat,13-08-2023,Yes
DNR001252,Rahul Verma,Female,21,O+,8595081563,Kanpur,Uttar Pradesh,23-05-2025,No
DNR001253,Sneha Joshi,Male,31,B+,8838629300,Surat,Gujarat,01-02-2024,Yes
DNR001254,Priya Patel,Male,39,A+,7395984736,Gurgaon,Haryana,17-08-2023,Yes
DNR001255,Ananya Kapoor,Male,23,O+,9463590920,Surat,Gujarat,23-09-2025,Yes
DNR001256,Rahul Verma,Female,35,A-,7148719028,Thiruvananthapuram,Kerala,06-05-2024,No
DNR001257,Sneha Joshi,Male,23,O+,8278480973,Lucknow,Uttar Pradesh,07-04-2021,Yes
DNR001258,Pooja Nair,Male,37,B+,9079008542,Mohali,Punjab,01-10-2024,Yes
DNR001259,Neha Iyer,Male,18,A+,8756310737,Kolkata,West Bengal,15-04-2025,Yes
DNR001260,Rohan Mehta,Male,24,O+,7531941514,Lucknow,Uttar Pradesh,31-07-2025,Yes
DNR001261,Pooja Nair,Female,45,O+,9955405467,Delhi,Delhi,31-03-2025,No
DNR001262,Priya Patel,Male,37,AB+,7260643885,Lucknow,Uttar Pradesh,24-07-2025,Yes
DNR001263,Kunal Desai,Female,48,B+,8048927035,Mumbai,Maharashtra,24-03-2025,No
DNR001264,Ananya Kapoor,Female,34,B+,9763864269,Mumbai,Maharashtra,01-09-2025,Yes
DNR001265,Priya Patel,Female,45,B+,8743416852,Ahmedabad,Gujarat,01-06-2025,Yes
DNR001266,Vikram Singh,Female,38,O+,7477309058,Delhi,Delhi,13-06-2024,Yes
DNR001267,Priya Patel,Male,23,B+,7172255386,Bengaluru,Karnataka,21-08-2022,Yes
DNR001268,Vikram Singh,Female,33,A+,7694165292,Patna,Bihar,21-08-2025,No
DNR001269,Ananya Kapoor,Female,39,O+,8237776571,Visakhapatnam,Andhra Pradesh,08-11-2020,No
DNR001270,Sneha Joshi,Female,49,A+,7346485621,Nagpur,Maharashtra,20-10-2025,Yes
DNR001271,Kunal Desai,Male,31,B-,9752443171,Mumbai,Maharashtra,09-06-2025,Yes
DNR001272,Rohan Mehta,Female,42,B+,8740258334,Nagpur,Maharashtra,10-05-2021,No
DNR001273,Neha Iyer,Female,26,B+,9895757157,Surat,Gujarat,22-05-2025,Yes
DNR001274,Ananya Kapoor,Female,33,B+,9443924051,Hyderabad,Telangana,04-04-2022,Yes
DNR001275,Aarav Sharma,Female,39,O+,9746231727,Surat,Gujarat,10-12-2024,Yes
DNR001276,Vikram Singh,Male,27,O+,9946534299,Kanpur,Uttar Pradesh,04-02-2025,Yes
DNR001277,Neha Iyer,Female,49,B+,7072574741,Bhopal,Madhya Pradesh,16-06-2025,No
DNR001278,Priya Patel,Female,41,O+,9456391390,Vadodara,Gujarat,29-10-2025,Yes
DNR001279,Rahul Verma,Male,35,B+,8972972352,Lucknow,Uttar Pradesh,14-08-2025,Yes
DNR001280,Sneha Joshi,Male,35,O+,7407888282,Patna,Bihar,02-12-2022,Yes
DNR001281,Vikram Singh,Female,42,B+,8233667193,Nagpur,Maharashtra,24-04-2025,Yes
DNR001282,Pooja Nair,Male,35,O+,8398931745,Mumbai,Maharashtra,19-09-2024,Yes
DNR001283,Sneha Joshi,Male,32,B+,7210486825,Gurgaon,Haryana,08-11-2020,Yes
DNR001284,Aarav Sharma,Male,36,B+,7312761486,Bengaluru,Karnataka,25-08-2025,No
DNR001285,Kunal Desai,Female,45,B+,7928158130,Jaipur,Rajasthan,18-08-2024,No
DNR001286,Pooja Nair,Male,18,B+,8894279568,Lucknow,Uttar Pradesh,25-06-2024,Yes
DNR001287,Ananya Kapoor,Male,24,O+,9798261785,Nagpur,Maharashtra,25-12-2024,Yes
DNR001288,Ananya Kapoor,Female,45,O+,8888788508,Patna,Bihar,30-04-2024,No
DNR001289,Sneha Joshi,Male,48,B+,9897195460,Jaipur,Rajasthan,28-12-2023,No
DNR001290,Rahul Verma,Male,48,O+,9323970286,Nagpur,Maharashtra,01-10-2023,Yes
DNR001291,Pooja Nair,Female,43,O+,7598217365,Patna,Bihar,04-11-2025,Yes
DNR001292,Rohan Mehta,Male,28,B+,9692908271,Ahmedabad,Gujarat,18-07-2025,Yes
DNR001293,Kunal Desai,Female,24,B+,9431471637,Kolkata,West Bengal,14-11-2024,No
DNR001294,Rahul Verma,Male,29,O+,9730234884,Lucknow,Uttar Pradesh,Never,Yes
DNR001295,Pooja Nair,Male,27,O+,9400785407,Thiruvananthapuram,Kerala,01-11-2025,Yes
DNR001296,Vikram Singh,Female,30,B+,9497197374,Pune,Maharashtra,30-04-2025,Yes
DNR001297,Pooja Nair,Female,18,A+,9719625871,Bhopal,Madhya Pradesh,31-10-2025,Yes
DNR001298,Vikram Singh,Female,35,O+,8580775567,Thiruvananthapuram,Kerala,17-05-2024,No
DNR001299,Rohan Mehta,Female,27,AB+,9339175184,Nagpur,Maharashtra,19-07-2023,Yes
DNR001300,Aarav Sharma,Male,63,A+,9794808402,Bhopal,Madhya Pradesh,25-11-2022,Yes
DNR001301,Kunal Desai,Female,35,A+,7505856752,Delhi,Delhi,10-04-2025,Yes
DNR001302,Pooja Nair,Male,18,B-,7639356982,Gurgaon,Haryana,10-08-2022,No
DNR001303,Vikram Singh,Male,20,A+,7640286599,Mohali,Punjab,25-11-2024,Yes
DNR001304,Vikram Singh,Female,22,O+,7056000158,Pune,Maharashtra,30-10-2025,Yes
DNR001305,Neha Iyer,Male,31,O+,8861504434,Gurgaon,Haryana,08-11-2020,No
DNR001306,Rahul Verma,Male,38,B+,8192831369,Delhi,Delhi,09-08-2021,Yes
DNR001307,Neha Iyer,Male,30,AB-,7322846790,Kolkata,West Bengal,10-05-2025,Yes
DNR001308,Aarav Sharma,Female,37,B+,8352187702,Patna,Bihar,11-11-2024,Yes
DNR001309,Rohan Mehta,Male,35,O+,7135950029,Kanpur,Uttar Pradesh,24-05-2024,Yes
DNR001310,Rohan Mehta,Female,25,O+,7540219447,Mumbai,Maharashtra,03-03-2024,Yes
DNR001311,Vikram Singh,Female,25,O+,7002132870,Patna,Bihar,19-10-2025,No
DNR001312,Rahul Verma,Female,33,O-,9223538423,Ahmedabad,Gujarat,17-07-2025,Yes
DNR001313,Rahul Verma,Male,29,B+,8449689263,Gurgaon,Haryana,20-09-2025,Yes
DNR001314,Rohan Mehta,Male,37,A+,9871145121,Kolkata,West Bengal,07-05-2025,Yes
DNR001315,Neha Iyer,Female,18,B+,7980572675,Mumbai,Maharashtra,28-10-2023,Yes
DNR001316,Sneha Joshi,Female,26,O+,9945937286,Lucknow,Uttar Pradesh,10-04-2024,Yes
DNR001317,Sneha Joshi,Female,36,B+,9955088802,Bhopal,Madhya Pradesh,27-12-2022,Yes
DNR001318,Sneha Joshi,Male,39,AB+,9233103567,Vadodara,Gujarat,23-03-2024,No
DNR001319,Rahul Verma,Female,28,O+,8930609888,Mumbai,Maharashtra,18-10-2024,Yes
DNR001320,Kunal Desai,Female,53,A+,9828561263,Kolkata,West Bengal,25-04-2025,No
DNR001321,Rahul Verma,Female,25,B+,8312185229,Surat,Gujarat,26-10-2024,No
DNR001322,Priya Patel,Male,29,B+,7612984533,Jaipur,Rajasthan,13-12-2024,No
DNR001323,Ananya Kapoor,Male,33,A+,7104304838,Visakhapatnam,Andhra Pradesh,23-05-2025,No
DNR001324,Neha Iyer,Female,18,O+,8487905859,Mumbai,Maharashtra,25-01-2025,Yes
DNR001325,Sneha Joshi,Female,33,A-,9110339419,Gurgaon,Haryana,13-03-2022,Yes
DNR001326,Rahul Verma,Male,32,B+,7179986573,Bengaluru,Karnataka,16-08-2024,Yes
DNR001327,Vikram Singh,Male,28,A+,9653290759,Mohali,Punjab,02-11-2025,Yes
DNR001328,Pooja Nair,Male,29,B+,9588031952,Pune,Maharashtra,12-06-2024,No
DNR001329,Vikram Singh,Female,35,A+,7563897244,Mumbai,Maharashtra,09-02-2024,No
DNR001330,Kunal Desai,Male,43,A+,8261041255,Surat,Gujarat,27-08-2024,Yes
DNR001331,Rohan Mehta,Male,42,AB+,9257004272,Surat,Gujarat,26-04-2025,Yes
DNR001332,Sneha Joshi,Female,32,B+,7994863649,Patna,Bihar,26-05-2024,Yes
DNR001333,Sneha Joshi,Male,38,O+,8809200857,Surat,Gujarat,29-12-2024,No
DNR001334,Priya Patel,Female,42,O+,9552380976,Gurgaon,Haryana,12-12-2023,Yes
DNR001335,Ananya Kapoor,Male,45,B+,7151922772,Mohali,Punjab,07-11-2024,Yes
DNR001336,Aarav Sharma,Male,28,B+,9925310676,Nagpur,Maharashtra,07-08-2021,Yes
DNR001337,Pooja Nair,Male,57,O+,8339203298,Kanpur,Uttar Pradesh,11-07-2021,Yes
DNR001338,Kunal Desai,Male,44,A+,9668661689,Bengaluru,Karnataka,30-03-2024,Yes
DNR001339,Vikram Singh,Female,34,B+,7000014603,Patna,Bihar,25-08-2023,No
DNR001340,Priya Patel,Male,54,O+,7349003406,Jaipur,Rajasthan,08-11-2020,Yes
DNR001341,Neha Iyer,Male,35,A+,9249295726,Gurgaon,Haryana,06-07-2024,No
DNR001342,Vikram Singh,Female,60,B+,7843832863,Mohali,Punjab,04-11-2022,No
DNR001343,Neha Iyer,Male,40,O+,8617273092,Lucknow,Uttar Pradesh,16-05-2025,Yes
DNR001344,Rahul Verma,Female,28,O+,9875931693,Mohali,Punjab,18-06-2024,No
DNR001345,Rohan Mehta,Male,38,O+,8265562714,Ahmedabad,Gujarat,31-05-2024,No
DNR001346,Ananya Kapoor,Male,42,A+,9563477014,Gurgaon,Haryana,14-04-2023,Yes
DNR001347,Rahul Verma,Male,25,A+,7044632135,Surat,Gujarat,07-08-2025,Yes
DNR001348,Sneha Joshi,Male,37,B-,7068455006,Hyderabad,Telangana,30-08-2023,Yes
DNR001349,Kunal Desai,Male,18,A+,9779580393,Bengaluru,Karnataka,11-09-2023,No
DNR001350,Priya Patel,Female,35,O+,9030211022,Bengaluru,Karnataka,14-08-2025,No
DNR001351,Neha Iyer,Male,54,B+,8349722259,Kanpur,Uttar Pradesh,22-09-2024,No
DNR001352,Kunal Desai,Female,34,A+,7250694563,Patna,Bihar,21-07-2022,No
DNR001353,Priya Patel,Male,29,O+,8338228864,Surat,Gujarat,17-04-2023,No
DNR001354,Aarav Sharma,Female,48,B+,9261868763,Nagpur,Maharashtra,13-12-2024,No
DNR001355,Neha Iyer,Male,20,O+,7609366983,Visakhapatnam,Andhra Pradesh,25-10-2022,Yes
DNR001356,Kunal Desai,Female,22,B+,7108450405,Jaipur,Rajasthan,11-09-2024,No
DNR001357,Rahul Verma,Female,18,O-,9303836215,Bhopal,Madhya Pradesh,30-05-2025,Yes
DNR001358,Sneha Joshi,Male,41,B+,8468338889,Kolkata,West Bengal,30-01-2025,No
DNR001359,Priya Patel,Female,34,A-,8075495627,Mumbai,Maharashtra,07-12-2024,Yes
DNR001360,Aarav Sharma,Female,40,B+,7142029418,Kolkata,West Bengal,08-10-2023,Yes
DNR001361,Aarav Sharma,Female,18,AB-,8612301235,Ahmedabad,Gujarat,17-11-2023,Yes
DNR001362,Rahul Verma,Male,27,O+,7237147862,Gurgaon,Haryana,Never,Yes
DNR001363,Vikram Singh,Female,35,O+,8062796857,Mumbai,Maharashtra,Never,No
DNR001364,Ananya Kapoor,Female,26,B+,8700397175,Delhi,Delhi,07-08-2024,Yes
DNR001365,Vikram Singh,Female,18,A+,7909719245,Mumbai,Maharashtra,10-10-2023,Yes
DNR001366,Rahul Verma,Male,27,B+,8646547038,Bengaluru,Karnataka,13-12-2024,Yes
DNR001367,Sneha Joshi,Female,57,AB+,7769689018,Pune,Maharashtra,19-12-2024,Yes
DNR001368,Ananya Kapoor,Male,37,A+,9308875943,Chennai,Tamil Nadu,Never,No
DNR001369,Ananya Kapoor,Male,42,O+,7982956064,Gurgaon,Haryana,22-06-2024,Yes
DNR001370,Rohan Mehta,Female,53,B+,9406597645,Jaipur,Rajasthan,08-11-2020,Yes
DNR001371,Sneha Joshi,Female,29,O-,7973421703,Jaipur,Rajasthan,18-07-2023,No
DNR001372,Sneha Joshi,Male,22,B+,9812508334,Bengaluru,Karnataka,08-11-2020,Yes
DNR001373,Pooja Nair,Female,32,O+,8663068681,Mumbai,Maharashtra,29-09-2022,Yes
DNR001374,Vikram Singh,Female,32,O+,9597601846,Patna,Bihar,18-12-2022,No
DNR001375,Kunal Desai,Male,34,B+,9702778687,Patna,Bihar,02-02-2022,Yes
DNR001376,Rohan Mehta,Female,20,O+,8524044595,Mohali,Punjab,01-08-2022,Yes
DNR001377,Aarav Sharma,Male,38,B-,8722268982,Bhopal,Madhya Pradesh,18-06-2025,Yes
DNR001378,Sneha Joshi,Male,36,A+,8975309250,Surat,Gujarat,10-02-2024,Yes
DNR001379,Kunal Desai,Other,37,O+,7367995517,Hyderabad,Telangana,20-02-2025,Yes
DNR001380,Kunal Desai,Male,44,O+,8199682434,Hyderabad,Telangana,15-07-2025,No
DNR001381,Kunal Desai,Male,20,O+,8925101449,Lucknow,Uttar Pradesh,12-08-2024,Yes
DNR001382,Aarav Sharma,Female,36,B+,8638094685,Nagpur,Maharashtra,05-02-2025,Yes
DNR001383,Rahul Verma,Male,33,B+,8407518202,Bhopal,Madhya Pradesh,07-01-2021,Yes
DNR001384,Ananya Kapoor,Male,42,O+,8723066081,Surat,Gujarat,13-11-2024,Yes
DNR001385,Neha Iyer,Female,22,A+,9825047128,Surat,Gujarat,20-05-2025,Yes
DNR001386,Rahul Verma,Male,20,A-,7703408588,Patna,Bihar,30-08-2025,Yes
DNR001387,Aarav Sharma,Female,36,O+,7861722011,Visakhapatnam,Andhra Pradesh,30-08-2023,No
DNR001388,Priya Patel,Female,25,O+,8733949673,Ahmedabad,Gujarat,08-03-2023,Yes
DNR001389,Rohan Mehta,Female,42,B+,7761721819,Jaipur,Rajasthan,07-07-2025,Yes
DNR001390,Ananya Kapoor,Male,32,B+,7268863416,Lucknow,Uttar Pradesh,15-05-2024,Yes
DNR001391,Ananya Kapoor,Female,40,O+,9988993987,Mohali,Punjab,08-11-2020,No
DNR001392,Kunal Desai,Female,37,A-,8389843823,Chennai,Tamil Nadu,18-03-2022,No
DNR001393,Kunal Desai,Male,25,B+,7067370158,Mohali,Punjab,16-08-2025,No
DNR001394,Kunal Desai,Female,18,O+,7911442487,Jaipur,Rajasthan,12-05-2023,No
DNR001395,Sneha Joshi,Male,18,O-,7306590854,Gurgaon,Haryana,07-11-2024,No
DNR001396,Rahul Verma,Female,29,AB+,7712476244,Delhi,Delhi,04-12-2024,No
DNR001397,Kunal Desai,Male,45,A+,7437562965,Chennai,Tamil Nadu,17-07-2023,Yes
DNR001398,Priya Patel,Female,38,O+,7500282113,Kolkata,West Bengal,Never,No
DNR001399,Aarav Sharma,Female,50,O+,8885653064,Bengaluru,Karnataka,03-02-2025,Yes
DNR001400,Sneha Joshi,Male,27,A+,9353952471,Bengaluru,Karnataka,14-06-2025,No
DNR001401,Kunal Desai,Male,41,A+,7192933832,Visakhapatnam,Andhra Pradesh,26-06-2025,Yes
DNR001402,Kunal Desai,Female,34,B+,8150275117,Lucknow,Uttar Pradesh,15-07-2025,No
DNR001403,Neha Iyer,Female,24,O+,7032826725,Kanpur,Uttar Pradesh,17-02-2025,Yes
DNR001404,Neha Iyer,Male,26,O+,7316056306,Jaipur,Rajasthan,30-08-2025,No
DNR001405,Aarav Sharma,Male,40,B+,8288046965,Delhi,Delhi,19-09-2024,Yes
DNR001406,Priya Patel,Female,40,O+,7012673929,Patna,Bihar,18-07-2021,No
DNR001407,Rahul Verma,Other,34,O+,7251752043,Bengaluru,Karnataka,04-09-2024,No
DNR001408,Sneha Joshi,Female,30,O+,7627129312,Nagpur,Maharashtra,22-06-2022,Yes
DNR001409,Ananya Kapoor,Male,27,O+,7764410869,Patna,Bihar,26-11-2024,No
DNR001410,Rahul Verma,Male,44,O+,9980017358,Patna,Bihar,19-10-2023,Yes
DNR001411,Sneha Joshi,Female,36,B+,8983148353,Ahmedabad,Gujarat,15-06-2025,Yes
DNR001412,Aarav Sharma,Male,35,A-,7747183583,Visakhapatnam,Andhra Pradesh,Never,No
DNR001413,Priya Patel,Female,46,B+,7028487163,Patna,Bihar,04-09-2025,Yes
DNR001414,Kunal Desai,Female,31,O+,9326999028,Nagpur,Maharashtra,06-04-2025,Yes
DNR001415,Neha Iyer,Male,37,B+,8140245782,Gurgaon,Haryana,19-08-2022,No
DNR001416,Priya Patel,Male,35,A+,8686817161,Jaipur,Rajasthan,13-06-2025,Yes
DNR001417,Rohan Mehta,Male,30,O+,8167244071,Visakhapatnam,Andhra Pradesh,13-10-2024,Yes
DNR001418,Neha Iyer,Male,38,O+,7761816903,Ahmedabad,Gujarat,07-05-2024,Yes
DNR001419,Kunal Desai,Female,36,O+,9727300968,Visakhapatnam,Andhra Pradesh,02-09-2025,No
DNR001420,Ananya Kapoor,Male,24,AB+,7363034663,Gurgaon,Haryana,18-06-2025,Yes
DNR001421,Ananya Kapoor,Male,30,O+,8081523236,Delhi,Delhi,28-02-2025,Yes
DNR001422,Pooja Nair,Female,32,B+,7046425832,Hyderabad,Telangana,24-05-2023,Yes
DNR001423,Aarav Sharma,Male,50,A+,8988700758,Surat,Gujarat,19-05-2025,Yes
DNR001424,Priya Patel,Female,35,O+,7517131539,Lucknow,Uttar Pradesh,10-01-2025,No
DNR001425,Rahul Verma,Male,45,O+,7622233878,Thiruvananthapuram,Kerala,11-05-2024,Yes
DNR001426,Rahul Verma,Female,33,O+,9941424760,Bengaluru,Karnataka,15-10-2025,Yes
DNR001427,Aarav Sharma,Female,45,B+,9262086617,Bengaluru,Karnataka,11-05-2025,Yes
DNR001428,Kunal Desai,Male,37,O-,9907974943,Ahmedabad,Gujarat,23-03-2025,Yes
DNR001429,Pooja Nair,Female,42,B+,8341992535,Kolkata,West Bengal,23-05-2022,No
DNR001430,Rahul Verma,Female,47,O+,7485461169,Jaipur,Rajasthan,24-11-2021,No
DNR001431,Rohan Mehta,Male,18,O-,9264471224,Ahmedabad,Gujarat,28-04-2025,Yes
DNR001432,Rahul Verma,Male,36,A+,8166868688,Surat,Gujarat,06-06-2024,Yes
DNR001433,Sneha Joshi,Male,38,O+,7940670088,Delhi,Delhi,29-01-2025,Yes
DNR001434,Rahul Verma,Female,48,O+,8948158000,Chennai,Tamil Nadu,Never,Yes
DNR001435,Neha Iyer,Male,37,A+,9876652878,Kolkata,West Bengal,06-07-2023,Yes
DNR001436,Rahul Verma,Female,18,O+,8971514218,Kolkata,West Bengal,01-02-2025,No
DNR001437,Aarav Sharma,Female,33,O+,8266098767,Bengaluru,Karnataka,24-07-2025,No
DNR001438,Ananya Kapoor,Male,42,O+,9108078954,Kanpur,Uttar Pradesh,19-05-2024,No
DNR001439,Neha Iyer,Female,33,B+,9109945029,Thiruvananthapuram,Kerala,23-05-2022,No
DNR001440,Priya Patel,Female,30,O+,8341217094,Bhopal,Madhya Pradesh,16-02-2025,Yes
DNR001441,Rahul Verma,Female,18,O+,9328332878,Bengaluru,Karnataka,27-11-2024,No
DNR001442,Priya Patel,Male,47,B+,7700684962,Pune,Maharashtra,21-06-2025,Yes
DNR001443,Rohan Mehta,Male,48,O+,8948164027,Nagpur,Maharashtra,14-03-2025,Yes
DNR001444,Neha Iyer,Male,45,O+,9392070221,Thiruvananthapuram,Kerala,07-01-2022,Yes
DNR001445,Ananya Kapoor,Female,40,O+,8174664276,Bengaluru,Karnataka,12-10-2024,No
DNR001446,Pooja Nair,Male,29,O+,7723799896,Ahmedabad,Gujarat,16-01-2024,Yes
DNR001447,Sneha Joshi,Male,22,O-,9375983519,Mohali,Punjab,30-09-2025,Yes
DNR001448,Aarav Sharma,Female,29,O+,8552746447,Bengaluru,Karnataka,07-10-2022,No
DNR001449,Rohan Mehta,Female,35,O+,7790634463,Mumbai,Maharashtra,17-09-2023,Yes
DNR001450,Neha Iyer,Female,35,O+,7088194244,Vadodara,Gujarat,08-01-2024,Yes
DNR001451,Vikram Singh,Female,42,A+,8097130953,Visakhapatnam,Andhra Pradesh,16-08-2025,No
DNR001452,Neha Iyer,Female,37,B+,9797802320,Delhi,Delhi,11-01-2025,No
DNR001453,Pooja Nair,Female,48,B+,7823359020,Thiruvananthapuram,Kerala,Never,No
DNR001454,Sneha Joshi,Male,41,B+,8581941255,Mohali,Punjab,01-11-2022,Yes
DNR001455,Priya Patel,Female,29,O+,8831418952,Delhi,Delhi,30-12-2024,No
DNR001456,Pooja Nair,Male,52,B+,9974364326,Bengaluru,Karnataka,01-02-2021,No
DNR001457,Rahul Verma,Female,29,B+,7573717543,Ahmedabad,Gujarat,16-03-2024,Yes
DNR001458,Neha Iyer,Female,46,B+,7218626638,Lucknow,Uttar Pradesh,03-11-2025,No
DNR001459,Rohan Mehta,Female,33,O+,8179923223,Kolkata,West Bengal,11-03-2025,No
DNR001460,Ananya Kapoor,Male,30,A+,7203150092,Surat,Gujarat,24-01-2025,No
DNR001461,Vikram Singh,Male,30,A+,8059395895,Jaipur,Rajasthan,12-09-2025,Yes
DNR001462,Rahul Verma,Male,23,A+,9637216128,Gurgaon,Haryana,20-08-2025,Yes
DNR001463,Kunal Desai,Male,23,A+,8699739352,Thiruvananthapuram,Kerala,08-11-2020,Yes
DNR001464,Neha Iyer,Female,37,O+,7314425051,Surat,Gujarat,05-07-2024,No
DNR001465,Kunal Desai,Male,33,B+,8039358393,Kolkata,West Bengal,28-09-2025,No
DNR001466,Rahul Verma,Female,25,O-,9835248302,Hyderabad,Telangana,Never,Yes
DNR001467,Rohan Mehta,Male,38,O+,8122507541,Patna,Bihar,16-12-2020,No
DNR001468,Aarav Sharma,Male,41,B+,8394831940,Vadodara,Gujarat,06-01-2021,No
DNR001469,Priya Patel,Female,28,A+,7016613814,Chennai,Tamil Nadu,03-08-2022,No
DNR001470,Vikram Singh,Female,39,B+,8931812782,Lucknow,Uttar Pradesh,05-10-2022,No
DNR001471,Kunal Desai,Female,38,B+,9594510226,Delhi,Delhi,27-04-2025,Yes
DNR001472,Vikram Singh,Female,31,O+,9514134003,Mumbai,Maharashtra,Never,Yes
DNR001473,Priya Patel,Male,39,A+,8499127230,Visakhapatnam,Andhra Pradesh,05-09-2023,Yes
DNR001474,Kunal Desai,Female,48,A+,7016111621,Bhopal,Madhya Pradesh,12-12-2024,Yes
DNR001475,Rahul Verma,Male,42,B+,8223885650,Jaipur,Rajasthan,25-06-2025,Yes
DNR001476,Pooja Nair,Female,30,A+,9340031944,Patna,Bihar,04-10-2024,Yes
DNR001477,Kunal Desai,Male,33,O+,9714735987,Visakhapatnam,Andhra Pradesh,15-03-2025,No
DNR001478,Ananya Kapoor,Female,49,O+,8992758280,Lucknow,Uttar Pradesh,02-10-2025,Yes
DNR001479,Pooja Nair,Male,35,B+,8412141171,Nagpur,Maharashtra,05-09-2025,Yes
DNR001480,Rahul Verma,Male,31,O+,9843287528,Kolkata,West Bengal,08-05-2025,No
DNR001481,Kunal Desai,Female,34,A+,8037227487,Vadodara,Gujarat,Never,Yes
DNR001482,Vikram Singh,Female,44,B+,7864828224,Gurgaon,Haryana,09-06-2025,Yes
DNR001483,Rohan Mehta,Male,27,B+,8728222211,Mohali,Punjab,28-10-2025,Yes
DNR001484,Neha Iyer,Male,36,O-,8720155233,Mohali,Punjab,01-01-2025,No
DNR001485,Kunal Desai,Male,18,A+,7878815129,Thiruvananthapuram,Kerala,12-08-2025,No
DNR001486,Sneha Joshi,Female,32,O+,7299297345,Vadodara,Gujarat,13-06-2025,Yes
DNR001487,Rohan Mehta,Male,25,O+,9800570765,Bhopal,Madhya Pradesh,29-06-2024,No
DNR001488,Rohan Mehta,Female,41,B+,8320532758,Bengaluru,Karnataka,09-08-2024,Yes
DNR001489,Neha Iyer,Female,41,O+,8476007856,Kolkata,West Bengal,23-07-2025,No
DNR001490,Pooja Nair,Male,18,O+,8681688429,Bengaluru,Karnataka,18-01-2024,Yes
DNR001491,Ananya Kapoor,Male,21,O+,8159247439,Kolkata,West Bengal,07-08-2025,No
DNR001492,Sneha Joshi,Male,29,A+,8120219432,Visakhapatnam,Andhra Pradesh,01-11-2025,Yes
DNR001493,Kunal Desai,Female,35,O+,9164805851,Mumbai,Maharashtra,22-11-2024,No
DNR001494,Ananya Kapoor,Male,36,O+,7622592056,Bhopal,Madhya Pradesh,01-08-2023,No
DNR001495,Aarav Sharma,Female,18,AB+,8265041286,Hyderabad,Telangana,04-01-2024,Yes
DNR001496,Rohan Mehta,Female,18,O+,9993734132,Bengaluru,Karnataka,02-01-2024,Yes
DNR001497,Neha Iyer,Male,18,O+,7232413544,Jaipur,Rajasthan,22-02-2025,Yes
DNR001498,Vikram Singh,Female,44,A+,8620496277,Pune,Maharashtra,09-10-2025,Yes
DNR001499,Ananya Kapoor,Female,43,B+,8577577688,Nagpur,Maharashtra,16-05-2025,Yes
DNR001500,Kunal Desai,Female,24,O-,8632527858,Nagpur,Maharashtra,19-04-2023,Yes
DNR001501,Sneha Joshi,Female,30,AB+,7494423869,Surat,Gujarat,31-08-2025,Yes
DNR001502,Neha Iyer,Male,41,B+,7861279031,Visakhapatnam,Andhra Pradesh,26-05-2023,Yes
DNR001503,Sneha Joshi,Male,23,O-,9366789267,Nagpur,Maharashtra,08-11-2020,Yes
DNR001504,Vikram Singh,Female,30,A+,7418332569,Pune,Maharashtra,10-06-2025,Yes
DNR001505,Vikram Singh,Female,31,A+,8804095880,Mohali,Punjab,20-01-2025,No
DNR001506,Ananya Kapoor,Female,32,O+,8854217524,Jaipur,Rajasthan,09-09-2023,Yes
DNR001507,Pooja Nair,Female,29,O+,9450933234,Ahmedabad,Gujarat,08-12-2023,No
DNR001508,Pooja Nair,Male,18,O+,7199913977,Delhi,Delhi,13-07-2025,Yes
DNR001509,Aarav Sharma,Male,36,B+,9046369988,Surat,Gujarat,06-06-2024,Yes
DNR001510,Rahul Verma,Female,24,O+,7140226262,Kolkata,West Bengal,Never,Yes
DNR001511,Priya Patel,Male,24,O+,7739403955,Pune,Maharashtra,Never,Yes
DNR001512,Aarav Sharma,Female,32,B+,9813910535,Vadodara,Gujarat,27-08-2025,No
DNR001513,Sneha Joshi,Male,34,O+,7284573567,Pune,Maharashtra,10-03-2025,Yes
DNR001514,Vikram Singh,Male,33,B+,9573744160,Kanpur,Uttar Pradesh,24-08-2025,Yes
DNR001515,Rohan Mehta,Male,24,O+,9589419676,Mohali,Punjab,15-08-2022,Yes
DNR001516,Rohan Mehta,Female,29,A+,9116341276,Bengaluru,Karnataka,05-07-2025,No
DNR001517,Rohan Mehta,Male,36,B+,8584466371,Jaipur,Rajasthan,10-07-2022,Yes
DNR001518,Rohan Mehta,Female,23,B+,9180674536,Bhopal,Madhya Pradesh,04-03-2025,Yes
DNR001519,Rahul Verma,Female,24,B+,9167138505,Pune,Maharashtra,08-10-2023,Yes
DNR001520,Rahul Verma,Male,18,B+,7871673452,Ahmedabad,Gujarat,05-10-2025,No
DNR001521,Rahul Verma,Male,29,A+,7484514917,Mohali,Punjab,20-09-2025,No
DNR001522,Sneha Joshi,Male,30,A+,7801570677,Ahmedabad,Gujarat,27-12-2024,No
DNR001523,Neha Iyer,Male,29,B+,7862658533,Surat,Gujarat,01-11-2025,No
DNR001524,Sneha Joshi,Male,41,B+,9227017807,Vadodara,Gujarat,02-09-2025,Yes
DNR001525,Aarav Sharma,Female,45,B+,7438738767,Hyderabad,Telangana,01-12-2024,No
DNR001526,Pooja Nair,Male,44,A+,8734489294,Patna,Bihar,07-02-2023,Yes
DNR001527,Sneha Joshi,Male,32,O+,9185755651,Lucknow,Uttar Pradesh,06-01-2025,No
DNR001528,Pooja Nair,Male,38,A+,9259957743,Thiruvananthapuram,Kerala,12-09-2023,Yes
DNR001529,Priya Patel,Male,29,O+,7484728883,Patna,Bihar,08-08-2021,Yes
DNR001530,Pooja Nair,Male,40,B+,9250661861,Delhi,Delhi,11-04-2021,Yes
DNR001531,Rohan Mehta,Female,47,B-,8645271127,Vadodara,Gujarat,16-05-2024,Yes
DNR001532,Vikram Singh,Male,34,B+,8451472749,Bengaluru,Karnataka,09-05-2024,Yes
DNR001533,Kunal Desai,Male,37,O+,9637966242,Bhopal,Madhya Pradesh,10-06-2025,Yes
DNR001534,Ananya Kapoor,Female,30,B+,7634925945,Bhopal,Madhya Pradesh,04-02-2023,No
DNR001535,Vikram Singh,Female,34,A+,9531302926,Mohali,Punjab,15-08-2022,No
DNR001536,Pooja Nair,Male,23,B+,8764839516,Hyderabad,Telangana,29-09-2023,Yes
DNR001537,Neha Iyer,Male,31,O+,9142190788,Bengaluru,Karnataka,19-08-2025,Yes
DNR001538,Sneha Joshi,Female,18,AB+,9971369548,Visakhapatnam,Andhra Pradesh,01-02-2022,No
DNR001539,Kunal Desai,Male,26,O+,8160068089,Vadodara,Gujarat,01-11-2025,Yes
DNR001540,Aarav Sharma,Female,51,A+,9016399726,Delhi,Delhi,09-03-2024,No
DNR001541,Ananya Kapoor,Male,28,B+,8483099489,Delhi,Delhi,Never,No
DNR001542,Priya Patel,Female,30,B+,8880163711,Pune,Maharashtra,19-09-2025,Yes
DNR001543,Vikram Singh,Male,30,B+,9911702395,Bengaluru,Karnataka,20-02-2025,Yes
DNR001544,Neha Iyer,Female,28,B+,9857076750,Jaipur,Rajasthan,11-07-2024,No
DNR001545,Ananya Kapoor,Female,42,O+,7074412512,Hyderabad,Telangana,03-10-2025,Yes
DNR001546,Sneha Joshi,Female,42,A+,9184387695,Bengaluru,Karnataka,10-05-2025,No
DNR001547,Ananya Kapoor,Female,30,B+,9879758484,Bengaluru,Karnataka,28-07-2022,No
DNR001548,Neha Iyer,Male,18,A+,7315981305,Mumbai,Maharashtra,06-08-2025,Yes
DNR001549,Vikram Singh,Female,34,B+,8485119428,Hyderabad,Telangana,16-05-2023,Yes
DNR001550,Aarav Sharma,Male,25,AB+,8842265101,Patna,Bihar,23-05-2025,Yes
DNR001551,Neha Iyer,Female,35,O+,7181271663,Lucknow,Uttar Pradesh,26-08-2024,Yes
DNR001552,Sneha Joshi,Male,41,AB-,8238985011,Patna,Bihar,01-11-2022,Yes
DNR001553,Ananya Kapoor,Male,48,O+,8973294648,Mohali,Punjab,09-09-2024,No
DNR001554,Rohan Mehta,Male,33,A+,7284574189,Bengaluru,Karnataka,06-09-2022,Yes
DNR001555,Sneha Joshi,Female,19,B+,8512259331,Surat,Gujarat,05-01-2025,No
DNR001556,Aarav Sharma,Male,46,B+,9190810821,Thiruvananthapuram,Kerala,31-08-2024,Yes
DNR001557,Rohan Mehta,Other,31,O+,9205000070,Ahmedabad,Gujarat,08-03-2025,Yes
DNR001558,Rahul Verma,Male,23,AB+,9127734277,Vadodara,Gujarat,21-10-2024,Yes
DNR001559,Kunal Desai,Female,43,B+,7459760251,Chennai,Tamil Nadu,Never,Yes
DNR001560,Neha Iyer,Female,20,A+,7620594620,Bengaluru,Karnataka,16-06-2025,No
DNR001561,Sneha Joshi,Male,31,O+,9715565086,Gurgaon,Haryana,21-05-2025,Yes
DNR001562,Ananya Kapoor,Male,53,B+,9267127325,Thiruvananthapuram,Kerala,22-08-2024,No
DNR001563,Rahul Verma,Male,18,A+,9483042383,Jaipur,Rajasthan,24-09-2025,Yes
DNR001564,Rahul Verma,Other,29,O-,7681992324,Kanpur,Uttar Pradesh,14-10-2024,No
DNR001565,Pooja Nair,Female,39,A-,7437188534,Gurgaon,Haryana,31-07-2021,No
DNR001566,Rahul Verma,Male,46,AB+,7973400099,Bhopal,Madhya Pradesh,16-10-2025,Yes
DNR001567,Neha Iyer,Female,30,O+,9349135825,Delhi,Delhi,Never,Yes
DNR001568,Priya Patel,Female,47,O+,7499829704,Mumbai,Maharashtra,13-10-2024,Yes
DNR001569,Rahul Verma,Female,32,B+,9318587581,Surat,Gujarat,06-05-2025,Yes
DNR001570,Sneha Joshi,Female,18,O+,8864418747,Gurgaon,Haryana,Never,No
DNR001571,Sneha Joshi,Male,32,B+,8297671100,Hyderabad,Telangana,24-02-2025,Yes
DNR001572,Priya Patel,Female,23,B+,8295435491,Mohali,Punjab,15-11-2024,Yes
DNR001573,Aarav Sharma,Female,46,O+,9492417850,Ahmedabad,Gujarat,23-04-2025,Yes
DNR001574,Vikram Singh,Female,29,A+,7037691671,Lucknow,Uttar Pradesh,08-10-2023,Yes
DNR001575,Neha Iyer,Male,42,A+,7515658804,Bengaluru,Karnataka,13-05-2025,No
DNR001576,Pooja Nair,Male,38,A+,8156483650,Hyderabad,Telangana,11-04-2025,Yes
DNR001577,Ananya Kapoor,Male,22,A+,7414250400,Vadodara,Gujarat,31-10-2025,No
DNR001578,Ananya Kapoor,Male,37,AB+,7256818403,Patna,Bihar,03-04-2024,Yes
DNR001579,Neha Iyer,Male,36,O+,8166737566,Kolkata,West Bengal,10-05-2025,Yes
DNR001580,Sneha Joshi,Male,18,O+,8719132318,Kolkata,West Bengal,16-09-2025,Yes
DNR001581,Rohan Mehta,Female,18,O+,8362208516,Bhopal,Madhya Pradesh,30-07-2025,Yes
DNR001582,Sneha Joshi,Female,34,B+,7186076620,Mumbai,Maharashtra,05-10-2025,Yes
DNR001583,Sneha Joshi,Female,45,O+,7938097951,Lucknow,Uttar Pradesh,23-08-2025,Yes
DNR001584,Ananya Kapoor,Female,49,B+,8401551435,Mohali,Punjab,Never,Yes
DNR001585,Rahul Verma,Male,28,B+,7490126973,Chennai,Tamil Nadu,24-07-2021,Yes
DNR001586,Kunal Desai,Male,30,B+,7044165304,Nagpur,Maharashtra,08-03-2025,Yes
DNR001587,Vikram Singh,Male,36,O+,9145747730,Thiruvananthapuram,Kerala,17-09-2025,Yes
DNR001588,Sneha Joshi,Male,20,O+,7275547370,Bhopal,Madhya Pradesh,27-02-2022,Yes
DNR001589,Neha Iyer,Male,59,B+,8680545633,Kolkata,West Bengal,01-11-2021,Yes
DNR001590,Ananya Kapoor,Male,26,O+,9818631012,Visakhapatnam,Andhra Pradesh,07-04-2024,Yes
DNR001591,Vikram Singh,Male,22,O+,8097854813,Mumbai,Maharashtra,17-10-2025,Yes
DNR001592,Priya Patel,Male,22,B+,8636457870,Jaipur,Rajasthan,24-06-2025,Yes
DNR001593,Rahul Verma,Female,40,B+,8151864594,Ahmedabad,Gujarat,04-07-2025,Yes
DNR001594,Sneha Joshi,Male,21,A+,8598630930,Pune,Maharashtra,15-03-2025,Yes
DNR001595,Aarav Sharma,Female,46,B+,9773372840,Ahmedabad,Gujarat,15-10-2025,No
DNR001596,Kunal Desai,Female,32,A+,8383971293,Mohali,Punjab,21-06-2025,No
DNR001597,Neha Iyer,Female,39,AB+,8339932346,Kanpur,Uttar Pradesh,01-08-2024,Yes
DNR001598,Ananya Kapoor,Male,38,O-,8598509595,Surat,Gujarat,22-04-2025,Yes
DNR001599,Priya Patel,Male,41,B+,7983024716,Bhopal,Madhya Pradesh,23-10-2021,Yes
DNR001600,Rohan Mehta,Male,28,O+,9581215724,Patna,Bihar,24-09-2024,Yes
DNR001601,Ananya Kapoor,Female,19,O-,9667380569,Jaipur,Rajasthan,09-06-2022,Yes
DNR001602,Rahul Verma,Male,49,B+,7324409746,Gurgaon,Haryana,29-07-2024,Yes
DNR001603,Pooja Nair,Female,41,B+,8118732426,Visakhapatnam,Andhra Pradesh,11-10-2025,No
DNR001604,Priya Patel,Female,41,O+,7824128255,Hyderabad,Telangana,09-09-2025,Yes
DNR001605,Sneha Joshi,Male,48,B+,7972027861,Jaipur,Rajasthan,22-10-2024,Yes
DNR001606,Neha Iyer,Male,33,O+,9352490412,Patna,Bihar,15-02-2024,Yes
DNR001607,Sneha Joshi,Female,35,A-,8349420143,Gurgaon,Haryana,22-10-2025,No
DNR001608,Ananya Kapoor,Female,31,A+,8785213790,Thiruvananthapuram,Kerala,04-11-2025,No
DNR001609,Neha Iyer,Male,35,B+,7565131321,Pune,Maharashtra,10-01-2023,Yes
DNR001610,Sneha Joshi,Male,45,O-,8296147411,Bhopal,Madhya Pradesh,06-12-2024,Yes
DNR001611,Aarav Sharma,Male,25,O+,7869224747,Gurgaon,Haryana,10-08-2025,Yes
DNR001612,Kunal Desai,Male,43,B+,9282751437,Mohali,Punjab,05-07-2024,Yes
DNR001613,Neha Iyer,Male,22,O+,9350015528,Mohali,Punjab,Never,Yes
DNR001614,Sneha Joshi,Female,26,B+,7473974977,Thiruvananthapuram,Kerala,07-09-2023,No
DNR001615,Sneha Joshi,Male,29,O+,7718528474,Visakhapatnam,Andhra Pradesh,12-08-2025,Yes
DNR001616,Rahul Verma,Male,39,B+,9960028388,Pune,Maharashtra,06-09-2025,Yes
DNR001617,Vikram Singh,Male,21,A+,7115800372,Gurgaon,Haryana,26-03-2023,Yes
DNR001618,Rohan Mehta,Male,42,B+,8004620557,Thiruvananthapuram,Kerala,31-12-2022,No
DNR001619,Rahul Verma,Female,22,B+,9664965835,Bengaluru,Karnataka,Never,Yes
DNR001620,Kunal Desai,Female,31,O+,7654060970,Ahmedabad,Gujarat,24-03-2025,No
DNR001621,Pooja Nair,Female,36,A+,7308629195,Mumbai,Maharashtra,24-09-2025,Yes
DNR001622,Aarav Sharma,Female,43,A+,9449936712,Delhi,Delhi,04-09-2025,Yes
DNR001623,Sneha Joshi,Female,50,O+,7991115553,Thiruvananthapuram,Kerala,14-04-2025,Yes
DNR001624,Aarav Sharma,Female,37,B+,7983099405,Mumbai,Maharashtra,05-05-2023,No
DNR001625,Ananya Kapoor,Female,42,O-,9728030059,Surat,Gujarat,23-03-2025,Yes
DNR001626,Rohan Mehta,Male,42,A+,8438110967,Hyderabad,Telangana,07-05-2024,Yes
DNR001627,Rahul Verma,Male,31,O+,9021215084,Delhi,Delhi,27-02-2023,No
DNR001628,Neha Iyer,Female,42,O+,8672851920,Visakhapatnam,Andhra Pradesh,28-10-2025,Yes
DNR001629,Rahul Verma,Male,40,O+,8834158094,Delhi,Delhi,19-10-2025,Yes
DNR001630,Priya Patel,Male,49,B+,8292460668,Mumbai,Maharashtra,10-10-2024,Yes
DNR001631,Vikram Singh,Female,18,B+,9058450813,Nagpur,Maharashtra,17-10-2025,Yes
DNR001632,Aarav Sharma,Male,47,O+,7908101449,Patna,Bihar,12-08-2025,Yes
DNR001633,Rohan Mehta,Female,37,O+,8313119503,Thiruvananthapuram,Kerala,24-05-2025,Yes
DNR001634,Aarav Sharma,Female,38,AB-,7501127189,Lucknow,Uttar Pradesh,03-10-2025,Yes
DNR001635,Neha Iyer,Female,51,O+,9690572899,Surat,Gujarat,18-12-2023,No
DNR001636,Rahul Verma,Female,24,O+,9063053095,Gurgaon,Haryana,19-11-2023,No
DNR001637,Sneha Joshi,Male,32,O+,8711761670,Surat,Gujarat,30-05-2025,Yes
DNR001638,Kunal Desai,Male,25,B+,9819778823,Kolkata,West Bengal,04-04-2024,Yes
DNR001639,Sneha Joshi,Male,18,B+,7378902499,Kolkata,West Bengal,23-09-2025,Yes
DNR001640,Ananya Kapoor,Female,40,B+,7179453533,Kanpur,Uttar Pradesh,05-03-2025,No
DNR001641,Neha Iyer,Female,25,B+,7374272938,Visakhapatnam,Andhra Pradesh,03-01-2025,Yes
DNR001642,Rahul Verma,Male,42,B+,8814349397,Mumbai,Maharashtra,10-12-2023,Yes
DNR001643,Rahul Verma,Female,52,O+,8369492163,Delhi,Delhi,04-11-2022,No
DNR001644,Aarav Sharma,Male,51,O+,9080634498,Ahmedabad,Gujarat,13-05-2022,Yes
DNR001645,Priya Patel,Male,39,O+,8782891093,Kanpur,Uttar Pradesh,18-01-2024,Yes
DNR001646,Neha Iyer,Male,29,O+,9927549202,Visakhapatnam,Andhra Pradesh,23-09-2025,Yes
DNR001647,Rahul Verma,Male,42,O+,7459526688,Mumbai,Maharashtra,15-12-2021,No
DNR001648,Ananya Kapoor,Male,27,B+,9650594317,Hyderabad,Telangana,20-06-2025,No
DNR001649,Rahul Verma,Female,44,O+,8401904222,Ahmedabad,Gujarat,16-05-2024,No
DNR001650,Rahul Verma,Male,26,A-,8203086583,Kolkata,West Bengal,05-07-2024,Yes
DNR001651,Ananya Kapoor,Male,30,B+,8537711811,Bengaluru,Karnataka,17-09-2025,Yes
DNR001652,Rahul Verma,Male,39,O+,9282325972,Pune,Maharashtra,01-09-2025,No
DNR001653,Rohan Mehta,Female,37,A+,8221287962,Kanpur,Uttar Pradesh,10-02-2025,Yes
DNR001654,Pooja Nair,Male,20,O+,9967504289,Thiruvananthapuram,Kerala,04-09-2025,Yes
DNR001655,Aarav Sharma,Male,21,B+,8924808339,Kolkata,West Bengal,16-05-2025,Yes
DNR001656,Priya Patel,Male,34,A-,9416975072,Ahmedabad,Gujarat,08-11-2020,Yes
DNR001657,Aarav Sharma,Male,18,B+,7644683992,Jaipur,Rajasthan,27-12-2023,No
DNR001658,Neha Iyer,Male,28,B+,8572211974,Thiruvananthapuram,Kerala,14-11-2023,Yes
DNR001659,Aarav Sharma,Male,28,O+,8205324967,Pune,Maharashtra,06-04-2025,Yes
DNR001660,Ananya Kapoor,Male,18,B+,8141238315,Patna,Bihar,08-07-2024,Yes
DNR001661,Ananya Kapoor,Other,37,B+,8688775881,Delhi,Delhi,27-01-2025,Yes
DNR001662,Neha Iyer,Male,31,O+,8440699363,Lucknow,Uttar Pradesh,29-04-2025,Yes
DNR001663,Pooja Nair,Female,36,A+,9482545641,Jaipur,Rajasthan,23-01-2022,No
DNR001664,Rahul Verma,Male,32,O+,8088163233,Kolkata,West Bengal,19-06-2025,Yes
DNR001665,Pooja Nair,Female,39,O+,9042207851,Bengaluru,Karnataka,16-08-2024,No
DNR001666,Neha Iyer,Male,32,O+,8635805153,Kolkata,West Bengal,12-01-2024,Yes
DNR001667,Vikram Singh,Male,40,A+,8111951290,Lucknow,Uttar Pradesh,21-06-2025,Yes
DNR001668,Priya Patel,Male,31,B+,9717448994,Lucknow,Uttar Pradesh,15-09-2025,Yes
DNR001669,Rohan Mehta,Female,21,O+,9462787595,Bengaluru,Karnataka,19-10-2025,No
DNR001670,Vikram Singh,Male,55,A+,8417278799,Mohali,Punjab,26-03-2022,Yes
DNR001671,Rohan Mehta,Male,48,O+,8365591323,Bhopal,Madhya Pradesh,12-09-2022,Yes
DNR001672,Vikram Singh,Male,39,A+,9987333055,Gurgaon,Haryana,04-09-2024,No
DNR001673,Vikram Singh,Male,30,O+,9316573793,Kolkata,West Bengal,19-08-2024,Yes
DNR001674,Aarav Sharma,Female,32,B+,8187635674,Ahmedabad,Gujarat,25-01-2024,No
DNR001675,Rahul Verma,Male,38,A+,7055345404,Nagpur,Maharashtra,04-07-2023,No
DNR001676,Kunal Desai,Female,24,B+,8853844484,Chennai,Tamil Nadu,05-04-2022,No
DNR001677,Priya Patel,Female,32,B+,8124101785,Kanpur,Uttar Pradesh,18-06-2025,Yes
DNR001678,Vikram Singh,Female,44,O+,8069672085,Lucknow,Uttar Pradesh,11-10-2025,No
DNR001679,Priya Patel,Other,50,O+,7388119325,Bengaluru,Karnataka,08-11-2020,No
DNR001680,Vikram Singh,Female,40,B+,9427001283,Hyderabad,Telangana,18-09-2025,Yes
DNR001681,Ananya Kapoor,Male,25,O+,7499653599,Gurgaon,Haryana,19-05-2025,Yes
DNR001682,Ananya Kapoor,Female,34,A+,9971454134,Patna,Bihar,Never,No
DNR001683,Priya Patel,Female,39,A+,7400079349,Visakhapatnam,Andhra Pradesh,08-11-2020,Yes
DNR001684,Vikram Singh,Male,38,O+,7417669547,Mumbai,Maharashtra,16-04-2021,Yes
DNR001685,Aarav Sharma,Male,44,B+,8480186274,Bhopal,Madhya Pradesh,14-10-2025,No
DNR001686,Aarav Sharma,Female,44,O+,9946417082,Vadodara,Gujarat,04-06-2025,Yes
DNR001687,Sneha Joshi,Male,25,O+,8110928627,Surat,Gujarat,03-12-2024,Yes
DNR001688,Ananya Kapoor,Female,31,B+,9734755438,Lucknow,Uttar Pradesh,25-06-2024,Yes
DNR001689,Pooja Nair,Female,34,O-,9471115010,Ahmedabad,Gujarat,19-05-2024,Yes
DNR001690,Ananya Kapoor,Male,41,A+,8350256149,Chennai,Tamil Nadu,17-08-2021,Yes
DNR001691,Sneha Joshi,Male,46,A+,8862085679,Mohali,Punjab,17-07-2024,Yes
DNR001692,Sneha Joshi,Female,54,O-,9488997082,Hyderabad,Telangana,17-07-2025,Yes
DNR001693,Pooja Nair,Female,52,O+,7847141499,Kanpur,Uttar Pradesh,13-02-2025,Yes
DNR001694,Rahul Verma,Male,33,B+,9971049965,Visakhapatnam,Andhra Pradesh,17-07-2025,Yes
DNR001695,Ananya Kapoor,Male,41,O+,8744199313,Jaipur,Rajasthan,11-08-2024,Yes
DNR001696,Aarav Sharma,Male,49,B+,7993498834,Thiruvananthapuram,Kerala,20-07-2024,Yes
DNR001697,Neha Iyer,Male,30,A+,8685311071,Jaipur,Rajasthan,25-10-2025,No
DNR001698,Pooja Nair,Male,26,O+,9408236806,Thiruvananthapuram,Kerala,08-07-2025,Yes
DNR001699,Kunal Desai,Female,20,B+,7069707480,Patna,Bihar,22-04-2024,No
DNR001700,Pooja Nair,Male,31,B+,7388110083,Kolkata,West Bengal,06-11-2025,Yes
DNR001701,Aarav Sharma,Female,21,B+,9401151216,Hyderabad,Telangana,19-03-2025,Yes
DNR001702,Sneha Joshi,Male,22,O+,9421495739,Chennai,Tamil Nadu,20-11-2023,Yes
DNR001703,Neha Iyer,Male,18,O+,8813274235,Kolkata,West Bengal,14-12-2024,No
DNR001704,Vikram Singh,Female,30,A+,7892703260,Chennai,Tamil Nadu,10-10-2025,No
DNR001705,Sneha Joshi,Male,33,O+,7408634730,Gurgaon,Haryana,23-09-2025,Yes
DNR001706,Ananya Kapoor,Male,34,O+,8952305310,Mohali,Punjab,05-11-2025,No
DNR001707,Pooja Nair,Male,63,A+,8787289423,Pune,Maharashtra,19-08-2022,No
DNR001708,Neha Iyer,Male,47,B+,8965377307,Ahmedabad,Gujarat,26-10-2024,Yes
DNR001709,Ananya Kapoor,Female,45,O+,8373025672,Mohali,Punjab,29-05-2025,Yes
DNR001710,Pooja Nair,Male,44,O+,8217514517,Thiruvananthapuram,Kerala,30-04-2025,No
DNR001711,Sneha Joshi,Male,33,B+,8958522657,Hyderabad,Telangana,04-09-2025,Yes
DNR001712,Pooja Nair,Female,35,A+,9909348924,Bhopal,Madhya Pradesh,28-05-2024,No
DNR001713,Rohan Mehta,Female,51,AB+,9786107004,Hyderabad,Telangana,04-05-2025,No
DNR001714,Rohan Mehta,Male,26,B+,7801710734,Visakhapatnam,Andhra Pradesh,08-08-2025,Yes
DNR001715,Pooja Nair,Female,25,B+,7352902679,Visakhapatnam,Andhra Pradesh,29-05-2024,Yes
DNR001716,Pooja Nair,Female,43,B+,7260609222,Ahmedabad,Gujarat,20-02-2024,No
DNR001717,Vikram Singh,Male,38,O+,9777245571,Delhi,Delhi,27-08-2025,No
DNR001718,Neha Iyer,Other,51,O+,8314564675,Jaipur,Rajasthan,22-06-2025,No
DNR001719,Rohan Mehta,Male,23,B+,8081617217,Ahmedabad,Gujarat,17-03-2025,Yes
DNR001720,Pooja Nair,Female,27,AB-,9142587547,Chennai,Tamil Nadu,30-03-2025,No
DNR001721,Ananya Kapoor,Male,20,O+,7362953257,Ahmedabad,Gujarat,20-10-2025,No
DNR001722,Priya Patel,Female,56,O+,8053422726,Nagpur,Maharashtra,10-06-2024,No
DNR001723,Sneha Joshi,Male,53,O+,8961282643,Mohali,Punjab,08-11-2020,Yes
DNR001724,Rohan Mehta,Male,27,O+,8562240787,Lucknow,Uttar Pradesh,27-03-2025,Yes
DNR001725,Priya Patel,Female,18,A+,9613538843,Bhopal,Madhya Pradesh,27-06-2025,Yes
DNR001726,Kunal Desai,Female,22,B+,9457266084,Jaipur,Rajasthan,26-10-2025,No
DNR001727,Pooja Nair,Female,23,O+,9982156747,Kolkata,West Bengal,27-03-2024,No
DNR001728,Aarav Sharma,Male,21,AB+,7194576228,Surat,Gujarat,28-10-2025,Yes
DNR001729,Vikram Singh,Male,26,O-,9892298069,Bengaluru,Karnataka,24-07-2025,Yes
DNR001730,Rahul Verma,Female,35,O+,7318312784,Bengaluru,Karnataka,06-07-2025,Yes
DNR001731,Aarav Sharma,Male,22,O+,7348632767,Hyderabad,Telangana,12-07-2025,Yes
DNR001732,Kunal Desai,Male,29,A+,7544770215,Patna,Bihar,Never,No
DNR001733,Sneha Joshi,Female,21,B+,9243055721,Mohali,Punjab,07-06-2024,No
DNR001734,Ananya Kapoor,Female,31,A+,8392628592,Jaipur,Rajasthan,07-08-2025,Yes
DNR001735,Neha Iyer,Male,33,O+,7817137664,Nagpur,Maharashtra,16-06-2022,Yes
DNR001736,Aarav Sharma,Female,39,AB+,9364350374,Bengaluru,Karnataka,30-08-2025,Yes
DNR001737,Vikram Singh,Female,32,A+,8915100900,Bengaluru,Karnataka,22-01-2025,No
DNR001738,Priya Patel,Other,38,O+,8415321675,Thiruvananthapuram,Kerala,03-06-2024,Yes
DNR001739,Pooja Nair,Male,29,O+,8012293604,Kanpur,Uttar Pradesh,15-11-2022,Yes
DNR001740,Pooja Nair,Male,47,B+,8080335976,Nagpur,Maharashtra,17-11-2024,Yes
DNR001741,Priya Patel,Male,37,A+,7185205054,Mumbai,Maharashtra,10-09-2025,Yes
DNR001742,Neha Iyer,Female,22,AB+,9819764876,Vadodara,Gujarat,03-04-2024,Yes
DNR001743,Priya Patel,Male,35,O+,9374992175,Bengaluru,Karnataka,16-08-2022,No
DNR001744,Ananya Kapoor,Female,36,A+,9413604233,Gurgaon,Haryana,23-06-2021,No
DNR001745,Priya Patel,Male,31,B+,7003510254,Vadodara,Gujarat,03-10-2025,Yes
DNR001746,Kunal Desai,Male,41,B+,8092596723,Jaipur,Rajasthan,05-03-2025,Yes
DNR001747,Rohan Mehta,Female,42,AB+,7178199835,Bengaluru,Karnataka,21-07-2025,Yes
DNR001748,Rohan Mehta,Female,27,O+,9626177269,Surat,Gujarat,Never,Yes
DNR001749,Pooja Nair,Male,35,O+,7503612881,Bhopal,Madhya Pradesh,02-03-2025,Yes
DNR001750,Rahul Verma,Female,36,O+,8527135053,Mumbai,Maharashtra,26-01-2025,No
DNR001751,Rahul Verma,Male,38,B+,9997376419,Jaipur,Rajasthan,17-06-2022,Yes
DNR001752,Sneha Joshi,Female,18,O+,7393051346,Kanpur,Uttar Pradesh,09-07-2025,No
DNR001753,Pooja Nair,Female,47,A-,8695622391,Mohali,Punjab,26-06-2023,Yes
DNR001754,Ananya Kapoor,Male,28,B+,7391150084,Ahmedabad,Gujarat,Never,No
DNR001755,Neha Iyer,Female,45,O+,9614746620,Jaipur,Rajasthan,02-11-2024,No
DNR001756,Aarav Sharma,Female,46,O+,9939661284,Mohali,Punjab,03-10-2024,Yes
DNR001757,Vikram Singh,Male,34,B+,9435968278,Delhi,Delhi,17-01-2021,Yes
DNR001758,Kunal Desai,Male,26,B+,7835790996,Mumbai,Maharashtra,03-07-2024,Yes
DNR001759,Neha Iyer,Female,32,B+,9405444918,Vadodara,Gujarat,08-12-2023,Yes
DNR001760,Rohan Mehta,Female,33,O+,8063944726,Hyderabad,Telangana,13-08-2025,No
DNR001761,Rohan Mehta,Male,29,B+,7072691786,Kanpur,Uttar Pradesh,Never,No
DNR001762,Vikram Singh,Male,33,A+,7802648014,Jaipur,Rajasthan,27-01-2025,No
DNR001763,Vikram Singh,Male,46,A+,8728545224,Visakhapatnam,Andhra Pradesh,11-10-2024,Yes
DNR001764,Rahul Verma,Male,40,O+,7128443882,Lucknow,Uttar Pradesh,12-12-2023,No
DNR001765,Kunal Desai,Female,18,A+,8019930124,Mohali,Punjab,24-09-2025,Yes
DNR001766,Neha Iyer,Female,34,A+,8722159762,Pune,Maharashtra,17-04-2025,Yes
DNR001767,Rohan Mehta,Female,31,O+,8635274149,Vadodara,Gujarat,18-02-2021,Yes
DNR001768,Sneha Joshi,Male,38,O-,9436784299,Delhi,Delhi,08-06-2024,Yes
DNR001769,Rohan Mehta,Male,33,AB+,9244221824,Patna,Bihar,18-12-2020,Yes
DNR001770,Rohan Mehta,Female,23,B+,8682275750,Nagpur,Maharashtra,28-12-2020,No
DNR001771,Vikram Singh,Female,43,O+,8714303417,Bhopal,Madhya Pradesh,Never,No
DNR001772,Sneha Joshi,Female,33,A+,8100607019,Thiruvananthapuram,Kerala,19-09-2023,Yes
DNR001773,Rohan Mehta,Female,32,O+,7111944626,Lucknow,Uttar Pradesh,24-10-2024,Yes
DNR001774,Rahul Verma,Female,19,A-,9425786097,Pune,Maharashtra,23-10-2025,Yes
DNR001775,Priya Patel,Female,21,O+,7021417269,Bengaluru,Karnataka,30-06-2024,No
DNR001776,Neha Iyer,Female,39,O+,8484069907,Ahmedabad,Gujarat,19-03-2025,Yes
DNR001777,Kunal Desai,Female,25,O+,7300230957,Pune,Maharashtra,30-06-2025,No
DNR001778,Sneha Joshi,Male,30,O+,7491588212,Hyderabad,Telangana,30-10-2025,No
DNR001779,Aarav Sharma,Female,27,B+,8884491986,Mohali,Punjab,15-06-2024,No
DNR001780,Vikram Singh,Male,33,O+,7115304254,Kolkata,West Bengal,29-11-2024,No
DNR001781,Pooja Nair,Male,20,O+,9988267760,Bhopal,Madhya Pradesh,07-08-2023,No
DNR001782,Pooja Nair,Male,26,O+,9607522714,Visakhapatnam,Andhra Pradesh,15-05-2022,No
DNR001783,Neha Iyer,Female,42,B+,9163713165,Delhi,Delhi,Never,Yes
DNR001784,Rohan Mehta,Female,32,B+,8393035087,Vadodara,Gujarat,15-02-2023,No
DNR001785,Kunal Desai,Female,37,B+,8622907207,Patna,Bihar,29-10-2025,No
DNR001786,Priya Patel,Female,25,O+,9553044363,Bhopal,Madhya Pradesh,22-09-2025,No
DNR001787,Ananya Kapoor,Other,33,B+,9237876612,Chennai,Tamil Nadu,25-10-2024,Yes
DNR001788,Rahul Verma,Male,31,O+,7341822803,Ahmedabad,Gujarat,05-12-2024,No
DNR001789,Aarav Sharma,Male,37,O-,7036150175,Jaipur,Rajasthan,24-05-2024,No
DNR001790,Rahul Verma,Female,18,O+,7000356027,Jaipur,Rajasthan,18-05-2022,Yes
DNR001791,Pooja Nair,Female,18,O+,9448856646,Patna,Bihar,06-08-2023,No
DNR001792,Rahul Verma,Female,23,O+,9342773322,Jaipur,Rajasthan,20-02-2024,No
DNR001793,Kunal Desai,Male,31,O+,7195645778,Jaipur,Rajasthan,22-10-2024,Yes
DNR001794,Sneha Joshi,Male,26,B+,8725833776,Kolkata,West Bengal,21-06-2025,Yes
DNR001795,Rahul Verma,Female,44,A+,9279606010,Nagpur,Maharashtra,08-11-2020,Yes
DNR001796,Rahul Verma,Male,42,O+,7893726153,Kanpur,Uttar Pradesh,10-08-2021,Yes
DNR001797,Rohan Mehta,Female,39,A+,8254873479,Vadodara,Gujarat,10-10-2025,No
DNR001798,Rohan Mehta,Female,23,O+,8291455363,Bhopal,Madhya Pradesh,16-10-2025,No
DNR001799,Priya Patel,Male,37,O+,9776315170,Chennai,Tamil Nadu,Never,Yes
DNR001800,Rohan Mehta,Male,31,O+,9814097232,Vadodara,Gujarat,15-06-2023,Yes
DNR001801,Neha Iyer,Female,44,O+,8887722833,Thiruvananthapuram,Kerala,16-06-2025,Yes
DNR001802,Vikram Singh,Male,26,AB+,8793173110,Gurgaon,Haryana,Never,Yes
DNR001803,Priya Patel,Female,45,O-,9308283031,Mumbai,Maharashtra,27-04-2025,No
DNR001804,Sneha Joshi,Other,36,A+,9108152720,Nagpur,Maharashtra,14-01-2025,No
DNR001805,Kunal Desai,Female,19,O+,7406057476,Visakhapatnam,Andhra Pradesh,19-09-2025,No
DNR001806,Rahul Verma,Female,36,B+,7135367658,Surat,Gujarat,29-08-2025,No
DNR001807,Priya Patel,Male,35,O+,9926070780,Lucknow,Uttar Pradesh,17-07-2023,No
DNR001808,Sneha Joshi,Male,22,O-,9726017214,Mohali,Punjab,08-11-2020,Yes
DNR001809,Aarav Sharma,Female,42,A+,7377203386,Patna,Bihar,08-11-2020,No
DNR001810,Pooja Nair,Male,27,B+,9386954851,Bengaluru,Karnataka,12-06-2025,No
DNR001811,Rohan Mehta,Female,18,O+,7241400778,Kolkata,West Bengal,11-04-2025,Yes
DNR001812,Pooja Nair,Female,30,A-,9771992249,Thiruvananthapuram,Kerala,22-10-2025,No
DNR001813,Vikram Singh,Female,37,B+,9087739572,Visakhapatnam,Andhra Pradesh,02-04-2025,No
DNR001814,Aarav Sharma,Female,31,B+,9718406913,Pune,Maharashtra,19-06-2024,No
DNR001815,Rohan Mehta,Female,47,O+,8347427627,Ahmedabad,Gujarat,13-03-2025,Yes
DNR001816,Sneha Joshi,Female,33,B+,7376221981,Jaipur,Rajasthan,10-07-2025,No
DNR001817,Rohan Mehta,Male,39,O+,8295466719,Visakhapatnam,Andhra Pradesh,13-03-2025,Yes
DNR001818,Ananya Kapoor,Male,24,O+,7549020307,Thiruvananthapuram,Kerala,03-11-2024,Yes
DNR001819,Rahul Verma,Male,25,O+,9958992447,Vadodara,Gujarat,01-05-2024,Yes
DNR001820,Priya Patel,Female,30,B+,9305209065,Bengaluru,Karnataka,01-04-2025,Yes
DNR001821,Rahul Verma,Female,26,O+,8264843614,Mohali,Punjab,28-11-2022,No
DNR001822,Rohan Mehta,Female,37,B+,9575712969,Thiruvananthapuram,Kerala,17-02-2025,Yes
DNR001823,Vikram Singh,Male,34,AB+,8726398662,Nagpur,Maharashtra,26-08-2025,Yes
DNR001824,Pooja Nair,Female,21,B+,8482905783,Mohali,Punjab,Never,Yes
DNR001825,Rohan Mehta,Female,18,B+,9534637136,Gurgaon,Haryana,01-10-2025,No
DNR001826,Sneha Joshi,Female,31,B+,9527281720,Mumbai,Maharashtra,29-06-2025,Yes
DNR001827,Neha Iyer,Male,56,O+,8976664368,Nagpur,Maharashtra,26-02-2024,Yes
DNR001828,Priya Patel,Female,43,B+,7450196349,Mohali,Punjab,17-11-2022,No
DNR001829,Aarav Sharma,Male,36,B+,9244474188,Ahmedabad,Gujarat,13-06-2022,No
DNR001830,Ananya Kapoor,Male,35,B+,8286783225,Lucknow,Uttar Pradesh,29-12-2023,Yes
DNR001831,Rahul Verma,Female,30,B+,7915797413,Gurgaon,Haryana,22-03-2025,No
DNR001832,Sneha Joshi,Male,35,A+,9812092922,Ahmedabad,Gujarat,08-11-2020,No
DNR001833,Pooja Nair,Female,43,B+,8969101164,Delhi,Delhi,25-09-2025,No
DNR001834,Rahul Verma,Male,32,B+,9681880169,Surat,Gujarat,30-05-2024,Yes
DNR001835,Rahul Verma,Female,39,B+,9782655606,Delhi,Delhi,06-10-2025,Yes
DNR001836,Vikram Singh,Female,32,A+,7881274174,Kanpur,Uttar Pradesh,17-09-2025,Yes
DNR001837,Pooja Nair,Male,29,O+,7928863211,Patna,Bihar,24-07-2024,No
DNR001838,Rahul Verma,Female,32,AB+,7295802409,Bhopal,Madhya Pradesh,30-09-2025,Yes
DNR001839,Vikram Singh,Male,37,B+,7137171994,Kolkata,West Bengal,13-07-2025,Yes
DNR001840,Rahul Verma,Female,32,O+,8811852070,Thiruvananthapuram,Kerala,14-10-2025,Yes
DNR001841,Rohan Mehta,Male,29,O+,8145538171,Mumbai,Maharashtra,21-09-2025,No
DNR001842,Priya Patel,Male,45,O+,7410322948,Chennai,Tamil Nadu,25-11-2020,Yes
DNR001843,Rahul Verma,Male,34,O+,8939490030,Kolkata,West Bengal,28-06-2025,No
DNR001844,Aarav Sharma,Female,31,A-,7934559189,Thiruvananthapuram,Kerala,09-11-2024,No
DNR001845,Rohan Mehta,Female,29,O+,8225145303,Mohali,Punjab,11-06-2025,Yes
DNR001846,Rahul Verma,Male,38,A+,9396989517,Mumbai,Maharashtra,10-09-2024,Yes
DNR001847,Vikram Singh,Female,25,B+,7869876539,Kolkata,West Bengal,13-09-2024,No
DNR001848,Priya Patel,Male,36,B+,9075874515,Gurgaon,Haryana,04-06-2025,Yes
DNR001849,Neha Iyer,Female,50,B+,7597056974,Mumbai,Maharashtra,04-11-2025,Yes
DNR001850,Vikram Singh,Male,30,B+,8021353436,Kolkata,West Bengal,07-04-2025,Yes
DNR001851,Sneha Joshi,Female,26,O+,8126228266,Thiruvananthapuram,Kerala,08-07-2025,No
DNR001852,Priya Patel,Male,39,B+,8611042022,Kanpur,Uttar Pradesh,30-10-2025,Yes
DNR001853,Rohan Mehta,Male,18,O+,9628137764,Bengaluru,Karnataka,07-10-2022,Yes
DNR001854,Rohan Mehta,Male,31,B+,9938886012,Kolkata,West Bengal,25-10-2024,Yes
DNR001855,Priya Patel,Female,37,B+,8708952458,Lucknow,Uttar Pradesh,21-10-2025,No
DNR001856,Vikram Singh,Female,50,B+,7416974881,Delhi,Delhi,27-11-2022,Yes
DNR001857,Kunal Desai,Male,37,A+,9866242162,Mohali,Punjab,13-11-2022,Yes
DNR001858,Rahul Verma,Male,48,O+,7110867672,Nagpur,Maharashtra,19-05-2023,Yes
DNR001859,Rahul Verma,Male,27,O+,8211398535,Jaipur,Rajasthan,Never,Yes
DNR001860,Ananya Kapoor,Female,48,A+,8538784803,Kolkata,West Bengal,06-06-2025,Yes
DNR001861,Priya Patel,Female,49,O+,8378556338,Delhi,Delhi,30-12-2023,Yes
DNR001862,Vikram Singh,Female,48,O+,7324650231,Nagpur,Maharashtra,14-07-2024,No
DNR001863,Vikram Singh,Female,47,B+,7729493678,Vadodara,Gujarat,15-01-2025,Yes
DNR001864,Kunal Desai,Female,26,B+,9739419405,Kanpur,Uttar Pradesh,19-10-2024,Yes
DNR001865,Kunal Desai,Male,39,B-,8753299067,Ahmedabad,Gujarat,26-08-2025,No
DNR001866,Aarav Sharma,Male,33,O+,7471966830,Nagpur,Maharashtra,20-03-2024,Yes
DNR001867,Kunal Desai,Male,21,B+,9849127816,Thiruvananthapuram,Kerala,22-09-2025,Yes
DNR001868,Neha Iyer,Female,42,A+,8474422687,Patna,Bihar,17-09-2025,No
DNR001869,Ananya Kapoor,Male,31,B+,9773504477,Delhi,Delhi,07-11-2022,Yes
DNR001870,Kunal Desai,Male,32,O+,8707818433,Kanpur,Uttar Pradesh,04-10-2023,Yes
DNR001871,Kunal Desai,Male,47,B+,9716250542,Ahmedabad,Gujarat,27-11-2024,Yes
DNR001872,Sneha Joshi,Male,26,B+,9273671332,Pune,Maharashtra,02-09-2025,Yes
DNR001873,Aarav Sharma,Male,28,O+,8186718745,Patna,Bihar,18-06-2025,Yes
DNR001874,Aarav Sharma,Female,21,B+,9525908855,Visakhapatnam,Andhra Pradesh,06-11-2024,No
DNR001875,Kunal Desai,Male,37,O+,8552105119,Mumbai,Maharashtra,12-05-2024,Yes
DNR001876,Neha Iyer,Male,26,A+,8014228064,Gurgaon,Haryana,02-05-2024,Yes
DNR001877,Aarav Sharma,Female,28,B+,9357791464,Gurgaon,Haryana,29-03-2025,No
DNR001878,Neha Iyer,Male,23,B-,8188419972,Jaipur,Rajasthan,14-09-2024,Yes
DNR001879,Priya Patel,Female,54,A+,9137415159,Nagpur,Maharashtra,08-11-2020,No
DNR001880,Priya Patel,Female,26,O+,7709005250,Kanpur,Uttar Pradesh,02-10-2023,No
DNR001881,Pooja Nair,Male,45,O+,7634247665,Gurgaon,Haryana,10-06-2025,Yes
DNR001882,Vikram Singh,Male,21,B-,8008237820,Bengaluru,Karnataka,16-05-2025,Yes
DNR001883,Ananya Kapoor,Female,37,B+,7431118218,Kanpur,Uttar Pradesh,08-11-2020,No
DNR001884,Aarav Sharma,Male,29,B+,9039707659,Patna,Bihar,29-04-2025,No
DNR001885,Rahul Verma,Female,39,B+,8419982614,Nagpur,Maharashtra,21-12-2023,Yes
DNR001886,Ananya Kapoor,Female,46,O+,7667064015,Ahmedabad,Gujarat,08-05-2023,No
DNR001887,Vikram Singh,Female,44,A+,7728201325,Kolkata,West Bengal,22-08-2025,No
DNR001888,Aarav Sharma,Female,19,O+,8210790895,Visakhapatnam,Andhra Pradesh,18-11-2023,No
DNR001889,Pooja Nair,Male,21,B+,7070316154,Ahmedabad,Gujarat,12-04-2023,Yes
DNR001890,Priya Patel,Male,18,B+,7191379232,Hyderabad,Telangana,02-12-2024,Yes
DNR001891,Ananya Kapoor,Male,48,O+,7574368842,Gurgaon,Haryana,16-06-2022,Yes
DNR001892,Vikram Singh,Male,33,AB+,9934866453,Ahmedabad,Gujarat,20-08-2025,Yes
DNR001893,Sneha Joshi,Female,35,AB+,8254644406,Mohali,Punjab,01-02-2025,No
DNR001894,Kunal Desai,Male,50,O+,9197729702,Thiruvananthapuram,Kerala,02-10-2023,Yes
DNR001895,Kunal Desai,Male,36,B+,8248867566,Kanpur,Uttar Pradesh,10-02-2023,No
DNR001896,Pooja Nair,Female,23,O+,7668239802,Hyderabad,Telangana,18-01-2025,Yes
DNR001897,Pooja Nair,Female,39,B+,7580016013,Vadodara,Gujarat,01-05-2025,No
DNR001898,Rahul Verma,Female,46,B+,9695399991,Surat,Gujarat,Never,No
DNR001899,Aarav Sharma,Male,18,O+,9673580771,Kolkata,West Bengal,08-04-2024,Yes
DNR001900,Sneha Joshi,Female,35,O+,8419822543,Lucknow,Uttar Pradesh,04-08-2025,No
DNR001901,Sneha Joshi,Female,38,B+,9724876001,Chennai,Tamil Nadu,Never,No
DNR001902,Rohan Mehta,Male,34,AB+,9091738625,Thiruvananthapuram,Kerala,27-11-2024,Yes
DNR001903,Sneha Joshi,Female,55,O+,9494643169,Kanpur,Uttar Pradesh,08-12-2024,No
DNR001904,Kunal Desai,Female,27,O+,8646880151,Lucknow,Uttar Pradesh,26-03-2025,Yes
DNR001905,Priya Patel,Male,41,B+,8089934525,Kolkata,West Bengal,08-08-2022,Yes
DNR001906,Priya Patel,Female,18,O+,9374914751,Nagpur,Maharashtra,28-10-2025,No
DNR001907,Vikram Singh,Female,45,B+,8749123674,Mohali,Punjab,07-07-2021,Yes
DNR001908,Rohan Mehta,Female,43,O-,7304443965,Nagpur,Maharashtra,31-10-2022,No
DNR001909,Aarav Sharma,Male,25,A+,8448688369,Chennai,Tamil Nadu,24-09-2025,Yes
DNR001910,Vikram Singh,Female,27,O-,8926473132,Hyderabad,Telangana,10-09-2024,Yes
DNR001911,Ananya Kapoor,Male,39,B+,8371454024,Delhi,Delhi,15-08-2024,Yes
DNR001912,Neha Iyer,Male,18,AB+,7346505879,Vadodara,Gujarat,02-09-2024,Yes
DNR001913,Aarav Sharma,Female,43,O+,7501590029,Thiruvananthapuram,Kerala,23-06-2025,No
DNR001914,Pooja Nair,Male,47,O+,9172895204,Mumbai,Maharashtra,06-06-2025,Yes
DNR001915,Rohan Mehta,Female,21,A+,7649884003,Mohali,Punjab,05-11-2022,Yes
DNR001916,Neha Iyer,Male,37,O+,7715197207,Mohali,Punjab,22-07-2022,Yes
DNR001917,Rahul Verma,Female,54,B+,9861116429,Patna,Bihar,10-09-2024,Yes
DNR001918,Kunal Desai,Female,36,B-,7224828484,Surat,Gujarat,Never,Yes
DNR001919,Priya Patel,Female,20,O+,9020148689,Surat,Gujarat,26-05-2021,No
DNR001920,Kunal Desai,Male,20,B+,9376250723,Ahmedabad,Gujarat,20-05-2024,No
DNR001921,Neha Iyer,Female,26,O-,8698053467,Bhopal,Madhya Pradesh,Never,Yes
DNR001922,Sneha Joshi,Female,53,B+,9446173041,Visakhapatnam,Andhra Pradesh,08-12-2024,No
DNR001923,Sneha Joshi,Female,32,AB+,9353159570,Jaipur,Rajasthan,23-10-2025,No
DNR001924,Vikram Singh,Male,40,O+,8312838751,Surat,Gujarat,29-04-2023,Yes
DNR001925,Neha Iyer,Female,47,O-,9038906227,Hyderabad,Telangana,12-04-2021,Yes
DNR001926,Priya Patel,Male,34,O-,8067514621,Kanpur,Uttar Pradesh,09-09-2024,Yes
DNR001927,Sneha Joshi,Female,18,O+,9746879576,Vadodara,Gujarat,19-08-2025,Yes
DNR001928,Rahul Verma,Female,38,O+,8889947734,Mumbai,Maharashtra,19-11-2024,Yes
DNR001929,Pooja Nair,Female,18,A+,8693944372,Pune,Maharashtra,11-03-2022,No
DNR001930,Rohan Mehta,Female,36,B+,7205852587,Thiruvananthapuram,Kerala,02-09-2025,Yes
DNR001931,Vikram Singh,Male,47,O+,9028738531,Mohali,Punjab,18-06-2025,No
DNR001932,Sneha Joshi,Male,26,O+,8522077186,Surat,Gujarat,11-08-2025,Yes
DNR001933,Aarav Sharma,Male,47,A+,7317329212,Pune,Maharashtra,02-01-2025,Yes
DNR001934,Rahul Verma,Male,31,O+,9455115057,Chennai,Tamil Nadu,30-05-2024,Yes
DNR001935,Sneha Joshi,Female,33,O+,8519704007,Bengaluru,Karnataka,27-10-2025,Yes
DNR001936,Rahul Verma,Male,49,A+,7108144152,Mumbai,Maharashtra,26-09-2025,Yes
DNR001937,Sneha Joshi,Male,44,O+,8478317301,Kolkata,West Bengal,28-04-2025,No
DNR001938,Ananya Kapoor,Female,45,B+,8867864761,Patna,Bihar,14-03-2025,Yes
DNR001939,Priya Patel,Female,38,A+,7160120684,Bengaluru,Karnataka,30-07-2024,Yes
DNR001940,Sneha Joshi,Female,38,O+,7553273138,Vadodara,Gujarat,14-11-2024,Yes
DNR001941,Ananya Kapoor,Female,33,O+,9543029507,Jaipur,Rajasthan,04-03-2022,No
DNR001942,Kunal Desai,Male,38,O+,9242188625,Mohali,Punjab,27-05-2025,Yes
DNR001943,Priya Patel,Female,30,O+,7218573474,Pune,Maharashtra,01-04-2024,Yes
DNR001944,Rohan Mehta,Female,31,A+,7364694853,Kanpur,Uttar Pradesh,25-02-2025,Yes
DNR001945,Sneha Joshi,Male,32,A+,7406880556,Surat,Gujarat,17-09-2025,No
DNR001946,Vikram Singh,Female,54,O+,8335005745,Delhi,Delhi,26-02-2024,No
DNR001947,Rahul Verma,Female,18,O+,9562374724,Nagpur,Maharashtra,22-10-2025,Yes
DNR001948,Sneha Joshi,Male,59,O+,8481491958,Kolkata,West Bengal,03-07-2022,Yes
DNR001949,Priya Patel,Male,51,O+,8586637566,Ahmedabad,Gujarat,12-06-2025,Yes
DNR001950,Rohan Mehta,Female,28,O+,8576356749,Bhopal,Madhya Pradesh,04-05-2024,Yes
DNR001951,Rohan Mehta,Male,29,B+,7665065190,Surat,Gujarat,24-02-2024,Yes
DNR001952,Sneha Joshi,Male,37,AB+,7133452508,Mumbai,Maharashtra,07-07-2025,Yes
DNR001953,Sneha Joshi,Male,30,B+,7746028314,Pune,Maharashtra,19-06-2023,Yes
DNR001954,Ananya Kapoor,Female,28,B+,7896860635,Kanpur,Uttar Pradesh,14-12-2023,Yes
DNR001955,Rohan Mehta,Male,39,B-,7636536872,Kanpur,Uttar Pradesh,20-09-2024,Yes
DNR001956,Pooja Nair,Male,21,A+,7023447887,Surat,Gujarat,Never,Yes
DNR001957,Rahul Verma,Female,37,O+,9017173715,Kolkata,West Bengal,12-01-2025,No
DNR001958,Pooja Nair,Male,38,B+,9480053120,Bengaluru,Karnataka,13-08-2024,No
DNR001959,Kunal Desai,Female,39,A+,7883522369,Vadodara,Gujarat,07-07-2024,Yes
DNR001960,Vikram Singh,Female,34,B+,7208239586,Delhi,Delhi,06-01-2023,No
DNR001961,Ananya Kapoor,Male,55,A+,8324182748,Mumbai,Maharashtra,16-02-2025,No
DNR001962,Kunal Desai,Female,42,O+,7169933472,Pune,Maharashtra,12-09-2025,Yes
DNR001963,Aarav Sharma,Male,34,A+,9500451224,Patna,Bihar,24-05-2025,Yes
DNR001964,Vikram Singh,Male,51,O+,8226912840,Lucknow,Uttar Pradesh,09-10-2025,Yes
DNR001965,Sneha Joshi,Male,29,A+,7384792561,Mumbai,Maharashtra,14-01-2025,Yes
DNR001966,Kunal Desai,Female,22,B+,9610340689,Patna,Bihar,09-08-2021,No
DNR001967,Neha Iyer,Male,18,O+,7713458438,Kolkata,West Bengal,18-10-2025,Yes
DNR001968,Neha Iyer,Female,28,O+,8514630914,Patna,Bihar,31-08-2025,Yes
DNR001969,Kunal Desai,Male,47,O+,7883620416,Patna,Bihar,20-08-2025,Yes
DNR001970,Pooja Nair,Male,46,AB+,9060155612,Lucknow,Uttar Pradesh,Never,Yes
DNR001971,Kunal Desai,Male,47,A+,8408029457,Mumbai,Maharashtra,08-11-2020,Yes
DNR001972,Aarav Sharma,Female,18,B+,8042796889,Mohali,Punjab,01-12-2022,No
DNR001973,Aarav Sharma,Female,44,B+,9486387176,Mohali,Punjab,09-01-2025,Yes
DNR001974,Pooja Nair,Female,27,A+,9687128064,Surat,Gujarat,01-02-2024,Yes
DNR001975,Pooja Nair,Male,35,B+,7377914765,Vadodara,Gujarat,16-07-2025,No
DNR001976,Sneha Joshi,Male,39,A+,9336282753,Jaipur,Rajasthan,16-10-2022,Yes
DNR001977,Ananya Kapoor,Male,36,B+,8350984562,Thiruvananthapuram,Kerala,29-03-2021,Yes
DNR001978,Pooja Nair,Female,38,A+,7785242618,Jaipur,Rajasthan,01-05-2025,No
DNR001979,Pooja Nair,Female,25,O+,7983213319,Patna,Bihar,25-09-2023,No
DNR001980,Ananya Kapoor,Female,49,A-,7844056234,Chennai,Tamil Nadu,25-03-2024,No
DNR001981,Ananya Kapoor,Male,33,AB-,7866195002,Kanpur,Uttar Pradesh,19-03-2025,Yes
DNR001982,Ananya Kapoor,Male,36,B+,9751971787,Thiruvananthapuram,Kerala,30-12-2024,Yes
DNR001983,Priya Patel,Male,38,B+,7643383111,Patna,Bihar,Never,Yes
DNR001984,Neha Iyer,Female,54,B+,8533901386,Visakhapatnam,Andhra Pradesh,12-03-2022,Yes
DNR001985,Neha Iyer,Male,22,B+,8284263188,Chennai,Tamil Nadu,13-11-2024,Yes
DNR001986,Rahul Verma,Other,18,B+,8923576796,Thiruvananthapuram,Kerala,06-08-2024,Yes
DNR001987,Sneha Joshi,Female,43,B+,7727737799,Nagpur,Maharashtra,25-08-2023,No
DNR001988,Ananya Kapoor,Male,31,O+,7111124662,Kanpur,Uttar Pradesh,13-04-2022,No
DNR001989,Sneha Joshi,Male,45,O+,9337743474,Patna,Bihar,16-03-2025,Yes
DNR001990,Kunal Desai,Male,38,O+,8003821202,Gurgaon,Haryana,11-07-2022,Yes
DNR001991,Vikram Singh,Male,42,B+,8851858075,Mohali,Punjab,12-03-2023,Yes
DNR001992,Kunal Desai,Male,36,A+,8328674181,Bhopal,Madhya Pradesh,20-10-2024,No
DNR001993,Sneha Joshi,Male,28,A+,7382108374,Delhi,Delhi,30-10-2025,No
DNR001994,Priya Patel,Male,18,B+,8189802232,Patna,Bihar,16-12-2023,No
DNR001995,Pooja Nair,Male,21,A+,8819905100,Visakhapatnam,Andhra Pradesh,09-08-2023,Yes
DNR001996,Rohan Mehta,Male,45,B+,9515532919,Delhi,Delhi,19-11-2024,Yes
DNR001997,Sneha Joshi,Male,36,B+,8292779739,Delhi,Delhi,16-06-2025,Yes
DNR001998,Kunal Desai,Female,34,O+,7085371515,Kanpur,Uttar Pradesh,25-02-2025,No
DNR001999,Rahul Verma,Female,33,B+,8271279998,Chennai,Tamil Nadu,16-09-2025,Yes
DNR002000,Ananya Kapoor,Female,20,AB+,7376953008,Visakhapatnam,Andhra Pradesh,05-07-2025,Yes
DNR002001,Neha Iyer,Female,43,B+,7962056173,Mumbai,Maharashtra,03-10-2025,Yes
DNR002002,Rahul Verma,Female,39,B+,8574430926,Mohali,Punjab,08-11-2020,No
DNR002003,Pooja Nair,Female,44,A+,7096691520,Mohali,Punjab,29-01-2024,No
DNR002004,Vikram Singh,Female,35,O+,9316984636,Vadodara,Gujarat,05-05-2024,Yes
DNR002005,Aarav Sharma,Female,18,B+,9619262133,Mumbai,Maharashtra,05-02-2023,Yes
DNR002006,Aarav Sharma,Female,45,O+,8331142083,Visakhapatnam,Andhra Pradesh,29-09-2025,No
DNR002007,Neha Iyer,Male,45,B+,9835236510,Kanpur,Uttar Pradesh,30-05-2025,Yes
DNR002008,Vikram Singh,Female,35,B+,8608542149,Gurgaon,Haryana,28-05-2022,No
DNR002009,Vikram Singh,Female,44,A+,9072532024,Delhi,Delhi,07-02-2021,Yes
DNR002010,Pooja Nair,Female,29,O+,8475749742,Chennai,Tamil Nadu,14-04-2025,Yes
DNR002011,Pooja Nair,Male,29,B+,8388913507,Thiruvananthapuram,Kerala,12-04-2025,Yes
DNR002012,Vikram Singh,Female,50,A+,7121919967,Chennai,Tamil Nadu,17-06-2025,No
DNR002013,Neha Iyer,Male,40,O+,7704865282,Pune,Maharashtra,16-02-2025,Yes
DNR002014,Rohan Mehta,Male,52,B+,7773294535,Ahmedabad,Gujarat,10-10-2022,Yes
DNR002015,Rahul Verma,Male,40,O+,7791784493,Kanpur,Uttar Pradesh,13-06-2025,Yes
DNR002016,Pooja Nair,Female,29,A+,7484242208,Kolkata,West Bengal,19-06-2024,Yes
DNR002017,Priya Patel,Male,31,O+,9627166614,Jaipur,Rajasthan,10-03-2021,No
DNR002018,Vikram Singh,Male,32,O+,7402259976,Nagpur,Maharashtra,22-10-2025,No
DNR002019,Kunal Desai,Female,41,O-,9202598717,Lucknow,Uttar Pradesh,08-11-2020,Yes
DNR002020,Pooja Nair,Male,24,O+,8806431995,Visakhapatnam,Andhra Pradesh,24-09-2024,Yes
DNR002021,Vikram Singh,Male,48,A+,7232049089,Vadodara,Gujarat,31-03-2024,Yes
DNR002022,Pooja Nair,Male,47,AB+,9805118631,Lucknow,Uttar Pradesh,27-10-2021,Yes
DNR002023,Rahul Verma,Female,28,O+,8852571842,Patna,Bihar,05-11-2025,Yes
DNR002024,Ananya Kapoor,Female,35,B+,9832950245,Kanpur,Uttar Pradesh,31-05-2025,No
DNR002025,Rohan Mehta,Female,37,O+,7769050219,Visakhapatnam,Andhra Pradesh,06-04-2025,No
DNR002026,Priya Patel,Male,29,B+,9300362491,Nagpur,Maharashtra,Never,Yes
DNR002027,Neha Iyer,Female,30,O+,7371917973,Visakhapatnam,Andhra Pradesh,28-01-2021,No
DNR002028,Sneha Joshi,Male,33,B+,8843908379,Jaipur,Rajasthan,04-06-2023,Yes
DNR002029,Priya Patel,Female,33,A+,9306458807,Ahmedabad,Gujarat,03-08-2021,No
DNR002030,Sneha Joshi,Male,49,B+,8757762810,Surat,Gujarat,16-07-2023,No
DNR002031,Sneha Joshi,Female,25,O-,8008654171,Patna,Bihar,07-09-2025,No
DNR002032,Priya Patel,Female,26,B+,9860302420,Vadodara,Gujarat,07-11-2021,Yes
DNR002033,Kunal Desai,Male,38,AB-,8113367428,Jaipur,Rajasthan,10-10-2025,Yes
DNR002034,Aarav Sharma,Female,30,A+,8767062545,Lucknow,Uttar Pradesh,Never,No
DNR002035,Kunal Desai,Male,31,B+,9098493567,Jaipur,Rajasthan,07-09-2025,Yes
DNR002036,Rahul Verma,Female,49,O+,9601867495,Mumbai,Maharashtra,08-11-2020,No
DNR002037,Sneha Joshi,Male,36,O+,7143177453,Nagpur,Maharashtra,05-03-2025,Yes
DNR002038,Rohan Mehta,Female,19,B+,8132279192,Visakhapatnam,Andhra Pradesh,29-01-2023,Yes
DNR002039,Neha Iyer,Female,29,B+,8648227176,Lucknow,Uttar Pradesh,20-08-2025,Yes
DNR002040,Kunal Desai,Female,30,O+,8226719923,Jaipur,Rajasthan,03-09-2025,Yes
DNR002041,Pooja Nair,Female,36,O+,7171335354,Gurgaon,Haryana,05-10-2025,Yes
DNR002042,Priya Patel,Female,38,A+,7960018122,Bengaluru,Karnataka,01-07-2025,Yes
DNR002043,Rahul Verma,Male,37,O+,9282848251,Gurgaon,Haryana,20-10-2025,Yes
DNR002044,Pooja Nair,Male,29,B+,8543371427,Nagpur,Maharashtra,01-11-2024,Yes
DNR002045,Sneha Joshi,Female,42,O+,8450406383,Patna,Bihar,10-10-2025,No
DNR002046,Aarav Sharma,Male,33,A+,9488047468,Hyderabad,Telangana,12-12-2024,Yes
DNR002047,Aarav Sharma,Male,39,A+,9954081552,Mumbai,Maharashtra,28-02-2025,Yes
DNR002048,Ananya Kapoor,Female,24,B+,9082598296,Surat,Gujarat,05-03-2023,Yes
DNR002049,Kunal Desai,Male,21,B-,9787795616,Thiruvananthapuram,Kerala,02-11-2025,Yes
DNR002050,Pooja Nair,Male,31,O+,8838094379,Vadodara,Gujarat,29-05-2025,Yes
DNR002051,Aarav Sharma,Male,40,A+,8740133477,Ahmedabad,Gujarat,12-09-2024,No
DNR002052,Rahul Verma,Male,18,B+,7897437641,Chennai,Tamil Nadu,15-12-2023,Yes
DNR002053,Priya Patel,Male,31,B+,7229176681,Visakhapatnam,Andhra Pradesh,14-08-2025,Yes
DNR002054,Rohan Mehta,Female,25,A+,7233230428,Surat,Gujarat,03-11-2022,No
DNR002055,Vikram Singh,Male,18,B+,9373990924,Visakhapatnam,Andhra Pradesh,04-11-2025,Yes
DNR002056,Ananya Kapoor,Male,36,B+,9829846629,Chennai,Tamil Nadu,22-06-2025,No
DNR002057,Aarav Sharma,Female,29,B+,9506831323,Hyderabad,Telangana,27-04-2025,No
DNR002058,Aarav Sharma,Male,29,O+,9803424022,Hyderabad,Telangana,17-12-2023,Yes
DNR002059,Rahul Verma,Female,49,B+,9769054909,Delhi,Delhi,15-05-2025,No
DNR002060,Sneha Joshi,Male,22,B+,8489645118,Pune,Maharashtra,02-07-2024,Yes
DNR002061,Aarav Sharma,Male,37,O+,8371939705,Jaipur,Rajasthan,20-01-2025,Yes
DNR002062,Neha Iyer,Female,21,B+,8326773682,Visakhapatnam,Andhra Pradesh,Never,No
DNR002063,Pooja Nair,Male,34,O+,7876361645,Ahmedabad,Gujarat,25-07-2025,Yes
DNR002064,Pooja Nair,Male,38,O+,9520579839,Jaipur,Rajasthan,08-11-2020,Yes
DNR002065,Neha Iyer,Male,45,O+,9029021514,Hyderabad,Telangana,08-06-2024,Yes
DNR002066,Rahul Verma,Female,40,O+,8227603829,Pune,Maharashtra,07-11-2025,Yes
DNR002067,Rohan Mehta,Female,29,B+,9504712876,Patna,Bihar,04-03-2025,No
DNR002068,Rohan Mehta,Male,33,B+,9560194935,Patna,Bihar,24-07-2025,Yes
DNR002069,Rahul Verma,Male,34,A+,7075647242,Mohali,Punjab,17-06-2025,Yes
DNR002070,Rahul Verma,Female,42,O-,8191715027,Vadodara,Gujarat,22-05-2024,Yes
DNR002071,Rohan Mehta,Male,25,O+,7132749459,Delhi,Delhi,16-06-2024,Yes
DNR002072,Sneha Joshi,Female,43,B+,8648875069,Vadodara,Gujarat,08-11-2020,No
DNR002073,Rohan Mehta,Male,29,B+,9373598942,Patna,Bihar,Never,Yes
DNR002074,Kunal Desai,Male,30,O+,8445756839,Hyderabad,Telangana,26-07-2025,Yes
DNR002075,Kunal Desai,Male,39,O+,9547040288,Pune,Maharashtra,06-05-2023,Yes
DNR002076,Aarav Sharma,Male,35,O+,8751800563,Chennai,Tamil Nadu,25-11-2020,Yes
DNR002077,Ananya Kapoor,Male,40,A-,7744718814,Gurgaon,Haryana,26-11-2023,No
DNR002078,Vikram Singh,Male,36,B+,9050614936,Chennai,Tamil Nadu,30-08-2022,Yes
DNR002079,Sneha Joshi,Female,29,O+,9974859792,Surat,Gujarat,08-03-2023,Yes
DNR002080,Aarav Sharma,Female,34,O+,9751752641,Nagpur,Maharashtra,07-04-2025,Yes
DNR002081,Kunal Desai,Male,40,AB+,9824586074,Visakhapatnam,Andhra Pradesh,13-03-2022,No
DNR002082,Vikram Singh,Male,41,O+,7462465812,Kanpur,Uttar Pradesh,20-06-2025,Yes
DNR002083,Rahul Verma,Female,18,B+,7951901948,Mumbai,Maharashtra,07-11-2024,Yes
DNR002084,Aarav Sharma,Male,35,B+,8720306080,Mohali,Punjab,17-04-2023,Yes
DNR002085,Rohan Mehta,Female,23,B+,7272855323,Lucknow,Uttar Pradesh,03-04-2025,Yes
DNR002086,Priya Patel,Female,51,B+,8459120063,Surat,Gujarat,27-04-2024,Yes
DNR002087,Priya Patel,Female,18,O+,8457598282,Vadodara,Gujarat,21-10-2025,Yes
DNR002088,Vikram Singh,Female,31,A+,7780186043,Nagpur,Maharashtra,21-06-2024,Yes
DNR002089,Pooja Nair,Female,35,B+,7023305862,Vadodara,Gujarat,08-12-2023,No
DNR002090,Ananya Kapoor,Female,42,A+,8183587587,Visakhapatnam,Andhra Pradesh,07-09-2024,Yes
DNR002091,Ananya Kapoor,Male,52,B+,7455746904,Lucknow,Uttar Pradesh,15-10-2023,No
DNR002092,Ananya Kapoor,Male,28,B+,9299970756,Kolkata,West Bengal,15-09-2024,Yes
DNR002093,Neha Iyer,Male,18,B-,8341202530,Hyderabad,Telangana,26-08-2024,Yes
DNR002094,Neha Iyer,Male,37,O+,9884494682,Lucknow,Uttar Pradesh,16-02-2024,Yes
DNR002095,Vikram Singh,Female,50,B+,9046280251,Kolkata,West Bengal,20-07-2024,Yes
DNR002096,Vikram Singh,Male,34,O+,8778933863,Kolkata,West Bengal,01-03-2025,No
DNR002097,Aarav Sharma,Female,25,B+,7292635739,Lucknow,Uttar Pradesh,25-04-2023,Yes
DNR002098,Priya Patel,Male,51,AB-,8968031554,Bhopal,Madhya Pradesh,23-08-2023,No
DNR002099,Neha Iyer,Male,35,B-,9615483092,Mohali,Punjab,12-07-2025,Yes
DNR002100,Rahul Verma,Female,38,B+,7695806811,Vadodara,Gujarat,13-02-2024,Yes
DNR002101,Aarav Sharma,Female,23,A+,9133258832,Visakhapatnam,Andhra Pradesh,28-05-2025,Yes
DNR002102,Neha Iyer,Male,37,B-,8882527048,Ahmedabad,Gujarat,28-02-2025,Yes
DNR002103,Sneha Joshi,Female,45,B+,8571644263,Vadodara,Gujarat,02-02-2024,No
DNR002104,Neha Iyer,Male,29,B+,7055023700,Thiruvananthapuram,Kerala,07-05-2024,No
DNR002105,Neha Iyer,Female,32,O+,8503509733,Vadodara,Gujarat,27-07-2023,Yes
DNR002106,Pooja Nair,Male,35,B+,9592138739,Gurgaon,Haryana,19-07-2024,Yes
DNR002107,Priya Patel,Male,43,A+,9808742678,Hyderabad,Telangana,25-04-2025,Yes
DNR002108,Aarav Sharma,Female,46,O+,9703547468,Visakhapatnam,Andhra Pradesh,24-05-2024,Yes
DNR002109,Pooja Nair,Female,43,B+,7653935498,Mumbai,Maharashtra,11-01-2025,No
DNR002110,Kunal Desai,Female,26,B-,7369288665,Bhopal,Madhya Pradesh,01-09-2024,Yes
DNR002111,Ananya Kapoor,Male,28,O+,8562278300,Visakhapatnam,Andhra Pradesh,14-03-2025,Yes
DNR002112,Rohan Mehta,Female,32,B+,7295971676,Kolkata,West Bengal,29-04-2024,No
DNR002113,Kunal Desai,Female,51,A+,7991209402,Surat,Gujarat,Never,Yes
DNR002114,Ananya Kapoor,Female,37,O+,9997514920,Bhopal,Madhya Pradesh,Never,Yes
DNR002115,Rahul Verma,Female,25,AB+,9740629533,Pune,Maharashtra,28-11-2022,No
DNR002116,Vikram Singh,Male,38,B+,8474973149,Bengaluru,Karnataka,25-06-2025,Yes
DNR002117,Vikram Singh,Female,43,B+,8855302481,Ahmedabad,Gujarat,08-11-2020,Yes
DNR002118,Kunal Desai,Male,20,O+,8850506417,Mohali,Punjab,20-05-2025,No
DNR002119,Kunal Desai,Other,35,A+,7423059473,Delhi,Delhi,05-10-2023,No
DNR002120,Priya Patel,Male,43,O+,9649717500,Mohali,Punjab,18-04-2025,Yes
DNR002121,Sneha Joshi,Male,18,B+,8508993815,Mohali,Punjab,24-03-2021,Yes
DNR002122,Rahul Verma,Female,29,AB+,9802670390,Kanpur,Uttar Pradesh,28-10-2025,Yes
DNR002123,Vikram Singh,Male,25,B+,9470152263,Kolkata,West Bengal,04-10-2025,Yes
DNR002124,Priya Patel,Male,35,B+,8013874278,Mohali,Punjab,26-05-2025,Yes
DNR002125,Pooja Nair,Female,42,B+,8675456530,Ahmedabad,Gujarat,10-03-2025,No
DNR002126,Neha Iyer,Male,19,O+,9837849384,Delhi,Delhi,29-11-2024,No
DNR002127,Sneha Joshi,Female,49,A+,9403419582,Thiruvananthapuram,Kerala,20-07-2025,Yes
DNR002128,Pooja Nair,Male,39,O+,8517493207,Bengaluru,Karnataka,28-11-2024,Yes
DNR002129,Vikram Singh,Male,25,A+,7399374001,Chennai,Tamil Nadu,19-08-2025,No
DNR002130,Rahul Verma,Female,30,B+,8525215363,Nagpur,Maharashtra,24-08-2025,No
DNR002131,Vikram Singh,Male,32,B+,9746612884,Jaipur,Rajasthan,19-10-2025,Yes
DNR002132,Vikram Singh,Male,57,A-,8716507228,Delhi,Delhi,15-12-2023,Yes
DNR002133,Priya Patel,Male,41,B+,8110457633,Mohali,Punjab,09-04-2024,Yes
DNR002134,Ananya Kapoor,Female,29,O+,9356787250,Jaipur,Rajasthan,23-09-2024,Yes
DNR002135,Neha Iyer,Male,23,B+,8752468170,Gurgaon,Haryana,15-06-2023,Yes
DNR002136,Ananya Kapoor,Male,20,B+,9098361998,Delhi,Delhi,14-03-2025,Yes
DNR002137,Aarav Sharma,Male,29,B+,9312555094,Mumbai,Maharashtra,16-09-2022,No
DNR002138,Vikram Singh,Male,34,A+,9820035047,Mumbai,Maharashtra,Never,Yes
DNR002139,Rahul Verma,Male,20,A+,7757096668,Kanpur,Uttar Pradesh,10-07-2025,Yes
DNR002140,Kunal Desai,Female,45,A+,7809581252,Gurgaon,Haryana,07-07-2024,No
DNR002141,Vikram Singh,Female,35,B+,9360960744,Mohali,Punjab,08-06-2024,Yes
DNR002142,Priya Patel,Male,18,B+,9881870316,Gurgaon,Haryana,08-11-2020,Yes
DNR002143,Ananya Kapoor,Male,46,B-,8755674768,Visakhapatnam,Andhra Pradesh,31-10-2024,Yes
DNR002144,Rohan Mehta,Male,32,A+,8212340656,Bhopal,Madhya Pradesh,05-01-2025,Yes
DNR002145,Aarav Sharma,Female,47,O+,9676657928,Gurgaon,Haryana,25-06-2025,No
DNR002146,Sneha Joshi,Male,27,AB+,7788193415,Bengaluru,Karnataka,13-03-2025,Yes
DNR002147,Aarav Sharma,Male,40,B+,7486359213,Thiruvananthapuram,Kerala,13-06-2025,Yes
DNR002148,Pooja Nair,Female,44,B+,9480890841,Jaipur,Rajasthan,27-11-2022,Yes
DNR002149,Aarav Sharma,Female,24,A+,9335948166,Vadodara,Gujarat,26-02-2025,No
DNR002150,Rahul Verma,Male,41,O+,7147381276,Gurgaon,Haryana,02-04-2022,Yes
DNR002151,Kunal Desai,Male,24,B+,7390135386,Patna,Bihar,26-04-2023,No
DNR002152,Rohan Mehta,Male,18,O+,7479668529,Jaipur,Rajasthan,04-09-2022,Yes
DNR002153,Priya Patel,Male,49,B+,9518084155,Visakhapatnam,Andhra Pradesh,20-09-2024,Yes
DNR002154,Neha Iyer,Female,37,B-,7417959165,Patna,Bihar,18-11-2024,Yes
DNR002155,Kunal Desai,Male,23,A+,8348333556,Mohali,Punjab,09-10-2025,No
DNR002156,Sneha Joshi,Female,40,A+,8852408160,Vadodara,Gujarat,12-05-2025,Yes
DNR002157,Neha Iyer,Male,43,A+,8662392638,Lucknow,Uttar Pradesh,06-12-2021,Yes
DNR002158,Rahul Verma,Female,42,O+,7607777970,Ahmedabad,Gujarat,22-11-2023,No
DNR002159,Priya Patel,Female,38,A+,8147106038,Vadodara,Gujarat,11-01-2022,No
DNR002160,Rohan Mehta,Female,38,A+,8939081334,Kolkata,West Bengal,Never,No
DNR002161,Priya Patel,Female,48,A+,9029394631,Lucknow,Uttar Pradesh,06-01-2024,Yes
DNR002162,Rohan Mehta,Male,19,O+,9687389353,Surat,Gujarat,15-11-2021,Yes
DNR002163,Rohan Mehta,Male,18,O+,7415034423,Ahmedabad,Gujarat,21-10-2024,No
DNR002164,Sneha Joshi,Female,18,AB+,9220493853,Delhi,Delhi,12-10-2025,Yes
DNR002165,Pooja Nair,Male,24,B+,8676270046,Chennai,Tamil Nadu,25-12-2021,Yes
DNR002166,Priya Patel,Male,31,O+,9345688025,Lucknow,Uttar Pradesh,12-12-2023,Yes
DNR002167,Rahul Verma,Male,40,A+,7234650526,Thiruvananthapuram,Kerala,07-03-2025,Yes
DNR002168,Aarav Sharma,Male,18,O+,8705876322,Mohali,Punjab,22-06-2025,Yes
DNR002169,Ananya Kapoor,Male,34,B+,7537793333,Mohali,Punjab,15-09-2025,Yes
DNR002170,Kunal Desai,Female,26,O+,7253763756,Bhopal,Madhya Pradesh,Never,Yes
DNR002171,Neha Iyer,Male,45,A+,7035097467,Kanpur,Uttar Pradesh,29-03-2024,Yes
DNR002172,Rohan Mehta,Other,37,A+,9947040078,Hyderabad,Telangana,25-01-2025,No
DNR002173,Ananya Kapoor,Female,35,A+,9458021483,Gurgaon,Haryana,29-11-2024,No
DNR002174,Vikram Singh,Female,42,O+,9380219541,Mumbai,Maharashtra,09-01-2024,No
DNR002175,Rahul Verma,Male,40,B-,8064572010,Surat,Gujarat,13-10-2025,Yes
DNR002176,Vikram Singh,Male,38,B+,8990889117,Pune,Maharashtra,03-12-2024,Yes
DNR002177,Vikram Singh,Female,34,B+,8422085686,Pune,Maharashtra,25-11-2022,No
DNR002178,Neha Iyer,Male,26,O+,7092066265,Pune,Maharashtra,07-02-2025,No
DNR002179,Vikram Singh,Female,26,O-,8040697772,Delhi,Delhi,21-01-2022,No
DNR002180,Priya Patel,Female,26,B+,8535060945,Gurgaon,Haryana,26-09-2024,Yes
DNR002181,Priya Patel,Female,18,A+,9299742265,Delhi,Delhi,02-05-2025,No
DNR002182,Ananya Kapoor,Female,38,AB+,9216713455,Jaipur,Rajasthan,20-07-2025,Yes
DNR002183,Neha Iyer,Male,18,O+,9427655976,Pune,Maharashtra,25-06-2025,Yes
DNR002184,Vikram Singh,Female,30,O+,7889927713,Mumbai,Maharashtra,Never,Yes
DNR002185,Vikram Singh,Male,31,O+,8740878846,Bengaluru,Karnataka,23-08-2025,Yes
DNR002186,Rohan Mehta,Female,34,B+,9102942370,Thiruvananthapuram,Kerala,02-08-2023,No
DNR002187,Vikram Singh,Female,18,A+,7981105525,Kolkata,West Bengal,21-05-2025,Yes
DNR002188,Ananya Kapoor,Female,43,B+,9109460963,Kanpur,Uttar Pradesh,03-11-2025,Yes
DNR002189,Ananya Kapoor,Female,23,O+,7497964301,Mumbai,Maharashtra,23-01-2025,No
DNR002190,Sneha Joshi,Male,26,O-,9977993024,Kanpur,Uttar Pradesh,23-01-2023,Yes
DNR002191,Pooja Nair,Female,41,O+,7180650145,Visakhapatnam,Andhra Pradesh,06-10-2023,Yes
DNR002192,Aarav Sharma,Female,32,O+,8135771603,Visakhapatnam,Andhra Pradesh,09-09-2025,Yes
DNR002193,Sneha Joshi,Male,44,O+,8713182023,Kolkata,West Bengal,12-01-2024,Yes
DNR002194,Pooja Nair,Female,23,O+,7699588016,Surat,Gujarat,15-11-2024,Yes
DNR002195,Neha Iyer,Male,43,O+,9112793937,Chennai,Tamil Nadu,07-08-2025,Yes
DNR002196,Sneha Joshi,Female,33,A+,7619390191,Ahmedabad,Gujarat,02-07-2024,No
DNR002197,Ananya Kapoor,Male,35,O+,8828770818,Mumbai,Maharashtra,08-06-2024,No
DNR002198,Kunal Desai,Male,35,B+,8766792040,Bengaluru,Karnataka,18-10-2024,Yes
DNR002199,Neha Iyer,Male,35,O+,7064939302,Gurgaon,Haryana,Never,Yes
DNR002200,Rohan Mehta,Female,37,AB+,9455952970,Kanpur,Uttar Pradesh,04-07-2024,Yes
DNR002201,Ananya Kapoor,Male,18,O+,8747505867,Patna,Bihar,13-08-2023,Yes
DNR002202,Neha Iyer,Male,38,A+,8555802065,Patna,Bihar,10-12-2021,Yes
DNR002203,Aarav Sharma,Female,48,AB+,7946008680,Pune,Maharashtra,10-12-2023,No
DNR002204,Neha Iyer,Male,41,B+,7890286477,Vadodara,Gujarat,12-09-2025,Yes
DNR002205,Priya Patel,Male,37,O+,9029715300,Mohali,Punjab,04-10-2024,Yes
DNR002206,Sneha Joshi,Female,31,B+,9728036224,Pune,Maharashtra,Never,Yes
DNR002207,Kunal Desai,Female,37,A+,9721499498,Thiruvananthapuram,Kerala,03-03-2023,No
DNR002208,Pooja Nair,Male,26,O+,7934624914,Bhopal,Madhya Pradesh,21-12-2024,No
DNR002209,Ananya Kapoor,Male,39,O+,8037512724,Chennai,Tamil Nadu,08-11-2023,No
DNR002210,Neha Iyer,Female,20,B+,8912685939,Pune,Maharashtra,29-05-2025,Yes
DNR002211,Aarav Sharma,Male,23,B+,9671255639,Hyderabad,Telangana,06-04-2024,No
DNR002212,Vikram Singh,Female,38,B+,9497256314,Lucknow,Uttar Pradesh,08-11-2020,Yes
DNR002213,Rahul Verma,Female,28,O+,9595073390,Mumbai,Maharashtra,04-07-2025,No
DNR002214,Rohan Mehta,Male,29,O+,8477324599,Chennai,Tamil Nadu,08-06-2025,Yes
DNR002215,Kunal Desai,Female,29,A-,7445119551,Nagpur,Maharashtra,02-08-2025,Yes
DNR002216,Neha Iyer,Male,28,B+,8020655927,Thiruvananthapuram,Kerala,02-04-2023,Yes
DNR002217,Rohan Mehta,Male,50,O-,8697243172,Surat,Gujarat,13-08-2024,Yes
DNR002218,Priya Patel,Female,21,O+,8052838338,Bengaluru,Karnataka,26-03-2024,No
DNR002219,Sneha Joshi,Female,36,O+,9686884440,Jaipur,Rajasthan,27-07-2024,No
DNR002220,Pooja Nair,Female,30,O+,9461422609,Mohali,Punjab,14-06-2024,Yes
DNR002221,Vikram Singh,Male,35,B+,8009052619,Patna,Bihar,27-12-2024,Yes
DNR002222,Pooja Nair,Female,25,A+,8943433824,Kanpur,Uttar Pradesh,05-09-2024,No
DNR002223,Kunal Desai,Male,40,AB-,8361635758,Patna,Bihar,27-03-2022,No
DNR002224,Pooja Nair,Female,52,B+,9988105906,Mohali,Punjab,05-07-2025,Yes
DNR002225,Aarav Sharma,Male,28,B+,9375453546,Hyderabad,Telangana,07-02-2025,Yes
DNR002226,Aarav Sharma,Female,39,O+,8225268609,Jaipur,Rajasthan,18-07-2025,No
DNR002227,Vikram Singh,Male,18,O+,9457397493,Kanpur,Uttar Pradesh,17-09-2025,No
DNR002228,Priya Patel,Male,29,A+,9336918740,Mumbai,Maharashtra,11-04-2022,Yes
DNR002229,Neha Iyer,Female,54,O+,8094562654,Patna,Bihar,30-09-2025,Yes
DNR002230,Sneha Joshi,Female,36,B+,7069628412,Visakhapatnam,Andhra Pradesh,28-01-2024,No
DNR002231,Sneha Joshi,Male,58,A-,7907557482,Mohali,Punjab,08-04-2024,Yes
DNR002232,Vikram Singh,Female,42,B+,8168012583,Visakhapatnam,Andhra Pradesh,14-04-2023,Yes
DNR002233,Rahul Verma,Male,43,A+,9905281566,Surat,Gujarat,05-05-2025,Yes
DNR002234,Sneha Joshi,Male,37,A+,9707486713,Mohali,Punjab,07-03-2025,Yes
DNR002235,Neha Iyer,Female,51,B+,7754892532,Kanpur,Uttar Pradesh,28-08-2025,No
DNR002236,Sneha Joshi,Female,36,A+,8997064774,Lucknow,Uttar Pradesh,18-06-2024,No
DNR002237,Pooja Nair,Female,34,O+,7942963604,Nagpur,Maharashtra,22-06-2025,Yes
DNR002238,Vikram Singh,Male,28,B+,7839072157,Surat,Gujarat,27-10-2024,Yes
DNR002239,Priya Patel,Male,26,A+,9515358505,Delhi,Delhi,09-07-2023,No
DNR002240,Neha Iyer,Female,34,B+,9129318365,Nagpur,Maharashtra,16-11-2020,Yes
DNR002241,Aarav Sharma,Male,44,A+,9989806932,Bengaluru,Karnataka,15-10-2024,Yes
DNR002242,Rahul Verma,Female,45,B+,8581893992,Kanpur,Uttar Pradesh,20-09-2025,No
DNR002243,Aarav Sharma,Female,34,B+,8821292487,Chennai,Tamil Nadu,08-04-2025,Yes
DNR002244,Neha Iyer,Male,18,O+,9663320599,Surat,Gujarat,02-08-2025,Yes
DNR002245,Rohan Mehta,Female,37,AB+,7740978581,Surat,Gujarat,19-11-2023,No
DNR002246,Kunal Desai,Male,29,A+,8201989765,Jaipur,Rajasthan,17-03-2025,No
DNR002247,Sneha Joshi,Female,37,A+,8746809503,Bhopal,Madhya Pradesh,19-03-2025,No
DNR002248,Rahul Verma,Male,21,A-,8948413463,Mohali,Punjab,21-05-2025,Yes
DNR002249,Rahul Verma,Female,29,O+,9631110392,Hyderabad,Telangana,05-11-2025,No
DNR002250,Sneha Joshi,Female,35,AB+,9925785695,Bhopal,Madhya Pradesh,30-10-2025,Yes
DNR002251,Vikram Singh,Female,42,A+,7070640491,Jaipur,Rajasthan,25-06-2022,No
DNR002252,Kunal Desai,Female,38,B+,8328555458,Lucknow,Uttar Pradesh,09-08-2021,No
DNR002253,Vikram Singh,Male,18,O+,8303826438,Bengaluru,Karnataka,18-08-2021,Yes
DNR002254,Rahul Verma,Female,58,A+,7674923174,Ahmedabad,Gujarat,31-08-2022,No
DNR002255,Neha Iyer,Male,31,B+,8988910731,Surat,Gujarat,24-06-2024,Yes
DNR002256,Pooja Nair,Female,26,O+,8175921374,Kolkata,West Bengal,20-09-2023,Yes
DNR002257,Pooja Nair,Male,56,O+,7866287184,Visakhapatnam,Andhra Pradesh,10-09-2022,Yes
DNR002258,Kunal Desai,Male,18,B+,7368879335,Hyderabad,Telangana,08-10-2023,Yes
DNR002259,Rohan Mehta,Male,33,B+,9871700186,Ahmedabad,Gujarat,07-01-2025,Yes
DNR002260,Kunal Desai,Male,45,B+,8390256612,Lucknow,Uttar Pradesh,29-07-2025,No
DNR002261,Rohan Mehta,Male,35,B+,9680301631,Delhi,Delhi,04-09-2023,Yes
DNR002262,Sneha Joshi,Male,49,B+,9124914476,Jaipur,Rajasthan,30-10-2024,Yes
DNR002263,Priya Patel,Male,34,O-,9103564429,Ahmedabad,Gujarat,04-02-2024,No
DNR002264,Neha Iyer,Male,31,O+,8392876422,Hyderabad,Telangana,25-07-2025,No
DNR002265,Sneha Joshi,Male,41,B+,9116016657,Mohali,Punjab,03-09-2024,Yes
DNR002266,Neha Iyer,Female,33,B+,8506815340,Bhopal,Madhya Pradesh,22-12-2024,Yes
DNR002267,Rohan Mehta,Female,19,B+,7333389450,Vadodara,Gujarat,03-11-2025,No
DNR002268,Aarav Sharma,Male,29,A+,8298198912,Bhopal,Madhya Pradesh,18-10-2025,Yes
DNR002269,Aarav Sharma,Male,39,AB+,7416136016,Bengaluru,Karnataka,27-05-2022,Yes
DNR002270,Pooja Nair,Female,36,O-,9085201289,Bhopal,Madhya Pradesh,31-10-2024,Yes
DNR002271,Vikram Singh,Female,47,O+,7586764076,Hyderabad,Telangana,17-05-2025,Yes
DNR002272,Vikram Singh,Male,18,B+,7125144998,Visakhapatnam,Andhra Pradesh,15-06-2024,Yes
DNR002273,Sneha Joshi,Female,29,B+,7393183865,Patna,Bihar,27-11-2021,Yes
DNR002274,Rohan Mehta,Female,35,O+,7530583781,Visakhapatnam,Andhra Pradesh,04-09-2024,No
DNR002275,Vikram Singh,Male,48,O+,8239835341,Nagpur,Maharashtra,12-06-2024,Yes
DNR002276,Vikram Singh,Male,34,A+,9968905985,Mohali,Punjab,07-09-2024,Yes
DNR002277,Rahul Verma,Female,34,B-,9705875495,Kanpur,Uttar Pradesh,20-09-2024,No
DNR002278,Rahul Verma,Female,43,A+,7802778057,Mumbai,Maharashtra,30-11-2021,Yes
DNR002279,Pooja Nair,Female,28,A+,9942544037,Hyderabad,Telangana,20-01-2025,No
DNR002280,Ananya Kapoor,Male,36,O+,8156793592,Mohali,Punjab,26-01-2024,Yes
DNR002281,Vikram Singh,Female,40,B+,9374452714,Pune,Maharashtra,12-03-2025,No
DNR002282,Ananya Kapoor,Female,37,O+,8087856024,Mumbai,Maharashtra,16-11-2023,No
DNR002283,Vikram Singh,Female,35,A+,9967694974,Kanpur,Uttar Pradesh,09-07-2025,Yes
DNR002284,Aarav Sharma,Female,31,O+,9339294001,Delhi,Delhi,06-10-2025,Yes
DNR002285,Kunal Desai,Female,26,O+,7424627209,Lucknow,Uttar Pradesh,15-05-2022,Yes
DNR002286,Kunal Desai,Male,43,B+,9437077477,Surat,Gujarat,28-06-2025,No
DNR002287,Aarav Sharma,Female,24,O+,8031272392,Pune,Maharashtra,22-07-2025,Yes
DNR002288,Vikram Singh,Male,24,AB+,7974653984,Hyderabad,Telangana,26-03-2025,Yes
DNR002289,Ananya Kapoor,Female,46,A+,8915641735,Patna,Bihar,26-07-2024,Yes
DNR002290,Rahul Verma,Female,39,O+,9718313153,Mumbai,Maharashtra,Never,Yes
DNR002291,Kunal Desai,Male,46,O+,9309638974,Chennai,Tamil Nadu,28-05-2025,Yes
DNR002292,Ananya Kapoor,Male,26,B+,9333863590,Nagpur,Maharashtra,17-01-2022,Yes
DNR002293,Rohan Mehta,Female,18,B+,8998001788,Ahmedabad,Gujarat,26-09-2025,Yes
DNR002294,Pooja Nair,Female,36,A+,9186496760,Jaipur,Rajasthan,25-07-2024,Yes
DNR002295,Pooja Nair,Female,19,B+,9937070520,Surat,Gujarat,28-09-2025,No
DNR002296,Rohan Mehta,Female,43,O+,9795733757,Gurgaon,Haryana,11-09-2025,No
DNR002297,Kunal Desai,Male,44,O+,7771314489,Lucknow,Uttar Pradesh,25-08-2025,Yes
DNR002298,Vikram Singh,Female,28,O+,8254880999,Mumbai,Maharashtra,02-02-2024,Yes
DNR002299,Sneha Joshi,Female,27,A+,7453335942,Nagpur,Maharashtra,05-10-2025,No
DNR002300,Neha Iyer,Female,31,B+,9663650411,Hyderabad,Telangana,08-11-2020,Yes
DNR002301,Ananya Kapoor,Female,32,A+,8554298885,Patna,Bihar,29-08-2025,No
DNR002302,Pooja Nair,Male,20,B-,9809684263,Gurgaon,Haryana,11-04-2025,Yes
DNR002303,Kunal Desai,Male,37,AB+,7306201416,Visakhapatnam,Andhra Pradesh,08-11-2020,Yes
DNR002304,Ananya Kapoor,Male,18,O+,9503330121,Gurgaon,Haryana,23-09-2024,Yes
DNR002305,Pooja Nair,Female,18,O+,9789515548,Thiruvananthapuram,Kerala,01-08-2024,No
DNR002306,Sneha Joshi,Male,47,O+,7797718044,Mohali,Punjab,02-08-2025,No
DNR002307,Sneha Joshi,Male,27,O-,9097071151,Bhopal,Madhya Pradesh,20-01-2025,Yes
DNR002308,Sneha Joshi,Male,44,O-,7980109164,Mumbai,Maharashtra,25-10-2024,Yes
DNR002309,Rohan Mehta,Female,41,B+,7447175618,Bengaluru,Karnataka,17-04-2022,Yes
DNR002310,Rahul Verma,Male,31,O+,7946042066,Mumbai,Maharashtra,16-10-2025,No
DNR002311,Neha Iyer,Female,44,B+,7173394916,Bhopal,Madhya Pradesh,17-10-2022,Yes
DNR002312,Rahul Verma,Male,50,B+,9767960038,Pune,Maharashtra,13-12-2024,Yes
DNR002313,Priya Patel,Female,18,A+,7745220679,Thiruvananthapuram,Kerala,21-06-2023,No
DNR002314,Priya Patel,Female,18,A+,8567063747,Pune,Maharashtra,20-03-2021,Yes
DNR002315,Pooja Nair,Male,18,AB+,9342085904,Visakhapatnam,Andhra Pradesh,07-11-2025,Yes
DNR002316,Aarav Sharma,Other,35,O+,9516795836,Ahmedabad,Gujarat,24-07-2024,Yes
DNR002317,Vikram Singh,Female,31,O+,8642916147,Mumbai,Maharashtra,19-10-2025,Yes
DNR002318,Rohan Mehta,Female,48,B+,7234981055,Lucknow,Uttar Pradesh,06-05-2025,Yes
DNR002319,Ananya Kapoor,Male,51,O+,8549074836,Chennai,Tamil Nadu,26-09-2025,Yes
DNR002320,Neha Iyer,Male,40,A+,7821513556,Ahmedabad,Gujarat,28-05-2021,Yes
DNR002321,Rahul Verma,Male,21,AB-,7664853023,Delhi,Delhi,10-03-2022,Yes
DNR002322,Priya Patel,Male,41,O+,8733302567,Bengaluru,Karnataka,05-10-2023,Yes
DNR002323,Priya Patel,Male,34,A+,8468055968,Patna,Bihar,14-05-2025,Yes
DNR002324,Neha Iyer,Female,43,AB+,9352797492,Mohali,Punjab,19-10-2025,Yes
DNR002325,Sneha Joshi,Male,38,B+,8224978333,Visakhapatnam,Andhra Pradesh,08-01-2024,Yes
DNR002326,Rahul Verma,Female,30,B+,9176451069,Nagpur,Maharashtra,22-02-2022,Yes
DNR002327,Neha Iyer,Female,49,O+,8826610767,Bengaluru,Karnataka,27-09-2022,Yes
DNR002328,Rahul Verma,Male,23,O+,8577235165,Bengaluru,Karnataka,20-12-2023,No
DNR002329,Aarav Sharma,Female,30,A+,9194642623,Mohali,Punjab,28-01-2025,No
DNR002330,Pooja Nair,Male,36,O+,9333179258,Visakhapatnam,Andhra Pradesh,17-10-2025,Yes
DNR002331,Ananya Kapoor,Male,23,O+,7096413025,Pune,Maharashtra,15-07-2025,Yes
DNR002332,Rahul Verma,Female,29,A+,8358472998,Delhi,Delhi,10-10-2025,Yes
DNR002333,Priya Patel,Male,18,B-,8661726022,Vadodara,Gujarat,09-07-2025,Yes
DNR002334,Rahul Verma,Female,25,O+,9631027309,Mumbai,Maharashtra,06-09-2024,Yes
DNR002335,Pooja Nair,Male,47,B+,8869710716,Bhopal,Madhya Pradesh,10-09-2023,Yes
DNR002336,Pooja Nair,Female,31,A+,8758476189,Vadodara,Gujarat,24-01-2025,Yes
DNR002337,Kunal Desai,Male,46,B+,7457690946,Pune,Maharashtra,12-10-2025,Yes
DNR002338,Sneha Joshi,Female,43,B+,9749297687,Visakhapatnam,Andhra Pradesh,07-09-2023,No
DNR002339,Sneha Joshi,Male,20,A+,9177039309,Visakhapatnam,Andhra Pradesh,11-12-2023,Yes
DNR002340,Sneha Joshi,Male,22,O+,9175427095,Vadodara,Gujarat,12-05-2022,Yes
DNR002341,Pooja Nair,Female,27,B+,8725993518,Bhopal,Madhya Pradesh,24-05-2025,No
DNR002342,Priya Patel,Male,38,B+,8341247070,Nagpur,Maharashtra,08-11-2020,Yes
DNR002343,Sneha Joshi,Female,41,B+,7018237065,Delhi,Delhi,05-10-2025,No
DNR002344,Rohan Mehta,Female,51,O+,9539626549,Kolkata,West Bengal,31-10-2025,Yes
DNR002345,Ananya Kapoor,Female,24,B+,7894291294,Kanpur,Uttar Pradesh,25-08-2023,Yes
DNR002346,Rohan Mehta,Male,38,B+,7704166372,Vadodara,Gujarat,14-05-2024,Yes
DNR002347,Neha Iyer,Female,25,O+,7515197054,Jaipur,Rajasthan,02-08-2025,Yes
DNR002348,Sneha Joshi,Female,28,O+,7746406991,Visakhapatnam,Andhra Pradesh,06-09-2025,No
DNR002349,Neha Iyer,Male,43,B+,7749822577,Bhopal,Madhya Pradesh,16-06-2025,Yes
DNR002350,Pooja Nair,Other,24,O+,7400375823,Ahmedabad,Gujarat,26-10-2025,Yes
DNR002351,Pooja Nair,Female,44,A+,9585627006,Chennai,Tamil Nadu,08-03-2021,No
DNR002352,Sneha Joshi,Male,18,O+,7363064799,Pune,Maharashtra,20-02-2024,Yes
DNR002353,Ananya Kapoor,Male,31,B+,8380410580,Jaipur,Rajasthan,31-10-2025,Yes
DNR002354,Priya Patel,Male,39,B+,9487460021,Vadodara,Gujarat,10-10-2024,Yes
DNR002355,Rohan Mehta,Male,32,O+,9944427134,Bhopal,Madhya Pradesh,01-10-2025,No
DNR002356,Ananya Kapoor,Female,42,O+,7895631476,Hyderabad,Telangana,14-06-2022,Yes
DNR002357,Rohan Mehta,Male,52,A+,8815362136,Vadodara,Gujarat,31-12-2024,Yes
DNR002358,Vikram Singh,Female,34,A+,8164065335,Jaipur,Rajasthan,08-11-2020,Yes
DNR002359,Priya Patel,Male,25,B+,9270478038,Gurgaon,Haryana,29-03-2025,Yes
DNR002360,Kunal Desai,Female,23,O+,9826196043,Nagpur,Maharashtra,Never,Yes
DNR002361,Sneha Joshi,Male,44,O+,7728471978,Thiruvananthapuram,Kerala,19-06-2025,No
DNR002362,Aarav Sharma,Female,34,O+,7187003915,Mohali,Punjab,19-10-2022,No
DNR002363,Rohan Mehta,Male,41,B+,9124678095,Jaipur,Rajasthan,07-01-2025,Yes
DNR002364,Sneha Joshi,Female,30,B+,8294144773,Bengaluru,Karnataka,06-11-2025,No
DNR002365,Neha Iyer,Male,19,B-,8436371412,Surat,Gujarat,07-11-2025,Yes
DNR002366,Priya Patel,Female,27,B+,7336761484,Visakhapatnam,Andhra Pradesh,08-11-2020,Yes
DNR002367,Pooja Nair,Female,37,B+,9911634771,Patna,Bihar,31-08-2025,Yes
DNR002368,Aarav Sharma,Female,47,B+,8642612658,Thiruvananthapuram,Kerala,11-09-2023,No
DNR002369,Aarav Sharma,Female,26,A+,8825332283,Nagpur,Maharashtra,03-02-2024,No
DNR002370,Kunal Desai,Female,32,O-,7463011646,Chennai,Tamil Nadu,07-10-2025,Yes
DNR002371,Priya Patel,Male,45,A+,9656784438,Kolkata,West Bengal,20-01-2025,Yes
DNR002372,Vikram Singh,Female,33,O+,9919179339,Bhopal,Madhya Pradesh,06-06-2025,Yes
DNR002373,Vikram Singh,Female,23,B+,7344193078,Bhopal,Madhya Pradesh,22-02-2021,No
DNR002374,Ananya Kapoor,Female,18,A+,9854423725,Mohali,Punjab,Never,Yes
DNR002375,Neha Iyer,Male,47,B+,9168788964,Jaipur,Rajasthan,08-11-2020,Yes
DNR002376,Priya Patel,Male,31,O+,7083667853,Hyderabad,Telangana,18-11-2024,Yes
DNR002377,Kunal Desai,Male,31,B+,9504667023,Mumbai,Maharashtra,10-06-2022,No
DNR002378,Ananya Kapoor,Male,22,B+,8872039132,Chennai,Tamil Nadu,15-02-2023,Yes
DNR002379,Neha Iyer,Male,24,AB-,9363977481,Patna,Bihar,28-01-2025,Yes
DNR002380,Pooja Nair,Male,29,AB-,8950561589,Vadodara,Gujarat,06-02-2025,Yes
DNR002381,Kunal Desai,Male,40,B+,9948043633,Lucknow,Uttar Pradesh,04-09-2025,No
DNR002382,Pooja Nair,Male,47,AB-,7696344229,Surat,Gujarat,02-09-2024,Yes
DNR002383,Aarav Sharma,Male,36,A+,9535697400,Kolkata,West Bengal,17-03-2024,No
DNR002384,Neha Iyer,Female,26,B+,8273081405,Visakhapatnam,Andhra Pradesh,29-06-2025,Yes
DNR002385,Kunal Desai,Female,18,O+,7613736192,Lucknow,Uttar Pradesh,25-02-2025,Yes
DNR002386,Kunal Desai,Male,45,O+,8096728679,Jaipur,Rajasthan,06-07-2025,Yes
DNR002387,Sneha Joshi,Male,34,B+,8176000870,Thiruvananthapuram,Kerala,08-03-2025,No
DNR002388,Vikram Singh,Male,35,B-,9756214834,Nagpur,Maharashtra,31-08-2023,Yes
DNR002389,Vikram Singh,Female,58,B+,8780797594,Ahmedabad,Gujarat,18-04-2022,Yes
DNR002390,Pooja Nair,Male,22,O+,9257222392,Mumbai,Maharashtra,14-05-2024,No
DNR002391,Pooja Nair,Female,38,O+,8998531141,Delhi,Delhi,Never,No
DNR002392,Vikram Singh,Female,46,O+,7735141730,Kolkata,West Bengal,09-03-2025,No
DNR002393,Priya Patel,Female,38,O+,9632838240,Visakhapatnam,Andhra Pradesh,23-03-2025,Yes
DNR002394,Rahul Verma,Male,25,A+,7329900769,Chennai,Tamil Nadu,29-11-2022,No
DNR002395,Rahul Verma,Female,27,O-,8380990646,Delhi,Delhi,27-05-2025,No
DNR002396,Rohan Mehta,Male,46,A+,7060892491,Gurgaon,Haryana,31-10-2025,Yes
DNR002397,Sneha Joshi,Female,23,B+,8925857540,Vadodara,Gujarat,20-02-2024,No
DNR002398,Aarav Sharma,Female,18,B+,7662719195,Delhi,Delhi,20-09-2024,No
DNR002399,Rahul Verma,Female,18,O+,9281364509,Nagpur,Maharashtra,03-04-2025,No
DNR002400,Sneha Joshi,Male,47,B+,9770762018,Hyderabad,Telangana,15-06-2025,Yes
DNR002401,Vikram Singh,Male,31,A+,8315534795,Hyderabad,Telangana,04-10-2024,Yes
DNR002402,Priya Patel,Male,43,B+,8318583575,Pune,Maharashtra,12-01-2023,No
DNR002403,Priya Patel,Female,18,O+,8965903289,Hyderabad,Telangana,08-11-2020,No
DNR002404,Sneha Joshi,Female,34,A+,7592557045,Hyderabad,Telangana,26-01-2021,Yes
DNR002405,Priya Patel,Female,40,A+,8807354496,Kolkata,West Bengal,03-09-2022,No
DNR002406,Kunal Desai,Female,23,O+,8188472404,Jaipur,Rajasthan,21-09-2023,No
DNR002407,Kunal Desai,Female,26,A+,9938546395,Patna,Bihar,24-10-2023,No
DNR002408,Priya Patel,Female,38,A-,7395051857,Mumbai,Maharashtra,09-05-2025,Yes
DNR002409,Vikram Singh,Female,26,B+,9399491574,Mumbai,Maharashtra,15-01-2025,Yes
DNR002410,Ananya Kapoor,Female,43,A+,9375765841,Mohali,Punjab,10-10-2023,Yes
DNR002411,Pooja Nair,Male,30,O+,8100142450,Lucknow,Uttar Pradesh,15-04-2025,Yes
DNR002412,Rohan Mehta,Male,32,O+,7511653157,Thiruvananthapuram,Kerala,24-04-2025,Yes
DNR002413,Rahul Verma,Female,32,A+,8380367026,Chennai,Tamil Nadu,08-01-2022,No
DNR002414,Kunal Desai,Female,34,B+,9991541738,Delhi,Delhi,27-10-2024,No
DNR002415,Aarav Sharma,Male,26,O+,9810791065,Nagpur,Maharashtra,19-05-2024,Yes
DNR002416,Vikram Singh,Male,40,O+,7568201425,Lucknow,Uttar Pradesh,05-11-2023,Yes
DNR002417,Ananya Kapoor,Male,37,B+,9164811846,Pune,Maharashtra,16-10-2025,Yes
DNR002418,Pooja Nair,Female,41,O-,9634851354,Gurgaon,Haryana,03-10-2025,Yes
DNR002419,Sneha Joshi,Male,39,O+,7538503615,Ahmedabad,Gujarat,25-08-2025,Yes
DNR002420,Neha Iyer,Male,37,A+,8065172757,Patna,Bihar,22-09-2025,Yes
DNR002421,Ananya Kapoor,Male,38,O+,9766064164,Kanpur,Uttar Pradesh,07-05-2025,Yes
DNR002422,Rohan Mehta,Male,26,B+,9835903053,Delhi,Delhi,Never,Yes
DNR002423,Aarav Sharma,Female,43,AB+,8455457879,Patna,Bihar,22-07-2022,Yes
DNR002424,Neha Iyer,Female,49,B+,8449879675,Jaipur,Rajasthan,Never,Yes
DNR002425,Kunal Desai,Male,39,O+,8638454696,Delhi,Delhi,08-08-2025,No
DNR002426,Vikram Singh,Female,42,AB+,8894557360,Patna,Bihar,08-11-2020,No
DNR002427,Rohan Mehta,Female,27,A+,7078234949,Mohali,Punjab,Never,Yes
DNR002428,Pooja Nair,Male,18,B+,7619880095,Kolkata,West Bengal,23-12-2023,Yes
DNR002429,Kunal Desai,Female,32,O+,7157795568,Hyderabad,Telangana,08-11-2020,No
DNR002430,Sneha Joshi,Female,36,O+,9604346784,Delhi,Delhi,14-07-2025,Yes
DNR002431,Kunal Desai,Male,19,B+,8641266039,Lucknow,Uttar Pradesh,27-05-2025,Yes
DNR002432,Kunal Desai,Male,41,O+,9956420960,Patna,Bihar,16-02-2024,No
DNR002433,Priya Patel,Male,24,O+,9420754768,Jaipur,Rajasthan,21-11-2024,No
DNR002434,Vikram Singh,Male,30,O+,8603759915,Jaipur,Rajasthan,23-10-2024,Yes
DNR002435,Kunal Desai,Female,47,O+,9748227902,Bengaluru,Karnataka,10-12-2023,No
DNR002436,Neha Iyer,Female,32,B+,7901224994,Mohali,Punjab,03-04-2024,No
DNR002437,Kunal Desai,Female,41,O+,9173239187,Lucknow,Uttar Pradesh,19-03-2025,No
DNR002438,Vikram Singh,Male,33,A+,9532723738,Kolkata,West Bengal,21-12-2024,Yes
DNR002439,Neha Iyer,Female,33,O+,7941980015,Nagpur,Maharashtra,31-01-2022,No
DNR002440,Rahul Verma,Male,50,B-,9556404602,Mohali,Punjab,07-09-2022,Yes
DNR002441,Neha Iyer,Female,24,O+,8093945578,Mohali,Punjab,25-10-2025,No
DNR002442,Ananya Kapoor,Female,39,O+,9931028467,Bengaluru,Karnataka,05-12-2023,No
DNR002443,Rahul Verma,Other,24,A+,8572237488,Lucknow,Uttar Pradesh,24-04-2024,No
DNR002444,Ananya Kapoor,Male,42,O+,8235318812,Gurgaon,Haryana,01-12-2024,Yes
DNR002445,Kunal Desai,Female,31,O+,9485829853,Hyderabad,Telangana,04-06-2025,Yes
DNR002446,Kunal Desai,Male,34,A-,9762225569,Hyderabad,Telangana,28-09-2025,Yes
DNR002447,Rohan Mehta,Female,35,O+,8484755441,Thiruvananthapuram,Kerala,25-09-2025,Yes
DNR002448,Ananya Kapoor,Male,29,O-,8449108220,Ahmedabad,Gujarat,06-11-2025,Yes
DNR002449,Rohan Mehta,Female,29,B+,8582614922,Bengaluru,Karnataka,01-04-2024,No
DNR002450,Ananya Kapoor,Female,42,B+,8499800428,Nagpur,Maharashtra,31-12-2024,Yes
DNR002451,Rahul Verma,Male,39,O-,7645936617,Pune,Maharashtra,21-07-2025,Yes
DNR002452,Rahul Verma,Female,46,B+,9181761076,Kanpur,Uttar Pradesh,02-08-2025,No
DNR002453,Kunal Desai,Male,33,O+,9889927481,Surat,Gujarat,08-10-2025,Yes
DNR002454,Rohan Mehta,Male,41,O+,7194851334,Surat,Gujarat,28-02-2025,Yes
DNR002455,Vikram Singh,Female,18,A+,8288888894,Pune,Maharashtra,Never,No
DNR002456,Pooja Nair,Female,35,B+,8107341145,Mohali,Punjab,31-08-2025,Yes
DNR002457,Kunal Desai,Female,35,O+,7460694781,Mumbai,Maharashtra,26-08-2025,Yes
DNR002458,Ananya Kapoor,Female,37,O+,7549963457,Kanpur,Uttar Pradesh,27-09-2024,Yes
DNR002459,Vikram Singh,Male,18,O+,9048281924,Lucknow,Uttar Pradesh,08-11-2020,Yes
DNR002460,Neha Iyer,Female,30,A+,9311706711,Nagpur,Maharashtra,12-06-2025,No
DNR002461,Priya Patel,Male,18,A+,9923163162,Pune,Maharashtra,18-10-2025,Yes
DNR002462,Sneha Joshi,Female,21,A+,8791559486,Nagpur,Maharashtra,24-05-2025,Yes
DNR002463,Neha Iyer,Male,20,B+,9580743214,Mohali,Punjab,20-10-2021,Yes
DNR002464,Neha Iyer,Male,43,O+,7830692706,Delhi,Delhi,03-07-2025,No
DNR002465,Priya Patel,Female,40,O+,8302460387,Lucknow,Uttar Pradesh,03-05-2025,Yes
DNR002466,Rahul Verma,Female,35,A+,8320131912,Delhi,Delhi,30-05-2025,No
DNR002467,Pooja Nair,Female,27,B+,9937271344,Pune,Maharashtra,17-01-2025,No
DNR002468,Rohan Mehta,Male,35,O+,7785095425,Kanpur,Uttar Pradesh,06-07-2025,Yes
DNR002469,Ananya Kapoor,Female,37,B+,8009676335,Kanpur,Uttar Pradesh,17-12-2021,No
DNR002470,Neha Iyer,Male,32,B+,9205217129,Thiruvananthapuram,Kerala,21-12-2023,No
DNR002471,Rohan Mehta,Male,18,O-,8301734034,Gurgaon,Haryana,31-10-2025,Yes
DNR002472,Vikram Singh,Female,24,AB+,8150683822,Mohali,Punjab,Never,Yes
DNR002473,Ananya Kapoor,Female,49,O+,7699875392,Nagpur,Maharashtra,28-07-2023,Yes
DNR002474,Rahul Verma,Female,32,B+,9669676513,Bengaluru,Karnataka,17-01-2024,Yes
DNR002475,Aarav Sharma,Female,47,O+,9827187868,Bengaluru,Karnataka,08-09-2024,No
DNR002476,Pooja Nair,Male,29,A+,9794718202,Thiruvananthapuram,Kerala,07-03-2025,No
DNR002477,Rahul Verma,Male,50,O+,8867337263,Bengaluru,Karnataka,08-09-2023,Yes
DNR002478,Vikram Singh,Female,18,O+,7603892106,Chennai,Tamil Nadu,08-11-2020,Yes
DNR002479,Sneha Joshi,Female,46,O+,8380859060,Vadodara,Gujarat,12-02-2025,No
DNR002480,Ananya Kapoor,Female,25,O+,9568365622,Jaipur,Rajasthan,14-07-2023,Yes
DNR002481,Priya Patel,Female,45,O+,7269307904,Patna,Bihar,29-05-2025,Yes
DNR002482,Aarav Sharma,Male,33,B+,9874300234,Ahmedabad,Gujarat,24-12-2024,No
DNR002483,Rahul Verma,Male,38,O+,8455548954,Ahmedabad,Gujarat,27-05-2022,No
DNR002484,Vikram Singh,Male,46,O+,8356651478,Thiruvananthapuram,Kerala,15-09-2024,Yes
DNR002485,Neha Iyer,Female,18,B+,7083022361,Kolkata,West Bengal,24-03-2025,Yes
DNR002486,Kunal Desai,Male,40,A+,9659390479,Chennai,Tamil Nadu,02-03-2025,No
DNR002487,Sneha Joshi,Female,37,B+,9974755847,Bhopal,Madhya Pradesh,06-06-2025,Yes
DNR002488,Aarav Sharma,Male,33,A+,8942305200,Gurgaon,Haryana,01-08-2022,Yes
DNR002489,Aarav Sharma,Female,42,A+,9207534782,Kolkata,West Bengal,14-04-2023,Yes
DNR002490,Vikram Singh,Female,35,O+,7130047145,Delhi,Delhi,20-12-2023,No
DNR002491,Ananya Kapoor,Female,45,A+,9395870636,Chennai,Tamil Nadu,02-10-2025,Yes
DNR002492,Neha Iyer,Male,40,O+,9973781838,Bhopal,Madhya Pradesh,06-02-2025,Yes
DNR002493,Aarav Sharma,Male,33,O+,9398649563,Vadodara,Gujarat,07-07-2025,Yes
DNR002494,Pooja Nair,Female,45,A+,7669898888,Visakhapatnam,Andhra Pradesh,Never,Yes
DNR002495,Aarav Sharma,Female,35,O+,7164609487,Lucknow,Uttar Pradesh,17-08-2025,Yes
DNR002496,Priya Patel,Female,18,A+,7711064669,Visakhapatnam,Andhra Pradesh,25-02-2024,Yes
DNR002497,Rohan Mehta,Male,61,B+,7661637518,Chennai,Tamil Nadu,12-04-2025,Yes
DNR002498,Sneha Joshi,Female,41,B+,9439359985,Hyderabad,Telangana,31-08-2024,No
DNR002499,Aarav Sharma,Female,39,O+,7291417080,Delhi,Delhi,19-07-2021,No
DNR002500,Rohan Mehta,Female,28,O+,9770013369,Surat,Gujarat,Never,Yes
DNR002501,Rohan Mehta,Male,18,O+,9886547832,Lucknow,Uttar Pradesh,11-03-2025,Yes
DNR002502,Rohan Mehta,Male,32,O+,9773633409,Bengaluru,Karnataka,27-03-2025,No
DNR002503,Sneha Joshi,Male,34,B+,8325480210,Nagpur,Maharashtra,30-11-2024,Yes
DNR002504,Vikram Singh,Male,36,A+,8939033833,Ahmedabad,Gujarat,17-01-2025,Yes
DNR002505,Neha Iyer,Female,24,O+,7145276469,Gurgaon,Haryana,23-10-2025,No
DNR002506,Priya Patel,Female,18,A+,9569108379,Thiruvananthapuram,Kerala,31-08-2022,Yes
DNR002507,Rohan Mehta,Male,40,O+,8255091416,Kanpur,Uttar Pradesh,08-11-2020,No
DNR002508,Priya Patel,Female,18,A+,8512535678,Nagpur,Maharashtra,30-07-2025,No
DNR002509,Sneha Joshi,Male,30,O+,8398983180,Mumbai,Maharashtra,08-11-2020,Yes
DNR002510,Vikram Singh,Male,25,O+,7643131657,Surat,Gujarat,28-12-2024,Yes
DNR002511,Neha Iyer,Female,38,A+,8842611752,Thiruvananthapuram,Kerala,25-11-2024,Yes
DNR002512,Priya Patel,Male,42,O+,8055543645,Delhi,Delhi,19-02-2023,Yes
DNR002513,Pooja Nair,Male,37,O+,7729982324,Thiruvananthapuram,Kerala,09-06-2025,Yes
DNR002514,Rahul Verma,Female,42,B+,7904799241,Jaipur,Rajasthan,16-08-2023,Yes
DNR002515,Priya Patel,Male,40,A+,7947324877,Vadodara,Gujarat,24-02-2025,Yes
DNR002516,Neha Iyer,Female,31,O+,9035150124,Mohali,Punjab,06-07-2021,No
DNR002517,Ananya Kapoor,Female,24,A+,8632368652,Surat,Gujarat,29-04-2022,Yes
DNR002518,Ananya Kapoor,Male,21,O+,9569003796,Kanpur,Uttar Pradesh,30-07-2023,Yes
DNR002519,Priya Patel,Male,21,O+,9298456891,Pune,Maharashtra,12-05-2024,Yes
DNR002520,Aarav Sharma,Female,23,A+,7021302461,Visakhapatnam,Andhra Pradesh,23-06-2024,Yes
DNR002521,Priya Patel,Female,31,B-,8937732091,Lucknow,Uttar Pradesh,22-08-2023,Yes
DNR002522,Aarav Sharma,Male,24,A+,9288105411,Thiruvananthapuram,Kerala,21-07-2025,Yes
DNR002523,Aarav Sharma,Female,31,A-,9451468523,Ahmedabad,Gujarat,20-10-2025,No
DNR002524,Aarav Sharma,Male,33,O+,7983915340,Nagpur,Maharashtra,27-11-2023,No
DNR002525,Pooja Nair,Female,28,A+,7657976230,Hyderabad,Telangana,14-04-2025,Yes
DNR002526,Rahul Verma,Male,26,O+,7446335418,Pune,Maharashtra,03-02-2023,No
DNR002527,Pooja Nair,Male,28,O+,9507338644,Patna,Bihar,27-10-2021,Yes
DNR002528,Sneha Joshi,Female,23,B+,7907937976,Ahmedabad,Gujarat,13-08-2025,No
DNR002529,Rahul Verma,Male,19,B+,7989833525,Mohali,Punjab,13-11-2022,No
DNR002530,Rohan Mehta,Male,31,O+,7901216288,Pune,Maharashtra,22-05-2025,Yes
DNR002531,Neha Iyer,Male,53,B+,9757574448,Pune,Maharashtra,05-11-2025,Yes
DNR002532,Kunal Desai,Male,32,A+,7913604939,Pune,Maharashtra,17-07-2025,Yes
DNR002533,Priya Patel,Male,45,O+,7784978656,Kanpur,Uttar Pradesh,13-08-2022,Yes
DNR002534,Rahul Verma,Male,38,B+,9293023214,Kolkata,West Bengal,08-09-2024,Yes
DNR002535,Sneha Joshi,Male,18,B+,9173425492,Bengaluru,Karnataka,31-10-2025,Yes
DNR002536,Kunal Desai,Female,44,B+,7340436997,Kanpur,Uttar Pradesh,02-12-2023,Yes
DNR002537,Aarav Sharma,Female,40,B+,7628467374,Lucknow,Uttar Pradesh,09-01-2025,Yes
DNR002538,Kunal Desai,Female,53,O+,8973618580,Bengaluru,Karnataka,22-10-2024,Yes
DNR002539,Sneha Joshi,Male,35,B+,9645023207,Gurgaon,Haryana,05-11-2023,Yes
DNR002540,Ananya Kapoor,Male,18,B+,9336591067,Ahmedabad,Gujarat,25-12-2024,Yes
DNR002541,Rohan Mehta,Male,33,O-,8113501786,Ahmedabad,Gujarat,27-01-2025,No
DNR002542,Vikram Singh,Female,36,B+,7718784643,Jaipur,Rajasthan,06-10-2025,No
DNR002543,Kunal Desai,Male,36,O+,8713312080,Jaipur,Rajasthan,06-10-2023,Yes
DNR002544,Kunal Desai,Female,30,A+,9640269898,Mumbai,Maharashtra,18-06-2023,No
DNR002545,Kunal Desai,Male,42,B+,9243622500,Patna,Bihar,09-09-2025,No
DNR002546,Rahul Verma,Female,38,B+,8193299672,Ahmedabad,Gujarat,Never,Yes
DNR002547,Ananya Kapoor,Male,55,O+,7481663523,Gurgaon,Haryana,29-08-2024,Yes
DNR002548,Rohan Mehta,Female,32,O+,8101017775,Gurgaon,Haryana,20-07-2022,Yes
DNR002549,Aarav Sharma,Female,38,A+,7820853053,Gurgaon,Haryana,18-03-2024,Yes
DNR002550,Neha Iyer,Female,26,A+,8859503776,Gurgaon,Haryana,08-11-2020,Yes
DNR002551,Ananya Kapoor,Female,30,B+,7459610401,Delhi,Delhi,06-04-2025,No
DNR002552,Priya Patel,Female,38,O+,9420204399,Kolkata,West Bengal,14-03-2025,Yes
DNR002553,Rahul Verma,Male,35,B+,9886429301,Bengaluru,Karnataka,29-08-2024,Yes
DNR002554,Sneha Joshi,Female,41,O-,8474452619,Delhi,Delhi,04-11-2025,Yes
DNR002555,Neha Iyer,Male,25,B+,7791465428,Gurgaon,Haryana,10-10-2022,Yes
DNR002556,Kunal Desai,Male,36,A+,8483336000,Surat,Gujarat,08-02-2025,Yes
DNR002557,Kunal Desai,Female,54,A+,9874707779,Nagpur,Maharashtra,13-02-2025,No
DNR002558,Rohan Mehta,Male,42,B+,7405899929,Ahmedabad,Gujarat,21-03-2025,Yes
DNR002559,Vikram Singh,Female,26,O+,9595241884,Nagpur,Maharashtra,07-09-2022,No
DNR002560,Pooja Nair,Male,39,O+,9968311323,Delhi,Delhi,31-07-2023,No
DNR002561,Vikram Singh,Male,41,B+,8718348952,Vadodara,Gujarat,14-08-2025,Yes
DNR002562,Vikram Singh,Female,39,B-,8660041200,Gurgaon,Haryana,17-10-2023,No
DNR002563,Priya Patel,Female,27,B+,9657836494,Ahmedabad,Gujarat,14-02-2025,Yes
DNR002564,Rohan Mehta,Female,43,O+,7753860638,Jaipur,Rajasthan,09-05-2024,No
DNR002565,Kunal Desai,Female,43,O+,8362649130,Nagpur,Maharashtra,10-02-2025,Yes
DNR002566,Pooja Nair,Female,25,O+,8004021657,Gurgaon,Haryana,22-07-2025,Yes
DNR002567,Pooja Nair,Female,18,A+,7958098971,Bhopal,Madhya Pradesh,08-11-2020,Yes
DNR002568,Rahul Verma,Female,34,B+,9468394318,Surat,Gujarat,29-06-2025,Yes
DNR002569,Sneha Joshi,Male,40,O+,7495008683,Hyderabad,Telangana,10-07-2024,No
DNR002570,Kunal Desai,Female,43,A+,9671773765,Pune,Maharashtra,22-05-2025,Yes
DNR002571,Pooja Nair,Male,32,B+,7555568954,Bengaluru,Karnataka,02-02-2022,No
DNR002572,Vikram Singh,Male,43,A+,8586922879,Patna,Bihar,25-06-2023,Yes
DNR002573,Rohan Mehta,Male,33,B+,7393546355,Bhopal,Madhya Pradesh,03-09-2023,Yes
DNR002574,Sneha Joshi,Female,31,O+,8591762880,Thiruvananthapuram,Kerala,17-10-2023,No
DNR002575,Sneha Joshi,Male,29,AB+,7239805456,Kolkata,West Bengal,11-03-2025,No
DNR002576,Ananya Kapoor,Female,21,AB+,7539195331,Bhopal,Madhya Pradesh,25-10-2025,No
DNR002577,Vikram Singh,Female,30,O-,8175285066,Gurgaon,Haryana,23-01-2023,Yes
DNR002578,Kunal Desai,Female,36,O+,7829638521,Surat,Gujarat,01-11-2025,No
DNR002579,Neha Iyer,Male,42,O+,9508646204,Kanpur,Uttar Pradesh,23-08-2024,No
DNR002580,Ananya Kapoor,Female,32,A+,7158566316,Mumbai,Maharashtra,05-08-2025,No
DNR002581,Sneha Joshi,Female,36,B+,7137615542,Bhopal,Madhya Pradesh,26-02-2024,No
DNR002582,Rahul Verma,Female,18,B+,9159685423,Gurgaon,Haryana,23-01-2025,No
DNR002583,Sneha Joshi,Male,43,B+,9071619684,Surat,Gujarat,13-11-2023,Yes
DNR002584,Pooja Nair,Female,33,B+,9908235482,Jaipur,Rajasthan,15-04-2025,Yes
DNR002585,Kunal Desai,Male,27,O+,7616933599,Mumbai,Maharashtra,09-12-2024,Yes
DNR002586,Aarav Sharma,Female,42,A+,7312570866,Visakhapatnam,Andhra Pradesh,28-03-2025,No
DNR002587,Neha Iyer,Male,42,O+,9732992400,Kolkata,West Bengal,16-06-2024,No
DNR002588,Sneha Joshi,Male,44,O+,8868903020,Chennai,Tamil Nadu,10-04-2025,Yes
DNR002589,Priya Patel,Female,36,O+,7086931138,Thiruvananthapuram,Kerala,16-11-2023,No
DNR002590,Neha Iyer,Male,39,B+,8307719386,Jaipur,Rajasthan,19-11-2022,Yes
DNR002591,Aarav Sharma,Male,29,A+,8782027809,Patna,Bihar,18-02-2023,Yes
DNR002592,Aarav Sharma,Female,31,O+,8287398905,Nagpur,Maharashtra,19-09-2024,No
DNR002593,Ananya Kapoor,Male,20,A+,8402883506,Pune,Maharashtra,08-04-2024,Yes
DNR002594,Sneha Joshi,Male,20,B+,7965470420,Kanpur,Uttar Pradesh,04-11-2024,Yes
DNR002595,Rahul Verma,Female,32,O+,8537065033,Kolkata,West Bengal,Never,Yes
DNR002596,Aarav Sharma,Male,23,O+,8821971288,Nagpur,Maharashtra,30-06-2025,Yes
DNR002597,Sneha Joshi,Male,41,AB+,7698479358,Lucknow,Uttar Pradesh,01-09-2025,No
DNR002598,Vikram Singh,Female,46,A+,8281133117,Ahmedabad,Gujarat,26-06-2022,No
DNR002599,Kunal Desai,Male,43,B+,8164701658,Bengaluru,Karnataka,09-10-2025,Yes
DNR002600,Priya Patel,Female,50,O+,9243988246,Vadodara,Gujarat,18-04-2023,No
DNR002601,Neha Iyer,Female,37,B+,7945015778,Pune,Maharashtra,24-09-2025,Yes
DNR002602,Rohan Mehta,Male,44,B+,8938324416,Ahmedabad,Gujarat,30-10-2025,Yes
DNR002603,Kunal Desai,Male,28,B+,8607006426,Kolkata,West Bengal,04-06-2025,Yes
DNR002604,Priya Patel,Male,27,B+,7304171718,Surat,Gujarat,16-12-2022,Yes
DNR002605,Neha Iyer,Female,27,O+,9815505712,Patna,Bihar,27-06-2021,No
DNR002606,Neha Iyer,Female,35,B+,9730704736,Vadodara,Gujarat,21-12-2022,Yes
DNR002607,Aarav Sharma,Female,27,O+,8927145455,Nagpur,Maharashtra,01-06-2025,No
DNR002608,Kunal Desai,Male,21,O+,9184867097,Ahmedabad,Gujarat,19-07-2022,Yes
DNR002609,Ananya Kapoor,Female,31,O+,7339924119,Lucknow,Uttar Pradesh,27-07-2025,Yes
DNR002610,Ananya Kapoor,Male,31,O+,8445897451,Surat,Gujarat,10-11-2023,No
DNR002611,Ananya Kapoor,Male,43,B+,9438350053,Mumbai,Maharashtra,29-12-2024,No
DNR002612,Rohan Mehta,Male,29,B+,7722341880,Lucknow,Uttar Pradesh,18-06-2024,Yes
DNR002613,Sneha Joshi,Female,41,A+,9544103441,Vadodara,Gujarat,17-04-2025,Yes
DNR002614,Vikram Singh,Male,58,A-,8935256669,Kanpur,Uttar Pradesh,06-02-2024,Yes
DNR002615,Kunal Desai,Female,27,O+,9617903125,Ahmedabad,Gujarat,09-11-2024,No
DNR002616,Priya Patel,Female,45,AB+,8705696927,Pune,Maharashtra,Never,No
DNR002617,Pooja Nair,Male,35,O+,7134489976,Bengaluru,Karnataka,29-04-2025,Yes
DNR002618,Rahul Verma,Male,31,O+,9003327907,Hyderabad,Telangana,08-11-2020,Yes
DNR002619,Sneha Joshi,Female,23,O+,9476755787,Kanpur,Uttar Pradesh,15-12-2024,Yes
DNR002620,Vikram Singh,Female,34,A-,7460716523,Patna,Bihar,03-07-2025,No
DNR002621,Pooja Nair,Female,36,B+,8536929401,Surat,Gujarat,21-08-2021,No
DNR002622,Rohan Mehta,Male,23,B+,9961203012,Kanpur,Uttar Pradesh,25-02-2025,Yes
DNR002623,Priya Patel,Female,24,A+,7815065678,Mumbai,Maharashtra,09-12-2024,No
DNR002624,Pooja Nair,Female,31,O+,7618163821,Kolkata,West Bengal,20-12-2023,Yes
DNR002625,Neha Iyer,Male,34,A+,9345482372,Gurgaon,Haryana,06-02-2023,Yes
DNR002626,Neha Iyer,Male,39,O+,8050084254,Jaipur,Rajasthan,25-09-2025,Yes
DNR002627,Neha Iyer,Female,25,O+,9738971874,Kolkata,West Bengal,05-10-2025,No
DNR002628,Vikram Singh,Female,44,B+,8686993042,Hyderabad,Telangana,03-09-2025,No
DNR002629,Aarav Sharma,Female,42,A-,7115091173,Thiruvananthapuram,Kerala,18-07-2024,Yes
DNR002630,Rohan Mehta,Male,45,B+,7438694570,Lucknow,Uttar Pradesh,09-02-2025,No
DNR002631,Kunal Desai,Male,30,B+,9145757716,Thiruvananthapuram,Kerala,25-08-2025,Yes
DNR002632,Vikram Singh,Female,43,B+,9010502937,Mohali,Punjab,18-05-2025,No
DNR002633,Vikram Singh,Male,33,B+,8360715010,Hyderabad,Telangana,08-11-2020,Yes
DNR002634,Rohan Mehta,Male,43,B+,9509202601,Nagpur,Maharashtra,10-07-2024,Yes
DNR002635,Sneha Joshi,Other,28,B+,7240990663,Jaipur,Rajasthan,23-09-2025,Yes
DNR002636,Neha Iyer,Male,33,A+,8759523162,Gurgaon,Haryana,08-11-2020,No
DNR002637,Neha Iyer,Male,45,A+,8861790559,Pune,Maharashtra,17-05-2025,No
DNR002638,Ananya Kapoor,Female,25,B+,9893607584,Thiruvananthapuram,Kerala,08-11-2020,Yes
DNR002639,Priya Patel,Female,18,B+,7404328918,Lucknow,Uttar Pradesh,14-01-2024,No
DNR002640,Sneha Joshi,Female,51,AB-,9241207472,Nagpur,Maharashtra,19-07-2023,Yes
DNR002641,Pooja Nair,Male,28,B+,7838603209,Bengaluru,Karnataka,18-10-2023,Yes
DNR002642,Vikram Singh,Female,38,O+,7479176249,Thiruvananthapuram,Kerala,23-06-2024,Yes
DNR002643,Aarav Sharma,Female,48,B+,8872071257,Ahmedabad,Gujarat,13-08-2025,Yes
DNR002644,Rahul Verma,Female,25,O+,8977029563,Visakhapatnam,Andhra Pradesh,07-02-2025,Yes
DNR002645,Ananya Kapoor,Male,45,O+,8786360756,Hyderabad,Telangana,16-12-2022,No
DNR002646,Aarav Sharma,Male,35,B+,8265179397,Kolkata,West Bengal,01-04-2022,No
DNR002647,Kunal Desai,Female,21,A+,9417280409,Pune,Maharashtra,11-07-2025,Yes
DNR002648,Priya Patel,Female,45,B+,9993306181,Bhopal,Madhya Pradesh,03-11-2023,No
DNR002649,Rahul Verma,Female,38,O+,9671503483,Lucknow,Uttar Pradesh,10-04-2025,No
DNR002650,Rohan Mehta,Male,18,B+,8232433296,Ahmedabad,Gujarat,19-11-2023,Yes
DNR002651,Pooja Nair,Female,30,O+,7057289038,Kolkata,West Bengal,10-01-2025,Yes
DNR002652,Sneha Joshi,Male,43,O+,8481018010,Pune,Maharashtra,19-05-2025,No
DNR002653,Kunal Desai,Female,29,O+,8437891565,Hyderabad,Telangana,06-04-2025,Yes
DNR002654,Aarav Sharma,Male,31,B+,8892790008,Thiruvananthapuram,Kerala,24-09-2023,Yes
DNR002655,Ananya Kapoor,Female,30,O+,8976346274,Pune,Maharashtra,25-08-2024,No
DNR002656,Ananya Kapoor,Female,33,A+,9776455410,Pune,Maharashtra,19-09-2025,No
DNR002657,Neha Iyer,Male,49,B+,7429762410,Bengaluru,Karnataka,18-08-2025,Yes
DNR002658,Priya Patel,Female,29,AB+,8095851696,Chennai,Tamil Nadu,08-10-2024,Yes
DNR002659,Sneha Joshi,Male,18,AB+,7504235969,Thiruvananthapuram,Kerala,13-12-2020,Yes
DNR002660,Pooja Nair,Female,65,A+,8468407798,Nagpur,Maharashtra,08-05-2023,Yes
DNR002661,Sneha Joshi,Male,24,B+,9253338214,Hyderabad,Telangana,12-05-2025,Yes
DNR002662,Priya Patel,Female,37,B+,9693363812,Nagpur,Maharashtra,Never,No
DNR002663,Ananya Kapoor,Male,29,A+,8366805211,Mumbai,Maharashtra,08-11-2020,No
DNR002664,Kunal Desai,Male,30,B+,7070868507,Kanpur,Uttar Pradesh,08-11-2020,No
DNR002665,Pooja Nair,Male,18,A+,8225583555,Kolkata,West Bengal,08-05-2025,Yes
DNR002666,Priya Patel,Male,27,A+,9328964321,Delhi,Delhi,11-10-2025,Yes
DNR002667,Rahul Verma,Male,26,B+,9552050666,Lucknow,Uttar Pradesh,23-07-2025,No
DNR002668,Vikram Singh,Female,43,B+,7706492373,Delhi,Delhi,11-02-2025,No
DNR002669,Vikram Singh,Male,26,A+,7191437195,Mumbai,Maharashtra,19-10-2025,No
DNR002670,Aarav Sharma,Male,44,B+,7142988649,Pune,Maharashtra,10-04-2023,Yes
DNR002671,Kunal Desai,Male,39,B+,7423851507,Mumbai,Maharashtra,09-06-2022,Yes
DNR002672,Sneha Joshi,Female,38,O+,8775265035,Kanpur,Uttar Pradesh,25-04-2024,Yes
DNR002673,Aarav Sharma,Male,43,B+,9166447252,Chennai,Tamil Nadu,31-07-2025,Yes
DNR002674,Sneha Joshi,Male,35,O+,9177398668,Mohali,Punjab,17-06-2025,No
DNR002675,Aarav Sharma,Male,34,O+,9993950666,Delhi,Delhi,08-11-2020,Yes
DNR002676,Rohan Mehta,Female,43,B+,9958705156,Chennai,Tamil Nadu,15-09-2023,Yes
DNR002677,Vikram Singh,Male,29,AB-,9974045332,Surat,Gujarat,06-06-2025,Yes
DNR002678,Neha Iyer,Male,40,O+,8742210125,Mohali,Punjab,08-11-2020,Yes
DNR002679,Aarav Sharma,Female,31,A+,8357043679,Nagpur,Maharashtra,18-04-2025,No
DNR002680,Neha Iyer,Male,47,O+,7706997502,Delhi,Delhi,05-05-2024,Yes
DNR002681,Ananya Kapoor,Female,32,O+,9723215844,Gurgaon,Haryana,07-08-2021,No
DNR002682,Neha Iyer,Male,19,B-,9662145224,Mumbai,Maharashtra,08-09-2021,Yes
DNR002683,Ananya Kapoor,Female,25,O+,9600581915,Surat,Gujarat,13-07-2024,Yes
DNR002684,Rahul Verma,Female,18,B+,7567848417,Delhi,Delhi,17-10-2023,No
DNR002685,Pooja Nair,Female,33,B+,7794154687,Lucknow,Uttar Pradesh,06-08-2021,Yes
DNR002686,Vikram Singh,Male,43,B+,8291482580,Kanpur,Uttar Pradesh,15-10-2025,No
DNR002687,Rohan Mehta,Male,45,B+,9993692323,Bengaluru,Karnataka,01-09-2025,Yes
DNR002688,Pooja Nair,Male,42,B+,8142501245,Delhi,Delhi,23-02-2024,No
DNR002689,Rahul Verma,Female,39,A+,7475229346,Bhopal,Madhya Pradesh,14-06-2025,Yes
DNR002690,Vikram Singh,Male,44,O+,7101471902,Patna,Bihar,22-08-2022,Yes
DNR002691,Kunal Desai,Female,41,O+,7551187013,Kanpur,Uttar Pradesh,15-05-2025,No
DNR002692,Sneha Joshi,Male,24,A+,9395050459,Gurgaon,Haryana,07-01-2022,Yes
DNR002693,Sneha Joshi,Female,24,A+,9571238585,Mumbai,Maharashtra,12-12-2022,Yes
DNR002694,Rahul Verma,Female,28,A+,9244835903,Surat,Gujarat,16-06-2023,Yes
DNR002695,Pooja Nair,Male,33,O+,9846339503,Ahmedabad,Gujarat,26-08-2025,Yes
DNR002696,Rahul Verma,Male,30,B+,8399320604,Pune,Maharashtra,Never,No
DNR002697,Ananya Kapoor,Male,36,O+,9342434918,Hyderabad,Telangana,27-06-2025,No
DNR002698,Sneha Joshi,Female,50,A+,9214928949,Kolkata,West Bengal,28-03-2022,No
DNR002699,Pooja Nair,Female,46,AB+,9552581437,Patna,Bihar,26-11-2023,No
DNR002700,Neha Iyer,Male,35,B+,7643605287,Gurgaon,Haryana,01-05-2025,Yes
DNR002701,Neha Iyer,Male,34,A+,7956967261,Visakhapatnam,Andhra Pradesh,08-11-2020,Yes
DNR002702,Ananya Kapoor,Male,26,O+,9745072398,Bengaluru,Karnataka,26-07-2024,Yes
DNR002703,Kunal Desai,Female,36,O+,8405489773,Pune,Maharashtra,22-11-2024,Yes
DNR002704,Rohan Mehta,Male,23,A+,9226518275,Gurgaon,Haryana,02-03-2024,Yes
DNR002705,Neha Iyer,Male,20,A+,8985668527,Kolkata,West Bengal,23-09-2025,Yes
DNR002706,Rahul Verma,Male,36,B+,9879354079,Visakhapatnam,Andhra Pradesh,Never,Yes
DNR002707,Sneha Joshi,Female,42,A+,8068088900,Surat,Gujarat,08-11-2020,No
DNR002708,Priya Patel,Male,43,O+,7526491553,Ahmedabad,Gujarat,25-06-2025,Yes
DNR002709,Aarav Sharma,Male,42,O+,7468085305,Ahmedabad,Gujarat,13-12-2024,Yes
DNR002710,Kunal Desai,Female,27,O+,9686695162,Thiruvananthapuram,Kerala,15-01-2024,No
DNR002711,Ananya Kapoor,Male,21,O+,9564976149,Patna,Bihar,Never,Yes
DNR002712,Rohan Mehta,Female,34,O+,8638692295,Jaipur,Rajasthan,Never,Yes
DNR002713,Priya Patel,Female,31,O+,8928499846,Mohali,Punjab,25-08-2024,No
DNR002714,Pooja Nair,Male,42,O+,9340407924,Nagpur,Maharashtra,15-08-2023,Yes
DNR002715,Ananya Kapoor,Female,53,A+,8291641094,Visakhapatnam,Andhra Pradesh,06-11-2025,No
DNR002716,Kunal Desai,Male,39,B+,7984499200,Gurgaon,Haryana,08-11-2020,Yes
DNR002717,Sneha Joshi,Female,43,O+,9763237113,Nagpur,Maharashtra,23-06-2024,Yes
DNR002718,Rahul Verma,Female,38,AB-,8696577033,Vadodara,Gujarat,14-03-2025,Yes
DNR002719,Rahul Verma,Male,19,O+,7812108467,Bhopal,Madhya Pradesh,31-10-2025,No
DNR002720,Kunal Desai,Male,44,B+,8448237656,Mohali,Punjab,29-07-2025,No
DNR002721,Aarav Sharma,Male,23,A+,7572208816,Thiruvananthapuram,Kerala,26-04-2025,Yes
DNR002722,Aarav Sharma,Female,21,B+,8403623295,Ahmedabad,Gujarat,05-02-2023,No
DNR002723,Aarav Sharma,Female,36,O+,8023808152,Gurgaon,Haryana,25-10-2025,Yes
DNR002724,Sneha Joshi,Female,43,B+,7507091382,Pune,Maharashtra,13-09-2025,Yes
DNR002725,Ananya Kapoor,Female,44,O+,9518897007,Hyderabad,Telangana,10-12-2023,Yes
DNR002726,Neha Iyer,Male,18,AB+,7548484173,Chennai,Tamil Nadu,08-11-2020,Yes
DNR002727,Priya Patel,Male,23,O-,7858114776,Visakhapatnam,Andhra Pradesh,28-02-2025,Yes
DNR002728,Rahul Verma,Female,26,B+,9360267756,Bengaluru,Karnataka,31-03-2025,Yes
DNR002729,Rahul Verma,Male,45,B+,7755154338,Vadodara,Gujarat,05-08-2025,Yes
DNR002730,Ananya Kapoor,Male,18,O+,9995160123,Surat,Gujarat,09-02-2025,No
DNR002731,Neha Iyer,Male,34,AB+,7839774492,Pune,Maharashtra,06-02-2024,Yes
DNR002732,Pooja Nair,Male,32,O-,9023780547,Thiruvananthapuram,Kerala,17-12-2024,Yes
DNR002733,Rohan Mehta,Female,51,AB-,8884182367,Visakhapatnam,Andhra Pradesh,28-09-2025,Yes
DNR002734,Rahul Verma,Male,29,A+,8621446553,Lucknow,Uttar Pradesh,13-04-2025,Yes
DNR002735,Sneha Joshi,Male,31,B+,9177464194,Mumbai,Maharashtra,11-08-2024,Yes
DNR002736,Ananya Kapoor,Male,35,AB-,8360489059,Kanpur,Uttar Pradesh,07-09-2024,Yes
DNR002737,Kunal Desai,Male,38,A+,7690239049,Kolkata,West Bengal,18-08-2025,Yes
DNR002738,Vikram Singh,Female,34,O+,7118006517,Mumbai,Maharashtra,26-09-2025,Yes
DNR002739,Rohan Mehta,Female,26,A-,8456372971,Kanpur,Uttar Pradesh,20-03-2023,Yes
DNR002740,Priya Patel,Male,26,O+,8780191126,Thiruvananthapuram,Kerala,30-05-2025,Yes
DNR002741,Vikram Singh,Male,34,B+,8505671945,Chennai,Tamil Nadu,31-10-2025,No
DNR002742,Priya Patel,Male,44,O+,7928411190,Gurgaon,Haryana,25-02-2024,Yes
DNR002743,Rahul Verma,Male,36,B-,8825710489,Gurgaon,Haryana,01-08-2025,Yes
DNR002744,Aarav Sharma,Female,23,A+,9222155204,Jaipur,Rajasthan,Never,Yes
DNR002745,Pooja Nair,Female,35,B+,9113340265,Bhopal,Madhya Pradesh,02-03-2025,No
DNR002746,Ananya Kapoor,Female,21,AB+,9400292275,Surat,Gujarat,19-10-2022,Yes
DNR002747,Priya Patel,Male,54,O+,8643356118,Visakhapatnam,Andhra Pradesh,15-07-2023,Yes
DNR002748,Kunal Desai,Male,25,B-,8706387885,Gurgaon,Haryana,18-08-2024,Yes
DNR002749,Ananya Kapoor,Female,41,A+,8960057209,Ahmedabad,Gujarat,30-10-2025,Yes
DNR002750,Kunal Desai,Male,37,O+,9116626636,Ahmedabad,Gujarat,07-08-2024,Yes
DNR002751,Kunal Desai,Female,38,B+,7501589827,Visakhapatnam,Andhra Pradesh,08-02-2025,Yes
DNR002752,Vikram Singh,Female,39,B+,7466080362,Gurgaon,Haryana,18-04-2024,No
DNR002753,Ananya Kapoor,Female,38,O+,7427711231,Thiruvananthapuram,Kerala,13-07-2025,No
DNR002754,Pooja Nair,Female,27,O+,9440262598,Patna,Bihar,11-10-2024,No
DNR002755,Ananya Kapoor,Male,35,B+,7898213570,Chennai,Tamil Nadu,16-06-2022,Yes
DNR002756,Kunal Desai,Female,65,O+,9600937424,Thiruvananthapuram,Kerala,20-11-2022,Yes
DNR002757,Kunal Desai,Female,37,B+,9958525659,Jaipur,Rajasthan,18-10-2021,Yes
DNR002758,Rohan Mehta,Male,41,O+,9559320214,Visakhapatnam,Andhra Pradesh,27-09-2025,Yes
DNR002759,Rohan Mehta,Male,36,A+,7132091449,Nagpur,Maharashtra,30-10-2025,Yes
DNR002760,Rahul Verma,Male,63,B+,9698330529,Kanpur,Uttar Pradesh,30-09-2023,Yes
DNR002761,Rohan Mehta,Male,28,O+,7561431121,Thiruvananthapuram,Kerala,18-07-2021,Yes
DNR002762,Ananya Kapoor,Male,37,B+,8168067259,Chennai,Tamil Nadu,04-08-2023,Yes
DNR002763,Vikram Singh,Male,39,O+,7731548438,Thiruvananthapuram,Kerala,25-11-2022,Yes
DNR002764,Neha Iyer,Male,46,B+,9434662201,Kolkata,West Bengal,07-08-2025,Yes
DNR002765,Rahul Verma,Male,32,O+,8847707192,Delhi,Delhi,05-03-2023,Yes
DNR002766,Pooja Nair,Female,35,A+,9415597622,Bhopal,Madhya Pradesh,30-06-2022,No
DNR002767,Ananya Kapoor,Male,28,O+,9419158330,Thiruvananthapuram,Kerala,04-11-2021,Yes
DNR002768,Pooja Nair,Male,32,O+,8765657134,Mohali,Punjab,14-06-2024,Yes
DNR002769,Priya Patel,Female,30,O+,7532609995,Mohali,Punjab,23-07-2023,No
DNR002770,Vikram Singh,Female,30,O+,8600714477,Kolkata,West Bengal,Never,No
DNR002771,Aarav Sharma,Male,37,B-,8458319034,Visakhapatnam,Andhra Pradesh,31-10-2025,Yes
DNR002772,Sneha Joshi,Female,38,B+,7130440040,Thiruvananthapuram,Kerala,08-06-2024,Yes
DNR002773,Neha Iyer,Male,22,B+,7783085491,Jaipur,Rajasthan,30-10-2024,Yes
DNR002774,Priya Patel,Male,35,B+,9010203021,Bengaluru,Karnataka,17-10-2025,Yes
DNR002775,Priya Patel,Male,44,O+,9245117823,Nagpur,Maharashtra,05-11-2025,Yes
DNR002776,Rohan Mehta,Male,36,B+,7024012041,Jaipur,Rajasthan,06-11-2023,Yes
DNR002777,Rohan Mehta,Female,37,B+,9590039461,Visakhapatnam,Andhra Pradesh,Never,No
DNR002778,Rohan Mehta,Female,20,B+,9672878296,Kolkata,West Bengal,29-06-2025,Yes
DNR002779,Ananya Kapoor,Male,36,O+,8932240017,Jaipur,Rajasthan,29-04-2025,Yes
DNR002780,Sneha Joshi,Male,38,B+,7258743537,Gurgaon,Haryana,08-11-2020,Yes
DNR002781,Ananya Kapoor,Male,34,O+,9961306626,Delhi,Delhi,13-09-2025,Yes
DNR002782,Kunal Desai,Male,28,A+,8031119929,Jaipur,Rajasthan,26-02-2025,Yes
DNR002783,Rohan Mehta,Female,38,O+,9951940873,Visakhapatnam,Andhra Pradesh,09-10-2024,Yes
DNR002784,Neha Iyer,Female,38,B+,7913938196,Chennai,Tamil Nadu,22-10-2024,Yes
DNR002785,Kunal Desai,Male,42,O+,8215686076,Jaipur,Rajasthan,06-06-2021,Yes
DNR002786,Rohan Mehta,Female,23,O+,8460866059,Kolkata,West Bengal,08-11-2020,Yes
DNR002787,Vikram Singh,Female,43,O+,9121746674,Gurgaon,Haryana,12-01-2021,Yes
DNR002788,Sneha Joshi,Female,30,O+,8374282006,Kolkata,West Bengal,17-10-2023,Yes
DNR002789,Pooja Nair,Male,28,B+,7204789182,Gurgaon,Haryana,17-08-2024,Yes
DNR002790,Rahul Verma,Male,40,AB-,7792510328,Mohali,Punjab,10-07-2025,No
DNR002791,Priya Patel,Male,56,O+,8740855965,Mumbai,Maharashtra,25-10-2022,Yes
DNR002792,Rohan Mehta,Female,39,O+,9838022431,Chennai,Tamil Nadu,26-01-2024,Yes
DNR002793,Kunal Desai,Male,30,O+,7299162913,Hyderabad,Telangana,19-11-2024,Yes
DNR002794,Rahul Verma,Male,18,A-,7496362635,Bhopal,Madhya Pradesh,Never,Yes
DNR002795,Rohan Mehta,Female,49,A+,9276062614,Pune,Maharashtra,Never,Yes
DNR002796,Neha Iyer,Female,22,A+,8699386874,Delhi,Delhi,Never,Yes
DNR002797,Neha Iyer,Male,38,O+,7636247893,Lucknow,Uttar Pradesh,19-09-2024,Yes
DNR002798,Ananya Kapoor,Female,18,O+,7593402314,Mumbai,Maharashtra,30-04-2025,Yes
DNR002799,Ananya Kapoor,Male,34,A+,8156821259,Hyderabad,Telangana,23-10-2023,No
DNR002800,Priya Patel,Female,31,B+,9335557782,Hyderabad,Telangana,04-05-2025,No
DNR002801,Rohan Mehta,Male,29,B+,8464683415,Thiruvananthapuram,Kerala,23-10-2024,Yes
DNR002802,Sneha Joshi,Female,38,O+,7519903567,Nagpur,Maharashtra,04-06-2025,Yes
DNR002803,Ananya Kapoor,Male,32,B+,7974216286,Mohali,Punjab,Never,Yes
DNR002804,Rohan Mehta,Male,53,O+,9487440814,Thiruvananthapuram,Kerala,08-04-2025,Yes
DNR002805,Neha Iyer,Male,36,B+,7238517065,Mohali,Punjab,28-03-2025,No
DNR002806,Ananya Kapoor,Male,41,B-,8199906973,Vadodara,Gujarat,02-12-2022,Yes
DNR002807,Vikram Singh,Female,18,A+,8173960674,Kanpur,Uttar Pradesh,06-08-2024,Yes
DNR002808,Pooja Nair,Male,38,O+,9703862836,Delhi,Delhi,15-09-2023,Yes
DNR002809,Sneha Joshi,Female,23,B+,7388983755,Nagpur,Maharashtra,25-08-2025,Yes
DNR002810,Priya Patel,Male,50,B+,9019912990,Thiruvananthapuram,Kerala,10-07-2025,Yes
DNR002811,Aarav Sharma,Female,36,O+,7660107576,Kolkata,West Bengal,24-11-2024,Yes
DNR002812,Kunal Desai,Male,22,O+,8905348593,Jaipur,Rajasthan,08-11-2020,Yes
DNR002813,Rahul Verma,Male,38,B+,8178295989,Lucknow,Uttar Pradesh,Never,Yes
DNR002814,Aarav Sharma,Male,35,O+,8571950013,Delhi,Delhi,22-05-2025,Yes
DNR002815,Rahul Verma,Male,45,A+,8273577826,Delhi,Delhi,26-02-2025,No
DNR002816,Sneha Joshi,Female,39,O+,7432983865,Kolkata,West Bengal,13-02-2023,No
DNR002817,Priya Patel,Male,26,B+,9716129810,Mumbai,Maharashtra,Never,Yes
DNR002818,Vikram Singh,Female,44,B+,7374991157,Jaipur,Rajasthan,29-01-2024,Yes
DNR002819,Kunal Desai,Male,26,O+,9517997140,Jaipur,Rajasthan,11-01-2023,Yes
DNR002820,Pooja Nair,Female,33,A+,7362325269,Kolkata,West Bengal,15-04-2024,Yes
DNR002821,Rahul Verma,Male,55,B+,9015745808,Bhopal,Madhya Pradesh,05-03-2024,Yes
DNR002822,Neha Iyer,Female,53,A+,7911128825,Mumbai,Maharashtra,02-12-2024,Yes
DNR002823,Ananya Kapoor,Male,40,O+,8895084479,Pune,Maharashtra,08-06-2025,Yes
DNR002824,Rahul Verma,Female,31,O+,9854701765,Pune,Maharashtra,01-07-2025,Yes
DNR002825,Kunal Desai,Female,51,AB-,8723600792,Chennai,Tamil Nadu,01-02-2025,No
DNR002826,Rahul Verma,Male,41,B+,7896565871,Patna,Bihar,31-10-2024,Yes
DNR002827,Sneha Joshi,Female,45,B+,9480278999,Thiruvananthapuram,Kerala,27-10-2024,No
DNR002828,Sneha Joshi,Male,46,O+,7471900154,Pune,Maharashtra,08-11-2020,No
DNR002829,Rahul Verma,Other,40,B+,7104108364,Bhopal,Madhya Pradesh,05-11-2023,Yes
DNR002830,Neha Iyer,Male,30,O+,9077723553,Surat,Gujarat,18-08-2024,No
DNR002831,Pooja Nair,Female,48,A+,9354290621,Patna,Bihar,17-01-2025,Yes
DNR002832,Ananya Kapoor,Male,42,O+,7857905055,Hyderabad,Telangana,23-07-2025,No
DNR002833,Priya Patel,Female,32,B-,7350552642,Kolkata,West Bengal,18-09-2022,Yes
DNR002834,Pooja Nair,Male,41,O+,8082907171,Patna,Bihar,23-05-2024,Yes
DNR002835,Kunal Desai,Female,24,B+,8476571247,Ahmedabad,Gujarat,29-07-2022,Yes
DNR002836,Rohan Mehta,Male,37,O+,8793073969,Bengaluru,Karnataka,04-10-2022,No
DNR002837,Ananya Kapoor,Male,39,B+,7748135727,Bhopal,Madhya Pradesh,28-08-2024,Yes
DNR002838,Pooja Nair,Female,26,B+,9911479718,Jaipur,Rajasthan,22-07-2022,Yes
DNR002839,Sneha Joshi,Female,49,O+,7697694884,Bhopal,Madhya Pradesh,30-01-2023,Yes
DNR002840,Ananya Kapoor,Female,41,B+,8008845538,Mumbai,Maharashtra,25-01-2025,No
DNR002841,Pooja Nair,Female,34,B+,8348298687,Hyderabad,Telangana,28-06-2021,No
DNR002842,Rohan Mehta,Female,38,B+,9998997868,Mumbai,Maharashtra,04-10-2022,Yes
DNR002843,Aarav Sharma,Female,41,AB-,7881424085,Gurgaon,Haryana,15-03-2025,Yes
DNR002844,Neha Iyer,Male,32,O+,9709001741,Patna,Bihar,15-07-2025,Yes
DNR002845,Neha Iyer,Female,40,O+,9590152298,Jaipur,Rajasthan,08-11-2020,No
DNR002846,Rohan Mehta,Female,34,O+,8216424872,Hyderabad,Telangana,03-10-2023,No
DNR002847,Aarav Sharma,Female,39,AB+,8571466208,Surat,Gujarat,22-05-2025,Yes
DNR002848,Rahul Verma,Male,32,B+,8767490428,Chennai,Tamil Nadu,28-07-2025,Yes
DNR002849,Kunal Desai,Male,18,A+,9785542015,Bengaluru,Karnataka,Never,Yes
DNR002850,Ananya Kapoor,Male,33,B+,7986291312,Patna,Bihar,06-07-2022,Yes
DNR002851,Vikram Singh,Female,18,O+,9933445319,Gurgaon,Haryana,06-08-2021,Yes
DNR002852,Rahul Verma,Male,37,O+,7677757049,Kolkata,West Bengal,05-05-2025,Yes
DNR002853,Kunal Desai,Male,40,B+,9705275420,Delhi,Delhi,17-09-2025,Yes
DNR002854,Vikram Singh,Male,24,O+,9258603988,Lucknow,Uttar Pradesh,01-06-2024,Yes
DNR002855,Ananya Kapoor,Female,18,B+,8627277411,Mumbai,Maharashtra,11-08-2023,No
DNR002856,Vikram Singh,Male,29,O+,7711697409,Kanpur,Uttar Pradesh,Never,Yes
DNR002857,Vikram Singh,Other,19,A+,8854488396,Pune,Maharashtra,14-12-2024,No
DNR002858,Vikram Singh,Female,37,A+,9857900790,Delhi,Delhi,03-03-2024,No
DNR002859,Pooja Nair,Male,28,O-,8545949923,Pune,Maharashtra,25-05-2024,No
DNR002860,Ananya Kapoor,Female,42,B+,9927444757,Chennai,Tamil Nadu,Never,Yes
DNR002861,Rohan Mehta,Male,49,O+,9198979695,Lucknow,Uttar Pradesh,17-06-2023,Yes
DNR002862,Kunal Desai,Male,46,A+,8838700812,Vadodara,Gujarat,09-08-2024,Yes
DNR002863,Aarav Sharma,Female,54,O+,9352637073,Kanpur,Uttar Pradesh,Never,No
DNR002864,Vikram Singh,Male,47,B+,7968533109,Kanpur,Uttar Pradesh,08-11-2020,Yes
DNR002865,Vikram Singh,Male,25,O+,8632563918,Surat,Gujarat,25-08-2025,Yes
DNR002866,Kunal Desai,Male,48,B+,8490194597,Gurgaon,Haryana,25-08-2025,Yes
DNR002867,Aarav Sharma,Female,38,A+,8822245546,Ahmedabad,Gujarat,30-08-2023,No
DNR002868,Priya Patel,Male,40,O+,8620146918,Bengaluru,Karnataka,12-05-2021,No
DNR002869,Pooja Nair,Female,25,O+,9093373946,Gurgaon,Haryana,15-09-2024,No
DNR002870,Aarav Sharma,Other,37,O+,9903389516,Gurgaon,Haryana,08-11-2020,No
DNR002871,Rahul Verma,Male,39,O+,8408700065,Lucknow,Uttar Pradesh,06-01-2022,Yes
DNR002872,Ananya Kapoor,Male,53,O+,8165505327,Thiruvananthapuram,Kerala,04-10-2021,Yes
DNR002873,Pooja Nair,Female,31,O+,9558463375,Bengaluru,Karnataka,07-08-2025,No
DNR002874,Rahul Verma,Male,18,AB+,7126654979,Surat,Gujarat,12-09-2021,Yes
DNR002875,Rohan Mehta,Male,29,A+,9848490377,Mohali,Punjab,26-12-2023,Yes
DNR002876,Sneha Joshi,Female,32,A+,9574987210,Nagpur,Maharashtra,07-04-2022,No
DNR002877,Rohan Mehta,Male,28,AB+,7850078428,Kanpur,Uttar Pradesh,19-05-2025,Yes
DNR002878,Vikram Singh,Female,42,B+,8991824136,Vadodara,Gujarat,13-08-2025,No
DNR002879,Rohan Mehta,Male,22,AB+,7914222912,Mumbai,Maharashtra,18-09-2024,Yes
DNR002880,Sneha Joshi,Male,31,B+,7138954914,Ahmedabad,Gujarat,08-11-2020,Yes
DNR002881,Aarav Sharma,Male,23,O+,7516340114,Mumbai,Maharashtra,20-05-2025,No
DNR002882,Pooja Nair,Female,27,B+,7793837627,Chennai,Tamil Nadu,18-12-2024,No
DNR002883,Ananya Kapoor,Female,35,O+,7652176302,Hyderabad,Telangana,06-03-2021,Yes
DNR002884,Vikram Singh,Male,61,B+,7789025520,Gurgaon,Haryana,07-10-2025,No
DNR002885,Neha Iyer,Male,49,O+,8657859392,Chennai,Tamil Nadu,07-10-2025,No
DNR002886,Pooja Nair,Female,33,A+,7905409705,Chennai,Tamil Nadu,11-01-2024,Yes
DNR002887,Sneha Joshi,Female,31,A+,8597241831,Patna,Bihar,03-04-2025,Yes
DNR002888,Priya Patel,Male,25,AB+,8276589431,Visakhapatnam,Andhra Pradesh,02-11-2023,No
DNR002889,Aarav Sharma,Male,46,O-,9182015417,Jaipur,Rajasthan,01-06-2023,Yes
DNR002890,Priya Patel,Male,44,O+,7542271515,Nagpur,Maharashtra,25-03-2025,Yes
DNR002891,Ananya Kapoor,Female,30,O+,9544809228,Kanpur,Uttar Pradesh,07-01-2024,No
DNR002892,Pooja Nair,Male,39,O-,7102668494,Lucknow,Uttar Pradesh,16-06-2022,Yes
DNR002893,Sneha Joshi,Male,29,A+,9882308516,Vadodara,Gujarat,18-09-2025,No
DNR002894,Kunal Desai,Female,38,B+,8709507386,Chennai,Tamil Nadu,11-08-2025,Yes
DNR002895,Ananya Kapoor,Female,29,O-,9126701857,Hyderabad,Telangana,27-07-2025,No
DNR002896,Rohan Mehta,Female,46,B+,8231583251,Pune,Maharashtra,20-07-2023,Yes
DNR002897,Ananya Kapoor,Female,36,B-,7778217281,Lucknow,Uttar Pradesh,19-07-2024,No
DNR002898,Aarav Sharma,Female,46,B+,8363171971,Kolkata,West Bengal,18-10-2025,Yes
DNR002899,Rahul Verma,Male,31,B-,8711617307,Chennai,Tamil Nadu,18-02-2025,Yes
DNR002900,Sneha Joshi,Male,37,O+,8371667102,Nagpur,Maharashtra,12-03-2024,No
DNR002901,Ananya Kapoor,Female,18,AB+,7573028142,Thiruvananthapuram,Kerala,22-10-2025,No
DNR002902,Neha Iyer,Male,47,B+,9780557739,Bhopal,Madhya Pradesh,17-01-2024,No
DNR002903,Kunal Desai,Female,24,A+,9859587297,Chennai,Tamil Nadu,11-09-2025,Yes
DNR002904,Rahul Verma,Female,23,A+,8537665487,Lucknow,Uttar Pradesh,24-09-2025,No
DNR002905,Ananya Kapoor,Female,33,B+,7864322811,Kolkata,West Bengal,14-10-2025,Yes
DNR002906,Sneha Joshi,Female,35,A+,8144965972,Hyderabad,Telangana,27-05-2024,Yes
DNR002907,Vikram Singh,Male,34,O+,7266008450,Mumbai,Maharashtra,Never,Yes
DNR002908,Sneha Joshi,Female,41,B+,8951582203,Vadodara,Gujarat,10-01-2024,Yes
DNR002909,Pooja Nair,Female,25,A+,9651887748,Pune,Maharashtra,11-08-2022,Yes
DNR002910,Neha Iyer,Female,34,O+,9922679098,Chennai,Tamil Nadu,23-03-2025,No
DNR002911,Rohan Mehta,Female,32,O+,9445409641,Bhopal,Madhya Pradesh,Never,No
DNR002912,Vikram Singh,Female,36,AB+,9723155250,Kanpur,Uttar Pradesh,15-10-2024,Yes
DNR002913,Vikram Singh,Female,45,O+,8998241171,Kolkata,West Bengal,25-09-2025,Yes
DNR002914,Kunal Desai,Male,35,B+,8532117822,Kolkata,West Bengal,11-03-2025,Yes
DNR002915,Sneha Joshi,Female,36,B+,9096910208,Jaipur,Rajasthan,14-02-2025,No
DNR002916,Kunal Desai,Female,43,A+,7159086804,Kolkata,West Bengal,15-02-2025,No
DNR002917,Priya Patel,Female,29,B+,8895098966,Thiruvananthapuram,Kerala,14-10-2024,Yes
DNR002918,Vikram Singh,Female,43,O+,7815880716,Nagpur,Maharashtra,04-06-2021,Yes
DNR002919,Rohan Mehta,Male,41,O+,9486623249,Ahmedabad,Gujarat,03-02-2025,Yes
DNR002920,Sneha Joshi,Female,30,B+,9480815852,Gurgaon,Haryana,29-11-2021,No
DNR002921,Neha Iyer,Female,32,A+,7733012943,Pune,Maharashtra,20-02-2025,Yes
DNR002922,Aarav Sharma,Male,31,O+,9496508608,Gurgaon,Haryana,03-06-2025,Yes
DNR002923,Vikram Singh,Female,32,B+,9032049242,Surat,Gujarat,03-07-2024,Yes
DNR002924,Aarav Sharma,Male,21,A+,7074208704,Nagpur,Maharashtra,14-01-2024,Yes
DNR002925,Aarav Sharma,Male,28,B+,9870125106,Gurgaon,Haryana,10-03-2025,Yes
DNR002926,Rohan Mehta,Male,32,B+,7207198373,Mohali,Punjab,06-03-2024,Yes
DNR002927,Pooja Nair,Female,37,B+,7651614185,Vadodara,Gujarat,06-11-2025,Yes
DNR002928,Kunal Desai,Male,40,O+,9465793978,Lucknow,Uttar Pradesh,04-09-2023,No
DNR002929,Pooja Nair,Male,33,O+,9528752872,Visakhapatnam,Andhra Pradesh,04-05-2025,No
DNR002930,Rahul Verma,Female,30,O+,9716825426,Bengaluru,Karnataka,30-05-2022,No
DNR002931,Rohan Mehta,Female,41,A+,8798351125,Lucknow,Uttar Pradesh,27-03-2023,No
DNR002932,Kunal Desai,Male,25,B+,8788231793,Gurgaon,Haryana,31-03-2025,No
DNR002933,Rohan Mehta,Male,31,A+,8415007915,Delhi,Delhi,02-09-2024,No
DNR002934,Priya Patel,Female,18,B+,9408037346,Chennai,Tamil Nadu,14-02-2021,Yes
DNR002935,Vikram Singh,Female,44,B+,8468740690,Kanpur,Uttar Pradesh,25-01-2024,Yes
DNR002936,Neha Iyer,Male,25,O-,7089089462,Vadodara,Gujarat,02-07-2025,No
DNR002937,Aarav Sharma,Female,27,B+,8902101903,Mohali,Punjab,18-12-2024,Yes
DNR002938,Sneha Joshi,Other,38,O+,7271279316,Chennai,Tamil Nadu,Never,Yes
DNR002939,Rohan Mehta,Male,41,A+,7517256762,Bengaluru,Karnataka,14-03-2024,Yes
DNR002940,Priya Patel,Male,27,B+,8275308358,Gurgaon,Haryana,30-08-2025,No
DNR002941,Rohan Mehta,Female,49,B+,9138968091,Surat,Gujarat,12-10-2025,No
DNR002942,Aarav Sharma,Male,36,O+,7827095187,Jaipur,Rajasthan,16-11-2023,Yes
DNR002943,Neha Iyer,Female,44,O+,8291571756,Bengaluru,Karnataka,10-09-2023,No
DNR002944,Pooja Nair,Female,34,A+,8339826918,Bengaluru,Karnataka,Never,Yes
DNR002945,Ananya Kapoor,Female,20,O+,9803407780,Gurgaon,Haryana,19-01-2025,No
DNR002946,Neha Iyer,Male,41,B+,7407144400,Nagpur,Maharashtra,17-09-2025,Yes
DNR002947,Kunal Desai,Female,18,B+,9797402815,Visakhapatnam,Andhra Pradesh,27-11-2022,Yes
DNR002948,Rahul Verma,Female,47,A+,8346910281,Mumbai,Maharashtra,16-09-2024,No
DNR002949,Rohan Mehta,Female,33,B+,8704703058,Kanpur,Uttar Pradesh,12-03-2023,Yes
DNR002950,Rahul Verma,Male,35,O+,7657815843,Visakhapatnam,Andhra Pradesh,01-03-2024,Yes
DNR002951,Vikram Singh,Male,43,O+,9136962098,Hyderabad,Telangana,08-08-2025,Yes
DNR002952,Ananya Kapoor,Male,39,A+,8995415876,Bhopal,Madhya Pradesh,04-07-2025,Yes
DNR002953,Kunal Desai,Male,32,A+,8864779646,Kanpur,Uttar Pradesh,31-08-2025,Yes
DNR002954,Priya Patel,Female,33,B+,8279266929,Vadodara,Gujarat,25-07-2024,Yes
DNR002955,Neha Iyer,Female,49,O+,7090486648,Chennai,Tamil Nadu,01-09-2025,Yes
DNR002956,Pooja Nair,Female,23,B+,8155896073,Visakhapatnam,Andhra Pradesh,Never,Yes
DNR002957,Aarav Sharma,Male,46,O+,7651232067,Vadodara,Gujarat,29-08-2025,Yes
DNR002958,Neha Iyer,Male,25,A-,7243685865,Ahmedabad,Gujarat,14-08-2024,No
DNR002959,Ananya Kapoor,Female,28,O+,8322251221,Pune,Maharashtra,07-04-2025,Yes
DNR002960,Vikram Singh,Female,35,O+,7540354166,Patna,Bihar,25-07-2025,Yes
DNR002961,Pooja Nair,Female,41,O+,8310647051,Gurgaon,Haryana,24-04-2025,No
DNR002962,Rahul Verma,Female,30,B+,9672561895,Thiruvananthapuram,Kerala,03-11-2025,No
DNR002963,Kunal Desai,Female,26,O-,9747050106,Bengaluru,Karnataka,18-07-2023,Yes
DNR002964,Aarav Sharma,Male,23,O+,7855986305,Delhi,Delhi,05-03-2022,Yes
DNR002965,Aarav Sharma,Male,42,O-,7436256454,Mumbai,Maharashtra,20-03-2025,Yes
DNR002966,Pooja Nair,Male,38,O+,9955275465,Thiruvananthapuram,Kerala,11-02-2025,No
DNR002967,Kunal Desai,Male,35,A-,9401732042,Thiruvananthapuram,Kerala,12-03-2024,Yes
DNR002968,Neha Iyer,Male,31,A+,7458088490,Patna,Bihar,27-12-2023,Yes
DNR002969,Vikram Singh,Male,19,B+,9527426214,Bhopal,Madhya Pradesh,24-03-2025,Yes
DNR002970,Neha Iyer,Male,49,AB+,8833889126,Bengaluru,Karnataka,Never,Yes
DNR002971,Neha Iyer,Female,22,O+,7872179120,Patna,Bihar,24-10-2024,Yes
DNR002972,Vikram Singh,Male,46,B+,9401279588,Delhi,Delhi,27-07-2025,Yes
DNR002973,Rohan Mehta,Other,29,O+,7106441588,Patna,Bihar,05-01-2025,Yes
DNR002974,Priya Patel,Male,29,B+,8657138849,Thiruvananthapuram,Kerala,12-06-2025,No
DNR002975,Kunal Desai,Female,55,B+,8350387700,Mumbai,Maharashtra,21-06-2025,Yes
DNR002976,Ananya Kapoor,Male,47,A+,7264458257,Thiruvananthapuram,Kerala,12-08-2025,Yes
DNR002977,Neha Iyer,Female,20,O-,8235502302,Lucknow,Uttar Pradesh,06-09-2024,Yes
DNR002978,Ananya Kapoor,Female,45,O+,7879109441,Nagpur,Maharashtra,03-08-2024,Yes
DNR002979,Sneha Joshi,Male,51,O+,9249340191,Nagpur,Maharashtra,10-03-2021,Yes
DNR002980,Pooja Nair,Female,45,O+,8647515031,Pune,Maharashtra,18-03-2024,No
DNR002981,Vikram Singh,Male,26,O+,9178273162,Thiruvananthapuram,Kerala,13-08-2023,Yes
DNR002982,Pooja Nair,Female,41,B+,7227556544,Patna,Bihar,11-07-2025,No
DNR002983,Ananya Kapoor,Male,35,AB+,9211416242,Vadodara,Gujarat,29-04-2025,Yes
DNR002984,Rahul Verma,Female,26,B+,8002572415,Ahmedabad,Gujarat,06-09-2023,No
DNR002985,Kunal Desai,Male,26,AB+,7271334573,Patna,Bihar,18-12-2021,Yes
DNR002986,Ananya Kapoor,Male,56,B+,8583764688,Bhopal,Madhya Pradesh,20-05-2024,Yes
DNR002987,Sneha Joshi,Male,33,O+,8903193077,Kanpur,Uttar Pradesh,08-02-2024,No
DNR002988,Rohan Mehta,Female,20,O+,7147203240,Mohali,Punjab,07-09-2025,No
DNR002989,Rahul Verma,Female,28,B+,7540356702,Lucknow,Uttar Pradesh,16-08-2025,No
DNR002990,Priya Patel,Male,37,B+,8894809371,Kanpur,Uttar Pradesh,08-11-2020,Yes
DNR002991,Ananya Kapoor,Female,40,O+,7271246449,Kolkata,West Bengal,21-12-2021,Yes
DNR002992,Sneha Joshi,Female,20,O+,9519484943,Ahmedabad,Gujarat,20-09-2025,Yes
DNR002993,Ananya Kapoor,Female,33,AB+,7122725456,Ahmedabad,Gujarat,Never,Yes
DNR002994,Aarav Sharma,Male,26,B+,7704449798,Chennai,Tamil Nadu,21-06-2024,Yes
DNR002995,Neha Iyer,Female,30,A-,9325617228,Nagpur,Maharashtra,07-03-2025,Yes
DNR002996,Priya Patel,Female,49,A+,9745992228,Pune,Maharashtra,20-10-2024,Yes
DNR002997,Rohan Mehta,Male,32,B+,7501648992,Vadodara,Gujarat,05-07-2025,Yes
DNR002998,Aarav Sharma,Other,40,O+,7010092574,Visakhapatnam,Andhra Pradesh,14-02-2021,Yes
DNR002999,Aarav Sharma,Male,25,A+,9809298560,Hyderabad,Telangana,Never,Yes
DNR003000,Kunal Desai,Female,30,O+,7541636417,Delhi,Delhi,20-12-2023,Yes
DNR003001,Aarav Sharma,Female,45,O-,8433312466,Gurgaon,Haryana,01-03-2025,No
DNR003002,Pooja Nair,Male,38,AB+,9051007244,Hyderabad,Telangana,26-11-2023,Yes
DNR003003,Priya Patel,Male,34,O-,7345543380,Lucknow,Uttar Pradesh,06-06-2024,Yes
DNR003004,Rahul Verma,Male,30,O+,8726806393,Chennai,Tamil Nadu,10-02-2025,Yes
DNR003005,Aarav Sharma,Male,26,A+,8686191424,Bengaluru,Karnataka,08-09-2025,Yes
DNR003006,Sneha Joshi,Female,44,B+,8497485678,Bhopal,Madhya Pradesh,Never,Yes
DNR003007,Pooja Nair,Male,34,O-,7958661605,Ahmedabad,Gujarat,05-11-2025,No
DNR003008,Pooja Nair,Female,25,B+,9854874778,Thiruvananthapuram,Kerala,16-09-2022,Yes
DNR003009,Rohan Mehta,Male,42,O+,9763140623,Mohali,Punjab,09-09-2023,Yes
DNR003010,Priya Patel,Male,37,A+,9830810942,Kolkata,West Bengal,18-12-2024,Yes
DNR003011,Kunal Desai,Female,21,B+,7136083847,Delhi,Delhi,16-01-2024,Yes
DNR003012,Neha Iyer,Male,18,A+,7970672968,Mohali,Punjab,26-02-2025,Yes
DNR003013,Rahul Verma,Male,51,O+,8540341658,Bhopal,Madhya Pradesh,08-12-2024,Yes
DNR003014,Pooja Nair,Female,29,B+,8971789587,Vadodara,Gujarat,09-08-2024,No
DNR003015,Rahul Verma,Female,32,AB-,8754272389,Chennai,Tamil Nadu,13-06-2025,Yes
DNR003016,Priya Patel,Male,43,O+,9176880974,Bhopal,Madhya Pradesh,06-02-2024,Yes
DNR003017,Priya Patel,Female,36,A-,9043918305,Kanpur,Uttar Pradesh,06-12-2020,No
DNR003018,Pooja Nair,Male,38,O+,7176286732,Vadodara,Gujarat,25-03-2024,No
DNR003019,Pooja Nair,Female,28,O+,9725073012,Mohali,Punjab,05-11-2024,Yes
DNR003020,Rohan Mehta,Male,31,O+,7286048103,Surat,Gujarat,04-10-2025,Yes
DNR003021,Rohan Mehta,Female,48,B+,8223175342,Delhi,Delhi,25-10-2025,Yes
DNR003022,Aarav Sharma,Male,29,B+,9229107174,Visakhapatnam,Andhra Pradesh,07-10-2023,Yes
DNR003023,Priya Patel,Female,47,O+,7832250516,Pune,Maharashtra,13-09-2025,Yes
DNR003024,Neha Iyer,Female,32,A+,9070124318,Hyderabad,Telangana,23-10-2025,No
DNR003025,Priya Patel,Female,19,B+,8078248718,Visakhapatnam,Andhra Pradesh,05-01-2022,Yes
DNR003026,Pooja Nair,Male,20,O+,9794026527,Nagpur,Maharashtra,07-09-2025,No
DNR003027,Pooja Nair,Male,59,B+,8350922101,Hyderabad,Telangana,08-11-2020,Yes
DNR003028,Priya Patel,Female,26,A-,9125313303,Surat,Gujarat,26-05-2025,Yes
DNR003029,Priya Patel,Female,37,O+,8403930527,Mohali,Punjab,20-05-2024,Yes
DNR003030,Aarav Sharma,Male,32,O+,7960315183,Gurgaon,Haryana,27-01-2024,Yes
DNR003031,Rohan Mehta,Female,18,O+,8334906798,Bhopal,Madhya Pradesh,16-03-2024,No
DNR003032,Kunal Desai,Male,21,O+,8059514660,Chennai,Tamil Nadu,10-03-2025,Yes
DNR003033,Priya Patel,Male,33,B-,7048571188,Kanpur,Uttar Pradesh,08-11-2020,Yes
DNR003034,Rahul Verma,Male,19,O+,7970544110,Vadodara,Gujarat,13-04-2025,No
DNR003035,Rohan Mehta,Male,37,B+,7404615206,Visakhapatnam,Andhra Pradesh,Never,No
DNR003036,Sneha Joshi,Male,46,B+,8344876994,Patna,Bihar,07-09-2025,Yes
DNR003037,Kunal Desai,Male,28,O+,8856264758,Nagpur,Maharashtra,17-09-2024,No
DNR003038,Kunal Desai,Female,37,B-,9466333089,Nagpur,Maharashtra,22-11-2024,Yes
DNR003039,Aarav Sharma,Female,25,A+,7342386513,Nagpur,Maharashtra,27-10-2024,Yes
DNR003040,Rahul Verma,Female,33,O+,7522409265,Delhi,Delhi,11-07-2025,Yes
DNR003041,Vikram Singh,Male,45,O+,8452809740,Pune,Maharashtra,27-10-2024,Yes
DNR003042,Sneha Joshi,Female,39,O-,9985180730,Ahmedabad,Gujarat,01-07-2025,Yes
DNR003043,Rohan Mehta,Female,32,O+,7245667497,Gurgaon,Haryana,14-10-2024,No
DNR003044,Vikram Singh,Male,30,B+,7055632922,Lucknow,Uttar Pradesh,27-06-2024,Yes
DNR003045,Vikram Singh,Male,46,O+,9276319674,Pune,Maharashtra,10-07-2023,Yes
DNR003046,Sneha Joshi,Male,20,A+,7996643771,Jaipur,Rajasthan,30-10-2025,No
DNR003047,Kunal Desai,Female,33,B-,9466077861,Jaipur,Rajasthan,02-08-2025,Yes
DNR003048,Vikram Singh,Female,44,O+,9443687165,Ahmedabad,Gujarat,07-10-2025,No
DNR003049,Priya Patel,Male,27,O+,9483573000,Bhopal,Madhya Pradesh,08-11-2020,No
DNR003050,Neha Iyer,Male,48,A+,8078924677,Mohali,Punjab,16-01-2023,No
DNR003051,Rahul Verma,Female,37,A+,7467735147,Patna,Bihar,18-10-2025,Yes
DNR003052,Aarav Sharma,Male,32,B+,8793370486,Mumbai,Maharashtra,02-04-2025,No
DNR003053,Kunal Desai,Male,36,O+,8300041426,Patna,Bihar,22-09-2025,No
DNR003054,Sneha Joshi,Male,26,B+,7329820027,Nagpur,Maharashtra,23-04-2023,No
DNR003055,Sneha Joshi,Male,41,A+,8053302606,Hyderabad,Telangana,06-06-2025,Yes
DNR003056,Neha Iyer,Female,30,O+,9949824413,Mumbai,Maharashtra,14-03-2022,Yes
DNR003057,Sneha Joshi,Male,35,B+,9615329266,Pune,Maharashtra,07-08-2025,No
DNR003058,Neha Iyer,Male,37,O-,7700933816,Kanpur,Uttar Pradesh,28-05-2025,Yes
DNR003059,Vikram Singh,Female,26,O+,8073741738,Thiruvananthapuram,Kerala,12-08-2025,Yes
DNR003060,Sneha Joshi,Female,38,O+,8317004111,Jaipur,Rajasthan,04-11-2023,No
DNR003061,Aarav Sharma,Female,28,O+,7208475358,Patna,Bihar,21-06-2025,No
DNR003062,Pooja Nair,Male,39,O+,7149079261,Thiruvananthapuram,Kerala,21-07-2025,No
DNR003063,Sneha Joshi,Female,18,O-,9633720716,Mumbai,Maharashtra,12-01-2024,No
DNR003064,Kunal Desai,Female,40,O+,7775707527,Bhopal,Madhya Pradesh,19-09-2024,Yes
DNR003065,Pooja Nair,Female,46,B+,7720082608,Kanpur,Uttar Pradesh,10-01-2025,No
DNR003066,Rohan Mehta,Female,36,A+,9095566323,Ahmedabad,Gujarat,25-02-2025,Yes
DNR003067,Rohan Mehta,Male,44,AB+,8997557125,Delhi,Delhi,05-12-2022,Yes
DNR003068,Vikram Singh,Male,46,O+,9296908088,Pune,Maharashtra,28-10-2024,Yes
DNR003069,Ananya Kapoor,Male,33,B+,9361429554,Pune,Maharashtra,17-08-2024,No
DNR003070,Aarav Sharma,Female,41,O+,7396616092,Jaipur,Rajasthan,28-01-2023,Yes
DNR003071,Sneha Joshi,Male,29,A+,8276783400,Visakhapatnam,Andhra Pradesh,06-09-2024,Yes
DNR003072,Ananya Kapoor,Female,36,B+,9993774281,Surat,Gujarat,15-09-2023,No
DNR003073,Vikram Singh,Male,23,O+,9136042113,Vadodara,Gujarat,08-12-2024,Yes
DNR003074,Ananya Kapoor,Female,43,O-,8836566970,Hyderabad,Telangana,15-09-2023,Yes
DNR003075,Rohan Mehta,Male,18,A-,9943475119,Hyderabad,Telangana,20-06-2022,Yes
DNR003076,Priya Patel,Female,45,A+,7884393990,Surat,Gujarat,06-01-2024,Yes
DNR003077,Pooja Nair,Male,23,A+,8396061359,Hyderabad,Telangana,30-09-2025,Yes
DNR003078,Rohan Mehta,Female,18,O+,9094903161,Delhi,Delhi,08-11-2020,Yes
DNR003079,Rahul Verma,Male,21,O+,8544429073,Nagpur,Maharashtra,12-10-2023,Yes
DNR003080,Vikram Singh,Female,21,A-,8218389661,Nagpur,Maharashtra,22-05-2025,Yes
DNR003081,Pooja Nair,Male,31,B+,7713138990,Patna,Bihar,23-05-2025,No
DNR003082,Aarav Sharma,Female,33,O+,8188169480,Lucknow,Uttar Pradesh,Never,Yes
DNR003083,Pooja Nair,Male,37,B+,7383595507,Kolkata,West Bengal,03-09-2024,Yes
DNR003084,Vikram Singh,Male,43,O+,7078162575,Bengaluru,Karnataka,01-11-2024,No
DNR003085,Kunal Desai,Other,20,B+,8224295535,Nagpur,Maharashtra,13-10-2025,No
DNR003086,Pooja Nair,Male,30,B+,9140786203,Mumbai,Maharashtra,17-10-2025,Yes
DNR003087,Pooja Nair,Female,28,A+,8856258729,Thiruvananthapuram,Kerala,11-05-2025,Yes
DNR003088,Neha Iyer,Female,34,O+,8347050353,Chennai,Tamil Nadu,05-05-2025,Yes
DNR003089,Rohan Mehta,Female,18,A+,8804402877,Hyderabad,Telangana,08-11-2020,No
DNR003090,Neha Iyer,Female,27,O+,7800029479,Patna,Bihar,20-10-2024,No
DNR003091,Pooja Nair,Female,33,A+,8416328586,Patna,Bihar,02-11-2024,No
DNR003092,Vikram Singh,Female,55,AB-,9658251962,Bengaluru,Karnataka,22-05-2023,Yes
DNR003093,Rahul Verma,Male,26,O+,9898611821,Nagpur,Maharashtra,08-01-2022,Yes
DNR003094,Rahul Verma,Male,18,B+,9815081621,Vadodara,Gujarat,10-12-2024,Yes
DNR003095,Kunal Desai,Female,35,A+,9973029632,Bhopal,Madhya Pradesh,25-01-2025,Yes
DNR003096,Rahul Verma,Female,33,B+,8725219697,Delhi,Delhi,16-09-2025,Yes
DNR003097,Vikram Singh,Male,34,B+,7044339740,Kolkata,West Bengal,Never,No
DNR003098,Rahul Verma,Male,40,A+,9206067940,Nagpur,Maharashtra,10-09-2023,Yes
DNR003099,Vikram Singh,Female,30,O+,9804753329,Mohali,Punjab,09-10-2024,Yes
DNR003100,Rahul Verma,Female,40,O+,8536001789,Mohali,Punjab,Never,No
DNR003101,Aarav Sharma,Female,28,O+,8732509701,Bengaluru,Karnataka,28-10-2025,No
DNR003102,Rahul Verma,Female,39,O+,8557352522,Bhopal,Madhya Pradesh,Never,Yes
DNR003103,Priya Patel,Female,36,O+,9622102521,Ahmedabad,Gujarat,04-05-2025,Yes
DNR003104,Neha Iyer,Female,24,B+,7862669385,Jaipur,Rajasthan,24-05-2025,Yes
DNR003105,Rahul Verma,Female,49,B+,8936239497,Hyderabad,Telangana,06-11-2025,Yes
DNR003106,Vikram Singh,Female,28,O-,8714385321,Kanpur,Uttar Pradesh,19-07-2022,No
DNR003107,Rohan Mehta,Female,24,B+,8969416225,Gurgaon,Haryana,21-03-2024,No
DNR003108,Neha Iyer,Female,19,B+,9857497070,Mumbai,Maharashtra,23-07-2024,Yes
DNR003109,Sneha Joshi,Female,28,B+,7113614767,Kanpur,Uttar Pradesh,05-06-2025,Yes
DNR003110,Ananya Kapoor,Male,18,A+,9537995555,Visakhapatnam,Andhra Pradesh,15-08-2025,Yes
DNR003111,Kunal Desai,Female,35,O-,8389390930,Pune,Maharashtra,06-09-2025,No
DNR003112,Aarav Sharma,Female,28,O+,9328442604,Jaipur,Rajasthan,18-07-2024,Yes
DNR003113,Kunal Desai,Female,38,B+,8147995251,Chennai,Tamil Nadu,19-08-2024,No
DNR003114,Neha Iyer,Female,37,O+,7633724623,Hyderabad,Telangana,23-01-2025,No
DNR003115,Rahul Verma,Male,42,O+,8814422843,Visakhapatnam,Andhra Pradesh,08-11-2020,Yes
DNR003116,Vikram Singh,Female,53,B+,7130183094,Jaipur,Rajasthan,08-11-2020,No
DNR003117,Rohan Mehta,Female,29,O+,7584160993,Bhopal,Madhya Pradesh,14-03-2025,Yes
DNR003118,Ananya Kapoor,Female,28,O-,7987530403,Visakhapatnam,Andhra Pradesh,24-02-2023,No
DNR003119,Sneha Joshi,Female,53,B+,9000037428,Lucknow,Uttar Pradesh,22-07-2025,Yes
DNR003120,Sneha Joshi,Female,31,O+,7955606094,Thiruvananthapuram,Kerala,25-06-2025,Yes
DNR003121,Aarav Sharma,Female,22,B+,9442522558,Visakhapatnam,Andhra Pradesh,19-10-2024,Yes
DNR003122,Aarav Sharma,Male,21,B+,8004340835,Chennai,Tamil Nadu,19-06-2023,Yes
DNR003123,Sneha Joshi,Female,47,B+,7118063932,Bhopal,Madhya Pradesh,16-09-2025,Yes
DNR003124,Neha Iyer,Male,34,B+,7278345799,Patna,Bihar,08-11-2020,No
DNR003125,Vikram Singh,Female,22,A+,9211936175,Kanpur,Uttar Pradesh,Never,Yes
DNR003126,Rahul Verma,Female,25,A+,8258416139,Lucknow,Uttar Pradesh,29-10-2025,Yes
DNR003127,Vikram Singh,Female,27,O-,8182778162,Kanpur,Uttar Pradesh,29-12-2024,Yes
DNR003128,Rohan Mehta,Female,48,O+,9231215408,Lucknow,Uttar Pradesh,12-03-2023,No
DNR003129,Pooja Nair,Male,37,O+,7736592205,Hyderabad,Telangana,25-02-2023,Yes
DNR003130,Neha Iyer,Female,34,B+,9463770836,Visakhapatnam,Andhra Pradesh,27-06-2025,Yes
DNR003131,Ananya Kapoor,Female,32,AB+,7323943336,Patna,Bihar,23-11-2024,Yes
DNR003132,Pooja Nair,Other,36,A+,8008033843,Vadodara,Gujarat,09-09-2025,No
DNR003133,Neha Iyer,Female,39,O+,8779725618,Gurgaon,Haryana,06-11-2024,No
DNR003134,Pooja Nair,Male,31,B+,9761891027,Lucknow,Uttar Pradesh,11-04-2024,Yes
DNR003135,Rahul Verma,Female,22,AB+,8624916627,Bhopal,Madhya Pradesh,20-11-2024,Yes
DNR003136,Rohan Mehta,Female,25,B+,7826627787,Kanpur,Uttar Pradesh,08-07-2025,Yes
DNR003137,Rahul Verma,Female,29,O+,7270033250,Pune,Maharashtra,25-03-2025,No
DNR003138,Ananya Kapoor,Female,42,B+,9112674286,Pune,Maharashtra,28-11-2024,Yes
DNR003139,Kunal Desai,Male,35,B+,9620315149,Bengaluru,Karnataka,17-11-2023,Yes
DNR003140,Aarav Sharma,Male,38,A+,8747413823,Hyderabad,Telangana,04-09-2025,No
DNR003141,Kunal Desai,Male,39,B+,7146932993,Gurgaon,Haryana,10-08-2025,Yes
DNR003142,Rohan Mehta,Male,36,B+,7090856283,Bengaluru,Karnataka,17-05-2025,Yes
DNR003143,Vikram Singh,Female,38,O-,8862416799,Vadodara,Gujarat,13-02-2023,Yes
DNR003144,Sneha Joshi,Male,37,B+,7613776522,Lucknow,Uttar Pradesh,29-01-2021,No
DNR003145,Priya Patel,Female,35,B+,8678933869,Mohali,Punjab,03-07-2025,Yes
DNR003146,Aarav Sharma,Male,42,O+,9353273564,Nagpur,Maharashtra,12-11-2024,Yes
DNR003147,Neha Iyer,Male,35,B+,8476945543,Visakhapatnam,Andhra Pradesh,30-12-2024,Yes
DNR003148,Ananya Kapoor,Female,31,O+,7153758308,Mumbai,Maharashtra,12-09-2025,Yes
DNR003149,Rohan Mehta,Male,43,O+,9732472690,Pune,Maharashtra,18-08-2025,No
DNR003150,Aarav Sharma,Male,29,A+,8576040907,Vadodara,Gujarat,14-01-2025,Yes
DNR003151,Vikram Singh,Female,41,O+,8940024502,Surat,Gujarat,16-12-2021,Yes
DNR003152,Rohan Mehta,Female,27,AB+,8647789012,Mohali,Punjab,11-05-2025,Yes
DNR003153,Priya Patel,Male,43,B+,9595353918,Surat,Gujarat,17-10-2025,Yes
DNR003154,Pooja Nair,Male,40,O+,7187866633,Thiruvananthapuram,Kerala,04-03-2025,Yes
DNR003155,Vikram Singh,Male,36,O+,7815966021,Mohali,Punjab,07-09-2025,Yes
DNR003156,Neha Iyer,Female,37,B+,7647789154,Vadodara,Gujarat,26-05-2025,Yes
DNR003157,Vikram Singh,Female,18,B-,8291859366,Patna,Bihar,16-06-2025,No
DNR003158,Rahul Verma,Female,33,B+,8973190883,Jaipur,Rajasthan,17-05-2025,Yes
DNR003159,Ananya Kapoor,Male,53,A+,7010541969,Hyderabad,Telangana,16-12-2023,Yes
DNR003160,Rohan Mehta,Female,27,O-,8197717056,Patna,Bihar,01-11-2025,No
DNR003161,Pooja Nair,Male,40,A+,7743063889,Hyderabad,Telangana,Never,Yes
DNR003162,Pooja Nair,Female,18,O+,8758561954,Hyderabad,Telangana,05-11-2023,No
DNR003163,Vikram Singh,Female,30,O+,8175340436,Delhi,Delhi,03-11-2023,Yes
DNR003164,Aarav Sharma,Male,31,B+,9221789733,Surat,Gujarat,12-10-2025,No
DNR003165,Ananya Kapoor,Female,26,A+,8528294434,Jaipur,Rajasthan,20-10-2025,Yes
DNR003166,Vikram Singh,Male,31,A+,8539508932,Chennai,Tamil Nadu,26-08-2023,No
DNR003167,Kunal Desai,Female,50,A-,7973567679,Delhi,Delhi,06-02-2022,No
DNR003168,Rahul Verma,Female,33,O-,8511704172,Chennai,Tamil Nadu,03-08-2024,No
DNR003169,Vikram Singh,Female,48,O+,8098610724,Vadodara,Gujarat,08-06-2025,No
DNR003170,Sneha Joshi,Male,37,A+,7213847596,Surat,Gujarat,03-10-2025,No
DNR003171,Aarav Sharma,Female,20,O+,8936631176,Pune,Maharashtra,02-04-2025,Yes
DNR003172,Rahul Verma,Male,32,B+,9300721759,Chennai,Tamil Nadu,24-07-2025,No
DNR003173,Neha Iyer,Female,40,B+,9042492090,Chennai,Tamil Nadu,24-10-2024,Yes
DNR003174,Priya Patel,Female,29,O+,7688146736,Nagpur,Maharashtra,04-04-2024,Yes
DNR003175,Aarav Sharma,Male,21,O+,7765945084,Thiruvananthapuram,Kerala,Never,Yes
DNR003176,Kunal Desai,Male,35,O+,8577632147,Ahmedabad,Gujarat,12-09-2024,No
DNR003177,Rohan Mehta,Male,24,B+,8736530574,Vadodara,Gujarat,30-09-2024,Yes
DNR003178,Pooja Nair,Female,18,B+,9759119435,Surat,Gujarat,28-06-2025,Yes
DNR003179,Kunal Desai,Female,29,O+,8537743308,Chennai,Tamil Nadu,29-08-2025,No
DNR003180,Vikram Singh,Other,39,B+,8412580003,Bhopal,Madhya Pradesh,22-04-2023,Yes
DNR003181,Neha Iyer,Female,41,A+,9802800466,Bhopal,Madhya Pradesh,27-06-2024,Yes
DNR003182,Vikram Singh,Female,28,O+,8435032665,Bengaluru,Karnataka,28-07-2025,No
DNR003183,Neha Iyer,Female,35,B+,9470168072,Vadodara,Gujarat,17-05-2021,Yes
DNR003184,Sneha Joshi,Male,31,A+,7313416839,Mumbai,Maharashtra,11-10-2025,Yes
DNR003185,Ananya Kapoor,Male,23,B+,7858441203,Thiruvananthapuram,Kerala,30-09-2025,No
DNR003186,Rahul Verma,Male,52,A+,9569029228,Mohali,Punjab,31-10-2025,No
DNR003187,Neha Iyer,Female,37,AB+,9210932654,Gurgaon,Haryana,19-09-2023,No
DNR003188,Neha Iyer,Female,41,O+,9317559550,Kolkata,West Bengal,01-09-2023,Yes
DNR003189,Ananya Kapoor,Female,27,AB-,9099220112,Nagpur,Maharashtra,03-12-2023,No
DNR003190,Aarav Sharma,Female,18,O+,8264134194,Kanpur,Uttar Pradesh,10-11-2023,Yes
DNR003191,Vikram Singh,Female,31,O+,8660815125,Bhopal,Madhya Pradesh,01-05-2025,Yes
DNR003192,Sneha Joshi,Male,53,A+,9823009444,Ahmedabad,Gujarat,15-05-2025,Yes
DNR003193,Vikram Singh,Female,40,O+,9505153755,Surat,Gujarat,11-04-2024,Yes
DNR003194,Priya Patel,Male,31,A+,9250882476,Patna,Bihar,11-02-2022,No
DNR003195,Vikram Singh,Female,35,O+,9497283167,Patna,Bihar,11-10-2024,No
DNR003196,Rohan Mehta,Female,18,O-,7734534614,Gurgaon,Haryana,19-07-2024,No
DNR003197,Neha Iyer,Male,44,B+,7859191710,Vadodara,Gujarat,08-11-2020,Yes
DNR003198,Rohan Mehta,Male,18,O-,9646134464,Vadodara,Gujarat,25-01-2024,No
DNR003199,Neha Iyer,Female,38,B+,7759979485,Visakhapatnam,Andhra Pradesh,07-11-2025,No
DNR003200,Sneha Joshi,Male,39,O+,7510747072,Bhopal,Madhya Pradesh,06-11-2025,Yes
DNR003201,Rohan Mehta,Male,38,B+,7391142046,Kanpur,Uttar Pradesh,15-01-2023,Yes
DNR003202,Pooja Nair,Female,43,B+,8238354706,Mohali,Punjab,18-08-2024,No
DNR003203,Ananya Kapoor,Male,49,AB+,8699225662,Lucknow,Uttar Pradesh,08-11-2020,Yes
DNR003204,Ananya Kapoor,Female,24,O+,8026387339,Jaipur,Rajasthan,Never,Yes
DNR003205,Aarav Sharma,Male,30,O+,7225640211,Thiruvananthapuram,Kerala,23-10-2025,Yes
DNR003206,Priya Patel,Male,33,B+,8200178434,Lucknow,Uttar Pradesh,17-09-2025,Yes
DNR003207,Priya Patel,Female,49,A+,9863766892,Mumbai,Maharashtra,30-12-2024,No
DNR003208,Vikram Singh,Male,37,A-,7004742385,Pune,Maharashtra,31-10-2025,No
DNR003209,Kunal Desai,Female,40,O+,8613151074,Kanpur,Uttar Pradesh,27-05-2025,Yes
DNR003210,Pooja Nair,Male,37,A+,9277895070,Mohali,Punjab,Never,No
DNR003211,Pooja Nair,Male,36,A+,8537533935,Jaipur,Rajasthan,27-08-2025,Yes
DNR003212,Rahul Verma,Male,32,O+,7747325675,Kolkata,West Bengal,30-06-2024,No
DNR003213,Rohan Mehta,Male,25,AB-,8980192781,Kolkata,West Bengal,22-09-2025,No
DNR003214,Priya Patel,Male,26,B+,7054235493,Mohali,Punjab,21-08-2021,Yes
DNR003215,Vikram Singh,Female,27,A+,9175873568,Kolkata,West Bengal,11-01-2025,No
DNR003216,Sneha Joshi,Male,32,O+,7419156001,Visakhapatnam,Andhra Pradesh,09-05-2025,Yes
DNR003217,Aarav Sharma,Male,19,O+,8480146639,Thiruvananthapuram,Kerala,16-01-2024,No
DNR003218,Kunal Desai,Female,26,O+,7415864576,Kanpur,Uttar Pradesh,13-06-2025,No
DNR003219,Kunal Desai,Female,32,B+,7145490685,Kanpur,Uttar Pradesh,30-09-2025,Yes
DNR003220,Sneha Joshi,Male,35,O-,9052789646,Chennai,Tamil Nadu,06-08-2025,Yes
DNR003221,Pooja Nair,Female,26,AB+,8822237399,Nagpur,Maharashtra,07-10-2025,No
DNR003222,Ananya Kapoor,Female,35,A+,7345220123,Hyderabad,Telangana,23-06-2025,Yes
DNR003223,Neha Iyer,Female,26,A+,9790233759,Thiruvananthapuram,Kerala,13-06-2025,No
DNR003224,Rohan Mehta,Male,18,O+,8881701545,Visakhapatnam,Andhra Pradesh,08-11-2024,Yes
DNR003225,Vikram Singh,Female,42,O+,8592891167,Gurgaon,Haryana,01-11-2025,Yes
DNR003226,Vikram Singh,Female,38,O+,9550075576,Lucknow,Uttar Pradesh,24-04-2025,No
DNR003227,Rahul Verma,Male,32,B+,8853561734,Hyderabad,Telangana,10-04-2025,Yes
DNR003228,Rahul Verma,Female,34,O+,9114357529,Delhi,Delhi,27-11-2021,Yes
DNR003229,Pooja Nair,Male,34,O+,9811266491,Kanpur,Uttar Pradesh,08-11-2020,Yes
DNR003230,Sneha Joshi,Male,27,B+,8522532781,Thiruvananthapuram,Kerala,29-09-2024,Yes
DNR003231,Kunal Desai,Female,40,B+,9572061569,Mohali,Punjab,04-07-2025,Yes
DNR003232,Priya Patel,Female,35,O+,9490792805,Lucknow,Uttar Pradesh,28-12-2023,No
DNR003233,Neha Iyer,Female,29,A+,9956372173,Vadodara,Gujarat,25-05-2024,Yes
DNR003234,Neha Iyer,Female,35,O+,7867406165,Lucknow,Uttar Pradesh,24-02-2024,Yes
DNR003235,Priya Patel,Female,18,O+,7726907475,Patna,Bihar,06-09-2025,Yes
DNR003236,Ananya Kapoor,Female,28,B+,8759922636,Bhopal,Madhya Pradesh,05-08-2025,Yes
DNR003237,Vikram Singh,Male,40,A+,7340664082,Hyderabad,Telangana,Never,Yes
DNR003238,Kunal Desai,Female,30,A+,9700480733,Surat,Gujarat,02-07-2025,Yes
DNR003239,Neha Iyer,Female,53,O+,9349100089,Chennai,Tamil Nadu,14-10-2025,Yes
DNR003240,Aarav Sharma,Male,34,B+,9156715582,Kolkata,West Bengal,Never,Yes
DNR003241,Priya Patel,Female,42,O+,8733037711,Jaipur,Rajasthan,06-03-2025,No
DNR003242,Pooja Nair,Female,41,B+,9026324829,Nagpur,Maharashtra,17-04-2023,No
DNR003243,Rahul Verma,Female,18,A+,9725019142,Ahmedabad,Gujarat,22-03-2024,No
DNR003244,Aarav Sharma,Male,36,B+,9098505575,Lucknow,Uttar Pradesh,31-03-2025,Yes
DNR003245,Kunal Desai,Female,39,O+,9221338877,Kolkata,West Bengal,20-06-2025,No
DNR003246,Aarav Sharma,Female,27,B+,8455026359,Lucknow,Uttar Pradesh,07-11-2025,Yes
DNR003247,Sneha Joshi,Female,41,O-,7607879772,Gurgaon,Haryana,01-02-2023,No
DNR003248,Kunal Desai,Male,41,O+,7802717377,Patna,Bihar,07-05-2025,Yes
DNR003249,Rohan Mehta,Male,32,B+,9736980662,Ahmedabad,Gujarat,11-01-2025,Yes
DNR003250,Kunal Desai,Female,40,O+,7293597535,Hyderabad,Telangana,Never,No
DNR003251,Sneha Joshi,Male,27,O+,7560915406,Jaipur,Rajasthan,30-11-2023,Yes
DNR003252,Aarav Sharma,Female,36,B+,7774668789,Gurgaon,Haryana,01-05-2024,Yes
DNR003253,Neha Iyer,Male,18,A+,8592597716,Hyderabad,Telangana,16-06-2024,Yes
DNR003254,Kunal Desai,Female,18,O+,7301060045,Visakhapatnam,Andhra Pradesh,09-02-2025,Yes
DNR003255,Ananya Kapoor,Male,29,A-,7000426631,Ahmedabad,Gujarat,06-07-2024,Yes
DNR003256,Ananya Kapoor,Female,37,O+,9443248203,Pune,Maharashtra,30-08-2025,No
DNR003257,Priya Patel,Female,44,B+,8580706995,Lucknow,Uttar Pradesh,09-10-2025,No
DNR003258,Kunal Desai,Female,18,A+,7566654625,Mumbai,Maharashtra,13-11-2023,Yes
DNR003259,Neha Iyer,Female,27,O-,8098269351,Hyderabad,Telangana,08-08-2023,No
DNR003260,Pooja Nair,Male,53,A+,9053372811,Visakhapatnam,Andhra Pradesh,25-10-2023,Yes
DNR003261,Kunal Desai,Female,35,B+,9513684614,Surat,Gujarat,26-08-2024,Yes
DNR003262,Neha Iyer,Female,31,B-,9612949111,Vadodara,Gujarat,17-09-2025,No
DNR003263,Rohan Mehta,Male,32,O+,9319185772,Patna,Bihar,11-05-2025,No
DNR003264,Ananya Kapoor,Male,26,A+,9198664145,Kanpur,Uttar Pradesh,19-12-2023,No
DNR003265,Kunal Desai,Male,27,O+,7421983458,Delhi,Delhi,29-09-2025,Yes
DNR003266,Kunal Desai,Female,22,O+,8004070918,Chennai,Tamil Nadu,09-01-2024,No
DNR003267,Pooja Nair,Female,46,O+,7941648241,Chennai,Tamil Nadu,05-04-2023,Yes
DNR003268,Priya Patel,Male,43,O+,9321447380,Kanpur,Uttar Pradesh,Never,Yes
DNR003269,Aarav Sharma,Female,37,O+,8856818718,Hyderabad,Telangana,05-02-2024,Yes
DNR003270,Rahul Verma,Male,44,AB+,9136413979,Hyderabad,Telangana,23-11-2024,Yes
DNR003271,Neha Iyer,Male,32,B+,7603525016,Nagpur,Maharashtra,02-10-2025,Yes
DNR003272,Sneha Joshi,Female,22,O+,8696485509,Visakhapatnam,Andhra Pradesh,23-07-2022,Yes
DNR003273,Kunal Desai,Male,52,B+,9774889199,Lucknow,Uttar Pradesh,15-12-2024,Yes
DNR003274,Priya Patel,Male,29,B-,8741397852,Jaipur,Rajasthan,29-04-2021,No
DNR003275,Aarav Sharma,Male,32,AB+,7092319482,Kanpur,Uttar Pradesh,Never,Yes
DNR003276,Kunal Desai,Female,50,O+,9090215318,Chennai,Tamil Nadu,01-08-2025,No
DNR003277,Kunal Desai,Male,42,B+,8859317204,Surat,Gujarat,30-05-2025,No
DNR003278,Sneha Joshi,Male,30,AB-,7573411489,Kanpur,Uttar Pradesh,02-11-2024,Yes
DNR003279,Rohan Mehta,Male,41,O+,8834565498,Hyderabad,Telangana,04-11-2022,Yes
DNR003280,Sneha Joshi,Female,18,B+,9749797391,Kanpur,Uttar Pradesh,08-12-2024,Yes
DNR003281,Aarav Sharma,Male,40,B+,8563340665,Delhi,Delhi,11-08-2024,Yes
DNR003282,Priya Patel,Female,25,O+,8594668512,Bhopal,Madhya Pradesh,02-08-2022,No
DNR003283,Neha Iyer,Male,31,A+,9564953743,Patna,Bihar,29-10-2024,Yes
DNR003284,Rohan Mehta,Female,28,A+,9147868918,Gurgaon,Haryana,27-04-2022,No
DNR003285,Sneha Joshi,Female,26,O+,7966648714,Pune,Maharashtra,10-12-2024,Yes
DNR003286,Sneha Joshi,Female,38,B-,8238423940,Kolkata,West Bengal,03-11-2025,Yes
DNR003287,Priya Patel,Female,31,A-,8683291052,Thiruvananthapuram,Kerala,08-11-2020,Yes
DNR003288,Pooja Nair,Male,18,B+,8222088289,Chennai,Tamil Nadu,20-06-2025,No
DNR003289,Priya Patel,Female,44,B+,8412094434,Bhopal,Madhya Pradesh,25-05-2024,No
DNR003290,Priya Patel,Male,39,O+,7652827692,Mumbai,Maharashtra,26-11-2023,Yes
DNR003291,Pooja Nair,Female,43,B+,7343653964,Pune,Maharashtra,15-05-2025,No
DNR003292,Rahul Verma,Female,29,O+,8974468552,Vadodara,Gujarat,22-09-2025,No
DNR003293,Neha Iyer,Male,22,O+,7497465837,Visakhapatnam,Andhra Pradesh,02-02-2025,Yes
DNR003294,Priya Patel,Male,18,O+,7773567844,Nagpur,Maharashtra,25-10-2025,Yes
DNR003295,Pooja Nair,Female,30,O+,8843153767,Delhi,Delhi,26-12-2022,Yes
DNR003296,Pooja Nair,Female,27,O+,9705008840,Chennai,Tamil Nadu,29-07-2025,No
DNR003297,Priya Patel,Female,32,A+,8282404433,Jaipur,Rajasthan,29-10-2022,Yes
DNR003298,Sneha Joshi,Male,34,O+,8211676212,Lucknow,Uttar Pradesh,15-04-2024,No
DNR003299,Neha Iyer,Male,19,A+,8610421858,Gurgaon,Haryana,18-09-2025,No
DNR003300,Priya Patel,Male,41,O+,7664679350,Mohali,Punjab,17-08-2025,Yes
DNR003301,Neha Iyer,Male,51,O+,9998395941,Delhi,Delhi,03-08-2025,Yes
DNR003302,Ananya Kapoor,Female,46,B+,8511830947,Mohali,Punjab,30-08-2024,Yes
DNR003303,Rohan Mehta,Male,18,B+,9721280315,Thiruvananthapuram,Kerala,08-08-2025,Yes
DNR003304,Rohan Mehta,Male,34,A+,8119676033,Nagpur,Maharashtra,03-03-2021,Yes
DNR003305,Rahul Verma,Male,36,O+,7668991001,Lucknow,Uttar Pradesh,15-04-2022,No
DNR003306,Ananya Kapoor,Male,22,B+,7983402040,Ahmedabad,Gujarat,27-08-2025,Yes
DNR003307,Priya Patel,Female,27,B-,8170612152,Thiruvananthapuram,Kerala,09-04-2025,No
DNR003308,Rohan Mehta,Male,43,A+,7292562304,Kanpur,Uttar Pradesh,03-12-2023,No
DNR003309,Pooja Nair,Male,48,O+,8240842313,Thiruvananthapuram,Kerala,25-06-2025,No
DNR003310,Priya Patel,Female,40,B+,7568891609,Vadodara,Gujarat,07-09-2025,No
DNR003311,Sneha Joshi,Female,26,A+,9234832196,Hyderabad,Telangana,27-01-2025,No
DNR003312,Rahul Verma,Male,42,AB+,8651428394,Kolkata,West Bengal,16-09-2025,Yes
DNR003313,Sneha Joshi,Female,37,O+,9066603139,Nagpur,Maharashtra,14-06-2025,Yes
DNR003314,Aarav Sharma,Female,39,B+,7089264477,Bengaluru,Karnataka,14-12-2024,No
DNR003315,Kunal Desai,Female,21,O+,7222788659,Bhopal,Madhya Pradesh,25-03-2025,No
DNR003316,Pooja Nair,Male,23,O+,7534854986,Chennai,Tamil Nadu,04-07-2025,No
DNR003317,Priya Patel,Male,33,O+,8688648793,Patna,Bihar,04-02-2024,No
DNR003318,Kunal Desai,Male,45,B+,9538268848,Kanpur,Uttar Pradesh,24-12-2023,Yes
DNR003319,Pooja Nair,Female,31,A+,9569236835,Visakhapatnam,Andhra Pradesh,Never,Yes
DNR003320,Ananya Kapoor,Male,54,A+,7413985697,Mumbai,Maharashtra,15-01-2024,Yes
DNR003321,Sneha Joshi,Male,23,O+,8854506229,Ahmedabad,Gujarat,08-12-2022,No
DNR003322,Aarav Sharma,Female,29,O+,9734503508,Bhopal,Madhya Pradesh,21-06-2025,Yes
DNR003323,Aarav Sharma,Male,32,O-,7032687699,Mumbai,Maharashtra,30-11-2022,Yes
DNR003324,Ananya Kapoor,Male,37,A-,7921923847,Delhi,Delhi,07-11-2025,Yes
DNR003325,Pooja Nair,Male,30,B+,7873555476,Gurgaon,Haryana,29-03-2025,Yes
DNR003326,Neha Iyer,Male,30,A+,7733994352,Lucknow,Uttar Pradesh,24-06-2025,Yes
DNR003327,Ananya Kapoor,Female,39,B+,8158825125,Patna,Bihar,10-05-2024,Yes
DNR003328,Rahul Verma,Male,30,B+,9779104035,Lucknow,Uttar Pradesh,05-09-2022,Yes
DNR003329,Aarav Sharma,Female,49,O+,7000273255,Hyderabad,Telangana,12-11-2023,Yes
DNR003330,Rohan Mehta,Male,27,O+,8163623547,Vadodara,Gujarat,16-10-2024,Yes
DNR003331,Kunal Desai,Male,39,B+,7512289832,Thiruvananthapuram,Kerala,27-06-2023,No
DNR003332,Rahul Verma,Female,23,B+,9046474124,Hyderabad,Telangana,25-08-2024,Yes
DNR003333,Vikram Singh,Female,39,B+,8103405343,Jaipur,Rajasthan,20-11-2024,No
DNR003334,Pooja Nair,Male,25,A+,7101660303,Patna,Bihar,16-07-2024,No
DNR003335,Priya Patel,Male,30,A+,8959721828,Bengaluru,Karnataka,29-09-2024,Yes
DNR003336,Aarav Sharma,Male,30,AB+,8884392773,Lucknow,Uttar Pradesh,28-10-2024,Yes
DNR003337,Rahul Verma,Male,42,B+,8224643491,Jaipur,Rajasthan,19-08-2025,No
DNR003338,Vikram Singh,Male,26,O+,9589020935,Surat,Gujarat,30-10-2025,Yes
DNR003339,Aarav Sharma,Female,31,A+,9885471496,Thiruvananthapuram,Kerala,23-02-2024,No
DNR003340,Rohan Mehta,Female,25,B+,8319739707,Vadodara,Gujarat,05-03-2024,Yes
DNR003341,Priya Patel,Male,30,O+,8317532247,Gurgaon,Haryana,07-11-2021,No
DNR003342,Rohan Mehta,Female,43,A+,9262175142,Visakhapatnam,Andhra Pradesh,27-01-2025,Yes
DNR003343,Neha Iyer,Male,47,B+,9630692847,Vadodara,Gujarat,27-03-2024,No
DNR003344,Vikram Singh,Male,30,O+,9230938162,Kolkata,West Bengal,31-10-2022,Yes
DNR003345,Kunal Desai,Male,38,A+,8451013339,Gurgaon,Haryana,27-02-2025,Yes
DNR003346,Ananya Kapoor,Male,27,B+,9406512400,Patna,Bihar,06-11-2022,Yes
DNR003347,Vikram Singh,Male,31,B+,7120435390,Patna,Bihar,08-08-2023,Yes
DNR003348,Rahul Verma,Female,32,O+,7134312275,Patna,Bihar,08-08-2025,No
DNR003349,Pooja Nair,Female,41,A+,9073531403,Thiruvananthapuram,Kerala,08-11-2020,Yes
DNR003350,Rohan Mehta,Male,40,AB+,9958404331,Jaipur,Rajasthan,06-10-2022,Yes
DNR003351,Rahul Verma,Female,23,A+,7301427593,Vadodara,Gujarat,18-09-2025,No
DNR003352,Priya Patel,Female,32,A+,8729905438,Pune,Maharashtra,20-01-2024,No
DNR003353,Ananya Kapoor,Female,45,B+,7535359269,Mumbai,Maharashtra,23-11-2024,Yes
DNR003354,Priya Patel,Female,22,B+,9473643541,Kolkata,West Bengal,11-09-2025,Yes
DNR003355,Ananya Kapoor,Female,30,AB-,8604172538,Nagpur,Maharashtra,25-10-2024,Yes
DNR003356,Ananya Kapoor,Male,31,O+,9988998398,Lucknow,Uttar Pradesh,Never,Yes
DNR003357,Pooja Nair,Male,23,O+,8424305969,Bengaluru,Karnataka,01-03-2025,No
DNR003358,Aarav Sharma,Male,29,O+,7102693714,Kolkata,West Bengal,05-11-2025,Yes
DNR003359,Aarav Sharma,Female,52,O-,7670612915,Nagpur,Maharashtra,20-02-2025,No
DNR003360,Aarav Sharma,Female,26,A+,7613281353,Visakhapatnam,Andhra Pradesh,03-04-2024,Yes
DNR003361,Pooja Nair,Male,36,O+,9155860577,Visakhapatnam,Andhra Pradesh,16-11-2023,No
DNR003362,Priya Patel,Female,33,B+,8615439953,Mumbai,Maharashtra,Never,Yes
DNR003363,Priya Patel,Female,28,O+,8906980759,Kolkata,West Bengal,08-11-2020,Yes
DNR003364,Sneha Joshi,Female,35,O+,9147849549,Visakhapatnam,Andhra Pradesh,12-03-2025,Yes
DNR003365,Rohan Mehta,Female,33,AB+,9943620248,Kanpur,Uttar Pradesh,04-11-2025,No
DNR003366,Pooja Nair,Male,18,A+,7103212362,Thiruvananthapuram,Kerala,02-10-2025,Yes
DNR003367,Sneha Joshi,Female,32,B+,9129721865,Thiruvananthapuram,Kerala,29-04-2025,No
DNR003368,Ananya Kapoor,Female,24,A-,9811464663,Jaipur,Rajasthan,27-02-2025,Yes
DNR003369,Rahul Verma,Female,30,A+,8719668175,Kolkata,West Bengal,03-01-2025,Yes
DNR003370,Pooja Nair,Female,34,O+,7942220667,Patna,Bihar,14-05-2025,No
DNR003371,Priya Patel,Female,30,O+,7183903253,Nagpur,Maharashtra,19-07-2025,Yes
DNR003372,Neha Iyer,Male,34,O+,7425045795,Ahmedabad,Gujarat,08-11-2020,No
DNR003373,Neha Iyer,Male,61,O+,8398054388,Bhopal,Madhya Pradesh,10-07-2021,Yes
DNR003374,Vikram Singh,Female,23,B-,7825626100,Kanpur,Uttar Pradesh,31-08-2025,No
DNR003375,Ananya Kapoor,Male,39,B+,7536103945,Surat,Gujarat,15-05-2024,No
DNR003376,Rahul Verma,Male,29,B+,8572067302,Kolkata,West Bengal,31-08-2023,Yes
DNR003377,Aarav Sharma,Female,39,AB+,9426768333,Patna,Bihar,23-08-2022,Yes
DNR003378,Rohan Mehta,Male,29,B-,9928474719,Delhi,Delhi,27-08-2024,No
DNR003379,Vikram Singh,Male,30,O+,7692242071,Mohali,Punjab,20-06-2025,No
DNR003380,Rohan Mehta,Female,55,AB+,8082261722,Patna,Bihar,13-03-2023,Yes
DNR003381,Rohan Mehta,Female,22,A+,9074283715,Kolkata,West Bengal,07-04-2025,No
DNR003382,Aarav Sharma,Male,18,O+,7376995686,Hyderabad,Telangana,Never,No
DNR003383,Rohan Mehta,Male,36,O+,9776044902,Patna,Bihar,25-05-2023,Yes
DNR003384,Priya Patel,Male,18,A+,7934045184,Bengaluru,Karnataka,16-01-2025,Yes
DNR003385,Aarav Sharma,Male,35,A+,8940268277,Kolkata,West Bengal,08-11-2020,Yes
DNR003386,Ananya Kapoor,Female,36,O+,8873655418,Bhopal,Madhya Pradesh,21-01-2024,No
DNR003387,Vikram Singh,Male,18,B+,9964603170,Kolkata,West Bengal,29-09-2025,Yes
DNR003388,Neha Iyer,Female,18,O+,7809446004,Nagpur,Maharashtra,Never,No
DNR003389,Sneha Joshi,Female,18,A+,8779644329,Pune,Maharashtra,21-04-2025,No
DNR003390,Kunal Desai,Male,39,O+,9205766461,Patna,Bihar,17-05-2023,Yes
DNR003391,Pooja Nair,Male,44,B+,9924445955,Ahmedabad,Gujarat,29-02-2024,No
DNR003392,Pooja Nair,Female,51,O+,7141985747,Vadodara,Gujarat,15-05-2025,No
DNR003393,Sneha Joshi,Female,42,A+,7927032502,Nagpur,Maharashtra,28-12-2023,Yes
DNR003394,Aarav Sharma,Male,24,A+,8951485614,Chennai,Tamil Nadu,27-07-2022,Yes
DNR003395,Sneha Joshi,Female,18,B+,7144787572,Nagpur,Maharashtra,24-04-2025,No
DNR003396,Neha Iyer,Male,38,B+,7729956974,Hyderabad,Telangana,30-04-2024,Yes
DNR003397,Priya Patel,Male,31,A+,7111818639,Kolkata,West Bengal,18-11-2021,Yes
DNR003398,Rohan Mehta,Female,25,O+,9799014738,Lucknow,Uttar Pradesh,21-08-2025,No
DNR003399,Pooja Nair,Female,33,B+,9817689853,Kolkata,West Bengal,07-12-2022,No
DNR003400,Vikram Singh,Male,18,O+,8061941979,Nagpur,Maharashtra,22-10-2025,Yes
DNR003401,Pooja Nair,Male,20,O-,8373281281,Patna,Bihar,12-06-2025,Yes
DNR003402,Ananya Kapoor,Male,21,B+,8682177302,Delhi,Delhi,21-04-2025,Yes
DNR003403,Rahul Verma,Female,21,B+,8042982210,Thiruvananthapuram,Kerala,27-08-2024,Yes
DNR003404,Sneha Joshi,Female,28,B-,7251658723,Kanpur,Uttar Pradesh,22-09-2025,Yes
DNR003405,Vikram Singh,Male,43,O+,7914831044,Pune,Maharashtra,08-11-2020,Yes
DNR003406,Pooja Nair,Male,42,A+,9458637252,Surat,Gujarat,06-09-2025,No
DNR003407,Rohan Mehta,Male,30,O-,9868241077,Nagpur,Maharashtra,18-10-2024,Yes
DNR003408,Sneha Joshi,Male,42,B+,9687216623,Kolkata,West Bengal,28-09-2024,Yes
DNR003409,Vikram Singh,Female,25,O+,9305581483,Jaipur,Rajasthan,08-03-2025,Yes
DNR003410,Rohan Mehta,Male,43,B+,9023835398,Vadodara,Gujarat,30-04-2021,No
DNR003411,Sneha Joshi,Male,37,O+,9562640766,Pune,Maharashtra,22-04-2024,Yes
DNR003412,Aarav Sharma,Male,36,B+,9070506996,Surat,Gujarat,11-06-2025,Yes
DNR003413,Aarav Sharma,Female,26,O+,9288140299,Patna,Bihar,01-05-2024,Yes
DNR003414,Vikram Singh,Female,42,O+,8189881390,Patna,Bihar,12-07-2025,Yes
DNR003415,Neha Iyer,Female,18,O+,8628807773,Kanpur,Uttar Pradesh,20-09-2025,No
DNR003416,Aarav Sharma,Female,39,O-,9437549353,Delhi,Delhi,12-01-2023,Yes
DNR003417,Kunal Desai,Male,32,O+,8805056065,Lucknow,Uttar Pradesh,05-08-2024,No
DNR003418,Ananya Kapoor,Male,49,O+,7089649873,Ahmedabad,Gujarat,08-05-2024,Yes
DNR003419,Rohan Mehta,Female,43,O+,8044522026,Bhopal,Madhya Pradesh,29-01-2024,No
DNR003420,Priya Patel,Male,27,B+,8599795485,Mumbai,Maharashtra,22-05-2024,Yes
DNR003421,Ananya Kapoor,Male,30,O+,9703745843,Bhopal,Madhya Pradesh,19-01-2025,Yes
DNR003422,Priya Patel,Male,28,O+,9123592521,Surat,Gujarat,16-01-2025,Yes
DNR003423,Neha Iyer,Female,32,B+,8236785793,Mohali,Punjab,Never,No
DNR003424,Aarav Sharma,Male,47,AB+,8801511077,Chennai,Tamil Nadu,02-03-2025,Yes
DNR003425,Rohan Mehta,Female,30,O+,8194218231,Chennai,Tamil Nadu,27-12-2024,Yes
DNR003426,Kunal Desai,Male,37,B+,8203268832,Thiruvananthapuram,Kerala,06-10-2021,Yes
DNR003427,Rohan Mehta,Male,45,B+,7872754108,Patna,Bihar,05-09-2025,Yes
DNR003428,Neha Iyer,Female,30,O+,9584666656,Kolkata,West Bengal,17-02-2022,Yes
DNR003429,Pooja Nair,Female,40,O+,8361932860,Hyderabad,Telangana,29-10-2024,Yes
DNR003430,Sneha Joshi,Male,18,A+,9631987562,Kolkata,West Bengal,03-11-2025,Yes
DNR003431,Vikram Singh,Male,59,A+,7477611894,Mohali,Punjab,23-04-2024,Yes
DNR003432,Neha Iyer,Female,25,O+,8404898400,Lucknow,Uttar Pradesh,28-12-2024,Yes
DNR003433,Ananya Kapoor,Female,37,O+,7432828044,Vadodara,Gujarat,10-02-2025,Yes
DNR003434,Vikram Singh,Female,24,O+,7250257739,Mumbai,Maharashtra,03-05-2025,Yes
DNR003435,Rahul Verma,Female,37,B+,7935170484,Jaipur,Rajasthan,13-03-2022,Yes
DNR003436,Kunal Desai,Female,24,O+,7518863019,Kolkata,West Bengal,23-12-2020,Yes
DNR003437,Priya Patel,Female,37,A+,7780629569,Gurgaon,Haryana,03-11-2025,No
DNR003438,Neha Iyer,Male,52,O+,8140497798,Mumbai,Maharashtra,Never,No
DNR003439,Vikram Singh,Female,28,O-,9980486932,Ahmedabad,Gujarat,27-10-2023,No
DNR003440,Vikram Singh,Male,25,B+,9520995069,Thiruvananthapuram,Kerala,22-01-2024,Yes
DNR003441,Rohan Mehta,Male,18,O+,9123831010,Ahmedabad,Gujarat,21-01-2025,Yes
DNR003442,Kunal Desai,Male,25,O+,9362366405,Kolkata,West Bengal,14-10-2024,Yes
DNR003443,Sneha Joshi,Male,40,O+,7983453742,Nagpur,Maharashtra,07-05-2025,Yes
DNR003444,Ananya Kapoor,Male,22,B+,8071361222,Visakhapatnam,Andhra Pradesh,01-04-2025,Yes
DNR003445,Sneha Joshi,Female,47,A+,8448451433,Kanpur,Uttar Pradesh,30-10-2025,No
DNR003446,Rohan Mehta,Female,46,A+,8979765451,Delhi,Delhi,10-09-2025,Yes
DNR003447,Rahul Verma,Female,47,A+,7317788981,Gurgaon,Haryana,21-06-2023,No
DNR003448,Rohan Mehta,Female,26,O+,8309289975,Hyderabad,Telangana,27-10-2025,No
DNR003449,Priya Patel,Male,29,O-,9043895118,Kolkata,West Bengal,25-07-2025,Yes
DNR003450,Rohan Mehta,Male,41,O-,9269291270,Bhopal,Madhya Pradesh,01-05-2024,Yes
DNR003451,Priya Patel,Male,51,O+,7661071327,Delhi,Delhi,22-03-2025,Yes
DNR003452,Rahul Verma,Female,28,B+,9053513551,Kanpur,Uttar Pradesh,02-06-2024,Yes
DNR003453,Vikram Singh,Female,29,O+,9653545314,Patna,Bihar,06-01-2024,No
DNR003454,Kunal Desai,Male,32,A-,8809316899,Thiruvananthapuram,Kerala,01-10-2025,Yes
DNR003455,Kunal Desai,Female,46,B+,8529170001,Lucknow,Uttar Pradesh,Never,Yes
DNR003456,Ananya Kapoor,Female,28,O-,7832978347,Gurgaon,Haryana,29-08-2024,Yes
DNR003457,Pooja Nair,Female,49,O-,8682155418,Hyderabad,Telangana,23-05-2023,Yes
DNR003458,Aarav Sharma,Female,47,O+,7161455115,Chennai,Tamil Nadu,23-08-2023,Yes
DNR003459,Priya Patel,Male,31,A+,8558542591,Mohali,Punjab,12-01-2024,No
DNR003460,Neha Iyer,Male,26,O+,7422450225,Bengaluru,Karnataka,10-06-2023,Yes
DNR003461,Pooja Nair,Male,19,A+,8867123203,Gurgaon,Haryana,21-05-2024,Yes
DNR003462,Kunal Desai,Female,43,O+,7983579784,Bengaluru,Karnataka,17-07-2025,Yes
DNR003463,Aarav Sharma,Female,35,A-,9737418539,Lucknow,Uttar Pradesh,29-05-2025,Yes
DNR003464,Priya Patel,Female,50,A+,8372746704,Nagpur,Maharashtra,02-05-2024,Yes
DNR003465,Neha Iyer,Male,18,AB+,8020273180,Delhi,Delhi,22-09-2025,Yes
DNR003466,Ananya Kapoor,Female,33,O+,8576851565,Vadodara,Gujarat,19-05-2025,No
DNR003467,Vikram Singh,Male,18,O-,9225401846,Patna,Bihar,14-02-2024,Yes
DNR003468,Neha Iyer,Male,43,O+,9909604928,Gurgaon,Haryana,03-02-2023,Yes
DNR003469,Priya Patel,Male,40,A+,9041591527,Patna,Bihar,13-05-2025,Yes
DNR003470,Aarav Sharma,Male,25,O+,8218160317,Mohali,Punjab,18-06-2024,Yes
DNR003471,Kunal Desai,Male,44,B+,9137182943,Thiruvananthapuram,Kerala,12-08-2025,Yes
DNR003472,Sneha Joshi,Male,47,O+,8220425201,Surat,Gujarat,20-09-2025,Yes
DNR003473,Rohan Mehta,Female,19,A+,7755928191,Lucknow,Uttar Pradesh,08-11-2020,No
DNR003474,Pooja Nair,Male,28,O+,9968444476,Hyderabad,Telangana,14-06-2025,Yes
DNR003475,Sneha Joshi,Male,28,B-,8263349493,Nagpur,Maharashtra,08-11-2020,Yes
DNR003476,Pooja Nair,Male,40,B+,9180442302,Visakhapatnam,Andhra Pradesh,15-04-2025,Yes
DNR003477,Kunal Desai,Male,35,AB+,9150178071,Thiruvananthapuram,Kerala,12-06-2024,No
DNR003478,Vikram Singh,Female,34,O+,9338900639,Surat,Gujarat,06-11-2025,Yes
DNR003479,Aarav Sharma,Female,31,A+,8562551709,Surat,Gujarat,28-03-2025,No
DNR003480,Priya Patel,Female,34,B+,9127863655,Chennai,Tamil Nadu,12-08-2025,Yes
DNR003481,Sneha Joshi,Male,49,O+,7679765286,Nagpur,Maharashtra,Never,Yes
DNR003482,Rohan Mehta,Male,21,O+,7777671813,Ahmedabad,Gujarat,Never,Yes
DNR003483,Aarav Sharma,Male,49,A+,7457342066,Vadodara,Gujarat,29-08-2025,Yes
DNR003484,Priya Patel,Male,24,A+,8590303341,Delhi,Delhi,07-01-2025,Yes
DNR003485,Ananya Kapoor,Female,36,O+,8370114263,Ahmedabad,Gujarat,08-10-2023,No
DNR003486,Aarav Sharma,Male,35,O+,9123935030,Nagpur,Maharashtra,08-09-2025,No
DNR003487,Vikram Singh,Female,18,B+,9215471963,Mumbai,Maharashtra,22-07-2025,Yes
DNR003488,Priya Patel,Male,18,B+,8232615645,Surat,Gujarat,23-11-2024,Yes
DNR003489,Rahul Verma,Male,38,O+,8098303564,Hyderabad,Telangana,24-05-2025,Yes
DNR003490,Ananya Kapoor,Female,40,O+,8741647329,Mumbai,Maharashtra,21-08-2025,Yes
DNR003491,Rahul Verma,Female,18,A+,7578630931,Bhopal,Madhya Pradesh,26-04-2025,Yes
DNR003492,Sneha Joshi,Male,28,A+,9667336044,Chennai,Tamil Nadu,06-07-2023,Yes
DNR003493,Priya Patel,Male,40,A+,7166719502,Thiruvananthapuram,Kerala,25-07-2025,Yes
DNR003494,Rahul Verma,Male,35,A+,8451554840,Gurgaon,Haryana,19-06-2024,No
DNR003495,Pooja Nair,Female,40,B+,7136699389,Delhi,Delhi,17-06-2025,Yes
DNR003496,Sneha Joshi,Male,40,O+,9650124137,Vadodara,Gujarat,02-07-2024,Yes
DNR003497,Rohan Mehta,Male,32,O+,8910336420,Mohali,Punjab,24-09-2025,No
DNR003498,Aarav Sharma,Female,18,B+,7305379320,Chennai,Tamil Nadu,06-01-2025,No
DNR003499,Ananya Kapoor,Male,21,B+,7803972344,Vadodara,Gujarat,14-07-2025,Yes
DNR003500,Rahul Verma,Male,28,B+,8898529486,Mumbai,Maharashtra,23-10-2025,Yes
DNR003501,Rahul Verma,Female,27,A+,8076200499,Mohali,Punjab,13-01-2025,No
DNR003502,Kunal Desai,Male,37,B-,8160329202,Mohali,Punjab,23-11-2024,No
DNR003503,Pooja Nair,Male,26,B+,9944998454,Lucknow,Uttar Pradesh,10-04-2024,No
DNR003504,Neha Iyer,Female,31,O+,9675399106,Kolkata,West Bengal,02-11-2025,Yes
DNR003505,Aarav Sharma,Male,48,O+,8508617224,Kanpur,Uttar Pradesh,08-11-2020,Yes
DNR003506,Priya Patel,Female,30,O-,7254035279,Kanpur,Uttar Pradesh,11-10-2025,No
DNR003507,Kunal Desai,Female,29,O+,7572349356,Mumbai,Maharashtra,20-07-2025,Yes
DNR003508,Aarav Sharma,Female,25,AB+,9485259405,Kanpur,Uttar Pradesh,30-04-2023,No
DNR003509,Neha Iyer,Female,32,O+,8695681407,Gurgaon,Haryana,22-07-2023,No
DNR003510,Kunal Desai,Male,44,O+,9139474913,Jaipur,Rajasthan,09-10-2023,Yes
DNR003511,Rahul Verma,Female,40,B+,7516001123,Gurgaon,Haryana,01-09-2025,Yes
DNR003512,Vikram Singh,Female,32,O+,8942695902,Kanpur,Uttar Pradesh,09-02-2023,Yes
DNR003513,Pooja Nair,Male,35,A-,8908164678,Thiruvananthapuram,Kerala,06-11-2023,Yes
DNR003514,Rohan Mehta,Male,36,O+,8333905106,Mohali,Punjab,13-08-2025,Yes
DNR003515,Pooja Nair,Male,21,B+,9109240430,Kolkata,West Bengal,01-03-2025,No
DNR003516,Priya Patel,Male,48,O+,7586444809,Visakhapatnam,Andhra Pradesh,14-04-2021,Yes
DNR003517,Pooja Nair,Female,34,O+,8434632932,Bhopal,Madhya Pradesh,30-09-2024,No
DNR003518,Priya Patel,Male,29,AB+,7365260587,Ahmedabad,Gujarat,14-08-2021,Yes
DNR003519,Rohan Mehta,Female,48,B+,9380660711,Ahmedabad,Gujarat,21-07-2024,No
DNR003520,Rahul Verma,Male,28,O+,8631203165,Mumbai,Maharashtra,07-04-2025,No
DNR003521,Rohan Mehta,Female,21,B+,8651775053,Bhopal,Madhya Pradesh,16-05-2024,Yes
DNR003522,Priya Patel,Female,51,O+,9410366223,Surat,Gujarat,12-06-2025,No
DNR003523,Rohan Mehta,Male,32,B+,7282054440,Gurgaon,Haryana,07-08-2021,Yes
DNR003524,Rohan Mehta,Male,44,A+,8577626972,Visakhapatnam,Andhra Pradesh,30-11-2024,Yes
DNR003525,Priya Patel,Female,32,A+,8665189220,Bengaluru,Karnataka,18-11-2021,No
DNR003526,Kunal Desai,Female,33,B+,7094575182,Nagpur,Maharashtra,06-09-2021,Yes
DNR003527,Pooja Nair,Male,18,B+,7768909465,Lucknow,Uttar Pradesh,14-04-2024,Yes
DNR003528,Rohan Mehta,Female,32,B+,9916324168,Lucknow,Uttar Pradesh,Never,Yes
DNR003529,Vikram Singh,Female,35,O+,8615369045,Hyderabad,Telangana,17-03-2025,Yes
DNR003530,Neha Iyer,Male,33,O+,7250198986,Thiruvananthapuram,Kerala,19-01-2024,Yes
DNR003531,Kunal Desai,Female,46,B+,8711378061,Bengaluru,Karnataka,20-12-2023,Yes
DNR003532,Sneha Joshi,Female,28,O+,9129573167,Thiruvananthapuram,Kerala,04-09-2025,Yes
DNR003533,Aarav Sharma,Other,18,B+,8003460053,Pune,Maharashtra,13-10-2025,No
DNR003534,Vikram Singh,Male,39,O-,8952088499,Bengaluru,Karnataka,03-06-2025,Yes
DNR003535,Ananya Kapoor,Male,65,O+,8648108323,Kanpur,Uttar Pradesh,15-08-2025,Yes
DNR003536,Rohan Mehta,Female,30,B+,7725782134,Surat,Gujarat,27-10-2024,Yes
DNR003537,Neha Iyer,Female,23,B+,7270488639,Ahmedabad,Gujarat,25-07-2025,Yes
DNR003538,Neha Iyer,Male,20,O+,9974486174,Kanpur,Uttar Pradesh,19-10-2025,Yes
DNR003539,Kunal Desai,Female,45,A+,9137282130,Lucknow,Uttar Pradesh,25-04-2022,Yes
DNR003540,Ananya Kapoor,Female,48,A+,7117661569,Kanpur,Uttar Pradesh,01-01-2023,No
DNR003541,Aarav Sharma,Female,18,O+,8321607788,Thiruvananthapuram,Kerala,10-01-2025,Yes
DNR003542,Aarav Sharma,Male,41,A+,9757413846,Bengaluru,Karnataka,01-03-2025,Yes
DNR003543,Kunal Desai,Male,18,O-,8710318970,Bhopal,Madhya Pradesh,12-08-2025,Yes
DNR003544,Kunal Desai,Male,18,A+,8743495509,Bengaluru,Karnataka,15-06-2025,Yes
DNR003545,Rohan Mehta,Female,39,O+,7028893388,Visakhapatnam,Andhra Pradesh,21-01-2025,Yes
DNR003546,Rohan Mehta,Male,30,A+,7578017244,Jaipur,Rajasthan,24-10-2025,Yes
DNR003547,Ananya Kapoor,Male,41,A+,9793440645,Vadodara,Gujarat,26-10-2025,No
DNR003548,Rohan Mehta,Female,38,O+,8067514086,Jaipur,Rajasthan,16-10-2025,Yes
DNR003549,Vikram Singh,Female,39,A+,8015630125,Patna,Bihar,25-03-2024,No
DNR003550,Rahul Verma,Male,44,B+,7986398830,Mumbai,Maharashtra,07-06-2025,No
DNR003551,Vikram Singh,Female,52,B+,7608265037,Delhi,Delhi,Never,Yes
DNR003552,Ananya Kapoor,Male,18,B-,9461863023,Pune,Maharashtra,22-11-2023,No
DNR003553,Pooja Nair,Female,39,O+,9808445606,Chennai,Tamil Nadu,14-10-2022,No
DNR003554,Kunal Desai,Female,19,O+,7535067823,Chennai,Tamil Nadu,27-05-2025,Yes
DNR003555,Priya Patel,Female,39,B+,8610338867,Hyderabad,Telangana,05-10-2023,Yes
DNR003556,Rahul Verma,Male,25,O+,8007715183,Surat,Gujarat,04-07-2025,Yes
DNR003557,Priya Patel,Female,30,B+,8646142436,Nagpur,Maharashtra,26-04-2025,Yes
DNR003558,Rahul Verma,Female,20,A+,9043163506,Kanpur,Uttar Pradesh,25-04-2025,No
DNR003559,Rahul Verma,Female,32,A+,9143708318,Nagpur,Maharashtra,24-05-2025,Yes
DNR003560,Rahul Verma,Female,35,AB+,8679915675,Gurgaon,Haryana,05-11-2025,Yes
DNR003561,Neha Iyer,Male,30,O+,8255488995,Jaipur,Rajasthan,20-11-2024,Yes
DNR003562,Rahul Verma,Female,32,B+,7207001517,Vadodara,Gujarat,Never,Yes
DNR003563,Priya Patel,Male,22,O+,9032728523,Patna,Bihar,13-08-2025,Yes
DNR003564,Pooja Nair,Female,40,A-,7774519929,Mohali,Punjab,22-06-2025,No
DNR003565,Sneha Joshi,Other,27,A+,9666485539,Delhi,Delhi,19-07-2025,Yes
DNR003566,Rohan Mehta,Male,39,O+,8497905829,Pune,Maharashtra,01-08-2025,Yes
DNR003567,Kunal Desai,Male,41,O+,9613210759,Surat,Gujarat,14-03-2025,Yes
DNR003568,Kunal Desai,Male,32,O+,8543605157,Kolkata,West Bengal,22-09-2025,Yes
DNR003569,Sneha Joshi,Male,35,O+,9599105601,Bengaluru,Karnataka,29-09-2024,Yes
DNR003570,Pooja Nair,Male,33,O+,9349806228,Chennai,Tamil Nadu,14-02-2024,Yes
DNR003571,Pooja Nair,Female,24,A+,9407644307,Lucknow,Uttar Pradesh,26-10-2025,Yes
DNR003572,Pooja Nair,Female,18,O+,8066471047,Gurgaon,Haryana,03-02-2023,No
DNR003573,Sneha Joshi,Male,32,B+,9212761847,Bhopal,Madhya Pradesh,01-05-2023,Yes
DNR003574,Sneha Joshi,Male,28,O-,9091931317,Jaipur,Rajasthan,06-03-2024,No
DNR003575,Rohan Mehta,Male,43,O+,9196885460,Gurgaon,Haryana,11-08-2025,Yes
DNR003576,Ananya Kapoor,Female,30,O+,9311066137,Lucknow,Uttar Pradesh,23-02-2025,Yes
DNR003577,Priya Patel,Female,41,B+,7899853878,Patna,Bihar,29-09-2025,No
DNR003578,Vikram Singh,Male,47,O+,7817919503,Mohali,Punjab,24-07-2025,No
DNR003579,Pooja Nair,Other,36,A+,8282841352,Chennai,Tamil Nadu,11-09-2024,Yes
DNR003580,Neha Iyer,Male,26,B+,9879332612,Delhi,Delhi,06-09-2025,Yes
DNR003581,Neha Iyer,Male,43,O+,8303244255,Vadodara,Gujarat,18-06-2023,No
DNR003582,Aarav Sharma,Female,43,A-,9972871553,Gurgaon,Haryana,05-10-2025,No
DNR003583,Rohan Mehta,Female,28,B+,7468095272,Vadodara,Gujarat,04-10-2025,Yes
DNR003584,Priya Patel,Female,30,O+,9701704632,Vadodara,Gujarat,19-05-2025,Yes
DNR003585,Sneha Joshi,Female,45,A+,7410838053,Kolkata,West Bengal,Never,No
DNR003586,Kunal Desai,Male,43,A+,9936376288,Pune,Maharashtra,26-02-2025,Yes
DNR003587,Kunal Desai,Male,26,O+,7672138014,Kolkata,West Bengal,25-10-2025,Yes
DNR003588,Ananya Kapoor,Male,24,O+,8978404299,Pune,Maharashtra,08-11-2020,Yes
DNR003589,Ananya Kapoor,Male,35,A+,8835671249,Kanpur,Uttar Pradesh,Never,Yes
DNR003590,Rohan Mehta,Female,51,AB+,8942063503,Ahmedabad,Gujarat,11-03-2025,Yes
DNR003591,Kunal Desai,Female,29,O+,8265059405,Hyderabad,Telangana,02-07-2024,No
DNR003592,Rahul Verma,Female,37,A+,9326383863,Lucknow,Uttar Pradesh,28-09-2025,No
DNR003593,Priya Patel,Female,28,B+,7919533237,Kolkata,West Bengal,28-02-2025,Yes
DNR003594,Aarav Sharma,Male,33,A+,7008201646,Mohali,Punjab,11-05-2024,No
DNR003595,Rahul Verma,Female,32,B+,8673105476,Mohali,Punjab,31-08-2025,No
DNR003596,Neha Iyer,Female,38,B+,8252360231,Lucknow,Uttar Pradesh,18-01-2025,No
DNR003597,Ananya Kapoor,Female,38,O+,8554740402,Surat,Gujarat,Never,No
DNR003598,Neha Iyer,Female,42,O+,9583007235,Vadodara,Gujarat,03-09-2025,No
DNR003599,Kunal Desai,Female,40,B+,7036533844,Chennai,Tamil Nadu,25-10-2023,Yes
DNR003600,Sneha Joshi,Male,18,A+,8134169215,Kolkata,West Bengal,09-01-2024,Yes
DNR003601,Rohan Mehta,Female,26,O+,9615061636,Thiruvananthapuram,Kerala,12-11-2021,Yes
DNR003602,Sneha Joshi,Male,41,B+,9583441419,Visakhapatnam,Andhra Pradesh,28-02-2025,No
DNR003603,Rohan Mehta,Male,54,A+,8687824836,Surat,Gujarat,06-12-2024,No
DNR003604,Sneha Joshi,Male,27,O+,8081465761,Mumbai,Maharashtra,21-10-2025,Yes
DNR003605,Sneha Joshi,Male,20,A+,8498854190,Visakhapatnam,Andhra Pradesh,05-12-2022,Yes
DNR003606,Pooja Nair,Female,49,O+,7761004876,Kanpur,Uttar Pradesh,13-11-2023,Yes
DNR003607,Priya Patel,Female,24,B+,9181335964,Visakhapatnam,Andhra Pradesh,04-06-2024,Yes
DNR003608,Sneha Joshi,Female,49,O+,7660372181,Ahmedabad,Gujarat,17-10-2025,No
DNR003609,Ananya Kapoor,Male,37,O+,7398014889,Visakhapatnam,Andhra Pradesh,28-12-2024,Yes
DNR003610,Rahul Verma,Female,21,O+,7614940084,Thiruvananthapuram,Kerala,04-01-2024,Yes
DNR003611,Neha Iyer,Male,38,A+,8474455808,Kolkata,West Bengal,15-11-2024,Yes
DNR003612,Priya Patel,Male,40,A+,7496916878,Mohali,Punjab,14-03-2025,Yes
DNR003613,Ananya Kapoor,Male,40,A+,9818850269,Delhi,Delhi,05-10-2024,Yes
DNR003614,Aarav Sharma,Female,33,O+,7190846236,Thiruvananthapuram,Kerala,17-04-2025,Yes
DNR003615,Rahul Verma,Female,29,B+,7107921763,Ahmedabad,Gujarat,28-05-2024,No
DNR003616,Kunal Desai,Male,41,A+,8380135232,Kanpur,Uttar Pradesh,15-10-2023,Yes
DNR003617,Aarav Sharma,Male,26,AB+,9593206469,Vadodara,Gujarat,05-09-2025,Yes
DNR003618,Neha Iyer,Male,36,O+,8411246651,Visakhapatnam,Andhra Pradesh,22-06-2023,Yes
DNR003619,Priya Patel,Female,26,B+,8166805828,Patna,Bihar,02-02-2024,No
DNR003620,Rahul Verma,Female,31,O+,8265317200,Ahmedabad,Gujarat,05-02-2022,No
DNR003621,Neha Iyer,Female,38,O+,9128703680,Kanpur,Uttar Pradesh,04-06-2024,No
DNR003622,Vikram Singh,Female,22,O+,9115833645,Chennai,Tamil Nadu,20-10-2025,No
DNR003623,Aarav Sharma,Female,18,B+,9778825987,Thiruvananthapuram,Kerala,07-09-2021,Yes
DNR003624,Rohan Mehta,Male,42,O+,7462047767,Chennai,Tamil Nadu,30-04-2024,Yes
DNR003625,Neha Iyer,Male,32,B+,8073215527,Delhi,Delhi,09-10-2024,Yes
DNR003626,Rohan Mehta,Female,36,A+,8443314506,Delhi,Delhi,07-10-2025,No
DNR003627,Rahul Verma,Male,33,B+,7545328807,Mohali,Punjab,28-09-2021,Yes
DNR003628,Ananya Kapoor,Male,30,O+,8447817094,Mumbai,Maharashtra,18-04-2025,Yes
DNR003629,Rohan Mehta,Male,32,O+,8192992589,Patna,Bihar,17-07-2023,Yes
DNR003630,Priya Patel,Male,41,B+,8323875857,Ahmedabad,Gujarat,06-02-2025,Yes
DNR003631,Sneha Joshi,Male,32,O+,8799408095,Mohali,Punjab,07-11-2025,No
DNR003632,Ananya Kapoor,Male,38,O+,9382807900,Nagpur,Maharashtra,21-06-2025,No
DNR003633,Neha Iyer,Female,47,B+,9297390163,Mumbai,Maharashtra,08-10-2024,Yes
DNR003634,Vikram Singh,Male,58,O+,7794940711,Patna,Bihar,22-11-2024,No
DNR003635,Pooja Nair,Female,41,O+,8778380653,Bhopal,Madhya Pradesh,26-03-2025,No
DNR003636,Sneha Joshi,Female,30,B+,7468041451,Vadodara,Gujarat,07-08-2025,No
DNR003637,Rohan Mehta,Female,53,AB+,7208072876,Bengaluru,Karnataka,22-04-2024,Yes
DNR003638,Vikram Singh,Female,27,B+,8299579775,Bengaluru,Karnataka,17-08-2025,Yes
DNR003639,Vikram Singh,Female,18,O+,7511711498,Bengaluru,Karnataka,Never,No
DNR003640,Vikram Singh,Female,27,A+,8269637310,Bengaluru,Karnataka,26-01-2025,Yes
DNR003641,Sneha Joshi,Male,40,B+,8146960169,Patna,Bihar,13-06-2025,Yes
DNR003642,Sneha Joshi,Female,31,A-,8400248764,Kanpur,Uttar Pradesh,02-11-2025,No
DNR003643,Sneha Joshi,Male,40,A+,7580087898,Hyderabad,Telangana,28-09-2025,Yes
DNR003644,Rohan Mehta,Male,18,O+,9818587037,Visakhapatnam,Andhra Pradesh,11-02-2025,Yes
DNR003645,Rahul Verma,Male,23,A+,7850758941,Thiruvananthapuram,Kerala,21-09-2024,Yes
DNR003646,Rahul Verma,Male,54,O+,8893603512,Bhopal,Madhya Pradesh,13-03-2024,Yes
DNR003647,Rohan Mehta,Male,38,O+,9217293801,Pune,Maharashtra,02-03-2025,Yes
DNR003648,Ananya Kapoor,Female,25,B+,9978997746,Delhi,Delhi,16-11-2022,Yes
DNR003649,Rahul Verma,Female,31,O+,7111726155,Kanpur,Uttar Pradesh,02-08-2025,No
DNR003650,Vikram Singh,Female,51,B-,9214356781,Ahmedabad,Gujarat,08-11-2020,Yes
DNR003651,Rohan Mehta,Female,39,O+,7375735106,Mohali,Punjab,25-11-2024,Yes
DNR003652,Ananya Kapoor,Female,26,B+,9386614128,Visakhapatnam,Andhra Pradesh,17-05-2024,Yes
DNR003653,Sneha Joshi,Female,53,O+,9290907052,Vadodara,Gujarat,13-04-2024,No
DNR003654,Rohan Mehta,Male,18,O+,9088927272,Mohali,Punjab,05-12-2021,Yes
DNR003655,Neha Iyer,Male,35,A+,8112892503,Lucknow,Uttar Pradesh,01-07-2025,Yes
DNR003656,Ananya Kapoor,Male,35,O+,8607445616,Mumbai,Maharashtra,01-05-2024,Yes
DNR003657,Vikram Singh,Female,18,B+,7508804513,Lucknow,Uttar Pradesh,07-06-2025,Yes
DNR003658,Ananya Kapoor,Male,26,B+,9231732243,Kolkata,West Bengal,14-11-2024,Yes
DNR003659,Rohan Mehta,Female,35,B+,8246541113,Mohali,Punjab,03-06-2025,Yes
DNR003660,Rahul Verma,Female,23,O+,7889364645,Lucknow,Uttar Pradesh,Never,Yes
DNR003661,Ananya Kapoor,Male,35,AB+,7076787505,Delhi,Delhi,06-12-2024,No
DNR003662,Neha Iyer,Female,24,B+,7912657801,Patna,Bihar,29-05-2025,Yes
DNR003663,Ananya Kapoor,Male,38,O+,8691905325,Kanpur,Uttar Pradesh,30-07-2025,Yes
DNR003664,Aarav Sharma,Female,43,A+,7405663398,Surat,Gujarat,06-11-2025,Yes
DNR003665,Pooja Nair,Male,46,B+,9397702557,Kanpur,Uttar Pradesh,11-05-2025,No
DNR003666,Sneha Joshi,Female,18,B+,8853276773,Nagpur,Maharashtra,28-10-2024,Yes
DNR003667,Kunal Desai,Female,52,O+,8408256261,Hyderabad,Telangana,16-01-2024,No
DNR003668,Rahul Verma,Female,37,O+,8157153886,Jaipur,Rajasthan,19-05-2024,Yes
DNR003669,Kunal Desai,Female,32,A+,8569883245,Lucknow,Uttar Pradesh,13-09-2025,Yes
DNR003670,Aarav Sharma,Female,30,B+,8218616229,Surat,Gujarat,01-09-2024,No
DNR003671,Ananya Kapoor,Female,43,A+,7402747217,Visakhapatnam,Andhra Pradesh,12-02-2024,Yes
DNR003672,Kunal Desai,Male,49,A+,7586279169,Gurgaon,Haryana,08-11-2020,Yes
DNR003673,Ananya Kapoor,Female,29,A+,7804857174,Thiruvananthapuram,Kerala,22-06-2025,Yes
DNR003674,Aarav Sharma,Female,48,A+,9935147525,Chennai,Tamil Nadu,07-05-2025,Yes
DNR003675,Neha Iyer,Female,25,A+,9960198597,Surat,Gujarat,Never,No
DNR003676,Aarav Sharma,Male,36,A+,9852889994,Bhopal,Madhya Pradesh,Never,Yes
DNR003677,Vikram Singh,Other,33,A+,9265182114,Pune,Maharashtra,11-03-2023,No
DNR003678,Ananya Kapoor,Female,31,O+,7693566540,Nagpur,Maharashtra,27-04-2025,No
DNR003679,Aarav Sharma,Male,33,B+,7835316570,Bhopal,Madhya Pradesh,25-08-2025,No
DNR003680,Kunal Desai,Female,18,O+,8109169064,Lucknow,Uttar Pradesh,15-07-2025,Yes
DNR003681,Rahul Verma,Female,45,B+,7258010854,Kolkata,West Bengal,29-04-2025,Yes
DNR003682,Rohan Mehta,Female,38,A+,9129363613,Delhi,Delhi,19-07-2025,No
DNR003683,Priya Patel,Female,36,O-,9190556866,Ahmedabad,Gujarat,02-08-2025,Yes
DNR003684,Sneha Joshi,Female,39,O+,8579932059,Pune,Maharashtra,18-10-2025,No
DNR003685,Sneha Joshi,Female,25,B+,9480886450,Mumbai,Maharashtra,14-01-2025,Yes
DNR003686,Pooja Nair,Male,54,A+,9631101976,Bhopal,Madhya Pradesh,03-09-2023,No
DNR003687,Aarav Sharma,Female,42,O+,9499648203,Surat,Gujarat,Never,No
DNR003688,Rahul Verma,Female,47,B+,8521371144,Delhi,Delhi,18-02-2024,Yes
DNR003689,Aarav Sharma,Female,42,B+,7457636979,Chennai,Tamil Nadu,19-09-2025,No
DNR003690,Vikram Singh,Female,46,B+,8136205611,Lucknow,Uttar Pradesh,08-09-2025,Yes
DNR003691,Kunal Desai,Female,43,O+,7428295144,Thiruvananthapuram,Kerala,03-01-2025,Yes
DNR003692,Sneha Joshi,Male,49,B+,7100982379,Kolkata,West Bengal,24-07-2025,Yes
DNR003693,Kunal Desai,Male,31,O+,9101830290,Visakhapatnam,Andhra Pradesh,10-09-2025,Yes
DNR003694,Rohan Mehta,Male,48,A+,7329369464,Pune,Maharashtra,27-11-2024,Yes
DNR003695,Priya Patel,Female,25,O+,9568177863,Vadodara,Gujarat,21-03-2024,Yes
DNR003696,Priya Patel,Male,32,B+,7879243008,Hyderabad,Telangana,14-05-2024,Yes
DNR003697,Rohan Mehta,Male,55,B-,9462207034,Bengaluru,Karnataka,01-01-2025,Yes
DNR003698,Neha Iyer,Female,36,O+,9924472088,Lucknow,Uttar Pradesh,08-11-2020,Yes
DNR003699,Rohan Mehta,Female,37,A+,7747303766,Thiruvananthapuram,Kerala,08-11-2020,No
DNR003700,Aarav Sharma,Male,44,O+,9766420823,Kanpur,Uttar Pradesh,17-01-2024,Yes
DNR003701,Rohan Mehta,Female,33,AB+,9320335254,Mohali,Punjab,15-06-2025,Yes
DNR003702,Priya Patel,Female,48,B+,9914370846,Lucknow,Uttar Pradesh,23-04-2024,No
DNR003703,Rahul Verma,Female,28,O+,7373547374,Bhopal,Madhya Pradesh,18-03-2024,No
DNR003704,Aarav Sharma,Female,35,B+,8644908122,Visakhapatnam,Andhra Pradesh,Never,No
DNR003705,Sneha Joshi,Male,32,O+,9631892519,Visakhapatnam,Andhra Pradesh,15-02-2025,No
DNR003706,Kunal Desai,Male,27,AB+,9642282856,Visakhapatnam,Andhra Pradesh,25-09-2025,Yes
DNR003707,Aarav Sharma,Male,27,O+,9616440901,Chennai,Tamil Nadu,02-02-2025,Yes
DNR003708,Sneha Joshi,Female,21,O+,9341363776,Kanpur,Uttar Pradesh,17-03-2024,Yes
DNR003709,Priya Patel,Male,22,O+,9377421809,Mohali,Punjab,15-06-2025,Yes
DNR003710,Pooja Nair,Male,24,O+,9643049238,Vadodara,Gujarat,21-05-2023,No
DNR003711,Priya Patel,Female,35,O-,9585648438,Delhi,Delhi,06-03-2025,No
DNR003712,Rahul Verma,Male,44,B+,8778969080,Mumbai,Maharashtra,22-08-2025,Yes
DNR003713,Priya Patel,Female,30,O+,9741186996,Surat,Gujarat,04-05-2024,Yes
DNR003714,Aarav Sharma,Male,44,O+,9151407461,Patna,Bihar,30-06-2024,Yes
DNR003715,Aarav Sharma,Female,36,A+,7175032428,Thiruvananthapuram,Kerala,05-08-2025,No
DNR003716,Rahul Verma,Female,40,AB+,8220377512,Nagpur,Maharashtra,20-06-2024,No
DNR003717,Ananya Kapoor,Female,37,O+,8987388250,Delhi,Delhi,18-01-2025,No
DNR003718,Neha Iyer,Male,43,O+,9236197653,Nagpur,Maharashtra,24-07-2021,Yes
DNR003719,Priya Patel,Male,32,A+,9060687752,Kanpur,Uttar Pradesh,04-02-2024,Yes
DNR003720,Kunal Desai,Female,46,O+,9715434490,Surat,Gujarat,Never,No
DNR003721,Aarav Sharma,Female,42,A+,9063660742,Chennai,Tamil Nadu,18-08-2025,Yes
DNR003722,Rohan Mehta,Male,29,AB+,8338346821,Visakhapatnam,Andhra Pradesh,03-01-2025,Yes
DNR003723,Ananya Kapoor,Male,44,O+,9967775974,Kolkata,West Bengal,28-09-2025,Yes
DNR003724,Vikram Singh,Female,53,O+,8102611225,Bengaluru,Karnataka,08-11-2020,No
DNR003725,Ananya Kapoor,Female,36,B+,9352964102,Vadodara,Gujarat,13-08-2024,No
DNR003726,Ananya Kapoor,Male,36,B+,8649933196,Hyderabad,Telangana,22-10-2021,Yes
DNR003727,Pooja Nair,Male,39,O+,7813214237,Surat,Gujarat,25-04-2025,Yes
DNR003728,Rohan Mehta,Male,20,O-,8723365210,Mumbai,Maharashtra,11-10-2025,No
DNR003729,Kunal Desai,Female,18,B+,9162594720,Surat,Gujarat,06-11-2025,Yes
DNR003730,Pooja Nair,Male,36,O-,9873444999,Mohali,Punjab,27-04-2025,Yes
DNR003731,Aarav Sharma,Female,35,O+,8420777850,Kolkata,West Bengal,15-02-2025,Yes
DNR003732,Pooja Nair,Female,23,O+,8171577747,Delhi,Delhi,27-09-2023,No
DNR003733,Sneha Joshi,Female,26,O+,7236271327,Visakhapatnam,Andhra Pradesh,13-04-2025,Yes
DNR003734,Rohan Mehta,Female,18,O-,9059930388,Bhopal,Madhya Pradesh,06-09-2025,Yes
DNR003735,Sneha Joshi,Female,36,A+,7340079762,Chennai,Tamil Nadu,05-03-2022,No
DNR003736,Pooja Nair,Female,52,O+,8317397429,Vadodara,Gujarat,24-09-2023,Yes
DNR003737,Rahul Verma,Male,44,B-,9368212070,Pune,Maharashtra,08-11-2020,Yes
DNR003738,Ananya Kapoor,Female,40,O+,8982638016,Kolkata,West Bengal,10-10-2025,No
DNR003739,Ananya Kapoor,Female,35,O+,7444803713,Bhopal,Madhya Pradesh,17-06-2025,Yes
DNR003740,Kunal Desai,Male,36,B+,9767363650,Jaipur,Rajasthan,02-09-2025,Yes
DNR003741,Rohan Mehta,Male,37,A+,8903570009,Kanpur,Uttar Pradesh,10-07-2021,Yes
DNR003742,Pooja Nair,Male,41,B+,9104126945,Ahmedabad,Gujarat,07-06-2025,No
DNR003743,Sneha Joshi,Female,54,B+,9740577921,Pune,Maharashtra,07-08-2025,Yes
DNR003744,Rahul Verma,Male,21,A+,8630662130,Ahmedabad,Gujarat,25-04-2025,Yes
DNR003745,Vikram Singh,Female,37,O+,9056337196,Hyderabad,Telangana,02-02-2024,No
DNR003746,Pooja Nair,Female,18,B+,8932962786,Kolkata,West Bengal,21-12-2024,Yes
DNR003747,Kunal Desai,Female,49,O-,8453576873,Mohali,Punjab,18-09-2025,No
DNR003748,Rahul Verma,Female,52,B-,7199559142,Nagpur,Maharashtra,04-08-2025,No
DNR003749,Kunal Desai,Female,44,B+,9459831362,Visakhapatnam,Andhra Pradesh,22-10-2025,Yes
DNR003750,Ananya Kapoor,Male,37,B+,8119347840,Visakhapatnam,Andhra Pradesh,27-10-2025,Yes
DNR003751,Rahul Verma,Male,29,B+,7716005749,Surat,Gujarat,06-11-2025,No
DNR003752,Vikram Singh,Female,32,O+,8550980095,Visakhapatnam,Andhra Pradesh,Never,Yes
DNR003753,Priya Patel,Female,50,B+,9645325173,Surat,Gujarat,27-08-2025,No
DNR003754,Priya Patel,Male,38,A+,9563435486,Kanpur,Uttar Pradesh,18-09-2025,Yes
DNR003755,Vikram Singh,Male,34,A+,9840409784,Kanpur,Uttar Pradesh,27-06-2023,No
DNR003756,Kunal Desai,Female,20,A+,7085906145,Pune,Maharashtra,28-09-2025,Yes
DNR003757,Rohan Mehta,Male,25,O+,9776364967,Bhopal,Madhya Pradesh,30-05-2025,Yes
DNR003758,Neha Iyer,Female,26,O+,9028619377,Hyderabad,Telangana,14-06-2025,Yes
DNR003759,Aarav Sharma,Female,35,B+,8195429301,Mumbai,Maharashtra,24-02-2024,Yes
DNR003760,Priya Patel,Male,38,O+,8983866321,Kolkata,West Bengal,30-06-2021,Yes
DNR003761,Ananya Kapoor,Female,55,B+,7396723526,Delhi,Delhi,08-11-2024,No
DNR003762,Priya Patel,Female,43,B+,8593322414,Vadodara,Gujarat,29-10-2024,No
DNR003763,Priya Patel,Male,41,B+,8393053172,Kolkata,West Bengal,14-04-2023,Yes
DNR003764,Ananya Kapoor,Female,20,A+,8975390741,Bhopal,Madhya Pradesh,20-11-2023,No
DNR003765,Neha Iyer,Male,29,O+,8101706737,Thiruvananthapuram,Kerala,24-01-2022,Yes
DNR003766,Pooja Nair,Female,38,B+,8432149891,Nagpur,Maharashtra,Never,Yes
DNR003767,Pooja Nair,Female,33,A+,7676002390,Nagpur,Maharashtra,01-10-2025,Yes
DNR003768,Priya Patel,Female,47,B+,9243371402,Chennai,Tamil Nadu,30-05-2022,No
DNR003769,Rahul Verma,Male,27,O+,7730155798,Pune,Maharashtra,18-08-2025,Yes
DNR003770,Sneha Joshi,Male,45,A+,8645215865,Surat,Gujarat,01-10-2025,No
DNR003771,Vikram Singh,Female,39,O+,9014960780,Thiruvananthapuram,Kerala,14-06-2025,No
DNR003772,Neha Iyer,Female,32,B-,9290402939,Kanpur,Uttar Pradesh,20-12-2024,No
DNR003773,Pooja Nair,Female,39,O-,8933869418,Ahmedabad,Gujarat,16-11-2024,No
DNR003774,Rohan Mehta,Female,37,O-,9539615214,Chennai,Tamil Nadu,22-09-2024,Yes
DNR003775,Rahul Verma,Female,29,O+,8235313654,Mumbai,Maharashtra,18-05-2025,No
DNR003776,Ananya Kapoor,Male,19,A+,9565977523,Bhopal,Madhya Pradesh,09-03-2024,Yes
DNR003777,Ananya Kapoor,Male,41,O-,8878365495,Chennai,Tamil Nadu,26-05-2025,Yes
DNR003778,Aarav Sharma,Male,24,O+,7490820630,Thiruvananthapuram,Kerala,15-06-2024,Yes
DNR003779,Priya Patel,Male,37,O+,8389955131,Ahmedabad,Gujarat,14-09-2025,Yes
DNR003780,Ananya Kapoor,Female,22,B-,9494721270,Thiruvananthapuram,Kerala,28-09-2025,No
DNR003781,Pooja Nair,Male,45,B+,7035306039,Mohali,Punjab,07-04-2024,Yes
DNR003782,Pooja Nair,Male,51,O+,8059556214,Nagpur,Maharashtra,21-09-2024,Yes
DNR003783,Rahul Verma,Female,41,O+,7273640063,Nagpur,Maharashtra,16-06-2025,No
DNR003784,Rohan Mehta,Male,21,B+,8221302665,Thiruvananthapuram,Kerala,31-01-2025,No
DNR003785,Rohan Mehta,Female,30,B+,7955526373,Nagpur,Maharashtra,08-11-2020,Yes
DNR003786,Kunal Desai,Male,35,O+,8035014754,Patna,Bihar,04-10-2025,No
DNR003787,Kunal Desai,Male,21,O+,7229318297,Delhi,Delhi,31-01-2025,No
DNR003788,Priya Patel,Female,26,O-,9061558964,Hyderabad,Telangana,07-10-2025,Yes
DNR003789,Neha Iyer,Male,36,O+,9479309274,Jaipur,Rajasthan,25-03-2024,No
DNR003790,Rahul Verma,Male,45,A+,9023983908,Chennai,Tamil Nadu,02-02-2024,Yes
DNR003791,Ananya Kapoor,Male,25,B-,7093674410,Lucknow,Uttar Pradesh,27-10-2025,Yes
DNR003792,Pooja Nair,Male,35,B+,9914883664,Kolkata,West Bengal,31-08-2024,Yes
DNR003793,Rahul Verma,Female,31,B+,7451258377,Chennai,Tamil Nadu,03-06-2025,Yes
DNR003794,Rohan Mehta,Female,35,B+,9445101999,Kolkata,West Bengal,04-03-2025,Yes
DNR003795,Kunal Desai,Male,37,A+,7526489077,Mohali,Punjab,03-11-2024,No
DNR003796,Sneha Joshi,Male,22,O+,7450933913,Thiruvananthapuram,Kerala,31-08-2024,No
DNR003797,Sneha Joshi,Female,48,A+,9533547941,Pune,Maharashtra,19-02-2025,Yes
DNR003798,Vikram Singh,Male,18,A+,8022136547,Gurgaon,Haryana,16-01-2023,Yes
DNR003799,Priya Patel,Male,40,O+,9424312872,Lucknow,Uttar Pradesh,30-01-2025,Yes
DNR003800,Rohan Mehta,Male,18,O+,8546475590,Vadodara,Gujarat,30-06-2025,Yes
DNR003801,Neha Iyer,Male,52,O+,9062772281,Chennai,Tamil Nadu,03-11-2025,Yes
DNR003802,Neha Iyer,Male,45,O+,9087078402,Mohali,Punjab,19-12-2023,No
DNR003803,Vikram Singh,Male,22,B+,8128531024,Bengaluru,Karnataka,19-10-2024,No
DNR003804,Aarav Sharma,Female,41,B+,9524608448,Bengaluru,Karnataka,23-10-2025,Yes
DNR003805,Aarav Sharma,Male,33,A+,7740614944,Visakhapatnam,Andhra Pradesh,19-05-2025,No
DNR003806,Aarav Sharma,Male,37,B+,8268000434,Jaipur,Rajasthan,01-10-2025,Yes
DNR003807,Sneha Joshi,Male,38,O+,9098089562,Nagpur,Maharashtra,26-06-2025,No
DNR003808,Kunal Desai,Female,53,O+,9309920336,Patna,Bihar,07-04-2023,No
DNR003809,Rahul Verma,Female,33,O-,7803897396,Hyderabad,Telangana,21-10-2025,Yes
DNR003810,Vikram Singh,Male,50,B+,8815422423,Visakhapatnam,Andhra Pradesh,01-09-2022,Yes
DNR003811,Aarav Sharma,Male,48,B+,7536085506,Lucknow,Uttar Pradesh,08-04-2024,Yes
DNR003812,Vikram Singh,Male,38,O+,8418748758,Mohali,Punjab,19-02-2024,No
DNR003813,Rohan Mehta,Male,47,O+,8883435651,Kolkata,West Bengal,13-02-2025,No
DNR003814,Pooja Nair,Other,44,B+,7781212055,Hyderabad,Telangana,14-06-2025,Yes
DNR003815,Kunal Desai,Male,22,O-,7232075442,Mumbai,Maharashtra,08-11-2020,Yes
DNR003816,Rahul Verma,Male,40,A+,8007627857,Bengaluru,Karnataka,18-12-2023,Yes
DNR003817,Aarav Sharma,Female,42,O+,8188074812,Pune,Maharashtra,06-09-2025,No
DNR003818,Neha Iyer,Male,25,B+,9086689854,Ahmedabad,Gujarat,26-02-2025,Yes
DNR003819,Neha Iyer,Male,25,O+,8462803515,Jaipur,Rajasthan,03-01-2023,Yes
DNR003820,Kunal Desai,Female,23,B-,8073742204,Thiruvananthapuram,Kerala,11-08-2025,Yes
DNR003821,Ananya Kapoor,Female,28,A+,9042221394,Vadodara,Gujarat,13-08-2022,No
DNR003822,Kunal Desai,Female,27,A+,9103378460,Kolkata,West Bengal,11-03-2024,Yes
DNR003823,Aarav Sharma,Male,24,B-,9092528151,Nagpur,Maharashtra,26-12-2024,Yes
DNR003824,Sneha Joshi,Female,25,O+,7334080836,Gurgaon,Haryana,21-04-2025,Yes
DNR003825,Pooja Nair,Female,46,A+,9632578539,Ahmedabad,Gujarat,15-04-2025,Yes
DNR003826,Rahul Verma,Male,57,O+,8160958796,Ahmedabad,Gujarat,24-03-2025,Yes
DNR003827,Priya Patel,Female,40,B+,9441929088,Patna,Bihar,08-09-2024,No
DNR003828,Vikram Singh,Female,21,A-,9528253438,Patna,Bihar,29-03-2024,Yes
DNR003829,Rohan Mehta,Female,38,O+,8719554643,Surat,Gujarat,14-11-2024,No
DNR003830,Vikram Singh,Female,24,A+,7754345719,Bengaluru,Karnataka,26-06-2025,Yes
DNR003831,Rohan Mehta,Male,46,B-,8818785664,Bhopal,Madhya Pradesh,24-09-2025,No
DNR003832,Vikram Singh,Female,34,B+,8103789785,Delhi,Delhi,06-05-2025,No
DNR003833,Aarav Sharma,Female,39,O-,9353169432,Bengaluru,Karnataka,27-10-2022,Yes
DNR003834,Kunal Desai,Female,42,AB+,8129695139,Jaipur,Rajasthan,19-08-2023,Yes
DNR003835,Neha Iyer,Female,35,O+,9129501820,Chennai,Tamil Nadu,10-08-2025,Yes
DNR003836,Pooja Nair,Male,35,B+,9736447654,Nagpur,Maharashtra,13-08-2024,Yes
DNR003837,Ananya Kapoor,Female,39,A+,8773181301,Ahmedabad,Gujarat,12-08-2025,No
DNR003838,Ananya Kapoor,Female,34,O+,8278150127,Jaipur,Rajasthan,Never,Yes
DNR003839,Kunal Desai,Female,54,O+,8320346365,Mumbai,Maharashtra,15-07-2025,Yes
DNR003840,Kunal Desai,Male,33,A+,9189263821,Kanpur,Uttar Pradesh,14-08-2021,No
DNR003841,Pooja Nair,Male,48,B+,8593201847,Kolkata,West Bengal,25-02-2021,No
DNR003842,Priya Patel,Male,25,B+,8517259629,Gurgaon,Haryana,05-07-2025,Yes
DNR003843,Pooja Nair,Male,33,AB-,8505035661,Patna,Bihar,09-06-2025,No
DNR003844,Priya Patel,Male,35,B+,9205817065,Patna,Bihar,05-04-2025,No
DNR003845,Neha Iyer,Female,32,B+,9961057015,Lucknow,Uttar Pradesh,08-07-2023,Yes
DNR003846,Vikram Singh,Female,37,O+,9647327662,Lucknow,Uttar Pradesh,15-08-2023,Yes
DNR003847,Priya Patel,Male,34,O-,9461222903,Hyderabad,Telangana,13-11-2020,Yes
DNR003848,Ananya Kapoor,Female,29,A+,9865190936,Visakhapatnam,Andhra Pradesh,12-12-2023,No
DNR003849,Pooja Nair,Male,29,B+,7002834942,Mumbai,Maharashtra,27-10-2025,Yes
DNR003850,Sneha Joshi,Male,27,A+,7062064702,Visakhapatnam,Andhra Pradesh,21-03-2025,No
DNR003851,Ananya Kapoor,Male,33,A+,8798468540,Mohali,Punjab,02-04-2025,No
DNR003852,Neha Iyer,Female,19,O+,8506320388,Bengaluru,Karnataka,01-11-2025,Yes
DNR003853,Rohan Mehta,Female,33,O+,9268336244,Vadodara,Gujarat,05-06-2025,No
DNR003854,Neha Iyer,Female,20,A-,8424500094,Kolkata,West Bengal,30-10-2023,No
DNR003855,Pooja Nair,Male,18,O+,7188246608,Vadodara,Gujarat,03-04-2024,Yes
DNR003856,Sneha Joshi,Male,29,B+,8361133746,Pune,Maharashtra,30-10-2025,Yes
DNR003857,Ananya Kapoor,Female,42,B+,9082610577,Kolkata,West Bengal,Never,No
DNR003858,Rohan Mehta,Male,46,O+,8858494812,Surat,Gujarat,17-07-2025,Yes
DNR003859,Pooja Nair,Female,48,B+,8034709662,Pune,Maharashtra,18-05-2023,No
DNR003860,Neha Iyer,Female,31,B+,7854521972,Bhopal,Madhya Pradesh,05-12-2022,No
DNR003861,Priya Patel,Female,21,O+,7391388196,Patna,Bihar,09-07-2025,No
DNR003862,Kunal Desai,Female,26,O+,7100163239,Delhi,Delhi,11-02-2025,Yes
DNR003863,Priya Patel,Female,36,A+,8330626464,Nagpur,Maharashtra,26-04-2025,Yes
DNR003864,Sneha Joshi,Male,27,O+,7894023383,Thiruvananthapuram,Kerala,31-12-2024,Yes
DNR003865,Pooja Nair,Male,30,AB+,8466686707,Pune,Maharashtra,04-08-2025,No
DNR003866,Kunal Desai,Female,45,A-,9973768974,Kolkata,West Bengal,03-02-2023,Yes
DNR003867,Ananya Kapoor,Female,42,B+,7981086543,Pune,Maharashtra,17-09-2025,Yes
DNR003868,Rohan Mehta,Male,21,A-,7086225163,Ahmedabad,Gujarat,13-04-2025,Yes
DNR003869,Pooja Nair,Female,30,A+,9641873801,Surat,Gujarat,15-12-2023,Yes
DNR003870,Aarav Sharma,Male,40,O+,9336154450,Hyderabad,Telangana,14-08-2022,Yes
DNR003871,Rohan Mehta,Male,27,O+,9612605272,Kanpur,Uttar Pradesh,Never,Yes
DNR003872,Rahul Verma,Male,47,O+,8282127720,Surat,Gujarat,19-08-2025,No
DNR003873,Neha Iyer,Male,19,A+,7366412774,Nagpur,Maharashtra,06-11-2023,Yes
DNR003874,Sneha Joshi,Female,55,AB+,8752388431,Ahmedabad,Gujarat,02-02-2022,Yes
DNR003875,Neha Iyer,Female,45,AB+,8921040750,Bengaluru,Karnataka,04-06-2023,No
DNR003876,Ananya Kapoor,Female,43,O-,7206479629,Lucknow,Uttar Pradesh,10-08-2024,Yes
DNR003877,Rahul Verma,Male,35,B+,9749440156,Nagpur,Maharashtra,Never,Yes
DNR003878,Neha Iyer,Female,28,B+,8979705895,Bhopal,Madhya Pradesh,06-06-2023,No
DNR003879,Ananya Kapoor,Female,42,O+,9368135233,Visakhapatnam,Andhra Pradesh,Never,Yes
DNR003880,Rahul Verma,Female,34,O+,8215273977,Surat,Gujarat,Never,Yes
DNR003881,Aarav Sharma,Female,47,AB+,9177516290,Bengaluru,Karnataka,08-01-2023,No
DNR003882,Neha Iyer,Male,34,A+,9327640221,Gurgaon,Haryana,06-08-2025,Yes
DNR003883,Sneha Joshi,Female,44,O-,8148269806,Delhi,Delhi,11-10-2025,No
DNR003884,Aarav Sharma,Male,30,O+,7567022424,Thiruvananthapuram,Kerala,07-12-2023,Yes
DNR003885,Sneha Joshi,Female,42,B+,9060300091,Bengaluru,Karnataka,21-07-2021,Yes
DNR003886,Aarav Sharma,Female,26,B+,7323184987,Mumbai,Maharashtra,05-06-2022,No
DNR003887,Rahul Verma,Male,21,O+,7264466572,Kolkata,West Bengal,04-05-2025,No
DNR003888,Pooja Nair,Male,32,B+,7038940030,Chennai,Tamil Nadu,29-09-2025,No
DNR003889,Priya Patel,Female,28,O+,9061507801,Surat,Gujarat,04-09-2025,No
DNR003890,Priya Patel,Female,35,B+,7366317162,Nagpur,Maharashtra,13-05-2024,No
DNR003891,Pooja Nair,Female,39,O+,8974497302,Surat,Gujarat,11-10-2025,No
DNR003892,Vikram Singh,Male,28,O+,8721775059,Thiruvananthapuram,Kerala,04-07-2022,Yes
DNR003893,Sneha Joshi,Male,32,O+,8091470196,Ahmedabad,Gujarat,14-08-2024,No
DNR003894,Ananya Kapoor,Female,27,A+,7712686768,Mohali,Punjab,06-02-2023,No
DNR003895,Priya Patel,Female,33,A+,7042335349,Visakhapatnam,Andhra Pradesh,03-08-2024,No
DNR003896,Neha Iyer,Male,26,B+,7162358957,Pune,Maharashtra,14-02-2025,Yes
DNR003897,Ananya Kapoor,Female,18,B+,7914832959,Bengaluru,Karnataka,14-03-2023,Yes
DNR003898,Ananya Kapoor,Female,21,B+,9456730226,Gurgaon,Haryana,Never,Yes
DNR003899,Rohan Mehta,Male,46,B-,9269835932,Chennai,Tamil Nadu,19-03-2022,Yes
DNR003900,Sneha Joshi,Male,47,O+,8356377558,Jaipur,Rajasthan,12-12-2021,No
DNR003901,Priya Patel,Male,43,O-,9125356514,Chennai,Tamil Nadu,13-12-2022,Yes
DNR003902,Priya Patel,Female,30,O+,7687611975,Thiruvananthapuram,Kerala,05-09-2025,No
DNR003903,Kunal Desai,Male,31,B+,8555844843,Jaipur,Rajasthan,30-06-2025,Yes
DNR003904,Priya Patel,Male,25,B+,8449865834,Thiruvananthapuram,Kerala,15-06-2025,No
DNR003905,Rohan Mehta,Male,46,B+,9729997703,Mumbai,Maharashtra,06-01-2024,Yes
DNR003906,Aarav Sharma,Female,39,A+,8497193134,Visakhapatnam,Andhra Pradesh,26-02-2024,Yes
DNR003907,Kunal Desai,Female,24,B+,8911641417,Delhi,Delhi,26-10-2024,Yes
DNR003908,Neha Iyer,Male,52,B+,7648041892,Bengaluru,Karnataka,15-04-2025,Yes
DNR003909,Vikram Singh,Male,26,O+,8857993153,Hyderabad,Telangana,06-10-2025,Yes
DNR003910,Vikram Singh,Male,44,A+,8624370666,Kanpur,Uttar Pradesh,20-09-2025,Yes
DNR003911,Neha Iyer,Female,34,B+,9198684974,Visakhapatnam,Andhra Pradesh,29-09-2022,No
DNR003912,Kunal Desai,Female,18,B+,8357408021,Ahmedabad,Gujarat,14-05-2024,No
DNR003913,Aarav Sharma,Female,46,O+,8012798857,Bhopal,Madhya Pradesh,13-08-2025,No
DNR003914,Kunal Desai,Female,18,B+,7460164749,Lucknow,Uttar Pradesh,24-03-2024,Yes
DNR003915,Aarav Sharma,Male,30,A+,8044790298,Surat,Gujarat,15-10-2023,Yes
DNR003916,Kunal Desai,Female,35,O-,9641226736,Bengaluru,Karnataka,04-05-2025,Yes
DNR003917,Aarav Sharma,Female,36,A+,8181911630,Bhopal,Madhya Pradesh,20-07-2025,No
DNR003918,Priya Patel,Male,20,O+,8391939688,Bhopal,Madhya Pradesh,20-10-2023,Yes
DNR003919,Rohan Mehta,Female,56,A+,9993346605,Kanpur,Uttar Pradesh,13-02-2025,Yes
DNR003920,Rahul Verma,Female,32,AB+,9745604295,Jaipur,Rajasthan,05-05-2023,Yes
DNR003921,Kunal Desai,Female,31,A+,7800537740,Jaipur,Rajasthan,25-07-2025,No
DNR003922,Rahul Verma,Male,24,O+,8565515127,Pune,Maharashtra,08-01-2023,Yes
DNR003923,Pooja Nair,Male,31,O+,8482326747,Hyderabad,Telangana,05-04-2023,Yes
DNR003924,Priya Patel,Male,45,B+,8772653964,Vadodara,Gujarat,21-07-2025,No
DNR003925,Aarav Sharma,Male,20,B+,8605337428,Surat,Gujarat,11-02-2024,Yes
DNR003926,Aarav Sharma,Female,28,O+,9590450318,Bhopal,Madhya Pradesh,06-11-2025,No
DNR003927,Vikram Singh,Male,39,B+,8584820124,Chennai,Tamil Nadu,13-08-2025,Yes
DNR003928,Neha Iyer,Female,40,A+,7673885202,Bhopal,Madhya Pradesh,30-08-2025,No
DNR003929,Kunal Desai,Male,45,O-,8806959442,Mohali,Punjab,30-08-2025,Yes
DNR003930,Aarav Sharma,Male,34,AB+,9965019657,Vadodara,Gujarat,30-10-2021,Yes
DNR003931,Vikram Singh,Male,31,A+,7841258591,Bengaluru,Karnataka,02-04-2025,Yes
DNR003932,Rohan Mehta,Male,19,O+,9096352611,Pune,Maharashtra,Never,Yes
DNR003933,Rahul Verma,Female,50,O+,7378250864,Mohali,Punjab,20-02-2025,No
DNR003934,Neha Iyer,Male,42,O+,7590924895,Kanpur,Uttar Pradesh,01-08-2025,Yes
DNR003935,Sneha Joshi,Female,51,A+,7101289626,Bengaluru,Karnataka,Never,No
DNR003936,Rohan Mehta,Female,41,O+,7932650215,Surat,Gujarat,13-08-2025,Yes
DNR003937,Neha Iyer,Male,48,O+,7795760761,Ahmedabad,Gujarat,01-07-2023,Yes
DNR003938,Neha Iyer,Female,39,A+,7494022588,Lucknow,Uttar Pradesh,20-08-2025,Yes
DNR003939,Neha Iyer,Male,38,A-,9276303866,Chennai,Tamil Nadu,23-01-2025,Yes
DNR003940,Rohan Mehta,Male,18,O+,8193150322,Mohali,Punjab,17-02-2022,Yes
DNR003941,Rohan Mehta,Male,28,B+,9129486870,Gurgaon,Haryana,14-11-2024,Yes
DNR003942,Sneha Joshi,Female,29,A+,8564815492,Jaipur,Rajasthan,06-11-2025,No
DNR003943,Neha Iyer,Male,33,B+,7049410113,Nagpur,Maharashtra,24-01-2025,Yes
DNR003944,Priya Patel,Female,50,B+,9590003238,Lucknow,Uttar Pradesh,12-12-2024,Yes
DNR003945,Sneha Joshi,Female,31,A+,8714611022,Pune,Maharashtra,14-05-2025,No
DNR003946,Vikram Singh,Male,39,A+,7878833866,Gurgaon,Haryana,16-09-2024,No
DNR003947,Ananya Kapoor,Female,42,O-,7600948260,Visakhapatnam,Andhra Pradesh,16-11-2024,Yes
DNR003948,Rahul Verma,Male,22,A+,9703109230,Bengaluru,Karnataka,12-05-2024,Yes
DNR003949,Ananya Kapoor,Male,42,B-,7797373557,Kolkata,West Bengal,14-01-2025,Yes
DNR003950,Kunal Desai,Female,43,B+,7220495291,Delhi,Delhi,Never,No
DNR003951,Pooja Nair,Female,39,O+,9431334566,Ahmedabad,Gujarat,29-07-2025,Yes
DNR003952,Kunal Desai,Female,32,O+,9323623402,Kanpur,Uttar Pradesh,07-10-2025,No
DNR003953,Sneha Joshi,Female,42,AB+,7341117983,Hyderabad,Telangana,01-03-2024,No
DNR003954,Vikram Singh,Male,46,O+,8964633438,Delhi,Delhi,29-10-2021,Yes
DNR003955,Neha Iyer,Female,24,B+,8876692667,Bhopal,Madhya Pradesh,01-07-2025,Yes
DNR003956,Ananya Kapoor,Female,48,AB+,7570528895,Pune,Maharashtra,22-05-2025,No
DNR003957,Kunal Desai,Female,18,A+,8558988991,Bengaluru,Karnataka,25-03-2024,Yes
DNR003958,Kunal Desai,Male,44,O+,9842637685,Thiruvananthapuram,Kerala,17-09-2025,Yes
DNR003959,Aarav Sharma,Male,50,B+,7289215592,Mumbai,Maharashtra,21-09-2025,Yes
DNR003960,Ananya Kapoor,Female,26,A+,8962292885,Thiruvananthapuram,Kerala,22-03-2025,No
DNR003961,Rahul Verma,Female,29,A-,8470202400,Visakhapatnam,Andhra Pradesh,Never,Yes
DNR003962,Neha Iyer,Female,24,O+,9298390926,Vadodara,Gujarat,15-05-2025,Yes
DNR003963,Priya Patel,Male,25,A+,9606326857,Chennai,Tamil Nadu,19-04-2024,Yes
DNR003964,Rahul Verma,Male,34,A+,8832112829,Ahmedabad,Gujarat,23-09-2025,No
DNR003965,Neha Iyer,Female,33,B+,9165225106,Gurgaon,Haryana,22-07-2023,Yes
DNR003966,Vikram Singh,Female,39,O+,8006897084,Vadodara,Gujarat,02-07-2025,No
DNR003967,Aarav Sharma,Male,35,O+,8462115648,Visakhapatnam,Andhra Pradesh,04-09-2025,Yes
DNR003968,Rahul Verma,Female,38,O+,7166431692,Visakhapatnam,Andhra Pradesh,13-09-2024,No
DNR003969,Neha Iyer,Female,35,B+,7049253961,Kolkata,West Bengal,20-03-2025,No
DNR003970,Aarav Sharma,Male,41,O+,9691986973,Thiruvananthapuram,Kerala,24-10-2025,Yes
DNR003971,Rahul Verma,Female,18,O+,9415015764,Bengaluru,Karnataka,06-05-2025,Yes
DNR003972,Rohan Mehta,Male,30,B+,9327563000,Chennai,Tamil Nadu,12-11-2024,Yes
DNR003973,Rohan Mehta,Male,29,B+,7236217067,Kanpur,Uttar Pradesh,08-11-2020,No
DNR003974,Rahul Verma,Male,61,B+,7999234076,Bhopal,Madhya Pradesh,22-09-2024,Yes
DNR003975,Vikram Singh,Male,39,O+,8475304855,Kanpur,Uttar Pradesh,21-10-2023,No
DNR003976,Neha Iyer,Male,23,O+,7759712344,Nagpur,Maharashtra,13-10-2025,Yes
DNR003977,Rohan Mehta,Female,20,B+,7715104396,Surat,Gujarat,19-09-2025,No
DNR003978,Rohan Mehta,Female,31,B+,9139077843,Thiruvananthapuram,Kerala,14-11-2024,Yes
DNR003979,Aarav Sharma,Female,42,A+,7446397340,Bengaluru,Karnataka,14-10-2023,Yes
DNR003980,Aarav Sharma,Female,33,O+,9838523033,Mohali,Punjab,07-05-2025,No
DNR003981,Priya Patel,Female,43,O+,8288740597,Nagpur,Maharashtra,18-01-2024,No
DNR003982,Rahul Verma,Male,41,O+,7205651940,Kolkata,West Bengal,10-10-2021,No
DNR003983,Rahul Verma,Female,37,O+,9312370758,Pune,Maharashtra,12-09-2023,Yes
DNR003984,Ananya Kapoor,Male,28,O+,8687130610,Kanpur,Uttar Pradesh,25-12-2021,No
DNR003985,Neha Iyer,Female,39,AB+,7752288243,Ahmedabad,Gujarat,30-06-2025,Yes
DNR003986,Aarav Sharma,Female,28,B+,9471393784,Lucknow,Uttar Pradesh,08-05-2025,No
DNR003987,Rohan Mehta,Female,29,O+,7800844767,Bhopal,Madhya Pradesh,04-06-2024,No
DNR003988,Sneha Joshi,Female,45,B+,7310792091,Mohali,Punjab,01-09-2024,No
DNR003989,Rahul Verma,Male,38,A+,7288263735,Bengaluru,Karnataka,18-07-2024,Yes
DNR003990,Vikram Singh,Female,49,O+,8393122153,Jaipur,Rajasthan,14-12-2023,Yes
DNR003991,Pooja Nair,Male,36,B+,9845230823,Thiruvananthapuram,Kerala,02-09-2023,Yes
DNR003992,Rahul Verma,Male,36,O-,8375304268,Delhi,Delhi,25-10-2023,Yes
DNR003993,Priya Patel,Male,18,O+,8238408760,Hyderabad,Telangana,19-12-2023,Yes
DNR003994,Vikram Singh,Male,34,O+,8050981566,Kanpur,Uttar Pradesh,09-10-2025,Yes
DNR003995,Priya Patel,Female,32,O+,8251141851,Patna,Bihar,25-01-2024,Yes
DNR003996,Neha Iyer,Female,39,B+,7629900432,Nagpur,Maharashtra,18-09-2025,No
DNR003997,Aarav Sharma,Male,18,A-,7449203341,Surat,Gujarat,09-02-2024,Yes
DNR003998,Kunal Desai,Female,39,B+,7613210848,Surat,Gujarat,11-09-2025,Yes
DNR003999,Pooja Nair,Male,28,B+,8625087645,Kolkata,West Bengal,10-11-2024,Yes
DNR004000,Neha Iyer,Male,30,A-,7742414396,Patna,Bihar,10-06-2024,Yes
DNR004001,Ananya Kapoor,Female,31,O-,7788174864,Nagpur,Maharashtra,05-01-2025,No
DNR004002,Sneha Joshi,Female,30,A+,8858769184,Nagpur,Maharashtra,12-10-2025,No
DNR004003,Priya Patel,Male,38,B+,9805400848,Lucknow,Uttar Pradesh,08-10-2022,Yes
DNR004004,Rohan Mehta,Female,40,B+,9424043155,Mumbai,Maharashtra,23-11-2024,No
DNR004005,Neha Iyer,Female,38,A+,9704117650,Pune,Maharashtra,16-10-2022,No
DNR004006,Neha Iyer,Female,29,B+,8962405039,Bengaluru,Karnataka,20-04-2024,No
DNR004007,Kunal Desai,Female,18,B+,8830117058,Lucknow,Uttar Pradesh,08-11-2020,No
DNR004008,Ananya Kapoor,Female,40,O+,8206400827,Kolkata,West Bengal,29-09-2025,Yes
DNR004009,Kunal Desai,Male,59,B+,9119582015,Visakhapatnam,Andhra Pradesh,06-06-2022,Yes
DNR004010,Pooja Nair,Male,23,O-,9891703940,Pune,Maharashtra,14-01-2025,Yes
DNR004011,Pooja Nair,Female,33,O+,9109158966,Bhopal,Madhya Pradesh,10-11-2022,Yes
DNR004012,Sneha Joshi,Female,35,O+,8190685243,Mumbai,Maharashtra,08-06-2024,No
DNR004013,Ananya Kapoor,Male,20,O+,9062152694,Lucknow,Uttar Pradesh,13-07-2024,Yes
DNR004014,Ananya Kapoor,Female,34,AB+,9134881506,Patna,Bihar,07-07-2025,No
DNR004015,Aarav Sharma,Male,39,A+,7516595728,Kolkata,West Bengal,Never,Yes
DNR004016,Ananya Kapoor,Female,18,B+,7071067296,Visakhapatnam,Andhra Pradesh,19-06-2024,No
DNR004017,Priya Patel,Female,29,O+,8979804939,Chennai,Tamil Nadu,07-06-2023,Yes
DNR004018,Kunal Desai,Male,44,B+,8278745700,Vadodara,Gujarat,12-04-2024,Yes
DNR004019,Ananya Kapoor,Male,45,B+,8021051879,Bhopal,Madhya Pradesh,08-11-2020,Yes
DNR004020,Kunal Desai,Female,34,O+,8125396369,Bengaluru,Karnataka,08-09-2025,No
DNR004021,Vikram Singh,Female,42,O+,7921008792,Hyderabad,Telangana,Never,Yes
DNR004022,Kunal Desai,Male,26,O+,9108447859,Pune,Maharashtra,03-10-2024,Yes
DNR004023,Ananya Kapoor,Male,31,O+,7909100195,Surat,Gujarat,14-02-2024,No
DNR004024,Vikram Singh,Male,32,B+,9194292330,Nagpur,Maharashtra,05-06-2025,Yes
DNR004025,Neha Iyer,Female,51,B+,8983358603,Chennai,Tamil Nadu,09-07-2025,No
DNR004026,Priya Patel,Male,48,O+,9735165376,Gurgaon,Haryana,12-05-2025,No
DNR004027,Kunal Desai,Female,33,A-,9816396510,Hyderabad,Telangana,21-01-2025,Yes
DNR004028,Vikram Singh,Male,48,A+,8233664652,Nagpur,Maharashtra,01-02-2024,Yes
DNR004029,Vikram Singh,Male,34,B+,9501155218,Vadodara,Gujarat,31-01-2025,Yes
DNR004030,Rohan Mehta,Female,40,B+,7415099695,Mohali,Punjab,30-09-2025,Yes
DNR004031,Neha Iyer,Female,20,B+,9036525656,Visakhapatnam,Andhra Pradesh,28-12-2024,No
DNR004032,Sneha Joshi,Female,25,B+,7689937709,Ahmedabad,Gujarat,07-07-2025,Yes
DNR004033,Aarav Sharma,Male,38,O+,8916746978,Mohali,Punjab,07-03-2021,Yes
DNR004034,Ananya Kapoor,Male,27,B+,7314805356,Patna,Bihar,09-09-2025,Yes
DNR004035,Ananya Kapoor,Female,18,O+,7325766157,Lucknow,Uttar Pradesh,05-09-2025,Yes
DNR004036,Neha Iyer,Male,43,B+,8427932565,Hyderabad,Telangana,25-07-2022,No
DNR004037,Sneha Joshi,Male,29,B+,9884662764,Mohali,Punjab,18-05-2025,Yes
DNR004038,Kunal Desai,Female,44,O+,9088720456,Nagpur,Maharashtra,27-10-2022,No
DNR004039,Vikram Singh,Female,26,A+,7218724733,Gurgaon,Haryana,10-12-2024,No
DNR004040,Neha Iyer,Female,42,A+,7632536469,Visakhapatnam,Andhra Pradesh,20-10-2025,No
DNR004041,Vikram Singh,Female,18,B+,9773600389,Mohali,Punjab,11-05-2025,Yes
DNR004042,Kunal Desai,Female,38,B+,8947212301,Vadodara,Gujarat,08-12-2022,Yes
DNR004043,Neha Iyer,Male,41,O-,9268308984,Ahmedabad,Gujarat,29-07-2025,Yes
DNR004044,Aarav Sharma,Male,35,O+,8716584818,Mohali,Punjab,01-06-2024,Yes
DNR004045,Kunal Desai,Female,27,B+,8686476995,Lucknow,Uttar Pradesh,12-04-2023,No
DNR004046,Aarav Sharma,Male,36,B+,9300694849,Gurgaon,Haryana,03-12-2021,No
DNR004047,Sneha Joshi,Female,24,O+,7019699501,Pune,Maharashtra,20-08-2023,No
DNR004048,Pooja Nair,Male,29,A+,7049524356,Thiruvananthapuram,Kerala,22-07-2025,Yes
DNR004049,Vikram Singh,Female,25,O+,7160228390,Vadodara,Gujarat,08-11-2020,Yes
DNR004050,Pooja Nair,Female,42,A+,9450910993,Kanpur,Uttar Pradesh,01-09-2025,Yes
DNR004051,Vikram Singh,Male,34,O+,9645994312,Pune,Maharashtra,04-01-2025,Yes
DNR004052,Rohan Mehta,Female,23,B+,9356473414,Gurgaon,Haryana,31-03-2025,Yes
DNR004053,Rahul Verma,Male,30,A+,7848834997,Pune,Maharashtra,08-11-2020,Yes
DNR004054,Rohan Mehta,Male,37,O+,8818710295,Patna,Bihar,30-04-2025,Yes
DNR004055,Pooja Nair,Female,29,B+,9673501092,Vadodara,Gujarat,13-09-2025,No
DNR004056,Sneha Joshi,Male,20,B+,9752733321,Gurgaon,Haryana,17-03-2024,No
DNR004057,Vikram Singh,Male,37,O+,8003003542,Delhi,Delhi,16-10-2025,Yes
DNR004058,Neha Iyer,Female,28,A-,9765296940,Patna,Bihar,Never,Yes
DNR004059,Pooja Nair,Female,31,O+,7255803301,Patna,Bihar,09-08-2025,No
DNR004060,Sneha Joshi,Female,31,A+,8733979744,Jaipur,Rajasthan,09-09-2025,Yes
DNR004061,Rohan Mehta,Male,22,O+,9146160113,Chennai,Tamil Nadu,27-06-2025,Yes
DNR004062,Pooja Nair,Male,36,B+,7593172007,Ahmedabad,Gujarat,10-06-2024,No
DNR004063,Rahul Verma,Male,33,B+,8646000994,Pune,Maharashtra,20-11-2024,Yes
DNR004064,Aarav Sharma,Female,38,O+,7564333931,Nagpur,Maharashtra,18-08-2024,Yes
DNR004065,Vikram Singh,Other,25,O+,9121065449,Bengaluru,Karnataka,Never,Yes
DNR004066,Priya Patel,Male,57,A+,7961992387,Ahmedabad,Gujarat,23-10-2024,Yes
DNR004067,Priya Patel,Male,25,B+,9465817390,Bhopal,Madhya Pradesh,Never,Yes
DNR004068,Rahul Verma,Female,38,O+,7941076157,Vadodara,Gujarat,30-12-2024,No
DNR004069,Kunal Desai,Male,29,O+,7425166379,Bengaluru,Karnataka,14-08-2025,Yes
DNR004070,Kunal Desai,Female,23,O+,7079490876,Bhopal,Madhya Pradesh,19-05-2025,Yes
DNR004071,Neha Iyer,Female,20,O+,7973846549,Vadodara,Gujarat,26-12-2024,Yes
DNR004072,Pooja Nair,Male,29,O-,8562094394,Hyderabad,Telangana,27-07-2023,Yes
DNR004073,Rahul Verma,Male,31,AB+,9004829960,Mohali,Punjab,13-10-2025,Yes
DNR004074,Priya Patel,Male,26,O+,8462597059,Chennai,Tamil Nadu,13-09-2025,Yes
DNR004075,Rahul Verma,Male,29,O+,7642801838,Nagpur,Maharashtra,29-11-2024,Yes
DNR004076,Kunal Desai,Male,35,B+,9936135225,Thiruvananthapuram,Kerala,14-12-2024,No
DNR004077,Vikram Singh,Male,34,A+,9087575761,Visakhapatnam,Andhra Pradesh,25-05-2025,Yes
DNR004078,Neha Iyer,Male,42,O+,7192990863,Delhi,Delhi,26-03-2025,Yes
DNR004079,Priya Patel,Male,38,O+,8886863631,Visakhapatnam,Andhra Pradesh,10-01-2024,Yes
DNR004080,Rohan Mehta,Female,41,B+,9992234478,Hyderabad,Telangana,Never,Yes
DNR004081,Sneha Joshi,Male,19,B+,9806212577,Bhopal,Madhya Pradesh,24-08-2025,Yes
DNR004082,Ananya Kapoor,Male,30,AB-,9163745375,Jaipur,Rajasthan,28-08-2022,Yes
DNR004083,Ananya Kapoor,Female,30,A+,8449999181,Mumbai,Maharashtra,11-09-2021,No
DNR004084,Vikram Singh,Male,40,O+,7685017799,Lucknow,Uttar Pradesh,15-08-2024,Yes
DNR004085,Rohan Mehta,Male,42,A+,9708569450,Lucknow,Uttar Pradesh,22-08-2025,Yes
DNR004086,Priya Patel,Female,33,O-,8984861602,Thiruvananthapuram,Kerala,04-05-2023,Yes
DNR004087,Rohan Mehta,Male,31,A+,9605372723,Thiruvananthapuram,Kerala,21-07-2022,Yes
DNR004088,Rohan Mehta,Female,34,A+,8098813230,Bengaluru,Karnataka,15-12-2023,No
DNR004089,Vikram Singh,Male,27,O-,7596418173,Nagpur,Maharashtra,17-12-2024,Yes
DNR004090,Rahul Verma,Female,46,A+,7965978403,Gurgaon,Haryana,09-06-2025,No
DNR004091,Neha Iyer,Male,43,O-,9388144836,Jaipur,Rajasthan,27-11-2022,No
DNR004092,Rahul Verma,Male,24,O+,8264036077,Mumbai,Maharashtra,30-05-2025,Yes
DNR004093,Pooja Nair,Female,18,O+,8073318705,Kanpur,Uttar Pradesh,Never,Yes
DNR004094,Priya Patel,Female,30,B+,8253853427,Hyderabad,Telangana,15-10-2025,No
DNR004095,Ananya Kapoor,Female,30,A+,8714819167,Mumbai,Maharashtra,16-07-2025,Yes
DNR004096,Aarav Sharma,Male,36,O+,9632832849,Hyderabad,Telangana,06-09-2025,No
DNR004097,Ananya Kapoor,Male,27,A+,7158374032,Jaipur,Rajasthan,13-12-2024,No
DNR004098,Pooja Nair,Male,20,A+,9132153453,Lucknow,Uttar Pradesh,06-06-2025,Yes
DNR004099,Neha Iyer,Female,26,O+,8399646395,Gurgaon,Haryana,13-04-2024,Yes
DNR004100,Sneha Joshi,Female,30,O+,7997091219,Jaipur,Rajasthan,11-07-2025,Yes
DNR004101,Rohan Mehta,Other,35,O+,9952793568,Delhi,Delhi,18-07-2024,Yes
DNR004102,Vikram Singh,Female,54,B+,8396885193,Patna,Bihar,08-11-2020,Yes
DNR004103,Priya Patel,Female,38,A+,7762945345,Chennai,Tamil Nadu,06-08-2022,No
DNR004104,Pooja Nair,Female,36,O+,9340495916,Mumbai,Maharashtra,06-04-2022,No
DNR004105,Neha Iyer,Male,18,B+,8230108614,Pune,Maharashtra,20-03-2025,No
DNR004106,Pooja Nair,Male,22,O+,8533501281,Surat,Gujarat,11-08-2025,No
DNR004107,Aarav Sharma,Female,28,O-,7319255282,Bhopal,Madhya Pradesh,17-03-2025,Yes
DNR004108,Rahul Verma,Female,34,O+,9223776130,Lucknow,Uttar Pradesh,23-08-2024,Yes
DNR004109,Kunal Desai,Male,24,B+,9626007519,Pune,Maharashtra,20-01-2024,No
DNR004110,Priya Patel,Male,21,O+,9448133164,Mumbai,Maharashtra,01-04-2025,Yes
DNR004111,Rahul Verma,Female,30,O+,7950528693,Kolkata,West Bengal,21-07-2023,Yes
DNR004112,Priya Patel,Male,36,B+,9857450722,Gurgaon,Haryana,08-09-2025,No
DNR004113,Aarav Sharma,Male,18,O+,8635075749,Bengaluru,Karnataka,25-02-2023,Yes
DNR004114,Neha Iyer,Male,18,B+,8305919017,Pune,Maharashtra,26-10-2021,Yes
DNR004115,Rahul Verma,Male,29,A+,7345386342,Bhopal,Madhya Pradesh,08-11-2020,No
DNR004116,Ananya Kapoor,Female,29,O+,9828093535,Bengaluru,Karnataka,28-03-2025,No
DNR004117,Rahul Verma,Male,30,B+,9141674647,Nagpur,Maharashtra,07-06-2025,No
DNR004118,Neha Iyer,Male,21,A+,8634353034,Vadodara,Gujarat,22-04-2021,Yes
DNR004119,Vikram Singh,Male,23,O+,8938752196,Ahmedabad,Gujarat,25-02-2022,Yes
DNR004120,Neha Iyer,Male,40,O-,7901106742,Mohali,Punjab,13-11-2024,No
DNR004121,Kunal Desai,Male,30,O+,8619632295,Vadodara,Gujarat,30-12-2024,No
DNR004122,Rohan Mehta,Male,31,AB+,8595153721,Lucknow,Uttar Pradesh,Never,Yes
DNR004123,Neha Iyer,Female,49,O+,8166581251,Delhi,Delhi,Never,Yes
DNR004124,Sneha Joshi,Female,36,B-,9724066162,Jaipur,Rajasthan,08-11-2020,Yes
DNR004125,Aarav Sharma,Female,37,B+,7662340578,Vadodara,Gujarat,14-05-2024,No
DNR004126,Rohan Mehta,Male,43,B+,8859470141,Delhi,Delhi,28-06-2024,Yes
DNR004127,Kunal Desai,Male,23,O+,8425062829,Patna,Bihar,25-04-2025,Yes
DNR004128,Neha Iyer,Female,31,B+,9142847284,Bengaluru,Karnataka,17-03-2025,Yes
DNR004129,Kunal Desai,Male,45,B+,7062893687,Mumbai,Maharashtra,08-09-2025,Yes
DNR004130,Neha Iyer,Male,40,B+,8139988542,Delhi,Delhi,08-11-2020,Yes
DNR004131,Kunal Desai,Male,34,O-,9703820661,Mohali,Punjab,02-12-2024,Yes
DNR004132,Kunal Desai,Female,23,O+,8730084532,Bengaluru,Karnataka,20-05-2025,Yes
DNR004133,Pooja Nair,Female,40,O+,9304822410,Bhopal,Madhya Pradesh,18-05-2025,Yes
DNR004134,Neha Iyer,Female,42,O+,7259534996,Chennai,Tamil Nadu,08-11-2020,Yes
DNR004135,Aarav Sharma,Male,40,B+,9359856086,Jaipur,Rajasthan,04-05-2025,Yes
DNR004136,Pooja Nair,Male,39,O+,8434700471,Kolkata,West Bengal,22-08-2023,Yes
DNR004137,Sneha Joshi,Female,25,A+,8625888190,Patna,Bihar,02-05-2025,Yes
DNR004138,Priya Patel,Female,42,B+,9343582652,Bengaluru,Karnataka,02-04-2025,No
DNR004139,Pooja Nair,Male,32,O+,7212215481,Chennai,Tamil Nadu,Never,Yes
DNR004140,Neha Iyer,Female,38,A+,8526847163,Mumbai,Maharashtra,Never,Yes
DNR004141,Kunal Desai,Female,47,B+,8986967117,Visakhapatnam,Andhra Pradesh,14-10-2025,Yes
DNR004142,Kunal Desai,Male,28,O+,9130877136,Thiruvananthapuram,Kerala,25-10-2025,Yes
DNR004143,Kunal Desai,Male,48,O+,9707045418,Lucknow,Uttar Pradesh,06-09-2025,Yes
DNR004144,Vikram Singh,Male,46,B+,9028433728,Surat,Gujarat,02-10-2025,Yes
DNR004145,Kunal Desai,Male,31,B+,7770950639,Mohali,Punjab,01-06-2025,No
DNR004146,Vikram Singh,Male,46,B+,7177429381,Kolkata,West Bengal,16-12-2024,No
DNR004147,Aarav Sharma,Female,23,B-,9709006324,Jaipur,Rajasthan,01-04-2024,No
DNR004148,Rahul Verma,Male,38,O+,7211441923,Lucknow,Uttar Pradesh,09-09-2025,Yes
DNR004149,Priya Patel,Male,29,B+,7010153940,Lucknow,Uttar Pradesh,11-08-2025,Yes
DNR004150,Kunal Desai,Male,36,A+,9625193600,Bengaluru,Karnataka,11-06-2025,Yes
DNR004151,Neha Iyer,Female,55,O+,9085097920,Vadodara,Gujarat,14-05-2025,Yes
DNR004152,Ananya Kapoor,Male,19,B+,9467978508,Ahmedabad,Gujarat,07-03-2025,Yes
DNR004153,Priya Patel,Male,22,O+,9656839857,Ahmedabad,Gujarat,26-06-2024,Yes
DNR004154,Priya Patel,Female,44,B+,8443184963,Nagpur,Maharashtra,12-08-2021,Yes
DNR004155,Neha Iyer,Female,46,B+,8326702681,Kolkata,West Bengal,10-01-2025,No
DNR004156,Priya Patel,Male,31,B+,7751046949,Kanpur,Uttar Pradesh,08-06-2025,Yes
DNR004157,Rohan Mehta,Female,31,AB-,9446692396,Hyderabad,Telangana,17-11-2023,Yes
DNR004158,Vikram Singh,Female,50,B+,8040089276,Mohali,Punjab,Never,Yes
DNR004159,Kunal Desai,Female,39,B+,9971118495,Kanpur,Uttar Pradesh,23-07-2025,No
DNR004160,Kunal Desai,Female,36,O-,7049455377,Pune,Maharashtra,Never,No
DNR004161,Rahul Verma,Male,28,B+,9852914436,Delhi,Delhi,08-11-2020,Yes
DNR004162,Neha Iyer,Female,31,B+,8813006121,Kolkata,West Bengal,20-10-2025,No
DNR004163,Rahul Verma,Male,49,A+,7993279022,Chennai,Tamil Nadu,30-11-2024,No
DNR004164,Aarav Sharma,Female,41,O+,8670689982,Pune,Maharashtra,27-04-2023,Yes
DNR004165,Sneha Joshi,Female,30,O+,9520782491,Mumbai,Maharashtra,02-10-2021,Yes
DNR004166,Rahul Verma,Female,45,A+,8853909090,Kolkata,West Bengal,Never,No
DNR004167,Rahul Verma,Male,40,A+,7649393024,Gurgaon,Haryana,28-01-2023,Yes
DNR004168,Aarav Sharma,Male,25,B+,9673184795,Surat,Gujarat,05-08-2024,No
DNR004169,Sneha Joshi,Female,18,A+,8731662933,Bengaluru,Karnataka,16-09-2021,Yes
DNR004170,Aarav Sharma,Male,27,B+,9659045028,Ahmedabad,Gujarat,08-07-2025,No
DNR004171,Aarav Sharma,Male,26,O+,8550703993,Chennai,Tamil Nadu,25-08-2022,Yes
DNR004172,Sneha Joshi,Male,18,A+,9169418552,Visakhapatnam,Andhra Pradesh,25-09-2022,No
DNR004173,Ananya Kapoor,Male,43,B+,8416407720,Gurgaon,Haryana,30-10-2021,No
DNR004174,Priya Patel,Female,44,B+,8466905561,Kolkata,West Bengal,17-09-2025,No
DNR004175,Pooja Nair,Female,38,B+,7531616576,Jaipur,Rajasthan,02-11-2025,Yes
DNR004176,Kunal Desai,Male,18,O+,9154895703,Delhi,Delhi,14-06-2022,No
DNR004177,Rahul Verma,Male,33,O+,7048019449,Vadodara,Gujarat,19-09-2024,No
DNR004178,Priya Patel,Male,31,O-,9137879446,Ahmedabad,Gujarat,24-05-2025,Yes
DNR004179,Aarav Sharma,Female,50,B+,7781558049,Patna,Bihar,Never,No
DNR004180,Ananya Kapoor,Male,23,B+,9770814686,Mohali,Punjab,08-11-2020,Yes
DNR004181,Rahul Verma,Male,35,O+,9515766634,Visakhapatnam,Andhra Pradesh,22-12-2022,Yes
DNR004182,Vikram Singh,Female,32,B+,7965196739,Visakhapatnam,Andhra Pradesh,09-05-2024,No
DNR004183,Kunal Desai,Female,34,O+,8244665095,Vadodara,Gujarat,18-08-2025,Yes
DNR004184,Priya Patel,Female,52,A+,7952369028,Surat,Gujarat,19-02-2025,Yes
DNR004185,Sneha Joshi,Male,36,O+,7940523056,Mumbai,Maharashtra,12-10-2025,Yes
DNR004186,Rahul Verma,Male,38,AB-,9569561583,Nagpur,Maharashtra,31-03-2025,Yes
DNR004187,Vikram Singh,Male,33,A+,8135145384,Ahmedabad,Gujarat,18-02-2023,Yes
DNR004188,Neha Iyer,Female,25,B+,9164793006,Ahmedabad,Gujarat,02-11-2025,Yes
DNR004189,Rahul Verma,Male,39,B+,9207035886,Bhopal,Madhya Pradesh,16-10-2025,No
DNR004190,Rahul Verma,Female,24,B-,9625617588,Mohali,Punjab,06-11-2022,Yes
DNR004191,Neha Iyer,Male,18,O+,9164195762,Lucknow,Uttar Pradesh,21-05-2022,Yes
DNR004192,Kunal Desai,Female,27,O+,8693525163,Ahmedabad,Gujarat,Never,Yes
DNR004193,Neha Iyer,Male,41,A+,8499831099,Ahmedabad,Gujarat,11-12-2023,Yes
DNR004194,Neha Iyer,Male,43,B+,9424025121,Gurgaon,Haryana,06-11-2025,Yes
DNR004195,Pooja Nair,Male,30,O+,8532779299,Surat,Gujarat,Never,Yes
DNR004196,Vikram Singh,Female,41,B-,7998089021,Mumbai,Maharashtra,25-10-2025,Yes
DNR004197,Sneha Joshi,Male,22,O+,8107030789,Nagpur,Maharashtra,22-08-2025,Yes
DNR004198,Rahul Verma,Male,48,A+,8762719483,Bengaluru,Karnataka,29-10-2025,No
DNR004199,Sneha Joshi,Male,33,A+,7625858487,Bengaluru,Karnataka,11-10-2025,Yes
DNR004200,Rahul Verma,Other,36,O+,9628884836,Delhi,Delhi,12-10-2024,Yes
DNR004201,Priya Patel,Female,40,AB+,8951624978,Lucknow,Uttar Pradesh,14-02-2025,Yes
DNR004202,Neha Iyer,Female,34,A+,7145646586,Hyderabad,Telangana,01-09-2025,No
DNR004203,Rohan Mehta,Female,24,O+,9140039579,Gurgaon,Haryana,Never,No
DNR004204,Aarav Sharma,Male,47,B-,7121245377,Nagpur,Maharashtra,04-03-2023,No
DNR004205,Ananya Kapoor,Female,21,O+,7801867354,Bhopal,Madhya Pradesh,21-07-2022,No
DNR004206,Sneha Joshi,Other,34,O+,9217461864,Mohali,Punjab,16-07-2025,No
DNR004207,Sneha Joshi,Male,34,O-,9863116841,Kolkata,West Bengal,15-07-2025,Yes
DNR004208,Neha Iyer,Female,48,B+,8447979596,Bhopal,Madhya Pradesh,29-10-2025,Yes
DNR004209,Ananya Kapoor,Female,31,B+,9764783729,Pune,Maharashtra,27-05-2023,No
DNR004210,Neha Iyer,Female,42,O+,7850040659,Surat,Gujarat,04-06-2024,No
DNR004211,Aarav Sharma,Female,40,O+,9141329308,Vadodara,Gujarat,12-03-2024,Yes
DNR004212,Sneha Joshi,Female,47,B+,9034477106,Patna,Bihar,13-01-2024,No
DNR004213,Rohan Mehta,Male,31,B+,9715536462,Jaipur,Rajasthan,08-11-2020,No
DNR004214,Pooja Nair,Female,22,O-,7734645433,Chennai,Tamil Nadu,30-12-2023,No
DNR004215,Sneha Joshi,Female,23,O+,8713326660,Chennai,Tamil Nadu,27-08-2024,Yes
DNR004216,Priya Patel,Male,18,O+,8504014927,Lucknow,Uttar Pradesh,09-01-2025,Yes
DNR004217,Ananya Kapoor,Male,31,O+,9392004798,Ahmedabad,Gujarat,11-06-2025,Yes
DNR004218,Neha Iyer,Female,32,A+,9468792691,Mohali,Punjab,Never,Yes
DNR004219,Pooja Nair,Male,24,A+,7045770532,Jaipur,Rajasthan,08-06-2024,Yes
DNR004220,Pooja Nair,Male,46,B+,9056204278,Surat,Gujarat,31-07-2025,Yes
DNR004221,Sneha Joshi,Female,40,B+,8350394624,Chennai,Tamil Nadu,13-05-2025,No
DNR004222,Ananya Kapoor,Male,39,O+,8246733143,Thiruvananthapuram,Kerala,14-03-2024,Yes
DNR004223,Kunal Desai,Female,36,A+,7564096114,Hyderabad,Telangana,26-02-2024,No
DNR004224,Kunal Desai,Male,63,O+,9241852164,Jaipur,Rajasthan,18-08-2025,No
DNR004225,Neha Iyer,Male,41,B+,7129578798,Hyderabad,Telangana,22-11-2022,Yes
DNR004226,Neha Iyer,Male,38,O+,8231651239,Pune,Maharashtra,27-10-2025,Yes
DNR004227,Kunal Desai,Male,23,O-,8684707760,Hyderabad,Telangana,16-09-2022,Yes
DNR004228,Rohan Mehta,Male,39,A+,7219088706,Patna,Bihar,21-10-2025,Yes
DNR004229,Vikram Singh,Male,26,O+,9846749215,Visakhapatnam,Andhra Pradesh,03-01-2022,Yes
DNR004230,Rohan Mehta,Female,44,A+,8453882225,Kolkata,West Bengal,23-02-2024,Yes
DNR004231,Sneha Joshi,Male,48,B+,8207232490,Lucknow,Uttar Pradesh,14-11-2021,Yes
DNR004232,Sneha Joshi,Male,48,O+,8206182856,Ahmedabad,Gujarat,19-01-2025,No
DNR004233,Priya Patel,Female,18,O+,8834652344,Gurgaon,Haryana,17-03-2023,No
DNR004234,Neha Iyer,Female,31,O+,7795360948,Kolkata,West Bengal,30-06-2024,No
DNR004235,Aarav Sharma,Male,43,B+,9647034516,Mohali,Punjab,08-11-2020,No
DNR004236,Rahul Verma,Male,42,A-,9396618728,Chennai,Tamil Nadu,19-06-2025,Yes
DNR004237,Priya Patel,Male,37,O+,7783465004,Gurgaon,Haryana,25-03-2025,Yes
DNR004238,Rohan Mehta,Female,56,O-,7515366962,Bhopal,Madhya Pradesh,20-02-2025,Yes
DNR004239,Vikram Singh,Male,26,A+,7295607903,Jaipur,Rajasthan,15-03-2025,No
DNR004240,Neha Iyer,Male,31,O+,9355321267,Hyderabad,Telangana,26-06-2024,Yes
DNR004241,Aarav Sharma,Female,33,O+,9358472010,Pune,Maharashtra,20-03-2022,No
DNR004242,Neha Iyer,Female,34,O+,8299783906,Lucknow,Uttar Pradesh,18-04-2022,Yes
DNR004243,Sneha Joshi,Female,25,B+,9198411184,Chennai,Tamil Nadu,31-03-2024,Yes
DNR004244,Rahul Verma,Male,26,O+,7280506693,Mohali,Punjab,11-09-2025,Yes
DNR004245,Rohan Mehta,Male,35,B+,7230674448,Vadodara,Gujarat,16-02-2025,Yes
DNR004246,Sneha Joshi,Male,22,B+,9827086080,Kanpur,Uttar Pradesh,01-02-2024,Yes
DNR004247,Rohan Mehta,Female,49,B+,8172349774,Vadodara,Gujarat,08-07-2025,Yes
DNR004248,Sneha Joshi,Male,54,A-,9977993149,Patna,Bihar,Never,No
DNR004249,Aarav Sharma,Female,39,B+,8588871504,Vadodara,Gujarat,31-03-2022,No
DNR004250,Aarav Sharma,Female,30,O+,9485079509,Bhopal,Madhya Pradesh,07-06-2022,No
DNR004251,Sneha Joshi,Female,46,B+,9104743175,Ahmedabad,Gujarat,15-12-2024,Yes
DNR004252,Rohan Mehta,Female,40,B+,7219515202,Gurgaon,Haryana,18-11-2024,Yes
DNR004253,Rohan Mehta,Male,38,O+,8650420799,Mumbai,Maharashtra,17-09-2023,Yes
DNR004254,Priya Patel,Female,41,O+,7820864279,Pune,Maharashtra,17-01-2023,Yes
DNR004255,Kunal Desai,Female,45,B+,9836449350,Ahmedabad,Gujarat,04-08-2021,No
DNR004256,Rahul Verma,Male,25,A-,7059708798,Vadodara,Gujarat,15-04-2022,Yes
DNR004257,Aarav Sharma,Male,44,O+,8415587804,Mohali,Punjab,21-04-2025,Yes
DNR004258,Aarav Sharma,Male,51,O+,8496965411,Visakhapatnam,Andhra Pradesh,13-09-2025,No
DNR004259,Neha Iyer,Male,25,O+,7555830510,Ahmedabad,Gujarat,30-03-2025,Yes
DNR004260,Rahul Verma,Male,26,O+,7339088389,Hyderabad,Telangana,28-08-2025,Yes
DNR004261,Neha Iyer,Male,41,B-,7629686676,Ahmedabad,Gujarat,23-01-2025,No
DNR004262,Sneha Joshi,Male,25,O+,8118509404,Bengaluru,Karnataka,14-05-2025,Yes
DNR004263,Vikram Singh,Male,46,B+,7670759218,Chennai,Tamil Nadu,24-09-2023,Yes
DNR004264,Rahul Verma,Male,29,O+,8228202457,Kolkata,West Bengal,10-01-2025,No
DNR004265,Ananya Kapoor,Male,36,B+,8318760628,Thiruvananthapuram,Kerala,16-03-2025,Yes
DNR004266,Neha Iyer,Female,38,B+,9360136143,Mohali,Punjab,08-10-2024,No
DNR004267,Neha Iyer,Male,41,O+,9458849285,Bhopal,Madhya Pradesh,01-12-2024,No
DNR004268,Sneha Joshi,Female,30,O+,8315415132,Kanpur,Uttar Pradesh,20-04-2025,Yes
DNR004269,Vikram Singh,Male,18,O+,9256939923,Patna,Bihar,09-11-2024,Yes
DNR004270,Ananya Kapoor,Female,21,O+,8438136699,Kanpur,Uttar Pradesh,12-02-2024,Yes
DNR004271,Rohan Mehta,Female,36,O+,9425625666,Kolkata,West Bengal,02-10-2025,Yes
DNR004272,Ananya Kapoor,Male,27,B+,7534577617,Bengaluru,Karnataka,30-07-2025,Yes
DNR004273,Rohan Mehta,Male,43,O+,8848320030,Vadodara,Gujarat,26-05-2025,Yes
DNR004274,Priya Patel,Male,38,B+,7916036049,Nagpur,Maharashtra,23-10-2025,Yes
DNR004275,Sneha Joshi,Female,25,O+,8703471861,Jaipur,Rajasthan,28-06-2024,Yes
DNR004276,Aarav Sharma,Male,34,A+,9741794106,Mohali,Punjab,12-03-2024,Yes
DNR004277,Vikram Singh,Female,51,B+,7719155478,Kolkata,West Bengal,03-05-2024,Yes
DNR004278,Pooja Nair,Female,41,B+,7100071674,Bhopal,Madhya Pradesh,09-08-2025,Yes
DNR004279,Neha Iyer,Male,36,B-,7326604812,Mumbai,Maharashtra,01-11-2021,Yes
DNR004280,Vikram Singh,Female,39,AB+,7862834327,Mumbai,Maharashtra,19-08-2025,No
DNR004281,Sneha Joshi,Male,39,O-,9497727497,Mohali,Punjab,Never,Yes
DNR004282,Priya Patel,Female,25,B+,9950670675,Nagpur,Maharashtra,19-04-2025,No
DNR004283,Pooja Nair,Male,34,O+,9045437259,Nagpur,Maharashtra,17-06-2023,Yes
DNR004284,Neha Iyer,Male,37,O+,9078003923,Thiruvananthapuram,Kerala,07-11-2025,Yes
DNR004285,Sneha Joshi,Female,39,B+,9807071363,Kanpur,Uttar Pradesh,23-09-2025,No
DNR004286,Rohan Mehta,Female,36,O+,9821914417,Hyderabad,Telangana,12-10-2025,No
DNR004287,Pooja Nair,Female,48,O+,7346125194,Vadodara,Gujarat,12-06-2025,Yes
DNR004288,Vikram Singh,Female,28,A+,8885627148,Visakhapatnam,Andhra Pradesh,11-09-2025,Yes
DNR004289,Rohan Mehta,Male,25,B+,7734676960,Pune,Maharashtra,14-08-2025,Yes
DNR004290,Rohan Mehta,Female,42,B+,8552166124,Lucknow,Uttar Pradesh,05-10-2025,No
DNR004291,Pooja Nair,Male,27,O+,8904611971,Gurgaon,Haryana,11-05-2025,Yes
DNR004292,Rohan Mehta,Male,36,B+,9870491425,Vadodara,Gujarat,27-10-2023,Yes
DNR004293,Ananya Kapoor,Female,23,B+,8447748644,Hyderabad,Telangana,04-10-2025,No
DNR004294,Sneha Joshi,Female,46,A+,9724336630,Nagpur,Maharashtra,12-09-2024,Yes
DNR004295,Priya Patel,Female,37,B+,7369524973,Jaipur,Rajasthan,22-06-2025,No
DNR004296,Rohan Mehta,Male,31,O+,8106645725,Gurgaon,Haryana,14-09-2025,Yes
DNR004297,Rohan Mehta,Female,34,B+,7474976330,Surat,Gujarat,15-09-2023,Yes
DNR004298,Aarav Sharma,Female,36,A+,8460058935,Pune,Maharashtra,26-09-2025,Yes
DNR004299,Neha Iyer,Female,50,A+,7017274363,Patna,Bihar,02-01-2024,No
DNR004300,Rohan Mehta,Female,34,A+,9495028574,Gurgaon,Haryana,23-01-2021,Yes
DNR004301,Sneha Joshi,Male,33,O+,7735798555,Lucknow,Uttar Pradesh,Never,No
DNR004302,Pooja Nair,Male,42,A+,8660963681,Gurgaon,Haryana,07-12-2024,Yes
DNR004303,Neha Iyer,Female,44,O+,8138322277,Kolkata,West Bengal,14-04-2024,Yes
DNR004304,Ananya Kapoor,Male,26,B+,9534032208,Vadodara,Gujarat,24-04-2024,Yes
DNR004305,Priya Patel,Male,32,B+,8416951753,Mohali,Punjab,18-10-2025,Yes
DNR004306,Ananya Kapoor,Male,33,O+,8864712427,Bhopal,Madhya Pradesh,Never,No
DNR004307,Neha Iyer,Female,46,A+,7278496078,Jaipur,Rajasthan,16-12-2022,No
DNR004308,Ananya Kapoor,Male,42,B+,8684362500,Kolkata,West Bengal,22-08-2022,Yes
DNR004309,Priya Patel,Male,18,A+,8168742539,Surat,Gujarat,Never,Yes
DNR004310,Ananya Kapoor,Male,38,B+,8705664313,Mumbai,Maharashtra,22-03-2025,Yes
DNR004311,Ananya Kapoor,Male,30,AB+,8663842401,Ahmedabad,Gujarat,07-10-2025,No
DNR004312,Priya Patel,Female,20,B+,9266535388,Ahmedabad,Gujarat,Never,No
DNR004313,Priya Patel,Female,31,B+,9893275633,Patna,Bihar,10-05-2021,Yes
DNR004314,Vikram Singh,Female,34,O+,8875277027,Visakhapatnam,Andhra Pradesh,03-11-2025,Yes
DNR004315,Rahul Verma,Male,52,O+,7233780172,Bengaluru,Karnataka,27-08-2025,Yes
DNR004316,Priya Patel,Female,43,A+,7835672546,Bengaluru,Karnataka,15-06-2025,Yes
DNR004317,Pooja Nair,Female,40,O+,8743795275,Bhopal,Madhya Pradesh,10-08-2022,Yes
DNR004318,Aarav Sharma,Female,29,B+,8012402724,Patna,Bihar,03-05-2025,No
DNR004319,Kunal Desai,Male,31,B+,8176887088,Mumbai,Maharashtra,28-10-2025,Yes
DNR004320,Ananya Kapoor,Female,40,O+,9051244092,Nagpur,Maharashtra,23-01-2024,No
DNR004321,Sneha Joshi,Male,27,O+,9472357699,Hyderabad,Telangana,09-03-2025,Yes
DNR004322,Neha Iyer,Female,33,B+,8142252262,Chennai,Tamil Nadu,23-09-2024,No
DNR004323,Rahul Verma,Female,30,B+,8615797431,Delhi,Delhi,25-08-2024,Yes
DNR004324,Pooja Nair,Male,46,O+,8889721311,Surat,Gujarat,15-10-2025,Yes
DNR004325,Vikram Singh,Male,53,O+,7334758462,Thiruvananthapuram,Kerala,17-02-2022,Yes
DNR004326,Rohan Mehta,Male,25,B+,8636726700,Kolkata,West Bengal,16-06-2024,Yes
DNR004327,Rohan Mehta,Male,27,B+,9719546681,Mohali,Punjab,21-04-2021,Yes
DNR004328,Kunal Desai,Male,29,A+,7241162077,Ahmedabad,Gujarat,23-10-2025,No
DNR004329,Rohan Mehta,Male,38,B+,9548752621,Nagpur,Maharashtra,12-06-2023,No
DNR004330,Pooja Nair,Male,46,A+,7544941818,Kanpur,Uttar Pradesh,22-02-2025,Yes
DNR004331,Pooja Nair,Female,42,O+,8942449421,Kanpur,Uttar Pradesh,01-04-2022,Yes
DNR004332,Ananya Kapoor,Female,53,A+,7133249501,Kolkata,West Bengal,19-06-2022,Yes
DNR004333,Aarav Sharma,Male,37,O+,7105768554,Chennai,Tamil Nadu,30-08-2025,No
DNR004334,Vikram Singh,Male,25,B+,9444732830,Bengaluru,Karnataka,23-08-2024,Yes
DNR004335,Aarav Sharma,Female,18,A+,7876891825,Nagpur,Maharashtra,21-07-2024,No
DNR004336,Rahul Verma,Male,40,A+,8844612207,Visakhapatnam,Andhra Pradesh,17-06-2024,No
DNR004337,Aarav Sharma,Female,23,B+,8022045173,Surat,Gujarat,30-11-2024,Yes
DNR004338,Rohan Mehta,Female,35,B+,7704136127,Ahmedabad,Gujarat,04-12-2024,Yes
DNR004339,Vikram Singh,Male,18,O+,8592051648,Vadodara,Gujarat,12-05-2025,No
DNR004340,Pooja Nair,Male,18,B+,8032332204,Visakhapatnam,Andhra Pradesh,Never,Yes
DNR004341,Aarav Sharma,Male,18,O+,8955057804,Bengaluru,Karnataka,08-12-2021,Yes
DNR004342,Rahul Verma,Male,29,O+,7721697836,Chennai,Tamil Nadu,19-12-2023,No
DNR004343,Vikram Singh,Male,52,O+,7611802658,Lucknow,Uttar Pradesh,30-07-2025,No
DNR004344,Neha Iyer,Male,40,A+,9179440098,Visakhapatnam,Andhra Pradesh,02-02-2025,Yes
DNR004345,Rahul Verma,Male,32,A+,8810830738,Lucknow,Uttar Pradesh,15-03-2025,Yes
DNR004346,Vikram Singh,Male,39,AB+,8982037848,Surat,Gujarat,25-06-2024,No
DNR004347,Rahul Verma,Other,45,B+,8985836940,Kolkata,West Bengal,Never,Yes
DNR004348,Sneha Joshi,Male,43,O+,7461210174,Delhi,Delhi,Never,Yes
DNR004349,Ananya Kapoor,Male,38,O+,9718211137,Nagpur,Maharashtra,Never,Yes
DNR004350,Rahul Verma,Female,38,O+,9208613063,Thiruvananthapuram,Kerala,29-06-2025,Yes
DNR004351,Rahul Verma,Female,19,O+,7223185954,Gurgaon,Haryana,14-09-2024,Yes
DNR004352,Ananya Kapoor,Male,35,A+,9804640619,Mumbai,Maharashtra,09-10-2025,Yes
DNR004353,Rahul Verma,Male,60,B+,8482114898,Bengaluru,Karnataka,Never,Yes
DNR004354,Neha Iyer,Male,41,O+,7086874121,Pune,Maharashtra,08-11-2020,No
DNR004355,Ananya Kapoor,Female,31,A+,8391366834,Visakhapatnam,Andhra Pradesh,27-10-2025,Yes
DNR004356,Ananya Kapoor,Female,35,O+,8756393969,Bengaluru,Karnataka,31-03-2025,No
DNR004357,Aarav Sharma,Female,39,O+,7130422822,Chennai,Tamil Nadu,03-02-2025,No
DNR004358,Ananya Kapoor,Female,24,O+,7233877282,Bengaluru,Karnataka,05-11-2023,Yes
DNR004359,Priya Patel,Male,32,O+,7099031251,Mumbai,Maharashtra,07-09-2024,Yes
DNR004360,Ananya Kapoor,Male,26,B+,7060932253,Kanpur,Uttar Pradesh,30-03-2024,Yes
DNR004361,Sneha Joshi,Female,24,O+,9809489992,Jaipur,Rajasthan,Never,No
DNR004362,Pooja Nair,Male,34,O+,7182820271,Surat,Gujarat,06-05-2023,Yes
DNR004363,Pooja Nair,Male,29,O-,7061457905,Pune,Maharashtra,15-08-2024,Yes
DNR004364,Rahul Verma,Female,22,O+,9473925564,Ahmedabad,Gujarat,08-07-2025,No
DNR004365,Rohan Mehta,Female,25,O+,7149679895,Hyderabad,Telangana,16-12-2024,No
DNR004366,Vikram Singh,Female,41,B+,8078802058,Chennai,Tamil Nadu,18-06-2024,Yes
DNR004367,Kunal Desai,Female,39,O+,9694724590,Mumbai,Maharashtra,13-08-2025,No
DNR004368,Ananya Kapoor,Male,47,B+,9769076963,Delhi,Delhi,01-07-2025,No
DNR004369,Neha Iyer,Male,34,A+,8191150243,Bhopal,Madhya Pradesh,06-11-2025,Yes
DNR004370,Pooja Nair,Female,18,O+,9376008145,Kolkata,West Bengal,19-10-2023,No
DNR004371,Rohan Mehta,Female,23,B+,9669280212,Vadodara,Gujarat,23-08-2025,Yes
DNR004372,Rohan Mehta,Other,26,A+,9114836325,Gurgaon,Haryana,08-06-2024,Yes
DNR004373,Ananya Kapoor,Female,43,A+,8416666074,Bengaluru,Karnataka,29-03-2023,Yes
DNR004374,Rahul Verma,Female,18,O+,9241992638,Ahmedabad,Gujarat,03-06-2024,Yes
DNR004375,Neha Iyer,Female,18,O+,7374893686,Delhi,Delhi,Never,No
DNR004376,Priya Patel,Female,37,B+,8335730900,Nagpur,Maharashtra,17-06-2025,No
DNR004377,Rohan Mehta,Male,35,A+,7479558576,Hyderabad,Telangana,31-12-2022,Yes
DNR004378,Aarav Sharma,Male,38,O+,9782390281,Hyderabad,Telangana,20-12-2022,Yes
DNR004379,Rohan Mehta,Female,42,AB+,8406439632,Kolkata,West Bengal,20-12-2023,Yes
DNR004380,Sneha Joshi,Male,35,O+,8900046796,Mohali,Punjab,14-11-2021,Yes
DNR004381,Ananya Kapoor,Male,38,O+,8939969272,Patna,Bihar,30-01-2024,No
DNR004382,Aarav Sharma,Female,41,B+,8616162877,Vadodara,Gujarat,22-07-2025,Yes
DNR004383,Aarav Sharma,Female,20,A+,8650202282,Nagpur,Maharashtra,27-01-2025,Yes
DNR004384,Ananya Kapoor,Female,32,A+,8479151883,Delhi,Delhi,13-04-2025,No
DNR004385,Rohan Mehta,Female,28,A+,7515388470,Ahmedabad,Gujarat,21-07-2025,No
DNR004386,Pooja Nair,Female,49,B+,9097424687,Ahmedabad,Gujarat,14-05-2025,No
DNR004387,Rohan Mehta,Female,38,O+,8054975443,Kanpur,Uttar Pradesh,18-08-2025,No
DNR004388,Rohan Mehta,Female,18,A+,9230189590,Bhopal,Madhya Pradesh,06-09-2024,No
DNR004389,Aarav Sharma,Male,28,O+,7585827889,Chennai,Tamil Nadu,06-08-2023,Yes
DNR004390,Rahul Verma,Male,25,A+,7466247095,Mohali,Punjab,14-06-2024,No
DNR004391,Neha Iyer,Female,28,O+,9326134128,Bengaluru,Karnataka,06-06-2024,No
DNR004392,Sneha Joshi,Female,39,O+,8149941083,Bhopal,Madhya Pradesh,31-08-2025,Yes
DNR004393,Ananya Kapoor,Female,42,B+,7949694996,Mohali,Punjab,28-09-2025,No
DNR004394,Priya Patel,Male,30,O+,7640662586,Mumbai,Maharashtra,Never,Yes
DNR004395,Aarav Sharma,Male,18,A+,9017919773,Ahmedabad,Gujarat,06-11-2025,Yes
DNR004396,Sneha Joshi,Female,32,O-,7020933524,Thiruvananthapuram,Kerala,20-10-2024,Yes
DNR004397,Kunal Desai,Female,27,A-,9054879083,Mumbai,Maharashtra,Never,Yes
DNR004398,Priya Patel,Female,48,AB-,9532913793,Kanpur,Uttar Pradesh,07-09-2023,Yes
DNR004399,Aarav Sharma,Male,33,O+,8669529469,Gurgaon,Haryana,17-08-2025,Yes
DNR004400,Neha Iyer,Male,20,O+,7306437769,Patna,Bihar,30-12-2024,Yes
DNR004401,Neha Iyer,Female,26,B-,8598058523,Kolkata,West Bengal,08-11-2020,No
DNR004402,Rohan Mehta,Male,21,A+,7559839453,Chennai,Tamil Nadu,11-01-2025,Yes
DNR004403,Priya Patel,Female,59,B+,8891354415,Ahmedabad,Gujarat,Never,Yes
DNR004404,Priya Patel,Male,37,O+,7544676552,Nagpur,Maharashtra,08-07-2025,No
DNR004405,Sneha Joshi,Male,40,A+,7092615853,Mumbai,Maharashtra,03-12-2023,Yes
DNR004406,Ananya Kapoor,Male,27,B+,7683231132,Delhi,Delhi,09-01-2025,Yes
DNR004407,Pooja Nair,Male,53,O+,7005351799,Patna,Bihar,12-11-2024,Yes
DNR004408,Neha Iyer,Female,32,A+,9359997997,Patna,Bihar,27-06-2025,No
DNR004409,Priya Patel,Male,52,B-,7116559400,Nagpur,Maharashtra,09-03-2025,No
DNR004410,Rohan Mehta,Male,37,AB+,9727359747,Delhi,Delhi,03-07-2025,Yes
DNR004411,Sneha Joshi,Male,49,B+,8032470010,Vadodara,Gujarat,31-08-2023,Yes
DNR004412,Rohan Mehta,Female,31,O-,9839365703,Kanpur,Uttar Pradesh,15-07-2023,Yes
DNR004413,Rohan Mehta,Female,33,B-,9673170634,Lucknow,Uttar Pradesh,21-06-2024,No
DNR004414,Kunal Desai,Female,41,O-,8880500001,Delhi,Delhi,14-06-2021,No
DNR004415,Sneha Joshi,Female,35,B+,9743098583,Mohali,Punjab,22-10-2025,Yes
DNR004416,Aarav Sharma,Female,26,B+,9282170908,Visakhapatnam,Andhra Pradesh,08-04-2025,Yes
DNR004417,Rahul Verma,Male,45,B+,9743472948,Patna,Bihar,27-04-2025,Yes
DNR004418,Neha Iyer,Female,31,B+,9729120324,Kolkata,West Bengal,Never,Yes
DNR004419,Rohan Mehta,Male,43,O-,7091587132,Thiruvananthapuram,Kerala,21-09-2025,Yes
DNR004420,Rahul Verma,Male,33,O+,9802759508,Kanpur,Uttar Pradesh,16-07-2025,No
DNR004421,Sneha Joshi,Female,38,O+,7604035757,Gurgaon,Haryana,14-10-2025,Yes
DNR004422,Rahul Verma,Male,18,O+,9708482411,Kanpur,Uttar Pradesh,24-06-2025,Yes
DNR004423,Aarav Sharma,Male,19,O+,8597616164,Mohali,Punjab,07-09-2025,No
DNR004424,Vikram Singh,Female,38,AB+,9115621977,Jaipur,Rajasthan,16-10-2023,No
DNR004425,Priya Patel,Female,18,O+,8634904871,Hyderabad,Telangana,12-11-2024,No
DNR004426,Rahul Verma,Female,34,A+,8518012966,Chennai,Tamil Nadu,25-09-2025,Yes
DNR004427,Vikram Singh,Female,39,A+,9178453789,Hyderabad,Telangana,12-04-2025,Yes
DNR004428,Ananya Kapoor,Female,40,O+,7229930562,Surat,Gujarat,16-05-2022,Yes
DNR004429,Neha Iyer,Male,55,B+,7150214511,Ahmedabad,Gujarat,29-04-2022,No
DNR004430,Kunal Desai,Male,31,O+,8736808362,Visakhapatnam,Andhra Pradesh,19-09-2025,Yes
DNR004431,Aarav Sharma,Female,25,A+,9185073839,Jaipur,Rajasthan,03-09-2025,No
DNR004432,Pooja Nair,Male,34,O+,7399082262,Kanpur,Uttar Pradesh,14-10-2023,Yes
DNR004433,Rohan Mehta,Male,29,O-,9800871069,Nagpur,Maharashtra,20-12-2024,Yes
DNR004434,Rahul Verma,Male,29,B+,9550095903,Delhi,Delhi,02-07-2022,No
DNR004435,Ananya Kapoor,Female,42,O+,8465376941,Surat,Gujarat,31-10-2023,No
DNR004436,Pooja Nair,Female,18,O+,9723667707,Patna,Bihar,19-05-2024,Yes
DNR004437,Ananya Kapoor,Male,48,O+,8776468961,Chennai,Tamil Nadu,03-03-2025,Yes
DNR004438,Vikram Singh,Female,43,B+,7797250904,Pune,Maharashtra,26-12-2022,Yes
DNR004439,Rahul Verma,Female,30,B+,7975499998,Patna,Bihar,02-06-2024,No
DNR004440,Ananya Kapoor,Male,41,B+,8119569052,Pune,Maharashtra,14-04-2025,No
DNR004441,Priya Patel,Female,22,AB+,9383178707,Kanpur,Uttar Pradesh,03-11-2024,Yes
DNR004442,Vikram Singh,Female,32,O+,7270445457,Mohali,Punjab,03-11-2025,No
DNR004443,Neha Iyer,Female,31,B+,9300813607,Hyderabad,Telangana,03-10-2025,No
DNR004444,Vikram Singh,Male,18,B+,8848212369,Gurgaon,Haryana,10-03-2025,Yes
DNR004445,Pooja Nair,Male,22,O+,8399697630,Kanpur,Uttar Pradesh,10-12-2021,No
DNR004446,Ananya Kapoor,Female,18,O+,9592042642,Visakhapatnam,Andhra Pradesh,16-09-2024,No
DNR004447,Kunal Desai,Female,34,B+,8089008276,Lucknow,Uttar Pradesh,10-10-2024,No
DNR004448,Neha Iyer,Male,33,A+,8554222876,Hyderabad,Telangana,03-04-2025,Yes
DNR004449,Priya Patel,Male,24,O+,8355859653,Nagpur,Maharashtra,26-09-2025,Yes
DNR004450,Rohan Mehta,Female,50,O+,8861677984,Mumbai,Maharashtra,03-11-2023,Yes
DNR004451,Sneha Joshi,Male,24,B+,8033542942,Pune,Maharashtra,13-12-2024,No
DNR004452,Pooja Nair,Male,43,A+,7825054671,Vadodara,Gujarat,01-04-2025,Yes
DNR004453,Kunal Desai,Male,25,A+,9782551837,Delhi,Delhi,26-02-2025,No
DNR004454,Kunal Desai,Male,31,O+,8949816239,Nagpur,Maharashtra,01-09-2025,No
DNR004455,Rahul Verma,Female,33,B+,7844123687,Mohali,Punjab,Never,No
DNR004456,Ananya Kapoor,Female,45,O+,8732932251,Kolkata,West Bengal,13-06-2025,No
DNR004457,Rohan Mehta,Male,51,O+,9941967486,Delhi,Delhi,30-08-2025,Yes
DNR004458,Vikram Singh,Female,30,O-,8398935793,Ahmedabad,Gujarat,04-02-2025,Yes
DNR004459,Neha Iyer,Male,22,B+,7816376367,Kolkata,West Bengal,09-11-2024,Yes
DNR004460,Neha Iyer,Male,31,B+,9901447058,Hyderabad,Telangana,08-11-2020,Yes
DNR004461,Rahul Verma,Female,35,A+,9700792192,Vadodara,Gujarat,30-01-2025,No
DNR004462,Sneha Joshi,Male,24,O+,7765806716,Hyderabad,Telangana,26-05-2025,Yes
DNR004463,Priya Patel,Female,43,O+,9806901111,Jaipur,Rajasthan,21-03-2023,Yes
DNR004464,Rahul Verma,Female,39,O+,7426755791,Kolkata,West Bengal,13-06-2025,Yes
DNR004465,Kunal Desai,Male,42,B+,8153439388,Bhopal,Madhya Pradesh,30-09-2025,Yes
DNR004466,Rohan Mehta,Female,27,A+,8495553437,Chennai,Tamil Nadu,14-08-2025,No
DNR004467,Neha Iyer,Male,49,B+,9216079994,Patna,Bihar,31-08-2025,Yes
DNR004468,Kunal Desai,Female,52,B-,8685583357,Delhi,Delhi,06-07-2021,No
DNR004469,Pooja Nair,Female,51,A+,8137882114,Mumbai,Maharashtra,28-11-2024,No
DNR004470,Kunal Desai,Male,22,A+,9454944542,Gurgaon,Haryana,01-02-2025,No
DNR004471,Sneha Joshi,Male,18,B-,7193585736,Hyderabad,Telangana,30-09-2025,Yes
DNR004472,Sneha Joshi,Female,39,O+,8406172412,Kolkata,West Bengal,30-04-2025,No
DNR004473,Rohan Mehta,Female,39,O+,7577891850,Lucknow,Uttar Pradesh,02-11-2023,Yes
DNR004474,Rahul Verma,Male,30,O+,7532857594,Vadodara,Gujarat,02-02-2025,Yes
DNR004475,Aarav Sharma,Male,27,O-,7997361491,Jaipur,Rajasthan,01-10-2025,Yes
DNR004476,Rahul Verma,Female,21,B+,8798136953,Bhopal,Madhya Pradesh,29-11-2024,Yes
DNR004477,Pooja Nair,Male,22,O+,7689467705,Ahmedabad,Gujarat,28-05-2025,Yes
DNR004478,Sneha Joshi,Female,42,O+,8246350093,Gurgaon,Haryana,26-03-2025,Yes
DNR004479,Rahul Verma,Male,38,A+,9252478777,Mohali,Punjab,18-12-2024,No
DNR004480,Neha Iyer,Male,31,A+,7577877889,Kolkata,West Bengal,Never,Yes
DNR004481,Rohan Mehta,Male,22,O+,7655656400,Bhopal,Madhya Pradesh,01-07-2024,No
DNR004482,Kunal Desai,Male,25,A+,9710566477,Bengaluru,Karnataka,09-05-2025,Yes
DNR004483,Kunal Desai,Male,53,O+,9009886761,Chennai,Tamil Nadu,24-03-2024,No
DNR004484,Rahul Verma,Male,18,B+,7763384552,Bhopal,Madhya Pradesh,25-09-2024,Yes
DNR004485,Rohan Mehta,Male,28,B+,7871750553,Nagpur,Maharashtra,03-11-2025,Yes
DNR004486,Vikram Singh,Male,40,O-,8330397140,Mumbai,Maharashtra,27-07-2024,Yes
DNR004487,Kunal Desai,Female,44,B+,9631715971,Bhopal,Madhya Pradesh,19-09-2023,No
DNR004488,Sneha Joshi,Male,31,O+,9904604067,Ahmedabad,Gujarat,10-09-2025,No
DNR004489,Sneha Joshi,Male,31,O+,8255687134,Vadodara,Gujarat,12-06-2025,Yes
DNR004490,Aarav Sharma,Male,30,O+,9089236614,Kolkata,West Bengal,Never,No
DNR004491,Aarav Sharma,Male,24,O+,9045046685,Mumbai,Maharashtra,22-08-2024,Yes
DNR004492,Rahul Verma,Female,43,O+,7455719985,Delhi,Delhi,24-09-2024,Yes
DNR004493,Kunal Desai,Male,53,B+,8258566616,Nagpur,Maharashtra,04-05-2025,Yes
DNR004494,Priya Patel,Female,29,O+,9600545617,Delhi,Delhi,18-07-2025,Yes
DNR004495,Kunal Desai,Male,22,AB+,7095674987,Ahmedabad,Gujarat,06-11-2024,Yes
DNR004496,Priya Patel,Female,34,O+,9147639228,Pune,Maharashtra,02-06-2022,No
DNR004497,Neha Iyer,Male,25,A-,8465045936,Gurgaon,Haryana,08-11-2020,Yes
DNR004498,Aarav Sharma,Other,18,O+,8985119031,Vadodara,Gujarat,02-03-2025,Yes
DNR004499,Rahul Verma,Female,41,O+,7802833036,Visakhapatnam,Andhra Pradesh,01-04-2025,Yes
DNR004500,Ananya Kapoor,Female,37,O-,9820538381,Vadodara,Gujarat,16-07-2024,Yes
DNR004501,Priya Patel,Male,51,A+,8068576630,Patna,Bihar,20-01-2021,No
DNR004502,Sneha Joshi,Male,24,O+,8473179356,Kolkata,West Bengal,02-04-2025,Yes
DNR004503,Neha Iyer,Male,26,O+,8049741858,Mohali,Punjab,12-11-2022,Yes
DNR004504,Pooja Nair,Male,49,O+,8534312201,Jaipur,Rajasthan,Never,No
DNR004505,Priya Patel,Female,24,O+,7062928908,Ahmedabad,Gujarat,04-09-2025,No
DNR004506,Rahul Verma,Female,42,B+,9148762484,Jaipur,Rajasthan,13-09-2024,Yes
DNR004507,Rahul Verma,Female,51,O+,9851479441,Hyderabad,Telangana,31-01-2023,Yes
DNR004508,Pooja Nair,Female,33,A+,9995842762,Visakhapatnam,Andhra Pradesh,23-03-2024,No
DNR004509,Ananya Kapoor,Female,56,O+,9463095286,Pune,Maharashtra,19-12-2021,Yes
DNR004510,Rahul Verma,Female,49,B+,7401856826,Lucknow,Uttar Pradesh,14-02-2025,No
DNR004511,Neha Iyer,Female,27,A+,9406310154,Kolkata,West Bengal,29-08-2023,Yes
DNR004512,Aarav Sharma,Female,32,B+,9760633623,Mohali,Punjab,10-10-2024,Yes
DNR004513,Rahul Verma,Female,29,B+,9340524108,Patna,Bihar,29-03-2025,Yes
DNR004514,Priya Patel,Male,29,B+,8233204357,Bhopal,Madhya Pradesh,11-10-2025,Yes
DNR004515,Sneha Joshi,Male,42,O+,8478226877,Jaipur,Rajasthan,15-12-2024,Yes
DNR004516,Ananya Kapoor,Female,20,A+,9254752951,Delhi,Delhi,10-12-2024,Yes
DNR004517,Priya Patel,Male,26,B+,7954444820,Delhi,Delhi,18-07-2025,Yes
DNR004518,Vikram Singh,Male,39,B+,9846920826,Kanpur,Uttar Pradesh,03-06-2023,No
DNR004519,Pooja Nair,Female,23,A+,7006179074,Ahmedabad,Gujarat,14-10-2025,No
DNR004520,Aarav Sharma,Male,18,O+,9574824663,Mumbai,Maharashtra,28-10-2024,Yes
DNR004521,Rohan Mehta,Male,21,O+,7617058505,Gurgaon,Haryana,10-06-2025,Yes
DNR004522,Rahul Verma,Female,41,O+,8385817280,Ahmedabad,Gujarat,10-10-2024,No
DNR004523,Kunal Desai,Female,36,O+,8067692886,Bhopal,Madhya Pradesh,24-06-2024,Yes
DNR004524,Neha Iyer,Female,31,O+,9708747845,Surat,Gujarat,27-06-2025,No
DNR004525,Rohan Mehta,Female,21,B+,9550094546,Vadodara,Gujarat,08-05-2025,Yes
DNR004526,Pooja Nair,Female,39,A+,8642336996,Mumbai,Maharashtra,03-01-2025,Yes
DNR004527,Pooja Nair,Female,22,O+,9125167914,Lucknow,Uttar Pradesh,27-12-2023,Yes
DNR004528,Pooja Nair,Female,22,B+,8886491562,Bengaluru,Karnataka,05-09-2021,Yes
DNR004529,Kunal Desai,Female,22,AB+,8020983438,Visakhapatnam,Andhra Pradesh,08-04-2024,No
DNR004530,Neha Iyer,Female,50,O+,8960624769,Vadodara,Gujarat,29-10-2023,No
DNR004531,Neha Iyer,Female,29,O+,7263610950,Patna,Bihar,13-05-2024,Yes
DNR004532,Neha Iyer,Female,35,A+,7369655848,Delhi,Delhi,07-08-2025,Yes
DNR004533,Aarav Sharma,Female,34,B+,8330154482,Lucknow,Uttar Pradesh,07-09-2022,Yes
DNR004534,Priya Patel,Female,24,A+,9292636423,Gurgaon,Haryana,29-09-2023,No
DNR004535,Kunal Desai,Male,32,B+,9154559747,Hyderabad,Telangana,14-12-2023,Yes
DNR004536,Priya Patel,Female,39,A+,9440626980,Hyderabad,Telangana,28-02-2023,Yes
DNR004537,Kunal Desai,Female,39,A+,9721191339,Lucknow,Uttar Pradesh,03-12-2023,No
DNR004538,Rohan Mehta,Female,36,O+,7078810393,Mohali,Punjab,17-01-2022,Yes
DNR004539,Pooja Nair,Female,26,A+,7273013614,Ahmedabad,Gujarat,30-08-2022,Yes
DNR004540,Neha Iyer,Female,24,B+,8028024018,Nagpur,Maharashtra,21-03-2024,Yes
DNR004541,Ananya Kapoor,Male,29,A+,9331800286,Gurgaon,Haryana,19-08-2025,No
DNR004542,Kunal Desai,Female,24,B+,9867101724,Chennai,Tamil Nadu,23-05-2025,No
DNR004543,Priya Patel,Male,37,A+,9818826325,Jaipur,Rajasthan,22-02-2023,Yes
DNR004544,Pooja Nair,Male,21,O+,7196835139,Mumbai,Maharashtra,14-08-2025,Yes
DNR004545,Priya Patel,Female,27,A+,9822774736,Lucknow,Uttar Pradesh,17-05-2024,Yes
DNR004546,Kunal Desai,Male,50,O+,8790751778,Ahmedabad,Gujarat,06-06-2022,Yes
DNR004547,Rahul Verma,Male,34,O+,9099154522,Mohali,Punjab,19-01-2025,No
DNR004548,Ananya Kapoor,Male,46,O+,9071894342,Ahmedabad,Gujarat,19-03-2025,Yes
DNR004549,Sneha Joshi,Female,30,A+,8342645212,Ahmedabad,Gujarat,04-11-2022,Yes
DNR004550,Rahul Verma,Male,30,A+,7873343268,Lucknow,Uttar Pradesh,27-07-2025,Yes
DNR004551,Kunal Desai,Female,34,B+,8893075956,Delhi,Delhi,26-09-2025,No
DNR004552,Neha Iyer,Male,35,B+,8446511231,Patna,Bihar,04-08-2025,Yes
DNR004553,Pooja Nair,Female,34,A-,7126851842,Ahmedabad,Gujarat,22-01-2024,No
DNR004554,Ananya Kapoor,Male,42,B+,7431161180,Surat,Gujarat,10-09-2025,Yes
DNR004555,Priya Patel,Female,26,B+,7384263721,Patna,Bihar,30-08-2025,Yes
DNR004556,Sneha Joshi,Female,26,B+,8288684216,Vadodara,Gujarat,23-09-2025,Yes
DNR004557,Kunal Desai,Female,35,AB+,9105438708,Surat,Gujarat,20-01-2025,Yes
DNR004558,Rohan Mehta,Female,36,A+,8065952869,Vadodara,Gujarat,17-02-2025,Yes
DNR004559,Ananya Kapoor,Female,35,A+,9446175354,Kanpur,Uttar Pradesh,29-10-2025,No
DNR004560,Ananya Kapoor,Male,25,B+,7821732048,Mumbai,Maharashtra,29-06-2025,No
DNR004561,Aarav Sharma,Female,37,A+,9056408472,Kolkata,West Bengal,Never,Yes
DNR004562,Rahul Verma,Male,36,B+,8007049381,Mumbai,Maharashtra,04-03-2024,Yes
DNR004563,Ananya Kapoor,Male,43,O+,7189051051,Chennai,Tamil Nadu,27-09-2025,Yes
DNR004564,Neha Iyer,Female,18,O+,9852495852,Vadodara,Gujarat,23-09-2025,Yes
DNR004565,Rahul Verma,Male,34,B+,8495773484,Ahmedabad,Gujarat,12-08-2025,No
DNR004566,Ananya Kapoor,Female,41,O+,7964035883,Thiruvananthapuram,Kerala,11-07-2021,Yes
DNR004567,Aarav Sharma,Male,18,A+,9799450570,Gurgaon,Haryana,13-09-2024,Yes
DNR004568,Neha Iyer,Male,32,O+,9580426716,Surat,Gujarat,28-04-2024,No
DNR004569,Rahul Verma,Male,27,B+,9107101610,Visakhapatnam,Andhra Pradesh,26-02-2023,Yes
DNR004570,Rohan Mehta,Female,47,B-,9457553787,Gurgaon,Haryana,16-01-2022,Yes
DNR004571,Priya Patel,Male,21,A+,8333246017,Vadodara,Gujarat,04-06-2023,No
DNR004572,Pooja Nair,Male,21,A+,9072388231,Kanpur,Uttar Pradesh,10-12-2022,Yes
DNR004573,Priya Patel,Female,49,B+,8992973476,Visakhapatnam,Andhra Pradesh,24-09-2025,Yes
DNR004574,Rahul Verma,Male,33,O+,7074219833,Kolkata,West Bengal,08-11-2020,Yes
DNR004575,Pooja Nair,Male,35,B+,7623327597,Jaipur,Rajasthan,08-11-2020,Yes
DNR004576,Priya Patel,Male,35,B+,9092155680,Nagpur,Maharashtra,09-06-2024,Yes
DNR004577,Priya Patel,Male,51,O+,9512540623,Delhi,Delhi,08-04-2025,Yes
DNR004578,Rahul Verma,Male,29,B+,7292034988,Kanpur,Uttar Pradesh,23-09-2023,No
DNR004579,Kunal Desai,Female,49,A+,7802669688,Bengaluru,Karnataka,05-05-2025,No
DNR004580,Rahul Verma,Female,31,O+,7049920188,Bhopal,Madhya Pradesh,Never,Yes
DNR004581,Ananya Kapoor,Male,29,A+,9203577704,Bhopal,Madhya Pradesh,10-09-2025,Yes
DNR004582,Aarav Sharma,Female,39,O+,7384735337,Delhi,Delhi,Never,Yes
DNR004583,Rohan Mehta,Female,60,A+,7074551955,Bengaluru,Karnataka,20-05-2024,No
DNR004584,Rohan Mehta,Female,41,O+,8637040467,Ahmedabad,Gujarat,07-10-2025,No
DNR004585,Vikram Singh,Male,43,B+,9333065223,Lucknow,Uttar Pradesh,25-11-2024,Yes
DNR004586,Aarav Sharma,Male,55,A+,7025015309,Bengaluru,Karnataka,08-11-2021,No
DNR004587,Rahul Verma,Female,45,B+,7621153050,Ahmedabad,Gujarat,14-07-2025,Yes
DNR004588,Priya Patel,Male,22,B+,8079028798,Patna,Bihar,03-05-2025,Yes
DNR004589,Ananya Kapoor,Female,33,AB+,9201840910,Bengaluru,Karnataka,23-05-2024,Yes
DNR004590,Rohan Mehta,Male,38,O-,9050601867,Thiruvananthapuram,Kerala,12-05-2024,No
DNR004591,Ananya Kapoor,Female,27,A+,9872199667,Pune,Maharashtra,27-09-2025,Yes
DNR004592,Kunal Desai,Male,39,O+,9713586363,Hyderabad,Telangana,27-09-2025,Yes
DNR004593,Rohan Mehta,Male,49,O+,9611860002,Patna,Bihar,13-09-2025,Yes
DNR004594,Priya Patel,Male,26,O+,9498474425,Gurgaon,Haryana,30-04-2024,No
DNR004595,Aarav Sharma,Female,47,O+,9643625912,Kolkata,West Bengal,Never,Yes
DNR004596,Rahul Verma,Female,34,B+,8130223265,Bhopal,Madhya Pradesh,15-07-2025,Yes
DNR004597,Vikram Singh,Male,34,A+,8435727131,Lucknow,Uttar Pradesh,04-09-2025,Yes
DNR004598,Rahul Verma,Male,41,B+,7146932308,Delhi,Delhi,28-04-2024,Yes
DNR004599,Ananya Kapoor,Female,34,O+,8744305098,Vadodara,Gujarat,30-04-2024,Yes
DNR004600,Kunal Desai,Female,29,B+,9419288406,Kanpur,Uttar Pradesh,04-11-2025,No
DNR004601,Sneha Joshi,Male,32,A+,7887496758,Kolkata,West Bengal,18-01-2025,No
DNR004602,Ananya Kapoor,Female,41,O+,7824792574,Hyderabad,Telangana,13-07-2025,Yes
DNR004603,Neha Iyer,Female,52,O+,7606630002,Delhi,Delhi,02-06-2025,Yes
DNR004604,Ananya Kapoor,Male,33,B+,9855379555,Thiruvananthapuram,Kerala,29-08-2025,Yes
DNR004605,Priya Patel,Female,24,B+,8019983084,Chennai,Tamil Nadu,04-04-2025,Yes
DNR004606,Vikram Singh,Male,45,B+,9553138646,Pune,Maharashtra,14-07-2025,Yes
DNR004607,Rahul Verma,Male,36,A+,7560348970,Kanpur,Uttar Pradesh,28-09-2025,Yes
DNR004608,Neha Iyer,Male,18,A+,8001967289,Ahmedabad,Gujarat,09-06-2024,Yes
DNR004609,Kunal Desai,Female,31,O+,8048355417,Chennai,Tamil Nadu,03-08-2025,Yes
DNR004610,Sneha Joshi,Female,36,B+,7556339555,Mumbai,Maharashtra,12-10-2025,Yes
DNR004611,Neha Iyer,Male,23,O+,8905167760,Surat,Gujarat,29-08-2025,Yes
DNR004612,Ananya Kapoor,Female,42,B+,8542230382,Jaipur,Rajasthan,05-08-2022,Yes
DNR004613,Vikram Singh,Female,22,A-,8527840879,Lucknow,Uttar Pradesh,19-10-2025,Yes
DNR004614,Rohan Mehta,Female,26,A+,7995398746,Jaipur,Rajasthan,23-01-2023,No
DNR004615,Ananya Kapoor,Female,44,B+,9073172949,Kolkata,West Bengal,12-06-2022,No
DNR004616,Sneha Joshi,Male,33,O+,9220418582,Mumbai,Maharashtra,03-10-2024,Yes
DNR004617,Neha Iyer,Female,53,O+,7984654654,Delhi,Delhi,24-12-2024,No
DNR004618,Kunal Desai,Female,44,O+,9567489073,Visakhapatnam,Andhra Pradesh,08-11-2020,No
DNR004619,Aarav Sharma,Female,26,B+,7960756102,Kolkata,West Bengal,12-04-2025,Yes
DNR004620,Neha Iyer,Male,32,A+,8074530718,Gurgaon,Haryana,11-04-2025,Yes
DNR004621,Aarav Sharma,Female,42,A+,9902472332,Delhi,Delhi,24-12-2023,Yes
DNR004622,Neha Iyer,Male,22,O+,8662226558,Mumbai,Maharashtra,11-08-2025,Yes
DNR004623,Rahul Verma,Male,37,O+,9240949060,Kolkata,West Bengal,14-06-2025,Yes
DNR004624,Kunal Desai,Other,24,A+,7543249577,Nagpur,Maharashtra,12-06-2023,No
DNR004625,Rahul Verma,Female,44,A+,7102749577,Nagpur,Maharashtra,03-12-2024,No
DNR004626,Priya Patel,Female,31,B+,7557152808,Pune,Maharashtra,04-04-2024,No
DNR004627,Ananya Kapoor,Female,46,B+,9443545769,Surat,Gujarat,02-08-2023,Yes
DNR004628,Pooja Nair,Female,31,A+,9593246083,Patna,Bihar,22-04-2024,No
DNR004629,Rohan Mehta,Female,34,O+,9288584967,Ahmedabad,Gujarat,27-02-2025,Yes
DNR004630,Kunal Desai,Male,40,O+,7789558299,Surat,Gujarat,21-10-2025,No
DNR004631,Rohan Mehta,Female,40,B+,9446932172,Chennai,Tamil Nadu,24-12-2022,No
DNR004632,Aarav Sharma,Male,40,A+,8795808423,Ahmedabad,Gujarat,02-01-2025,No
DNR004633,Vikram Singh,Female,18,B+,8821527153,Mumbai,Maharashtra,19-07-2024,Yes
DNR004634,Neha Iyer,Female,32,O+,8002760395,Surat,Gujarat,Never,No
DNR004635,Neha Iyer,Female,24,B+,8494322944,Hyderabad,Telangana,11-06-2025,Yes
DNR004636,Rahul Verma,Male,23,O+,9096915405,Chennai,Tamil Nadu,03-11-2025,Yes
DNR004637,Vikram Singh,Female,37,A+,9133344760,Mohali,Punjab,21-12-2022,Yes
DNR004638,Rahul Verma,Male,40,O+,9256817209,Kanpur,Uttar Pradesh,30-07-2025,No
DNR004639,Rahul Verma,Female,24,O+,7674739886,Mohali,Punjab,12-09-2024,No
DNR004640,Kunal Desai,Male,26,B+,7932276929,Kolkata,West Bengal,12-10-2025,No
DNR004641,Sneha Joshi,Female,41,O+,9452871357,Delhi,Delhi,20-10-2024,Yes
DNR004642,Priya Patel,Female,29,O+,9746060161,Kolkata,West Bengal,12-09-2023,No
DNR004643,Aarav Sharma,Male,38,B+,9543811823,Lucknow,Uttar Pradesh,30-07-2025,Yes
DNR004644,Kunal Desai,Male,34,A+,8224266330,Thiruvananthapuram,Kerala,Never,Yes
DNR004645,Aarav Sharma,Female,43,O+,9608124669,Lucknow,Uttar Pradesh,Never,Yes
DNR004646,Rahul Verma,Male,20,B+,7529828463,Pune,Maharashtra,19-06-2023,Yes
DNR004647,Ananya Kapoor,Female,56,O+,9016969889,Chennai,Tamil Nadu,24-05-2025,Yes
DNR004648,Ananya Kapoor,Male,39,A+,8489111348,Lucknow,Uttar Pradesh,30-08-2025,Yes
DNR004649,Priya Patel,Male,35,O+,9479222234,Jaipur,Rajasthan,03-02-2024,Yes
DNR004650,Priya Patel,Male,37,B+,9621279617,Ahmedabad,Gujarat,28-09-2025,Yes
DNR004651,Rohan Mehta,Male,25,B+,8389663947,Ahmedabad,Gujarat,15-07-2024,Yes
DNR004652,Ananya Kapoor,Female,28,B+,8760879301,Vadodara,Gujarat,Never,Yes
DNR004653,Aarav Sharma,Female,35,B+,8823751820,Gurgaon,Haryana,03-09-2025,No
DNR004654,Kunal Desai,Female,24,O+,7595624963,Thiruvananthapuram,Kerala,03-11-2024,No
DNR004655,Kunal Desai,Male,38,O+,9717746672,Nagpur,Maharashtra,03-04-2025,No
DNR004656,Ananya Kapoor,Female,40,O+,9426889026,Mumbai,Maharashtra,15-07-2025,No
DNR004657,Ananya Kapoor,Male,32,A+,8496627962,Bengaluru,Karnataka,28-07-2025,Yes
DNR004658,Priya Patel,Female,18,A+,8306341088,Lucknow,Uttar Pradesh,08-03-2025,Yes
DNR004659,Rohan Mehta,Female,18,O+,9899483225,Kolkata,West Bengal,07-11-2025,No
DNR004660,Kunal Desai,Female,43,O+,7070040539,Lucknow,Uttar Pradesh,10-02-2025,Yes
DNR004661,Kunal Desai,Female,34,B+,7002670757,Bhopal,Madhya Pradesh,28-04-2025,Yes
DNR004662,Ananya Kapoor,Female,35,AB+,8442598193,Bengaluru,Karnataka,23-02-2023,Yes
DNR004663,Neha Iyer,Male,26,A+,8997748776,Gurgaon,Haryana,25-09-2023,Yes
DNR004664,Priya Patel,Male,49,A+,7619928260,Bhopal,Madhya Pradesh,30-07-2025,Yes
DNR004665,Aarav Sharma,Female,40,O+,8083805006,Chennai,Tamil Nadu,12-07-2024,No
DNR004666,Rahul Verma,Male,39,O+,9124990415,Patna,Bihar,04-05-2024,Yes
DNR004667,Aarav Sharma,Female,33,O+,9468237478,Lucknow,Uttar Pradesh,09-03-2023,Yes
DNR004668,Priya Patel,Male,46,O+,8610961042,Mumbai,Maharashtra,05-06-2025,Yes
DNR004669,Vikram Singh,Female,18,O+,7296678191,Mohali,Punjab,19-04-2025,No
DNR004670,Pooja Nair,Male,38,B+,7365993337,Surat,Gujarat,07-06-2025,Yes
DNR004671,Ananya Kapoor,Male,40,O-,8222079817,Surat,Gujarat,24-01-2023,Yes
DNR004672,Aarav Sharma,Female,43,B+,8037012474,Jaipur,Rajasthan,31-01-2025,Yes
DNR004673,Neha Iyer,Female,45,O+,7113356200,Delhi,Delhi,05-06-2022,No
DNR004674,Aarav Sharma,Male,21,A+,8587223578,Lucknow,Uttar Pradesh,16-01-2025,Yes
DNR004675,Ananya Kapoor,Male,23,B+,8180490064,Ahmedabad,Gujarat,23-07-2024,No
DNR004676,Aarav Sharma,Female,44,B+,9872591344,Mumbai,Maharashtra,10-01-2023,Yes
DNR004677,Ananya Kapoor,Male,35,B+,8251725606,Thiruvananthapuram,Kerala,02-03-2025,Yes
DNR004678,Neha Iyer,Female,47,B+,8954450745,Kolkata,West Bengal,26-03-2025,No
DNR004679,Pooja Nair,Male,18,B+,8142110498,Gurgaon,Haryana,15-04-2024,No
DNR004680,Sneha Joshi,Female,35,O+,8494673793,Jaipur,Rajasthan,22-10-2025,Yes
DNR004681,Aarav Sharma,Female,38,O+,7790889968,Mohali,Punjab,24-04-2024,No
DNR004682,Priya Patel,Female,37,B+,9761203541,Patna,Bihar,30-05-2025,Yes
DNR004683,Sneha Joshi,Other,33,O+,8784053835,Mumbai,Maharashtra,05-01-2024,Yes
DNR004684,Rohan Mehta,Other,33,B+,8580723195,Kanpur,Uttar Pradesh,17-02-2025,No
DNR004685,Priya Patel,Male,29,O+,9538946617,Pune,Maharashtra,17-10-2025,Yes
DNR004686,Rahul Verma,Male,21,B+,9175861324,Pune,Maharashtra,08-11-2020,Yes
DNR004687,Sneha Joshi,Male,31,O+,9293904978,Patna,Bihar,Never,Yes
DNR004688,Priya Patel,Female,27,O+,7560087676,Thiruvananthapuram,Kerala,20-09-2025,Yes
DNR004689,Vikram Singh,Male,22,O+,8877531612,Chennai,Tamil Nadu,20-12-2022,Yes
DNR004690,Ananya Kapoor,Female,22,O+,7172721047,Mumbai,Maharashtra,Never,Yes
DNR004691,Vikram Singh,Female,33,A+,8688717413,Lucknow,Uttar Pradesh,27-08-2024,No
DNR004692,Kunal Desai,Female,28,O+,7625575924,Mumbai,Maharashtra,31-10-2025,No
DNR004693,Aarav Sharma,Female,24,O+,8549288515,Jaipur,Rajasthan,01-06-2024,Yes
DNR004694,Aarav Sharma,Female,24,O+,9431892979,Nagpur,Maharashtra,10-04-2023,No
DNR004695,Kunal Desai,Female,29,O+,7245462539,Vadodara,Gujarat,27-01-2022,No
DNR004696,Vikram Singh,Female,51,O+,8693514960,Gurgaon,Haryana,11-07-2025,No
DNR004697,Pooja Nair,Male,33,O+,7120709264,Mohali,Punjab,03-02-2024,Yes
DNR004698,Pooja Nair,Male,37,O+,9210549279,Mumbai,Maharashtra,15-08-2025,Yes
DNR004699,Kunal Desai,Female,36,B+,9397504957,Hyderabad,Telangana,08-11-2020,No
DNR004700,Rohan Mehta,Male,18,B-,7525722901,Nagpur,Maharashtra,24-12-2024,Yes
DNR004701,Pooja Nair,Female,29,A+,7239510417,Chennai,Tamil Nadu,12-10-2023,No
DNR004702,Rohan Mehta,Female,29,B+,8143127495,Kanpur,Uttar Pradesh,13-02-2025,Yes
DNR004703,Aarav Sharma,Male,19,O+,9979399203,Thiruvananthapuram,Kerala,08-11-2020,No
DNR004704,Kunal Desai,Female,29,B+,8432026182,Surat,Gujarat,15-06-2025,Yes
DNR004705,Priya Patel,Female,33,B+,7225943194,Visakhapatnam,Andhra Pradesh,12-10-2024,No
DNR004706,Kunal Desai,Female,31,B+,9159068260,Kanpur,Uttar Pradesh,Never,Yes
DNR004707,Pooja Nair,Female,44,B+,8598476178,Kanpur,Uttar Pradesh,15-11-2024,No
DNR004708,Kunal Desai,Female,36,B+,9628642876,Kanpur,Uttar Pradesh,19-09-2025,Yes
DNR004709,Vikram Singh,Female,41,O-,7497025533,Thiruvananthapuram,Kerala,23-02-2025,No
DNR004710,Pooja Nair,Male,23,A+,8014236981,Kolkata,West Bengal,23-04-2023,Yes
DNR004711,Neha Iyer,Male,35,B+,8779445878,Lucknow,Uttar Pradesh,Never,Yes
DNR004712,Ananya Kapoor,Male,49,B+,8081044581,Patna,Bihar,19-12-2024,Yes
DNR004713,Rohan Mehta,Female,46,B+,7569340287,Patna,Bihar,19-05-2025,Yes
DNR004714,Pooja Nair,Male,20,B+,9411999891,Bengaluru,Karnataka,05-02-2025,No
DNR004715,Neha Iyer,Male,22,A+,9099492937,Jaipur,Rajasthan,18-08-2022,No
DNR004716,Kunal Desai,Female,40,B+,8219049561,Nagpur,Maharashtra,05-11-2025,No
DNR004717,Pooja Nair,Male,31,A+,9028862333,Bengaluru,Karnataka,08-06-2025,Yes
DNR004718,Kunal Desai,Female,34,O+,7842277314,Vadodara,Gujarat,01-11-2025,Yes
DNR004719,Aarav Sharma,Female,38,AB+,9932604863,Pune,Maharashtra,05-12-2023,No
DNR004720,Neha Iyer,Male,38,O+,9368176854,Patna,Bihar,30-06-2023,Yes
DNR004721,Ananya Kapoor,Female,35,A+,9363914663,Nagpur,Maharashtra,08-09-2023,No
DNR004722,Vikram Singh,Male,26,O+,7573958751,Bhopal,Madhya Pradesh,10-06-2024,Yes
DNR004723,Pooja Nair,Male,35,AB+,8370595368,Patna,Bihar,06-08-2025,No
DNR004724,Vikram Singh,Female,31,B+,9290940206,Delhi,Delhi,21-09-2024,No
DNR004725,Pooja Nair,Male,33,O+,8457228948,Mohali,Punjab,08-11-2020,Yes
DNR004726,Rahul Verma,Female,28,B+,7104141865,Patna,Bihar,20-07-2024,No
DNR004727,Neha Iyer,Female,33,AB+,8820112343,Ahmedabad,Gujarat,28-05-2024,No
DNR004728,Priya Patel,Female,22,A+,9527395726,Pune,Maharashtra,30-07-2025,Yes
DNR004729,Kunal Desai,Female,37,A+,8989958055,Nagpur,Maharashtra,06-03-2025,No
DNR004730,Neha Iyer,Male,25,O+,8452494561,Chennai,Tamil Nadu,27-03-2024,Yes
DNR004731,Vikram Singh,Male,37,AB+,7825493867,Gurgaon,Haryana,21-06-2025,Yes
DNR004732,Neha Iyer,Male,35,O+,8010057877,Mumbai,Maharashtra,Never,Yes
DNR004733,Priya Patel,Male,43,B+,9413759177,Bengaluru,Karnataka,16-10-2025,Yes
DNR004734,Rohan Mehta,Female,18,O-,8966103545,Ahmedabad,Gujarat,26-02-2025,No
DNR004735,Priya Patel,Male,36,B+,9197154848,Patna,Bihar,Never,Yes
DNR004736,Kunal Desai,Male,43,B+,9296972001,Surat,Gujarat,24-12-2023,Yes
DNR004737,Ananya Kapoor,Male,18,O+,9544549663,Visakhapatnam,Andhra Pradesh,01-03-2025,Yes
DNR004738,Pooja Nair,Female,23,O+,9720599439,Mumbai,Maharashtra,02-11-2025,Yes
DNR004739,Rohan Mehta,Male,31,A+,8821819987,Surat,Gujarat,03-11-2025,Yes
DNR004740,Sneha Joshi,Female,31,A+,9531307103,Patna,Bihar,20-06-2023,No
DNR004741,Ananya Kapoor,Male,28,A+,8000769203,Bengaluru,Karnataka,06-01-2025,Yes
DNR004742,Rohan Mehta,Female,27,O+,7573791877,Gurgaon,Haryana,25-09-2025,No
DNR004743,Aarav Sharma,Male,52,A+,9571955590,Jaipur,Rajasthan,20-09-2024,Yes
DNR004744,Sneha Joshi,Male,39,O+,8598281318,Surat,Gujarat,23-03-2025,No
DNR004745,Kunal Desai,Male,43,A+,7291966233,Visakhapatnam,Andhra Pradesh,08-11-2020,Yes
DNR004746,Kunal Desai,Male,41,B+,8927981073,Vadodara,Gujarat,15-02-2025,Yes
DNR004747,Pooja Nair,Female,37,B+,8301674426,Lucknow,Uttar Pradesh,27-01-2022,No
DNR004748,Kunal Desai,Female,21,B+,7391607527,Nagpur,Maharashtra,24-11-2022,Yes
DNR004749,Sneha Joshi,Male,43,A+,9771642303,Delhi,Delhi,07-11-2025,No
DNR004750,Sneha Joshi,Female,22,B+,9641225848,Vadodara,Gujarat,30-10-2025,No
DNR004751,Sneha Joshi,Female,26,O+,9477072907,Thiruvananthapuram,Kerala,18-10-2025,Yes
DNR004752,Sneha Joshi,Male,35,O+,7917504191,Lucknow,Uttar Pradesh,28-02-2025,Yes
DNR004753,Neha Iyer,Male,25,B+,8059681797,Jaipur,Rajasthan,05-09-2023,Yes
DNR004754,Pooja Nair,Male,40,O+,7313449848,Bengaluru,Karnataka,16-05-2025,Yes
DNR004755,Rohan Mehta,Male,43,B+,9680610770,Delhi,Delhi,16-12-2024,Yes
DNR004756,Aarav Sharma,Male,28,O+,9613318422,Lucknow,Uttar Pradesh,20-04-2023,Yes
DNR004757,Pooja Nair,Male,35,B+,8686968869,Surat,Gujarat,27-06-2025,Yes
DNR004758,Kunal Desai,Female,38,O+,8638792803,Bhopal,Madhya Pradesh,08-11-2020,Yes
DNR004759,Neha Iyer,Male,40,A-,7719882989,Mumbai,Maharashtra,18-07-2025,Yes
DNR004760,Rahul Verma,Female,28,B+,9397292639,Bengaluru,Karnataka,20-01-2025,Yes
DNR004761,Rahul Verma,Male,35,AB+,8552088570,Pune,Maharashtra,26-09-2023,Yes
DNR004762,Priya Patel,Male,30,B+,9423356027,Delhi,Delhi,04-09-2025,Yes
DNR004763,Pooja Nair,Female,53,O+,7494349327,Delhi,Delhi,28-09-2024,No
DNR004764,Sneha Joshi,Female,41,O+,9166468588,Hyderabad,Telangana,29-07-2022,No
DNR004765,Neha Iyer,Male,29,B+,8466121211,Ahmedabad,Gujarat,08-06-2021,Yes
DNR004766,Kunal Desai,Female,42,O+,7018044462,Surat,Gujarat,09-01-2025,Yes
DNR004767,Rohan Mehta,Female,49,B+,9954204839,Jaipur,Rajasthan,29-09-2024,No
DNR004768,Aarav Sharma,Male,25,O+,8249979829,Mumbai,Maharashtra,19-01-2025,Yes
DNR004769,Priya Patel,Male,18,O+,7699077683,Ahmedabad,Gujarat,07-10-2025,Yes
DNR004770,Neha Iyer,Female,33,B+,7136532721,Lucknow,Uttar Pradesh,11-07-2024,Yes
DNR004771,Neha Iyer,Male,49,O+,9484875030,Vadodara,Gujarat,Never,Yes
DNR004772,Rohan Mehta,Male,36,A-,7507568835,Kolkata,West Bengal,23-09-2025,Yes
DNR004773,Priya Patel,Female,38,B+,9170389718,Nagpur,Maharashtra,30-09-2024,No
DNR004774,Neha Iyer,Male,37,O-,7378998464,Thiruvananthapuram,Kerala,05-01-2025,Yes
DNR004775,Vikram Singh,Male,32,A+,7913432596,Mumbai,Maharashtra,15-03-2025,Yes
DNR004776,Kunal Desai,Male,61,O+,8153258289,Pune,Maharashtra,04-08-2025,No
DNR004777,Vikram Singh,Male,30,B+,8999453981,Kanpur,Uttar Pradesh,05-02-2024,Yes
DNR004778,Neha Iyer,Female,25,B+,8071897719,Patna,Bihar,01-06-2025,No
DNR004779,Sneha Joshi,Male,28,AB+,8509409072,Patna,Bihar,15-01-2025,No
DNR004780,Rohan Mehta,Female,20,O+,9771214366,Nagpur,Maharashtra,08-11-2020,Yes
DNR004781,Priya Patel,Female,45,O+,8341892539,Nagpur,Maharashtra,11-06-2021,Yes
DNR004782,Sneha Joshi,Male,27,O+,7481027439,Bhopal,Madhya Pradesh,22-03-2025,No
DNR004783,Pooja Nair,Male,37,O+,9310345700,Kolkata,West Bengal,10-05-2023,No
DNR004784,Neha Iyer,Female,35,O-,7738036606,Visakhapatnam,Andhra Pradesh,27-06-2025,Yes
DNR004785,Vikram Singh,Male,43,O+,9212511838,Delhi,Delhi,23-09-2024,No
DNR004786,Rohan Mehta,Female,32,O+,9509532741,Vadodara,Gujarat,20-01-2023,Yes
DNR004787,Priya Patel,Male,40,B+,7112221101,Pune,Maharashtra,Never,Yes
DNR004788,Aarav Sharma,Female,28,O+,8323336498,Thiruvananthapuram,Kerala,23-01-2024,No
DNR004789,Pooja Nair,Male,21,O+,7696255719,Jaipur,Rajasthan,08-05-2025,Yes
DNR004790,Ananya Kapoor,Female,43,O+,8935223852,Jaipur,Rajasthan,01-07-2025,No
DNR004791,Pooja Nair,Female,38,O+,7797748314,Mohali,Punjab,05-10-2025,Yes
DNR004792,Rahul Verma,Male,18,B+,7592414104,Delhi,Delhi,07-04-2024,Yes
DNR004793,Sneha Joshi,Male,43,O+,8894549519,Gurgaon,Haryana,25-01-2025,Yes
DNR004794,Aarav Sharma,Male,34,AB+,9581594796,Thiruvananthapuram,Kerala,11-09-2025,Yes
DNR004795,Ananya Kapoor,Male,32,B+,9602556636,Mohali,Punjab,31-12-2024,Yes
DNR004796,Rahul Verma,Female,30,B+,8524234376,Hyderabad,Telangana,10-12-2023,No
DNR004797,Rahul Verma,Male,44,O+,7073589674,Bhopal,Madhya Pradesh,05-08-2025,No
DNR004798,Neha Iyer,Female,33,B+,9496174627,Bengaluru,Karnataka,10-02-2024,No
DNR004799,Rahul Verma,Male,18,B+,7160356488,Jaipur,Rajasthan,20-05-2024,No
DNR004800,Rohan Mehta,Female,30,B+,8633834422,Bengaluru,Karnataka,31-08-2025,No
DNR004801,Vikram Singh,Female,41,O+,9172846213,Mumbai,Maharashtra,20-08-2025,Yes
DNR004802,Priya Patel,Female,25,AB+,8709604050,Mohali,Punjab,15-06-2022,No
DNR004803,Vikram Singh,Male,44,B+,9189741455,Mumbai,Maharashtra,08-11-2020,Yes
DNR004804,Aarav Sharma,Male,34,O+,8770187790,Jaipur,Rajasthan,08-11-2020,Yes
DNR004805,Pooja Nair,Female,38,B+,8785368285,Pune,Maharashtra,31-05-2025,No
DNR004806,Vikram Singh,Other,46,O+,7959660682,Lucknow,Uttar Pradesh,06-05-2025,Yes
DNR004807,Kunal Desai,Male,24,O+,9301992178,Thiruvananthapuram,Kerala,15-05-2025,No
DNR004808,Priya Patel,Male,32,AB+,8291967631,Bhopal,Madhya Pradesh,11-10-2025,Yes
DNR004809,Sneha Joshi,Female,29,B+,9483123173,Gurgaon,Haryana,28-05-2024,Yes
DNR004810,Kunal Desai,Female,32,A+,9735507338,Delhi,Delhi,08-11-2020,No
DNR004811,Pooja Nair,Male,37,B+,7899742595,Kolkata,West Bengal,12-01-2024,Yes
DNR004812,Aarav Sharma,Female,22,A+,9564978434,Lucknow,Uttar Pradesh,28-06-2024,No
DNR004813,Kunal Desai,Male,30,B+,7563173353,Chennai,Tamil Nadu,19-08-2023,No
DNR004814,Sneha Joshi,Female,26,B+,8123934626,Surat,Gujarat,11-07-2025,Yes
DNR004815,Rohan Mehta,Male,41,O+,9974329433,Hyderabad,Telangana,14-10-2023,Yes
DNR004816,Rohan Mehta,Female,43,O+,9370205052,Nagpur,Maharashtra,17-10-2025,Yes
DNR004817,Kunal Desai,Female,40,O+,9759987035,Vadodara,Gujarat,03-10-2024,Yes
DNR004818,Rahul Verma,Male,36,B+,8271808763,Bhopal,Madhya Pradesh,05-11-2025,Yes
DNR004819,Ananya Kapoor,Male,26,A+,8102761666,Hyderabad,Telangana,24-06-2021,Yes
DNR004820,Priya Patel,Female,29,B+,8442959295,Patna,Bihar,29-12-2022,Yes
DNR004821,Ananya Kapoor,Male,27,O+,7094495862,Visakhapatnam,Andhra Pradesh,Never,Yes
DNR004822,Pooja Nair,Male,18,A+,8078052350,Gurgaon,Haryana,12-12-2020,Yes
DNR004823,Aarav Sharma,Female,20,B+,9063342309,Chennai,Tamil Nadu,Never,Yes
DNR004824,Vikram Singh,Male,37,O+,7414494244,Ahmedabad,Gujarat,05-04-2024,Yes
DNR004825,Kunal Desai,Female,28,A+,8244912444,Pune,Maharashtra,11-05-2024,Yes
DNR004826,Sneha Joshi,Female,21,O+,8195226199,Bhopal,Madhya Pradesh,02-08-2025,Yes
DNR004827,Aarav Sharma,Male,18,A+,8779229182,Chennai,Tamil Nadu,20-08-2021,Yes
DNR004828,Rahul Verma,Female,32,O+,7978489675,Thiruvananthapuram,Kerala,Never,Yes
DNR004829,Sneha Joshi,Female,18,B-,9913256567,Chennai,Tamil Nadu,06-09-2024,No
DNR004830,Rohan Mehta,Male,42,O+,9215380786,Mohali,Punjab,27-06-2025,Yes
DNR004831,Kunal Desai,Female,38,O+,8580459506,Mohali,Punjab,01-08-2023,No
DNR004832,Pooja Nair,Male,44,B+,9707596194,Patna,Bihar,16-01-2021,Yes
DNR004833,Ananya Kapoor,Male,34,B+,8149362884,Hyderabad,Telangana,26-02-2024,Yes
DNR004834,Rahul Verma,Female,30,O+,9469769576,Bhopal,Madhya Pradesh,13-06-2024,No
DNR004835,Priya Patel,Female,33,A+,9752042018,Jaipur,Rajasthan,19-09-2025,No
DNR004836,Neha Iyer,Male,20,O+,8277621469,Jaipur,Rajasthan,27-06-2024,Yes
DNR004837,Vikram Singh,Female,25,B-,7232815995,Surat,Gujarat,23-07-2024,Yes
DNR004838,Pooja Nair,Female,31,O+,7629921986,Hyderabad,Telangana,24-02-2025,No
DNR004839,Neha Iyer,Male,45,O+,7228597461,Vadodara,Gujarat,16-03-2024,Yes
DNR004840,Priya Patel,Female,27,O+,7905861031,Kolkata,West Bengal,11-04-2025,Yes
DNR004841,Rohan Mehta,Female,28,O-,7268731310,Thiruvananthapuram,Kerala,13-07-2025,Yes
DNR004842,Rohan Mehta,Male,35,B+,7480091569,Delhi,Delhi,14-09-2025,Yes
DNR004843,Vikram Singh,Female,50,A+,8707004813,Thiruvananthapuram,Kerala,24-10-2025,No
DNR004844,Vikram Singh,Male,18,O+,8966516234,Jaipur,Rajasthan,19-12-2024,Yes
DNR004845,Aarav Sharma,Male,29,B+,9343266285,Thiruvananthapuram,Kerala,26-02-2024,Yes
DNR004846,Aarav Sharma,Female,20,O+,7774414108,Bengaluru,Karnataka,27-04-2025,Yes
DNR004847,Rohan Mehta,Female,37,A+,9845483141,Nagpur,Maharashtra,26-10-2022,Yes
DNR004848,Rahul Verma,Female,35,A+,8590280114,Bengaluru,Karnataka,22-12-2024,No
DNR004849,Sneha Joshi,Male,49,A+,9379641451,Pune,Maharashtra,08-11-2020,No
DNR004850,Neha Iyer,Male,41,AB+,8092948359,Chennai,Tamil Nadu,25-08-2024,Yes
DNR004851,Pooja Nair,Female,28,B+,9975716845,Lucknow,Uttar Pradesh,20-11-2022,Yes
DNR004852,Priya Patel,Female,44,O-,8969684858,Kanpur,Uttar Pradesh,22-03-2022,Yes
DNR004853,Aarav Sharma,Male,33,O+,9707604175,Bengaluru,Karnataka,22-05-2024,Yes
DNR004854,Priya Patel,Female,50,B+,8708723461,Vadodara,Gujarat,17-02-2025,Yes
DNR004855,Priya Patel,Female,36,B+,9648437662,Gurgaon,Haryana,12-06-2025,Yes
DNR004856,Sneha Joshi,Male,25,B+,9647329364,Mumbai,Maharashtra,16-08-2025,Yes
DNR004857,Aarav Sharma,Male,33,B+,7581803276,Patna,Bihar,01-02-2023,Yes
DNR004858,Kunal Desai,Male,44,B-,9405919543,Nagpur,Maharashtra,03-11-2025,Yes
DNR004859,Priya Patel,Male,18,B+,8416666538,Jaipur,Rajasthan,12-11-2023,Yes
DNR004860,Rahul Verma,Female,44,B+,7323007732,Chennai,Tamil Nadu,09-01-2021,Yes
DNR004861,Aarav Sharma,Female,54,B+,8306473276,Delhi,Delhi,27-10-2025,Yes
DNR004862,Pooja Nair,Female,52,O-,8062486906,Hyderabad,Telangana,01-11-2022,No
DNR004863,Sneha Joshi,Male,37,B+,8045842159,Delhi,Delhi,08-11-2020,Yes
DNR004864,Ananya Kapoor,Male,27,A+,8611837104,Visakhapatnam,Andhra Pradesh,18-09-2024,Yes
DNR004865,Sneha Joshi,Male,45,O+,8398090221,Bengaluru,Karnataka,Never,Yes
DNR004866,Pooja Nair,Male,18,A+,9977351228,Visakhapatnam,Andhra Pradesh,24-10-2025,Yes
DNR004867,Pooja Nair,Male,18,O-,9130841502,Jaipur,Rajasthan,21-12-2023,No
DNR004868,Neha Iyer,Male,30,B-,9954948034,Thiruvananthapuram,Kerala,31-10-2024,Yes
DNR004869,Kunal Desai,Male,48,B+,7589761405,Mohali,Punjab,08-07-2022,Yes
DNR004870,Vikram Singh,Female,23,A-,7559360564,Patna,Bihar,24-10-2025,Yes
DNR004871,Rohan Mehta,Male,46,O+,8907352916,Patna,Bihar,28-10-2024,No
DNR004872,Ananya Kapoor,Female,30,AB+,8524063596,Jaipur,Rajasthan,27-05-2025,Yes
DNR004873,Ananya Kapoor,Female,33,B+,7389471767,Chennai,Tamil Nadu,02-02-2025,No
DNR004874,Rahul Verma,Female,25,A+,9248289203,Vadodara,Gujarat,19-06-2024,No
DNR004875,Priya Patel,Male,22,A+,9438875993,Chennai,Tamil Nadu,18-12-2023,Yes
DNR004876,Sneha Joshi,Male,26,A-,8323173136,Vadodara,Gujarat,02-10-2025,Yes
DNR004877,Ananya Kapoor,Male,33,O+,9133452356,Chennai,Tamil Nadu,08-11-2020,No
DNR004878,Kunal Desai,Other,50,B+,9672362920,Nagpur,Maharashtra,25-08-2025,Yes
DNR004879,Neha Iyer,Other,31,A+,7396284258,Pune,Maharashtra,24-09-2025,Yes
DNR004880,Ananya Kapoor,Male,18,O+,7733141844,Jaipur,Rajasthan,22-01-2025,Yes
DNR004881,Aarav Sharma,Male,18,A-,8624509255,Chennai,Tamil Nadu,08-11-2020,Yes
DNR004882,Vikram Singh,Female,30,AB+,9872801925,Thiruvananthapuram,Kerala,Never,Yes
DNR004883,Aarav Sharma,Female,34,O+,7415785804,Gurgaon,Haryana,09-05-2023,No
DNR004884,Vikram Singh,Female,19,A+,7375852904,Chennai,Tamil Nadu,Never,No
DNR004885,Pooja Nair,Female,22,B+,8487109721,Kanpur,Uttar Pradesh,28-06-2024,Yes
DNR004886,Rohan Mehta,Male,27,A+,9294685902,Patna,Bihar,13-09-2025,No
DNR004887,Ananya Kapoor,Female,33,O+,7524973382,Pune,Maharashtra,26-10-2024,Yes
DNR004888,Neha Iyer,Female,33,B+,9113375401,Bhopal,Madhya Pradesh,19-03-2025,Yes
DNR004889,Kunal Desai,Female,27,O+,8561927910,Chennai,Tamil Nadu,Never,No
DNR004890,Rohan Mehta,Female,35,A+,7921874154,Kolkata,West Bengal,Never,No
DNR004891,Vikram Singh,Female,18,AB+,9410229204,Chennai,Tamil Nadu,08-11-2020,No
DNR004892,Vikram Singh,Male,30,A+,8989276771,Delhi,Delhi,Never,Yes
DNR004893,Ananya Kapoor,Female,28,O+,7097373959,Nagpur,Maharashtra,22-07-2024,Yes
DNR004894,Aarav Sharma,Male,54,A+,7933002725,Gurgaon,Haryana,12-04-2021,Yes
DNR004895,Vikram Singh,Male,31,O+,8537722842,Surat,Gujarat,17-08-2025,Yes
DNR004896,Ananya Kapoor,Male,32,B+,7129915231,Patna,Bihar,18-05-2024,Yes
DNR004897,Sneha Joshi,Female,40,B+,8274521525,Ahmedabad,Gujarat,17-10-2025,Yes
DNR004898,Pooja Nair,Male,18,A-,8159053445,Kanpur,Uttar Pradesh,11-09-2025,Yes
DNR004899,Vikram Singh,Male,48,O+,8676812822,Patna,Bihar,09-02-2021,No
DNR004900,Kunal Desai,Male,36,O+,7050120192,Jaipur,Rajasthan,28-04-2023,Yes
DNR004901,Kunal Desai,Male,41,O+,9089910639,Ahmedabad,Gujarat,08-04-2024,No
DNR004902,Kunal Desai,Male,41,B+,7282070207,Pune,Maharashtra,Never,Yes
DNR004903,Kunal Desai,Male,32,A+,9773093075,Chennai,Tamil Nadu,14-08-2025,Yes
DNR004904,Pooja Nair,Male,18,A+,7926243249,Ahmedabad,Gujarat,07-01-2024,Yes
DNR004905,Rahul Verma,Male,49,O+,9500163302,Kolkata,West Bengal,23-12-2024,Yes
DNR004906,Rahul Verma,Male,32,O+,9846736021,Kanpur,Uttar Pradesh,20-05-2025,Yes
DNR004907,Rohan Mehta,Male,28,A+,9809685517,Lucknow,Uttar Pradesh,21-10-2025,No
DNR004908,Neha Iyer,Female,40,O+,8438010296,Mohali,Punjab,02-09-2024,No
DNR004909,Neha Iyer,Male,56,O+,7008481521,Ahmedabad,Gujarat,06-06-2025,Yes
DNR004910,Sneha Joshi,Female,27,O+,7333108589,Nagpur,Maharashtra,01-07-2024,No
DNR004911,Vikram Singh,Male,44,B+,7504880191,Ahmedabad,Gujarat,15-12-2024,No
DNR004912,Rahul Verma,Female,18,B+,7662441219,Kolkata,West Bengal,07-07-2024,No
DNR004913,Vikram Singh,Female,29,O+,9018149755,Delhi,Delhi,07-11-2025,No
DNR004914,Vikram Singh,Female,54,B+,7783280448,Mumbai,Maharashtra,30-09-2024,No
DNR004915,Rahul Verma,Male,28,O+,8173397488,Nagpur,Maharashtra,24-12-2021,Yes
DNR004916,Kunal Desai,Female,43,B+,9383824297,Jaipur,Rajasthan,05-07-2024,No
DNR004917,Sneha Joshi,Female,41,AB-,8130401300,Bhopal,Madhya Pradesh,28-12-2023,No
DNR004918,Neha Iyer,Female,29,O+,9692131533,Thiruvananthapuram,Kerala,04-03-2025,Yes
DNR004919,Neha Iyer,Male,29,B+,8461335451,Delhi,Delhi,30-07-2024,Yes
DNR004920,Sneha Joshi,Female,21,O+,7858766109,Kolkata,West Bengal,04-10-2025,Yes
DNR004921,Priya Patel,Female,39,O+,8733104851,Gurgaon,Haryana,08-11-2024,No
DNR004922,Vikram Singh,Male,39,O+,7718892619,Mohali,Punjab,15-05-2023,Yes
DNR004923,Rohan Mehta,Male,37,B+,7306993180,Gurgaon,Haryana,03-09-2025,No
DNR004924,Priya Patel,Female,48,O-,7764045759,Thiruvananthapuram,Kerala,07-09-2022,Yes
DNR004925,Sneha Joshi,Female,38,B+,9191361039,Nagpur,Maharashtra,03-04-2025,Yes
DNR004926,Priya Patel,Male,38,B+,8383347156,Mohali,Punjab,12-06-2024,Yes
DNR004927,Ananya Kapoor,Male,42,O+,9532610243,Chennai,Tamil Nadu,17-09-2023,Yes
DNR004928,Ananya Kapoor,Female,18,O+,9048713171,Jaipur,Rajasthan,10-07-2023,No
DNR004929,Pooja Nair,Female,35,B+,7251256751,Jaipur,Rajasthan,08-11-2020,No
DNR004930,Pooja Nair,Female,20,O+,7207919682,Jaipur,Rajasthan,10-02-2024,Yes
DNR004931,Neha Iyer,Female,27,A+,9296935842,Bengaluru,Karnataka,16-02-2024,No
DNR004932,Vikram Singh,Female,42,A+,7933009269,Bengaluru,Karnataka,28-07-2022,Yes
DNR004933,Vikram Singh,Female,18,O+,7183371798,Mumbai,Maharashtra,30-05-2025,Yes
DNR004934,Rohan Mehta,Female,19,O+,7959119158,Lucknow,Uttar Pradesh,24-09-2021,No
DNR004935,Ananya Kapoor,Female,18,O+,8113798044,Hyderabad,Telangana,02-02-2022,Yes
DNR004936,Pooja Nair,Female,34,B+,7411476328,Kanpur,Uttar Pradesh,14-08-2024,Yes
DNR004937,Neha Iyer,Male,45,B+,9025845983,Jaipur,Rajasthan,Never,Yes
DNR004938,Pooja Nair,Female,42,B+,7804519331,Mumbai,Maharashtra,28-10-2025,No
DNR004939,Rahul Verma,Male,18,B+,9434531546,Jaipur,Rajasthan,11-11-2024,Yes
DNR004940,Priya Patel,Female,44,A+,7215782416,Chennai,Tamil Nadu,07-02-2023,Yes
DNR004941,Pooja Nair,Male,43,B+,7114862596,Mohali,Punjab,Never,Yes
DNR004942,Pooja Nair,Female,34,A+,9222958726,Jaipur,Rajasthan,Never,No
DNR004943,Sneha Joshi,Male,18,O+,7647531111,Mohali,Punjab,22-09-2022,Yes
DNR004944,Sneha Joshi,Male,39,B+,8134670763,Mumbai,Maharashtra,29-09-2025,Yes
DNR004945,Priya Patel,Female,26,O-,8365660870,Gurgaon,Haryana,08-11-2020,Yes
DNR004946,Kunal Desai,Female,39,B+,7531287392,Nagpur,Maharashtra,21-09-2025,Yes
DNR004947,Kunal Desai,Male,37,O+,7822600046,Mumbai,Maharashtra,Never,Yes
DNR004948,Priya Patel,Male,18,O+,7733052124,Visakhapatnam,Andhra Pradesh,08-10-2025,No
DNR004949,Vikram Singh,Female,49,B+,9685026899,Jaipur,Rajasthan,11-07-2025,Yes
DNR004950,Ananya Kapoor,Female,18,A+,9166459739,Pune,Maharashtra,03-05-2024,Yes
DNR004951,Sneha Joshi,Male,27,B+,7056290812,Mumbai,Maharashtra,08-05-2025,Yes
DNR004952,Rahul Verma,Male,51,A+,8251712129,Mumbai,Maharashtra,07-11-2025,Yes
DNR004953,Rohan Mehta,Male,28,O+,7656236236,Mohali,Punjab,15-09-2024,Yes
DNR004954,Kunal Desai,Male,31,A+,9102509648,Hyderabad,Telangana,20-02-2024,Yes
DNR004955,Aarav Sharma,Female,32,O+,7190607259,Gurgaon,Haryana,27-03-2024,Yes
DNR004956,Vikram Singh,Female,30,B+,9372957894,Gurgaon,Haryana,27-10-2025,Yes
DNR004957,Kunal Desai,Male,28,B+,9913683191,Gurgaon,Haryana,09-09-2024,Yes
DNR004958,Rohan Mehta,Male,23,AB+,9089393956,Jaipur,Rajasthan,01-07-2025,Yes
DNR004959,Pooja Nair,Female,33,O+,9814824365,Lucknow,Uttar Pradesh,27-01-2023,Yes
DNR004960,Priya Patel,Male,20,O+,9552587960,Hyderabad,Telangana,25-04-2025,Yes
DNR004961,Sneha Joshi,Female,39,O+,7017568110,Gurgaon,Haryana,05-11-2025,Yes
DNR004962,Vikram Singh,Female,30,A+,9284061698,Jaipur,Rajasthan,27-08-2024,Yes
DNR004963,Rahul Verma,Female,20,B+,7680267666,Bengaluru,Karnataka,23-11-2022,No
DNR004964,Aarav Sharma,Female,26,O+,9081615319,Delhi,Delhi,01-03-2023,No
DNR004965,Priya Patel,Male,41,O+,8113582113,Visakhapatnam,Andhra Pradesh,03-06-2025,Yes
DNR004966,Vikram Singh,Male,30,O+,9935593827,Ahmedabad,Gujarat,26-03-2025,No
DNR004967,Rohan Mehta,Female,35,O-,9030257925,Vadodara,Gujarat,04-04-2025,Yes
DNR004968,Rahul Verma,Male,31,O+,7265921138,Visakhapatnam,Andhra Pradesh,31-12-2022,No
DNR004969,Pooja Nair,Female,28,A+,7478382558,Kolkata,West Bengal,07-10-2025,No
DNR004970,Sneha Joshi,Male,35,A+,8700430250,Pune,Maharashtra,Never,Yes
DNR004971,Rahul Verma,Female,38,B+,9774174151,Delhi,Delhi,30-09-2025,Yes
DNR004972,Rohan Mehta,Male,36,A+,7915400747,Mohali,Punjab,16-11-2024,Yes
DNR004973,Kunal Desai,Female,29,O+,7726772316,Pune,Maharashtra,01-01-2025,No
DNR004974,Ananya Kapoor,Female,47,O+,8031317153,Visakhapatnam,Andhra Pradesh,07-11-2025,No
DNR004975,Priya Patel,Female,28,B+,9731111248,Bhopal,Madhya Pradesh,22-03-2025,No
DNR004976,Kunal Desai,Female,30,A+,9514981916,Kanpur,Uttar Pradesh,04-01-2025,Yes
DNR004977,Ananya Kapoor,Male,24,B-,7650481416,Thiruvananthapuram,Kerala,01-07-2025,Yes
DNR004978,Rahul Verma,Female,33,O+,9561496688,Bengaluru,Karnataka,06-09-2025,No
DNR004979,Rohan Mehta,Male,54,O+,9507055732,Chennai,Tamil Nadu,02-04-2022,Yes
DNR004980,Pooja Nair,Male,42,B+,8169656776,Bhopal,Madhya Pradesh,Never,Yes
DNR004981,Rohan Mehta,Female,18,O+,7290099696,Ahmedabad,Gujarat,05-07-2025,No
DNR004982,Neha Iyer,Female,35,O+,8218144212,Lucknow,Uttar Pradesh,13-10-2024,Yes
DNR004983,Rohan Mehta,Female,32,B+,8147148787,Delhi,Delhi,20-01-2025,No
DNR004984,Rohan Mehta,Female,41,O+,9286081839,Jaipur,Rajasthan,12-06-2024,Yes
DNR004985,Ananya Kapoor,Female,37,O+,9194569612,Delhi,Delhi,18-09-2025,No
DNR004986,Rohan Mehta,Female,33,B-,9958494287,Vadodara,Gujarat,09-12-2023,Yes
DNR004987,Ananya Kapoor,Male,43,O+,9120811734,Mohali,Punjab,06-11-2025,Yes
DNR004988,Priya Patel,Female,37,A+,7571859324,Jaipur,Rajasthan,15-02-2025,No
DNR004989,Neha Iyer,Female,41,O+,9257962385,Bhopal,Madhya Pradesh,31-05-2024,No
DNR004990,Ananya Kapoor,Female,18,O+,8595320233,Delhi,Delhi,27-05-2025,No
DNR004991,Neha Iyer,Male,46,AB+,7087813551,Kanpur,Uttar Pradesh,28-08-2024,Yes
DNR004992,Vikram Singh,Female,18,B+,9254041167,Visakhapatnam,Andhra Pradesh,17-10-2025,No
DNR004993,Sneha Joshi,Female,32,O-,8657172906,Mohali,Punjab,22-11-2024,No
DNR004994,Aarav Sharma,Female,31,B+,7072939898,Hyderabad,Telangana,01-04-2025,Yes
DNR004995,Rahul Verma,Male,39,O+,9487850920,Bhopal,Madhya Pradesh,08-11-2020,No
DNR004996,Sneha Joshi,Female,54,O+,8507209697,Kanpur,Uttar Pradesh,08-08-2024,Yes
DNR004997,Sneha Joshi,Female,42,B-,7488316399,Vadodara,Gujarat,12-09-2025,Yes
DNR004998,Aarav Sharma,Female,32,AB+,8123280331,Vadodara,Gujarat,22-02-2023,Yes
DNR004999,Vikram Singh,Male,38,O+,9992034799,Pune,Maharashtra,11-05-2025,Yes
DNR005000,Rohan Mehta,Male,53,O+,8860726704,Vadodara,Gujarat,01-09-2024,Yes
DNR005001,Aarav Sharma,Male,24,A+,8911665853,Vadodara,Gujarat,03-06-2025,Yes
DNR005002,Neha Iyer,Male,18,A+,9343244727,Chennai,Tamil Nadu,26-11-2024,Yes
DNR005003,Sneha Joshi,Male,23,AB-,7033090999,Delhi,Delhi,20-04-2023,Yes
DNR005004,Rohan Mehta,Female,21,O+,9150285262,Bhopal,Madhya Pradesh,13-02-2025,Yes
DNR005005,Rahul Verma,Female,59,B+,7050476352,Jaipur,Rajasthan,13-08-2022,Yes
DNR005006,Priya Patel,Male,41,A+,7257336064,Ahmedabad,Gujarat,18-01-2025,No
DNR005007,Pooja Nair,Female,50,O+,8416396499,Lucknow,Uttar Pradesh,04-03-2025,Yes
DNR005008,Sneha Joshi,Male,39,B+,9461023476,Kolkata,West Bengal,15-03-2025,No
DNR005009,Priya Patel,Female,53,B+,7195680858,Chennai,Tamil Nadu,24-10-2025,No
DNR005010,Kunal Desai,Male,18,AB+,7428417640,Bengaluru,Karnataka,23-01-2025,Yes
DNR005011,Sneha Joshi,Female,41,O+,7503295015,Bengaluru,Karnataka,13-10-2025,No
DNR005012,Ananya Kapoor,Female,44,O-,7801527143,Surat,Gujarat,19-04-2021,No
DNR005013,Priya Patel,Male,48,B+,8064061463,Hyderabad,Telangana,Never,Yes
DNR005014,Rohan Mehta,Female,37,O+,7414903281,Jaipur,Rajasthan,21-06-2025,Yes
DNR005015,Pooja Nair,Female,25,O+,7907099849,Surat,Gujarat,09-06-2025,Yes
DNR005016,Rahul Verma,Male,27,A+,8488413076,Nagpur,Maharashtra,22-01-2024,Yes
DNR005017,Sneha Joshi,Female,40,O+,8631322864,Pune,Maharashtra,25-06-2023,No
DNR005018,Rohan Mehta,Female,24,O+,9872211988,Kolkata,West Bengal,05-03-2025,No
DNR005019,Aarav Sharma,Male,22,O+,7894579887,Pune,Maharashtra,24-04-2025,No
DNR005020,Rohan Mehta,Male,53,O+,8683629016,Nagpur,Maharashtra,22-04-2025,Yes
DNR005021,Rohan Mehta,Female,42,O+,9247770782,Gurgaon,Haryana,03-10-2025,No
DNR005022,Ananya Kapoor,Male,34,O+,8167279045,Vadodara,Gujarat,08-11-2020,No
DNR005023,Pooja Nair,Female,37,B+,8172419969,Patna,Bihar,12-04-2025,Yes
DNR005024,Ananya Kapoor,Male,30,A+,8634425552,Hyderabad,Telangana,03-11-2025,Yes
DNR005025,Sneha Joshi,Male,30,O+,9327318766,Kanpur,Uttar Pradesh,21-10-2025,Yes
DNR005026,Sneha Joshi,Male,27,O-,8306051722,Thiruvananthapuram,Kerala,17-04-2025,Yes
DNR005027,Ananya Kapoor,Male,36,O+,8382872821,Visakhapatnam,Andhra Pradesh,15-10-2024,Yes
DNR005028,Ananya Kapoor,Male,38,AB+,8156882925,Vadodara,Gujarat,14-08-2025,Yes
DNR005029,Kunal Desai,Male,33,O+,8200837656,Gurgaon,Haryana,04-09-2025,Yes
DNR005030,Kunal Desai,Female,18,B+,8687616598,Kolkata,West Bengal,15-05-2021,No
DNR005031,Pooja Nair,Female,35,A+,8843503466,Ahmedabad,Gujarat,01-10-2024,No
DNR005032,Pooja Nair,Female,43,A+,8604450109,Nagpur,Maharashtra,17-09-2025,Yes
DNR005033,Neha Iyer,Female,41,B-,7760571148,Bhopal,Madhya Pradesh,07-11-2025,Yes
DNR005034,Ananya Kapoor,Female,33,O+,7642549412,Bengaluru,Karnataka,15-07-2022,No
DNR005035,Pooja Nair,Male,35,A+,7789428507,Ahmedabad,Gujarat,09-09-2025,No
DNR005036,Priya Patel,Male,26,O-,9128224676,Bengaluru,Karnataka,17-11-2024,Yes
DNR005037,Sneha Joshi,Female,49,B+,7689877697,Kolkata,West Bengal,24-07-2025,No
DNR005038,Rahul Verma,Female,28,O+,9981075163,Delhi,Delhi,03-05-2022,Yes
DNR005039,Pooja Nair,Female,43,A+,7801442473,Thiruvananthapuram,Kerala,22-04-2025,Yes
DNR005040,Vikram Singh,Male,23,AB+,7444956797,Mohali,Punjab,02-07-2025,No
DNR005041,Rahul Verma,Male,28,O+,8614423801,Kanpur,Uttar Pradesh,02-09-2024,No
DNR005042,Neha Iyer,Female,44,A+,8047333211,Kolkata,West Bengal,27-11-2024,Yes
DNR005043,Kunal Desai,Female,46,B+,9964633804,Pune,Maharashtra,29-09-2025,No
DNR005044,Kunal Desai,Female,34,O+,8611275751,Bengaluru,Karnataka,08-10-2025,Yes
DNR005045,Neha Iyer,Male,49,A+,9312329628,Nagpur,Maharashtra,06-10-2024,Yes
DNR005046,Vikram Singh,Male,49,B+,9109559362,Ahmedabad,Gujarat,09-09-2025,Yes
DNR005047,Rohan Mehta,Female,44,B+,7032732056,Gurgaon,Haryana,02-04-2024,Yes
DNR005048,Kunal Desai,Male,48,O+,8139439878,Ahmedabad,Gujarat,Never,Yes
DNR005049,Ananya Kapoor,Male,18,O+,8309829980,Kanpur,Uttar Pradesh,20-01-2025,Yes
DNR005050,Vikram Singh,Male,46,B+,8955596376,Jaipur,Rajasthan,Never,Yes
DNR005051,Vikram Singh,Female,38,B+,9819702797,Kanpur,Uttar Pradesh,27-09-2023,No
DNR005052,Neha Iyer,Male,39,A+,9922640191,Hyderabad,Telangana,04-06-2025,Yes
DNR005053,Priya Patel,Female,33,O+,7856866782,Ahmedabad,Gujarat,12-04-2025,No
DNR005054,Vikram Singh,Female,37,B+,7288580217,Mohali,Punjab,23-08-2024,Yes
DNR005055,Pooja Nair,Male,30,O+,9378904770,Ahmedabad,Gujarat,20-11-2024,Yes
DNR005056,Kunal Desai,Male,26,O+,7878111408,Surat,Gujarat,27-02-2023,Yes
DNR005057,Vikram Singh,Female,23,O+,8124583074,Hyderabad,Telangana,13-03-2023,No
DNR005058,Rohan Mehta,Male,40,A-,8565480020,Chennai,Tamil Nadu,28-05-2025,Yes
DNR005059,Pooja Nair,Male,38,AB-,9013322258,Visakhapatnam,Andhra Pradesh,12-12-2024,Yes
DNR005060,Vikram Singh,Female,41,A+,8815219771,Mumbai,Maharashtra,02-05-2024,No
DNR005061,Kunal Desai,Male,25,A+,7914699495,Nagpur,Maharashtra,09-01-2024,Yes
DNR005062,Vikram Singh,Male,22,AB+,9306920343,Hyderabad,Telangana,19-07-2024,No
DNR005063,Rohan Mehta,Male,18,B+,7880992891,Mumbai,Maharashtra,05-09-2023,Yes
DNR005064,Kunal Desai,Female,49,A+,7122081155,Pune,Maharashtra,01-11-2024,Yes
DNR005065,Rahul Verma,Female,35,A+,7220825749,Hyderabad,Telangana,30-10-2025,Yes
DNR005066,Sneha Joshi,Female,34,B+,8187275066,Jaipur,Rajasthan,29-09-2023,No
DNR005067,Rohan Mehta,Female,50,B+,8746656618,Visakhapatnam,Andhra Pradesh,22-10-2025,Yes
DNR005068,Ananya Kapoor,Female,31,A+,8435291719,Visakhapatnam,Andhra Pradesh,09-02-2024,Yes
DNR005069,Vikram Singh,Male,43,O+,7772261441,Chennai,Tamil Nadu,17-10-2024,No
DNR005070,Sneha Joshi,Female,56,A+,8969615873,Lucknow,Uttar Pradesh,13-08-2025,No
DNR005071,Ananya Kapoor,Female,19,AB+,9263081785,Vadodara,Gujarat,30-10-2025,No
DNR005072,Ananya Kapoor,Female,30,B+,8899164166,Bengaluru,Karnataka,24-05-2024,No
DNR005073,Priya Patel,Female,44,B+,9369810683,Jaipur,Rajasthan,Never,Yes
DNR005074,Ananya Kapoor,Female,39,O+,7972788113,Chennai,Tamil Nadu,14-03-2024,No
DNR005075,Rohan Mehta,Male,28,A+,7597715086,Mumbai,Maharashtra,02-01-2023,Yes
DNR005076,Ananya Kapoor,Female,40,A+,8015708802,Bhopal,Madhya Pradesh,13-01-2023,No
DNR005077,Aarav Sharma,Female,53,AB+,7269621368,Chennai,Tamil Nadu,08-11-2020,No
DNR005078,Neha Iyer,Female,23,O+,9082151837,Chennai,Tamil Nadu,04-08-2022,No
DNR005079,Rahul Verma,Male,33,O+,7670228294,Chennai,Tamil Nadu,04-04-2024,No
DNR005080,Neha Iyer,Male,25,A+,7329363094,Pune,Maharashtra,23-05-2025,Yes
DNR005081,Ananya Kapoor,Female,45,B+,8152293401,Lucknow,Uttar Pradesh,14-03-2024,No
DNR005082,Ananya Kapoor,Female,31,B+,7753473821,Thiruvananthapuram,Kerala,09-02-2025,No
DNR005083,Aarav Sharma,Female,33,AB+,8082968370,Kanpur,Uttar Pradesh,14-06-2022,Yes
DNR005084,Neha Iyer,Male,24,O+,7507071041,Vadodara,Gujarat,05-11-2025,Yes
DNR005085,Sneha Joshi,Male,33,A+,8896439774,Kanpur,Uttar Pradesh,09-10-2025,Yes
DNR005086,Pooja Nair,Male,40,O+,8227598072,Ahmedabad,Gujarat,18-05-2024,Yes
DNR005087,Ananya Kapoor,Female,33,O+,8632938329,Visakhapatnam,Andhra Pradesh,Never,No
DNR005088,Aarav Sharma,Female,22,O+,9958591994,Mohali,Punjab,27-03-2025,Yes
DNR005089,Neha Iyer,Male,36,O+,7607689766,Surat,Gujarat,07-06-2021,Yes
DNR005090,Priya Patel,Male,22,O+,9111745396,Chennai,Tamil Nadu,14-10-2025,Yes
DNR005091,Sneha Joshi,Female,33,B+,7411412095,Nagpur,Maharashtra,26-03-2024,No
DNR005092,Kunal Desai,Male,46,O+,7322428279,Bhopal,Madhya Pradesh,07-05-2023,No
DNR005093,Ananya Kapoor,Female,37,O+,7458665114,Hyderabad,Telangana,Never,Yes
DNR005094,Priya Patel,Female,18,O+,8146445113,Bhopal,Madhya Pradesh,Never,No
DNR005095,Neha Iyer,Male,37,B+,9580425308,Kolkata,West Bengal,26-10-2025,Yes
DNR005096,Pooja Nair,Female,49,O+,7500284117,Bengaluru,Karnataka,03-11-2024,Yes
DNR005097,Pooja Nair,Female,35,B+,8675275464,Thiruvananthapuram,Kerala,03-11-2022,No
DNR005098,Priya Patel,Female,27,B+,8856116023,Mohali,Punjab,17-11-2024,No
DNR005099,Vikram Singh,Male,33,B+,8753095720,Vadodara,Gujarat,08-11-2020,Yes
DNR005100,Rahul Verma,Male,40,O+,9319318073,Lucknow,Uttar Pradesh,08-11-2020,Yes
DNR005101,Neha Iyer,Male,31,A+,9664792507,Mumbai,Maharashtra,05-10-2025,Yes
DNR005102,Aarav Sharma,Male,18,B+,7186753985,Kanpur,Uttar Pradesh,23-08-2025,No
DNR005103,Aarav Sharma,Male,34,O+,9838599784,Kolkata,West Bengal,08-02-2025,No
DNR005104,Ananya Kapoor,Male,41,O-,7164289185,Patna,Bihar,02-02-2022,Yes
DNR005105,Priya Patel,Female,19,AB+,7752303389,Hyderabad,Telangana,02-04-2021,Yes
DNR005106,Rahul Verma,Female,46,O+,7427584163,Mumbai,Maharashtra,08-11-2020,No
DNR005107,Pooja Nair,Male,34,A+,8710221668,Gurgaon,Haryana,05-03-2024,Yes
DNR005108,Vikram Singh,Female,51,B-,9814088090,Gurgaon,Haryana,12-08-2025,Yes
DNR005109,Ananya Kapoor,Female,42,O+,9992548966,Nagpur,Maharashtra,02-07-2025,Yes
DNR005110,Rahul Verma,Female,32,O+,8002538658,Ahmedabad,Gujarat,28-05-2025,Yes
DNR005111,Vikram Singh,Female,21,A+,7567237241,Gurgaon,Haryana,24-08-2025,Yes
DNR005112,Rohan Mehta,Male,29,B+,8105180696,Delhi,Delhi,01-07-2024,Yes
DNR005113,Rohan Mehta,Male,44,O+,9488834157,Ahmedabad,Gujarat,11-04-2025,No
DNR005114,Rahul Verma,Female,30,B+,8018483519,Thiruvananthapuram,Kerala,27-01-2025,No
DNR005115,Priya Patel,Female,26,A-,7526759176,Mohali,Punjab,29-10-2023,No
DNR005116,Neha Iyer,Male,33,B+,8015797939,Vadodara,Gujarat,08-11-2020,Yes
DNR005117,Ananya Kapoor,Female,29,B+,7768625359,Chennai,Tamil Nadu,10-11-2024,Yes
DNR005118,Pooja Nair,Male,33,B+,8855373866,Ahmedabad,Gujarat,29-09-2025,Yes
DNR005119,Sneha Joshi,Female,40,O+,8529353180,Kolkata,West Bengal,30-08-2025,Yes
DNR005120,Sneha Joshi,Female,48,O+,9070473273,Bhopal,Madhya Pradesh,21-05-2024,No
DNR005121,Vikram Singh,Male,40,O+,7086262678,Delhi,Delhi,15-06-2022,Yes
DNR005122,Ananya Kapoor,Female,38,B+,9104388664,Delhi,Delhi,23-09-2024,No
DNR005123,Sneha Joshi,Male,32,A+,8091119318,Nagpur,Maharashtra,14-08-2024,Yes
DNR005124,Pooja Nair,Female,36,O+,9438184340,Delhi,Delhi,31-08-2022,No
DNR005125,Priya Patel,Female,31,O+,8044247420,Hyderabad,Telangana,01-11-2025,Yes
DNR005126,Pooja Nair,Male,25,B+,7996214543,Hyderabad,Telangana,02-04-2025,Yes
DNR005127,Rahul Verma,Female,18,B+,7429866088,Surat,Gujarat,11-05-2025,Yes
DNR005128,Priya Patel,Female,18,B+,8047352245,Nagpur,Maharashtra,05-11-2025,Yes
DNR005129,Rohan Mehta,Male,30,B+,8009401656,Patna,Bihar,17-02-2024,Yes
DNR005130,Rahul Verma,Male,33,B+,8461702612,Thiruvananthapuram,Kerala,17-06-2024,Yes
DNR005131,Sneha Joshi,Male,29,B+,9203550205,Delhi,Delhi,20-03-2024,No
DNR005132,Neha Iyer,Female,37,B+,8866101728,Ahmedabad,Gujarat,18-03-2024,No
DNR005133,Sneha Joshi,Female,18,O+,7374365818,Nagpur,Maharashtra,08-11-2020,No
DNR005134,Priya Patel,Male,29,B+,9772581787,Thiruvananthapuram,Kerala,Never,Yes
DNR005135,Rohan Mehta,Male,24,B+,9913409418,Kolkata,West Bengal,23-06-2025,Yes
DNR005136,Aarav Sharma,Male,18,B+,8328069399,Bengaluru,Karnataka,14-04-2023,No
DNR005137,Kunal Desai,Female,32,AB-,7951188286,Kanpur,Uttar Pradesh,08-11-2020,No
DNR005138,Rohan Mehta,Male,41,B+,8905436988,Visakhapatnam,Andhra Pradesh,07-11-2025,Yes
DNR005139,Aarav Sharma,Female,32,O-,8152384710,Vadodara,Gujarat,14-08-2022,Yes
DNR005140,Aarav Sharma,Male,23,A+,7081192489,Vadodara,Gujarat,23-03-2023,No
DNR005141,Kunal Desai,Female,25,A+,9801791166,Surat,Gujarat,17-02-2023,Yes
DNR005142,Sneha Joshi,Male,26,B+,8331287649,Thiruvananthapuram,Kerala,11-08-2025,Yes
DNR005143,Pooja Nair,Male,39,A+,8427564087,Kanpur,Uttar Pradesh,16-02-2025,Yes
DNR005144,Rohan Mehta,Male,26,B+,8609473582,Chennai,Tamil Nadu,27-09-2025,Yes
DNR005145,Neha Iyer,Male,37,O+,9891388754,Bengaluru,Karnataka,27-06-2025,Yes
DNR005146,Ananya Kapoor,Male,46,O+,7487643091,Kanpur,Uttar Pradesh,11-05-2023,No
DNR005147,Rahul Verma,Male,40,B+,9786498180,Delhi,Delhi,10-05-2025,Yes
DNR005148,Neha Iyer,Female,46,O+,9829716090,Kolkata,West Bengal,04-04-2025,No
DNR005149,Kunal Desai,Male,33,O+,7321859499,Hyderabad,Telangana,Never,Yes
DNR005150,Priya Patel,Female,38,O-,8651845036,Patna,Bihar,10-03-2025,Yes
DNR005151,Priya Patel,Male,37,B+,9765842280,Gurgaon,Haryana,03-03-2025,Yes
DNR005152,Pooja Nair,Male,37,A+,8587708209,Lucknow,Uttar Pradesh,14-07-2023,No
DNR005153,Pooja Nair,Male,34,A+,8080913167,Patna,Bihar,02-07-2025,Yes
DNR005154,Rohan Mehta,Female,22,B+,8022876430,Gurgaon,Haryana,11-03-2025,Yes
DNR005155,Priya Patel,Female,21,B+,7987529434,Patna,Bihar,13-06-2024,No
DNR005156,Rahul Verma,Male,28,A+,7463863234,Nagpur,Maharashtra,29-10-2025,Yes
DNR005157,Rahul Verma,Male,35,A+,9706527642,Jaipur,Rajasthan,26-11-2024,Yes
DNR005158,Vikram Singh,Male,53,O+,8346316862,Thiruvananthapuram,Kerala,17-08-2025,No
DNR005159,Pooja Nair,Female,28,O+,8337221385,Visakhapatnam,Andhra Pradesh,28-08-2023,No
DNR005160,Rohan Mehta,Male,25,B+,9471494870,Pune,Maharashtra,06-08-2025,Yes
DNR005161,Rohan Mehta,Male,22,O-,8563471661,Chennai,Tamil Nadu,08-11-2024,Yes
DNR005162,Rahul Verma,Female,35,A+,9561490430,Patna,Bihar,09-09-2024,Yes
DNR005163,Rohan Mehta,Female,43,B+,7197001716,Bengaluru,Karnataka,11-03-2024,Yes
DNR005164,Rahul Verma,Female,38,O+,9327838886,Jaipur,Rajasthan,19-11-2024,No
DNR005165,Neha Iyer,Female,23,O+,9874736932,Jaipur,Rajasthan,19-03-2023,Yes
DNR005166,Rahul Verma,Female,39,A+,9144330645,Surat,Gujarat,08-11-2020,No
DNR005167,Aarav Sharma,Male,27,O+,9083673796,Jaipur,Rajasthan,23-10-2025,No
DNR005168,Vikram Singh,Male,45,B+,7694508136,Bhopal,Madhya Pradesh,21-05-2023,No
DNR005169,Sneha Joshi,Female,35,B+,9909501457,Jaipur,Rajasthan,01-09-2023,Yes
DNR005170,Neha Iyer,Female,32,A+,9856387109,Thiruvananthapuram,Kerala,18-03-2023,No
DNR005171,Priya Patel,Male,33,B+,9782878512,Delhi,Delhi,01-05-2023,Yes
DNR005172,Priya Patel,Male,30,O+,8365992662,Pune,Maharashtra,16-08-2025,Yes
DNR005173,Ananya Kapoor,Female,39,O+,7458611594,Surat,Gujarat,08-10-2025,Yes
DNR005174,Ananya Kapoor,Female,31,O+,9492253359,Lucknow,Uttar Pradesh,24-07-2025,Yes
DNR005175,Kunal Desai,Male,44,A+,8185357157,Mohali,Punjab,07-06-2025,No
DNR005176,Neha Iyer,Male,40,A+,9236506558,Hyderabad,Telangana,28-03-2025,Yes
DNR005177,Sneha Joshi,Male,18,B+,9804944785,Mohali,Punjab,25-05-2025,Yes
DNR005178,Vikram Singh,Female,42,O+,7233938096,Hyderabad,Telangana,15-05-2025,Yes
DNR005179,Priya Patel,Male,25,B+,8313297370,Visakhapatnam,Andhra Pradesh,08-11-2020,Yes
DNR005180,Pooja Nair,Female,34,A+,7885002816,Bengaluru,Karnataka,11-07-2025,Yes
DNR005181,Aarav Sharma,Female,41,O+,7377083938,Nagpur,Maharashtra,09-04-2023,Yes
DNR005182,Ananya Kapoor,Female,25,B+,7367754878,Bengaluru,Karnataka,01-08-2025,Yes
DNR005183,Sneha Joshi,Female,46,O+,9106921929,Pune,Maharashtra,23-12-2024,Yes
DNR005184,Neha Iyer,Female,35,B+,8000353166,Visakhapatnam,Andhra Pradesh,04-08-2023,Yes
DNR005185,Ananya Kapoor,Male,40,AB-,9505225086,Hyderabad,Telangana,21-07-2025,No
DNR005186,Sneha Joshi,Female,32,O+,7033181790,Gurgaon,Haryana,05-11-2025,Yes
DNR005187,Rahul Verma,Male,18,B+,8047292481,Surat,Gujarat,03-11-2025,Yes
DNR005188,Sneha Joshi,Female,45,O+,7224842961,Chennai,Tamil Nadu,24-06-2025,No
DNR005189,Neha Iyer,Female,42,B+,8667890004,Mohali,Punjab,03-03-2024,No
DNR005190,Pooja Nair,Female,32,B+,9771171179,Ahmedabad,Gujarat,12-10-2022,Yes
DNR005191,Sneha Joshi,Male,29,O+,9658482316,Jaipur,Rajasthan,24-12-2021,No
DNR005192,Aarav Sharma,Male,35,B+,9816249057,Delhi,Delhi,16-06-2024,Yes
DNR005193,Kunal Desai,Male,40,O+,9895751514,Thiruvananthapuram,Kerala,25-09-2025,Yes
DNR005194,Priya Patel,Female,43,A+,8820563868,Jaipur,Rajasthan,10-06-2025,No
DNR005195,Pooja Nair,Female,43,O+,7832634303,Jaipur,Rajasthan,10-01-2021,No
DNR005196,Rahul Verma,Female,45,O+,7762772100,Mohali,Punjab,17-03-2025,No
DNR005197,Vikram Singh,Female,32,B+,8866165577,Thiruvananthapuram,Kerala,08-11-2020,Yes
DNR005198,Rahul Verma,Male,37,B+,8866728104,Visakhapatnam,Andhra Pradesh,20-10-2025,No
DNR005199,Rohan Mehta,Female,41,B+,7705774886,Mohali,Punjab,12-10-2025,No
DNR005200,Sneha Joshi,Female,44,O+,7457261412,Bhopal,Madhya Pradesh,04-10-2024,Yes
DNR005201,Neha Iyer,Male,35,B+,9674887344,Mohali,Punjab,29-04-2023,Yes
DNR005202,Priya Patel,Male,30,B+,7444740455,Pune,Maharashtra,22-06-2025,Yes
DNR005203,Rahul Verma,Male,41,B+,8306966891,Bengaluru,Karnataka,04-09-2024,Yes
DNR005204,Priya Patel,Male,26,B+,8794536896,Mohali,Punjab,09-04-2024,Yes
DNR005205,Aarav Sharma,Male,26,B+,9978901546,Kolkata,West Bengal,01-06-2025,Yes
DNR005206,Pooja Nair,Female,31,O+,9765718390,Hyderabad,Telangana,Never,Yes
DNR005207,Sneha Joshi,Female,41,B+,7093093953,Chennai,Tamil Nadu,28-04-2023,No
DNR005208,Pooja Nair,Female,46,B+,8744236476,Gurgaon,Haryana,02-12-2024,Yes
DNR005209,Priya Patel,Male,24,O+,7885429294,Surat,Gujarat,11-04-2024,Yes
DNR005210,Ananya Kapoor,Male,28,O+,7199970902,Bhopal,Madhya Pradesh,03-08-2025,Yes
DNR005211,Rahul Verma,Female,56,O+,7182845808,Mumbai,Maharashtra,05-11-2025,No
DNR005212,Rohan Mehta,Female,36,O+,7659978084,Delhi,Delhi,14-10-2025,Yes
DNR005213,Rahul Verma,Female,24,O-,8168704351,Kanpur,Uttar Pradesh,03-01-2023,No
DNR005214,Neha Iyer,Male,28,B-,8197565585,Surat,Gujarat,26-05-2021,Yes
DNR005215,Pooja Nair,Male,30,A+,7834414059,Kanpur,Uttar Pradesh,08-06-2024,Yes
DNR005216,Neha Iyer,Female,39,O+,7473463602,Mohali,Punjab,30-12-2024,Yes
DNR005217,Priya Patel,Female,38,A+,9540296457,Ahmedabad,Gujarat,30-07-2025,No
DNR005218,Vikram Singh,Female,35,AB-,7592629390,Ahmedabad,Gujarat,21-04-2023,No
DNR005219,Sneha Joshi,Female,18,B+,8125260291,Delhi,Delhi,12-07-2025,No
DNR005220,Rahul Verma,Male,20,B+,7666210926,Surat,Gujarat,30-12-2024,No
DNR005221,Ananya Kapoor,Male,30,B+,7878811843,Thiruvananthapuram,Kerala,01-11-2025,Yes
DNR005222,Aarav Sharma,Female,18,A-,9971970270,Thiruvananthapuram,Kerala,22-09-2025,No
DNR005223,Ananya Kapoor,Female,25,O+,8763457746,Chennai,Tamil Nadu,31-05-2025,No
DNR005224,Pooja Nair,Female,21,B+,7198137821,Gurgaon,Haryana,27-10-2023,No
DNR005225,Neha Iyer,Female,18,O+,7334919114,Chennai,Tamil Nadu,07-05-2024,Yes
DNR005226,Rahul Verma,Male,45,O+,9426577846,Jaipur,Rajasthan,18-06-2025,Yes
DNR005227,Ananya Kapoor,Male,38,B+,8443759652,Delhi,Delhi,02-08-2025,No
DNR005228,Rahul Verma,Female,21,O+,7457303198,Surat,Gujarat,24-06-2025,Yes
DNR005229,Neha Iyer,Male,41,B+,7946215444,Hyderabad,Telangana,08-10-2024,Yes
DNR005230,Ananya Kapoor,Female,20,O+,7306902031,Lucknow,Uttar Pradesh,04-05-2025,No
DNR005231,Rohan Mehta,Female,18,O+,8928748885,Nagpur,Maharashtra,17-09-2023,No
DNR005232,Sneha Joshi,Female,30,AB+,7517318545,Delhi,Delhi,15-06-2025,Yes
DNR005233,Rohan Mehta,Female,28,AB+,9598912970,Chennai,Tamil Nadu,Never,Yes
DNR005234,Ananya Kapoor,Male,30,B+,7460928971,Delhi,Delhi,Never,Yes
DNR005235,Kunal Desai,Male,30,A+,9699636577,Nagpur,Maharashtra,09-02-2025,Yes
DNR005236,Rohan Mehta,Female,40,AB+,7325447297,Patna,Bihar,13-06-2021,Yes
DNR005237,Aarav Sharma,Male,45,O+,7719515690,Bengaluru,Karnataka,11-01-2025,Yes
DNR005238,Pooja Nair,Male,40,B+,9093434878,Bengaluru,Karnataka,11-06-2025,Yes
DNR005239,Neha Iyer,Male,25,O+,8027102923,Gurgaon,Haryana,20-08-2023,Yes
DNR005240,Vikram Singh,Female,41,O+,9025715434,Nagpur,Maharashtra,13-09-2025,No
DNR005241,Aarav Sharma,Female,27,B+,8484651055,Pune,Maharashtra,06-05-2023,No
DNR005242,Neha Iyer,Female,24,AB-,9261423551,Visakhapatnam,Andhra Pradesh,18-07-2025,No
DNR005243,Ananya Kapoor,Female,31,B+,8296277765,Vadodara,Gujarat,01-06-2025,Yes
DNR005244,Ananya Kapoor,Male,32,A+,9376283801,Mohali,Punjab,22-08-2024,Yes
DNR005245,Kunal Desai,Male,27,B+,8203598743,Surat,Gujarat,28-07-2024,Yes
DNR005246,Ananya Kapoor,Male,25,A+,8803370150,Visakhapatnam,Andhra Pradesh,10-08-2024,Yes
DNR005247,Sneha Joshi,Female,65,A+,8199013100,Jaipur,Rajasthan,16-05-2024,No
DNR005248,Kunal Desai,Male,36,A+,7879103297,Bengaluru,Karnataka,17-09-2025,No
DNR005249,Neha Iyer,Female,33,A+,8885877425,Kolkata,West Bengal,23-06-2023,Yes
DNR005250,Rahul Verma,Male,22,A+,9623415617,Vadodara,Gujarat,24-09-2024,No
DNR005251,Neha Iyer,Male,45,O+,8065666504,Vadodara,Gujarat,22-07-2021,Yes
DNR005252,Priya Patel,Male,48,A-,9550534411,Patna,Bihar,19-12-2024,Yes
DNR005253,Aarav Sharma,Female,26,O+,8504774164,Bhopal,Madhya Pradesh,21-10-2025,Yes
DNR005254,Ananya Kapoor,Male,44,O+,9363426752,Mohali,Punjab,04-07-2023,No
DNR005255,Priya Patel,Female,40,A-,9690880312,Gurgaon,Haryana,31-07-2025,No
DNR005256,Aarav Sharma,Male,30,O+,8945991500,Surat,Gujarat,21-04-2022,Yes
DNR005257,Aarav Sharma,Male,20,B+,7079179768,Bengaluru,Karnataka,28-09-2024,Yes
DNR005258,Pooja Nair,Male,45,O-,8807900715,Jaipur,Rajasthan,07-01-2023,Yes
DNR005259,Priya Patel,Male,18,AB-,8995376160,Chennai,Tamil Nadu,25-10-2025,Yes
DNR005260,Pooja Nair,Female,18,O+,8750539996,Patna,Bihar,06-05-2024,No
DNR005261,Rahul Verma,Female,29,O+,9102879361,Thiruvananthapuram,Kerala,05-06-2023,Yes
DNR005262,Priya Patel,Female,39,O+,9549142706,Mohali,Punjab,03-04-2025,No
DNR005263,Vikram Singh,Male,18,A-,7252022588,Bhopal,Madhya Pradesh,05-11-2025,Yes
DNR005264,Aarav Sharma,Male,30,B+,7938998095,Kolkata,West Bengal,06-02-2021,Yes
DNR005265,Rohan Mehta,Female,46,O+,8329395083,Thiruvananthapuram,Kerala,20-09-2021,No
DNR005266,Rohan Mehta,Female,29,A+,9975430423,Kolkata,West Bengal,08-11-2020,Yes
DNR005267,Rohan Mehta,Male,23,A+,9845642294,Bengaluru,Karnataka,26-04-2023,Yes
DNR005268,Ananya Kapoor,Female,23,O+,8950956807,Ahmedabad,Gujarat,08-11-2020,No
DNR005269,Priya Patel,Female,24,O+,7578140098,Kanpur,Uttar Pradesh,22-11-2024,Yes
DNR005270,Rohan Mehta,Male,40,O-,8388981797,Chennai,Tamil Nadu,26-06-2025,No
DNR005271,Rahul Verma,Male,37,AB+,9841757109,Mumbai,Maharashtra,06-06-2025,Yes
DNR005272,Vikram Singh,Female,37,AB-,9342782460,Bengaluru,Karnataka,15-06-2021,Yes
DNR005273,Aarav Sharma,Female,26,B+,9084440361,Kolkata,West Bengal,05-03-2025,Yes
DNR005274,Sneha Joshi,Female,31,A-,7945482109,Patna,Bihar,18-06-2025,Yes
DNR005275,Rohan Mehta,Female,40,B+,7995215306,Jaipur,Rajasthan,21-10-2025,Yes
DNR005276,Rohan Mehta,Female,26,A+,7187142216,Pune,Maharashtra,14-04-2025,No
DNR005277,Vikram Singh,Male,41,B+,9945330202,Kanpur,Uttar Pradesh,02-07-2021,Yes
DNR005278,Kunal Desai,Female,25,O+,7254039843,Gurgaon,Haryana,06-11-2022,No
DNR005279,Aarav Sharma,Female,32,O+,8081942147,Delhi,Delhi,Never,No
DNR005280,Rohan Mehta,Female,42,O+,8841254322,Bengaluru,Karnataka,29-08-2024,Yes
DNR005281,Rahul Verma,Female,36,O+,9687125469,Patna,Bihar,04-06-2023,Yes
DNR005282,Priya Patel,Other,38,A+,7262956670,Jaipur,Rajasthan,27-07-2025,Yes
DNR005283,Neha Iyer,Female,35,O+,9237761091,Surat,Gujarat,07-09-2025,No
DNR005284,Vikram Singh,Male,31,A+,9346603641,Gurgaon,Haryana,24-04-2025,No
DNR005285,Vikram Singh,Female,36,AB+,7805734505,Patna,Bihar,19-04-2021,Yes
DNR005286,Neha Iyer,Male,29,A+,9945769411,Thiruvananthapuram,Kerala,23-05-2025,Yes
DNR005287,Rahul Verma,Female,53,B+,7738437655,Patna,Bihar,08-11-2020,Yes
DNR005288,Sneha Joshi,Male,34,AB-,7860624384,Chennai,Tamil Nadu,20-09-2021,Yes
DNR005289,Ananya Kapoor,Male,19,B+,7485667697,Mohali,Punjab,30-05-2024,Yes
DNR005290,Ananya Kapoor,Female,46,A+,9490869905,Mohali,Punjab,Never,Yes
DNR005291,Rahul Verma,Female,30,O+,8900185110,Lucknow,Uttar Pradesh,Never,No
DNR005292,Rahul Verma,Male,35,B+,7051673541,Bhopal,Madhya Pradesh,28-10-2024,Yes
DNR005293,Vikram Singh,Male,49,B+,9449168330,Patna,Bihar,03-09-2024,No
DNR005294,Sneha Joshi,Male,43,O+,9148180082,Kanpur,Uttar Pradesh,22-01-2025,No
DNR005295,Aarav Sharma,Female,35,B+,7853462880,Pune,Maharashtra,08-05-2025,No
DNR005296,Neha Iyer,Male,28,AB+,8442076870,Mumbai,Maharashtra,08-02-2025,No
DNR005297,Pooja Nair,Male,45,A+,7713415494,Pune,Maharashtra,31-07-2025,No
DNR005298,Sneha Joshi,Male,18,B+,7713423687,Thiruvananthapuram,Kerala,24-12-2022,Yes
DNR005299,Rohan Mehta,Male,18,A+,8832698092,Kanpur,Uttar Pradesh,30-09-2025,Yes
DNR005300,Sneha Joshi,Male,46,A+,7931513280,Thiruvananthapuram,Kerala,06-04-2022,Yes
DNR005301,Pooja Nair,Female,46,A+,7114911591,Jaipur,Rajasthan,12-08-2024,Yes
DNR005302,Sneha Joshi,Female,42,B+,7883566893,Vadodara,Gujarat,Never,No
DNR005303,Rohan Mehta,Male,24,O+,7377101279,Hyderabad,Telangana,06-03-2023,Yes
DNR005304,Ananya Kapoor,Male,32,B+,8720444883,Lucknow,Uttar Pradesh,04-09-2025,Yes
DNR005305,Pooja Nair,Male,32,A+,9888669371,Visakhapatnam,Andhra Pradesh,19-06-2025,Yes
DNR005306,Ananya Kapoor,Female,31,O-,8918698403,Bengaluru,Karnataka,Never,Yes
DNR005307,Aarav Sharma,Male,27,O+,9137495482,Kolkata,West Bengal,20-07-2025,Yes
DNR005308,Ananya Kapoor,Male,26,B+,8096945568,Mumbai,Maharashtra,17-09-2025,Yes
DNR005309,Rohan Mehta,Male,26,O+,9801558253,Gurgaon,Haryana,09-04-2023,Yes
DNR005310,Ananya Kapoor,Female,52,A+,9616056846,Delhi,Delhi,03-06-2025,No
DNR005311,Neha Iyer,Female,30,B+,9546244272,Visakhapatnam,Andhra Pradesh,07-06-2025,Yes
DNR005312,Aarav Sharma,Male,31,B+,8959612427,Nagpur,Maharashtra,01-06-2025,Yes
DNR005313,Ananya Kapoor,Male,28,A+,7229300051,Mohali,Punjab,13-09-2025,Yes
DNR005314,Pooja Nair,Male,57,O+,7970394099,Gurgaon,Haryana,12-11-2024,Yes
DNR005315,Sneha Joshi,Female,49,O+,7526897713,Kolkata,West Bengal,21-12-2022,Yes
DNR005316,Priya Patel,Female,38,O+,8496783340,Ahmedabad,Gujarat,27-12-2024,No
DNR005317,Ananya Kapoor,Female,37,O+,8671056419,Thiruvananthapuram,Kerala,21-10-2025,No
DNR005318,Vikram Singh,Male,19,A+,9294637994,Surat,Gujarat,14-10-2025,Yes
DNR005319,Vikram Singh,Male,36,O+,7048228139,Ahmedabad,Gujarat,Never,Yes
DNR005320,Rahul Verma,Male,35,O+,9168390196,Pune,Maharashtra,24-07-2025,No
DNR005321,Rohan Mehta,Male,32,O+,7262578986,Bhopal,Madhya Pradesh,Never,Yes
DNR005322,Pooja Nair,Male,53,A+,9218704359,Jaipur,Rajasthan,16-09-2024,Yes
DNR005323,Sneha Joshi,Female,54,B+,9915083365,Visakhapatnam,Andhra Pradesh,20-02-2025,Yes
DNR005324,Ananya Kapoor,Female,34,A+,8244887951,Patna,Bihar,Never,Yes
DNR005325,Sneha Joshi,Female,42,O+,9803675579,Kanpur,Uttar Pradesh,28-05-2025,Yes
DNR005326,Rahul Verma,Female,41,B+,9461505002,Chennai,Tamil Nadu,30-03-2023,No
DNR005327,Ananya Kapoor,Female,19,O+,7816992481,Hyderabad,Telangana,Never,Yes
DNR005328,Aarav Sharma,Female,21,B+,8783384303,Chennai,Tamil Nadu,20-05-2025,No
DNR005329,Rohan Mehta,Male,18,O+,8169181130,Mumbai,Maharashtra,31-03-2025,Yes
DNR005330,Rohan Mehta,Male,26,O+,7511853750,Kolkata,West Bengal,18-07-2025,No
DNR005331,Kunal Desai,Female,31,O+,9767869441,Ahmedabad,Gujarat,04-02-2025,Yes
DNR005332,Neha Iyer,Female,28,O+,9692011444,Surat,Gujarat,11-03-2024,Yes
DNR005333,Ananya Kapoor,Male,34,O+,7773610478,Lucknow,Uttar Pradesh,Never,No
DNR005334,Rahul Verma,Male,42,B+,8976235778,Bhopal,Madhya Pradesh,25-04-2024,No
DNR005335,Rahul Verma,Female,32,AB+,9606359367,Kolkata,West Bengal,01-11-2025,Yes
DNR005336,Kunal Desai,Male,31,B+,8498706761,Kanpur,Uttar Pradesh,02-05-2024,Yes
DNR005337,Priya Patel,Female,37,O+,8782814827,Vadodara,Gujarat,22-06-2023,Yes
DNR005338,Vikram Singh,Female,47,A+,9370709670,Kolkata,West Bengal,14-11-2024,No
DNR005339,Vikram Singh,Female,25,O+,7920742705,Lucknow,Uttar Pradesh,30-01-2024,Yes
DNR005340,Rahul Verma,Male,30,A-,9303608427,Surat,Gujarat,30-08-2022,Yes
DNR005341,Ananya Kapoor,Female,43,O+,8686751849,Vadodara,Gujarat,11-07-2024,Yes
DNR005342,Sneha Joshi,Female,28,B+,9029289169,Jaipur,Rajasthan,27-10-2024,No
DNR005343,Kunal Desai,Male,30,B+,8319967714,Hyderabad,Telangana,25-06-2025,Yes
DNR005344,Priya Patel,Male,42,O-,8723304142,Patna,Bihar,04-02-2025,No
DNR005345,Vikram Singh,Female,34,O+,9718062431,Kolkata,West Bengal,31-08-2025,No
DNR005346,Neha Iyer,Male,38,O+,7436366041,Pune,Maharashtra,28-10-2025,Yes
DNR005347,Rohan Mehta,Female,23,B+,9376474305,Pune,Maharashtra,07-12-2023,Yes
DNR005348,Neha Iyer,Female,33,O+,7243937661,Kolkata,West Bengal,24-07-2023,Yes
DNR005349,Neha Iyer,Male,19,AB+,8545608378,Mumbai,Maharashtra,28-08-2022,Yes
DNR005350,Kunal Desai,Male,46,B+,8797138874,Delhi,Delhi,13-10-2023,Yes
DNR005351,Sneha Joshi,Female,25,O+,8218316458,Delhi,Delhi,17-08-2024,No
DNR005352,Neha Iyer,Female,43,B+,8466284002,Patna,Bihar,06-04-2024,Yes
DNR005353,Ananya Kapoor,Female,27,AB+,8255257072,Pune,Maharashtra,01-03-2022,Yes
DNR005354,Rohan Mehta,Male,31,A-,8322017020,Mumbai,Maharashtra,07-07-2024,Yes
DNR005355,Neha Iyer,Male,43,AB+,7888014592,Bengaluru,Karnataka,08-02-2022,Yes
DNR005356,Pooja Nair,Female,31,A+,7961553275,Vadodara,Gujarat,15-08-2025,No
DNR005357,Vikram Singh,Male,18,A+,8171946255,Mumbai,Maharashtra,23-05-2025,Yes
DNR005358,Neha Iyer,Male,26,A+,9715308641,Kolkata,West Bengal,31-03-2024,Yes
DNR005359,Aarav Sharma,Female,31,O+,9994807915,Bhopal,Madhya Pradesh,07-11-2021,Yes
DNR005360,Vikram Singh,Male,18,O+,8630476731,Mumbai,Maharashtra,09-06-2025,Yes
DNR005361,Aarav Sharma,Male,35,O+,7055514266,Mohali,Punjab,06-06-2022,Yes
DNR005362,Kunal Desai,Female,25,O+,9218609232,Gurgaon,Haryana,01-04-2025,No
DNR005363,Rohan Mehta,Male,25,B+,8200877021,Ahmedabad,Gujarat,10-01-2025,Yes
DNR005364,Aarav Sharma,Female,25,B+,9229216197,Thiruvananthapuram,Kerala,29-07-2025,Yes
DNR005365,Neha Iyer,Male,38,O+,9266778100,Mumbai,Maharashtra,01-05-2022,Yes
DNR005366,Ananya Kapoor,Male,52,O+,9876574350,Lucknow,Uttar Pradesh,13-07-2025,Yes
DNR005367,Vikram Singh,Male,24,O+,8018072413,Mohali,Punjab,21-11-2024,Yes
DNR005368,Kunal Desai,Male,32,B+,8797574893,Hyderabad,Telangana,09-06-2025,Yes
DNR005369,Pooja Nair,Female,47,B+,8876486651,Bhopal,Madhya Pradesh,19-08-2024,Yes
DNR005370,Neha Iyer,Male,31,B+,7115215410,Vadodara,Gujarat,09-12-2022,Yes
DNR005371,Neha Iyer,Female,22,O+,9007319948,Bengaluru,Karnataka,20-05-2024,Yes
DNR005372,Sneha Joshi,Female,29,O+,9350173166,Mumbai,Maharashtra,22-05-2025,Yes
DNR005373,Rahul Verma,Female,27,O+,8575922650,Hyderabad,Telangana,25-04-2024,Yes
DNR005374,Vikram Singh,Female,44,B+,8365876643,Mohali,Punjab,03-11-2022,Yes
DNR005375,Pooja Nair,Female,28,A+,8404946485,Pune,Maharashtra,10-10-2025,Yes
DNR005376,Priya Patel,Male,31,A+,7398615991,Surat,Gujarat,08-11-2020,No
DNR005377,Rohan Mehta,Male,34,B+,8152064253,Visakhapatnam,Andhra Pradesh,23-04-2023,No
DNR005378,Vikram Singh,Male,25,B+,7068055757,Pune,Maharashtra,01-05-2025,Yes
DNR005379,Priya Patel,Male,36,B+,8716295752,Kanpur,Uttar Pradesh,26-05-2025,Yes
DNR005380,Ananya Kapoor,Female,34,A+,8142213970,Hyderabad,Telangana,24-08-2025,No
DNR005381,Rohan Mehta,Male,52,B+,8277739490,Ahmedabad,Gujarat,22-10-2022,Yes
DNR005382,Rohan Mehta,Female,27,O+,8485502857,Mohali,Punjab,22-03-2021,No
DNR005383,Sneha Joshi,Female,30,O+,9964343601,Mohali,Punjab,04-03-2023,No
DNR005384,Vikram Singh,Female,45,O+,8009594809,Bhopal,Madhya Pradesh,13-10-2025,Yes
DNR005385,Rohan Mehta,Female,56,B+,9509500125,Bhopal,Madhya Pradesh,Never,Yes
DNR005386,Sneha Joshi,Female,32,O+,8188561245,Gurgaon,Haryana,22-08-2025,Yes
DNR005387,Priya Patel,Male,43,A+,8582679275,Kolkata,West Bengal,06-09-2025,Yes
DNR005388,Rahul Verma,Female,18,A+,7407807283,Pune,Maharashtra,11-12-2024,No
DNR005389,Aarav Sharma,Male,33,O+,8954165588,Ahmedabad,Gujarat,15-10-2025,Yes
DNR005390,Ananya Kapoor,Female,22,A+,8227384789,Chennai,Tamil Nadu,09-10-2022,Yes
DNR005391,Rahul Verma,Female,41,O-,9606865716,Vadodara,Gujarat,29-09-2024,No
DNR005392,Vikram Singh,Female,38,O+,9182143174,Hyderabad,Telangana,02-05-2023,Yes
DNR005393,Rohan Mehta,Male,34,O+,7569750258,Nagpur,Maharashtra,15-03-2025,Yes
DNR005394,Priya Patel,Male,37,O+,9315279916,Surat,Gujarat,Never,Yes
DNR005395,Sneha Joshi,Male,36,B+,8765552498,Chennai,Tamil Nadu,16-04-2025,Yes
DNR005396,Rohan Mehta,Male,27,O+,7529272881,Delhi,Delhi,07-08-2023,Yes
DNR005397,Pooja Nair,Female,33,B+,7201041781,Gurgaon,Haryana,24-01-2025,Yes
DNR005398,Ananya Kapoor,Male,26,A+,8260955382,Nagpur,Maharashtra,11-05-2021,Yes
DNR005399,Vikram Singh,Female,43,O-,7508248530,Pune,Maharashtra,20-09-2025,Yes
DNR005400,Rohan Mehta,Female,46,O+,8950898387,Bengaluru,Karnataka,01-04-2024,Yes
DNR005401,Priya Patel,Male,18,O+,8955340337,Thiruvananthapuram,Kerala,20-08-2025,Yes
DNR005402,Neha Iyer,Male,31,O+,7556854102,Thiruvananthapuram,Kerala,07-09-2025,Yes
DNR005403,Rahul Verma,Female,27,A+,8856508182,Visakhapatnam,Andhra Pradesh,Never,No
DNR005404,Sneha Joshi,Female,38,B+,7631829503,Lucknow,Uttar Pradesh,24-06-2023,Yes
DNR005405,Priya Patel,Female,57,O+,9953242334,Lucknow,Uttar Pradesh,26-02-2025,No
DNR005406,Kunal Desai,Female,32,O+,7665760467,Nagpur,Maharashtra,08-11-2023,No
DNR005407,Kunal Desai,Female,18,B+,9396271574,Vadodara,Gujarat,05-09-2024,Yes
DNR005408,Kunal Desai,Male,46,AB-,7439264403,Kolkata,West Bengal,28-08-2025,Yes
DNR005409,Neha Iyer,Female,28,B-,9538079636,Visakhapatnam,Andhra Pradesh,12-07-2025,No
DNR005410,Rahul Verma,Male,39,AB+,9848495360,Hyderabad,Telangana,17-09-2025,Yes
DNR005411,Ananya Kapoor,Female,33,A+,8183351833,Ahmedabad,Gujarat,09-06-2025,No
DNR005412,Neha Iyer,Male,18,O+,8423883485,Delhi,Delhi,Never,Yes
DNR005413,Ananya Kapoor,Male,49,O+,9564202405,Hyderabad,Telangana,20-12-2020,Yes
DNR005414,Pooja Nair,Female,45,O+,7177832800,Lucknow,Uttar Pradesh,08-11-2020,Yes
DNR005415,Neha Iyer,Male,29,B+,8699001585,Pune,Maharashtra,06-10-2025,Yes
DNR005416,Pooja Nair,Male,18,O+,8349501096,Surat,Gujarat,13-09-2025,Yes
DNR005417,Priya Patel,Female,24,O+,7100394072,Chennai,Tamil Nadu,02-11-2025,No
DNR005418,Aarav Sharma,Male,29,B+,9651084903,Gurgaon,Haryana,29-08-2023,Yes
DNR005419,Kunal Desai,Female,25,O+,7419047488,Bhopal,Madhya Pradesh,29-10-2025,Yes
DNR005420,Sneha Joshi,Male,35,O+,7418090731,Hyderabad,Telangana,30-05-2025,No
DNR005421,Priya Patel,Male,28,O+,8141180797,Visakhapatnam,Andhra Pradesh,28-06-2025,No
DNR005422,Sneha Joshi,Male,34,O+,7337630913,Hyderabad,Telangana,18-02-2025,Yes
DNR005423,Priya Patel,Female,43,O-,7683280273,Delhi,Delhi,02-07-2025,No
DNR005424,Priya Patel,Female,43,B+,7276513942,Bhopal,Madhya Pradesh,08-11-2020,Yes
DNR005425,Neha Iyer,Male,37,B+,9874813240,Bhopal,Madhya Pradesh,24-05-2023,Yes
DNR005426,Sneha Joshi,Female,40,A-,8872673014,Ahmedabad,Gujarat,03-08-2025,No
DNR005427,Rohan Mehta,Female,42,A+,8059200382,Lucknow,Uttar Pradesh,23-06-2023,No
DNR005428,Rahul Verma,Male,26,O+,7864638959,Visakhapatnam,Andhra Pradesh,Never,Yes
DNR005429,Pooja Nair,Male,36,O+,9026721366,Gurgaon,Haryana,Never,Yes
DNR005430,Neha Iyer,Female,28,A+,7518878024,Visakhapatnam,Andhra Pradesh,07-05-2023,No
DNR005431,Ananya Kapoor,Male,27,O+,8301204457,Pune,Maharashtra,08-11-2020,No
DNR005432,Sneha Joshi,Male,40,O+,7334719153,Surat,Gujarat,19-09-2025,Yes
DNR005433,Priya Patel,Female,36,O+,9996517534,Kanpur,Uttar Pradesh,16-12-2023,Yes
DNR005434,Rohan Mehta,Female,35,B+,9419150387,Mumbai,Maharashtra,02-11-2025,Yes
DNR005435,Aarav Sharma,Female,36,O+,8837126548,Thiruvananthapuram,Kerala,06-02-2024,Yes
DNR005436,Priya Patel,Male,26,B+,9312318369,Mohali,Punjab,11-10-2025,Yes
DNR005437,Kunal Desai,Male,35,O+,7136275596,Chennai,Tamil Nadu,28-08-2025,Yes
DNR005438,Pooja Nair,Male,22,O+,7416921483,Gurgaon,Haryana,20-02-2024,Yes
DNR005439,Sneha Joshi,Female,36,A+,8843677559,Delhi,Delhi,24-07-2025,Yes
DNR005440,Ananya Kapoor,Female,46,B+,8278728705,Surat,Gujarat,04-08-2025,Yes
DNR005441,Kunal Desai,Female,36,O+,9695474677,Kolkata,West Bengal,22-01-2023,No
DNR005442,Kunal Desai,Female,45,B+,7710712728,Ahmedabad,Gujarat,12-04-2025,Yes
DNR005443,Pooja Nair,Female,41,A+,7918793260,Pune,Maharashtra,27-09-2025,No
DNR005444,Neha Iyer,Male,34,O+,8949378887,Ahmedabad,Gujarat,26-12-2022,No
DNR005445,Priya Patel,Male,32,O+,8318751179,Bengaluru,Karnataka,06-09-2024,Yes
DNR005446,Rahul Verma,Female,40,O+,9284796617,Jaipur,Rajasthan,27-06-2023,Yes
DNR005447,Vikram Singh,Female,43,B+,7257509531,Patna,Bihar,08-11-2020,Yes
DNR005448,Sneha Joshi,Female,46,B+,9369237917,Mumbai,Maharashtra,01-05-2022,Yes
DNR005449,Pooja Nair,Female,26,O+,7837056145,Visakhapatnam,Andhra Pradesh,19-08-2024,Yes
DNR005450,Vikram Singh,Male,40,B+,7252774128,Jaipur,Rajasthan,28-10-2025,Yes
DNR005451,Rahul Verma,Male,47,O+,9974383412,Pune,Maharashtra,18-09-2025,Yes
DNR005452,Aarav Sharma,Female,36,O+,8198874816,Hyderabad,Telangana,07-01-2024,Yes
DNR005453,Rohan Mehta,Female,58,B+,7695840974,Kolkata,West Bengal,09-08-2025,Yes
DNR005454,Priya Patel,Male,37,B+,8584245074,Hyderabad,Telangana,29-08-2025,Yes
DNR005455,Kunal Desai,Male,45,B+,8750075114,Bengaluru,Karnataka,30-09-2025,Yes
DNR005456,Rahul Verma,Female,34,O-,8887278554,Visakhapatnam,Andhra Pradesh,20-03-2025,No
DNR005457,Neha Iyer,Male,29,A+,7638351891,Ahmedabad,Gujarat,14-10-2023,Yes
DNR005458,Neha Iyer,Female,24,B+,8864297349,Hyderabad,Telangana,09-09-2024,No
DNR005459,Ananya Kapoor,Male,46,A+,9571948246,Visakhapatnam,Andhra Pradesh,27-05-2025,Yes
DNR005460,Neha Iyer,Male,41,O+,9314581109,Mohali,Punjab,24-06-2025,Yes
DNR005461,Neha Iyer,Male,18,B+,7669127014,Delhi,Delhi,14-04-2022,Yes
DNR005462,Rahul Verma,Male,23,B+,7373939101,Hyderabad,Telangana,18-09-2025,Yes
DNR005463,Kunal Desai,Male,22,B+,9591231718,Chennai,Tamil Nadu,07-08-2025,Yes
DNR005464,Priya Patel,Female,40,A+,8962604469,Vadodara,Gujarat,Never,No
DNR005465,Vikram Singh,Male,18,B+,9525595371,Chennai,Tamil Nadu,16-09-2025,Yes
DNR005466,Rohan Mehta,Female,18,B+,9085926082,Mohali,Punjab,17-07-2025,Yes
DNR005467,Rohan Mehta,Female,23,B+,9339005889,Patna,Bihar,29-03-2023,No
DNR005468,Vikram Singh,Male,52,O+,9793198986,Delhi,Delhi,22-12-2023,No
DNR005469,Vikram Singh,Male,37,A+,9440369624,Thiruvananthapuram,Kerala,25-01-2022,Yes
DNR005470,Rahul Verma,Male,27,B+,8139985916,Ahmedabad,Gujarat,22-04-2024,No
DNR005471,Rahul Verma,Female,32,B+,9078974211,Nagpur,Maharashtra,04-06-2025,Yes
DNR005472,Aarav Sharma,Female,32,O+,7491417524,Delhi,Delhi,Never,No
DNR005473,Rohan Mehta,Male,18,B+,9329188846,Ahmedabad,Gujarat,30-07-2021,Yes
DNR005474,Ananya Kapoor,Female,40,O+,9312258753,Hyderabad,Telangana,24-11-2023,Yes
DNR005475,Aarav Sharma,Male,33,B+,8689581184,Ahmedabad,Gujarat,26-08-2025,Yes
DNR005476,Neha Iyer,Male,48,B+,7131001965,Mumbai,Maharashtra,07-05-2025,Yes
DNR005477,Rohan Mehta,Male,31,B+,9367430739,Mohali,Punjab,29-04-2022,Yes
DNR005478,Rohan Mehta,Male,52,AB-,8583665521,Nagpur,Maharashtra,16-03-2024,Yes
DNR005479,Rohan Mehta,Male,38,O+,9366857914,Patna,Bihar,08-10-2025,No
DNR005480,Pooja Nair,Female,23,O+,7633444047,Pune,Maharashtra,04-09-2023,Yes
DNR005481,Rahul Verma,Male,40,O-,7255771303,Delhi,Delhi,14-04-2025,Yes
DNR005482,Rahul Verma,Male,46,A-,8133383343,Surat,Gujarat,Never,Yes
DNR005483,Ananya Kapoor,Female,52,O-,8672227292,Nagpur,Maharashtra,23-03-2025,No
DNR005484,Neha Iyer,Male,40,A-,8753963565,Kanpur,Uttar Pradesh,03-11-2024,Yes
DNR005485,Kunal Desai,Male,37,O+,9527883415,Kanpur,Uttar Pradesh,09-10-2025,No
DNR005486,Pooja Nair,Male,42,B+,8053301494,Hyderabad,Telangana,18-05-2022,Yes
DNR005487,Aarav Sharma,Female,37,AB+,7731095341,Jaipur,Rajasthan,14-07-2023,Yes
DNR005488,Rahul Verma,Female,58,B+,7204790141,Hyderabad,Telangana,24-11-2022,Yes
DNR005489,Kunal Desai,Male,38,A+,9152970259,Delhi,Delhi,13-01-2024,Yes
DNR005490,Pooja Nair,Female,23,O+,9810094841,Patna,Bihar,03-02-2022,Yes
DNR005491,Neha Iyer,Female,27,B+,8560182238,Mumbai,Maharashtra,23-06-2024,No
DNR005492,Pooja Nair,Male,20,O+,8627279209,Kolkata,West Bengal,18-05-2025,Yes
DNR005493,Rohan Mehta,Female,39,B+,8987290172,Kolkata,West Bengal,24-10-2024,No
DNR005494,Ananya Kapoor,Female,18,O+,8457229724,Chennai,Tamil Nadu,13-04-2025,No
DNR005495,Rohan Mehta,Male,25,B-,9954813704,Hyderabad,Telangana,10-03-2024,Yes
DNR005496,Aarav Sharma,Male,18,O+,8451451338,Patna,Bihar,10-02-2022,Yes
DNR005497,Sneha Joshi,Male,35,O+,7645311412,Patna,Bihar,09-08-2025,No
DNR005498,Ananya Kapoor,Female,39,O+,7923697761,Kanpur,Uttar Pradesh,14-04-2025,Yes
DNR005499,Kunal Desai,Female,31,B+,9833880652,Delhi,Delhi,01-03-2025,Yes
DNR005500,Priya Patel,Female,49,A+,7212851080,Thiruvananthapuram,Kerala,28-08-2024,No
DNR005501,Rahul Verma,Male,20,A+,7648482580,Surat,Gujarat,14-09-2025,Yes
DNR005502,Aarav Sharma,Male,30,A+,7495219615,Mumbai,Maharashtra,04-04-2025,No
DNR005503,Vikram Singh,Female,30,B+,8268226544,Mohali,Punjab,12-09-2024,No
DNR005504,Sneha Joshi,Male,41,A+,9535914844,Jaipur,Rajasthan,08-02-2025,Yes
DNR005505,Rahul Verma,Female,37,B+,7748668268,Chennai,Tamil Nadu,04-08-2025,Yes
DNR005506,Rohan Mehta,Male,38,B+,8926603891,Kolkata,West Bengal,27-08-2025,No
DNR005507,Sneha Joshi,Female,27,B+,7926882930,Thiruvananthapuram,Kerala,Never,No
DNR005508,Kunal Desai,Female,33,B+,9181642407,Nagpur,Maharashtra,19-02-2024,No
DNR005509,Kunal Desai,Female,28,O+,8295352733,Mohali,Punjab,05-09-2024,No
DNR005510,Rahul Verma,Male,23,A+,9808031432,Visakhapatnam,Andhra Pradesh,08-11-2020,No
DNR005511,Pooja Nair,Female,33,O+,8066022316,Lucknow,Uttar Pradesh,28-02-2024,No
DNR005512,Priya Patel,Male,26,B+,7057436995,Chennai,Tamil Nadu,16-11-2022,No
DNR005513,Sneha Joshi,Male,57,B+,9415568471,Surat,Gujarat,05-07-2025,Yes
DNR005514,Priya Patel,Male,31,B+,7120139300,Thiruvananthapuram,Kerala,Never,Yes
DNR005515,Vikram Singh,Male,28,A+,9500746694,Kanpur,Uttar Pradesh,04-08-2024,Yes
DNR005516,Aarav Sharma,Female,28,B+,7410192372,Vadodara,Gujarat,29-11-2024,No
DNR005517,Sneha Joshi,Male,33,B+,8028443583,Kolkata,West Bengal,10-06-2024,No
DNR005518,Kunal Desai,Male,31,B+,9816866999,Lucknow,Uttar Pradesh,27-09-2024,Yes
DNR005519,Aarav Sharma,Female,40,B+,7216457395,Gurgaon,Haryana,27-08-2025,No
DNR005520,Kunal Desai,Female,38,B+,7175554408,Kolkata,West Bengal,18-01-2025,Yes
DNR005521,Vikram Singh,Male,38,O+,7311261741,Lucknow,Uttar Pradesh,01-10-2025,Yes
DNR005522,Ananya Kapoor,Male,53,A+,8203340612,Pune,Maharashtra,02-02-2024,Yes
DNR005523,Vikram Singh,Female,25,O+,7455065246,Kolkata,West Bengal,08-05-2023,No
DNR005524,Kunal Desai,Male,23,O+,7457589711,Thiruvananthapuram,Kerala,28-06-2025,No
DNR005525,Aarav Sharma,Male,41,A-,8258027502,Kanpur,Uttar Pradesh,29-09-2023,Yes
DNR005526,Vikram Singh,Female,43,O+,8322676086,Jaipur,Rajasthan,16-08-2025,Yes
DNR005527,Rohan Mehta,Male,39,O+,7971526909,Vadodara,Gujarat,12-08-2021,Yes
DNR005528,Pooja Nair,Male,54,O+,7822992298,Visakhapatnam,Andhra Pradesh,Never,Yes
DNR005529,Aarav Sharma,Male,23,A+,7563260581,Mumbai,Maharashtra,07-11-2024,No
DNR005530,Neha Iyer,Female,43,A-,7162337580,Delhi,Delhi,05-10-2024,Yes
DNR005531,Pooja Nair,Female,18,O+,7032471870,Thiruvananthapuram,Kerala,06-08-2025,No
DNR005532,Rahul Verma,Male,35,B+,7196874039,Chennai,Tamil Nadu,Never,No
DNR005533,Neha Iyer,Male,22,AB+,7310165663,Bengaluru,Karnataka,Never,Yes
DNR005534,Kunal Desai,Female,39,A+,9591616495,Ahmedabad,Gujarat,11-09-2025,No
DNR005535,Rahul Verma,Male,25,B-,8065726013,Surat,Gujarat,19-04-2025,Yes
DNR005536,Rahul Verma,Female,28,O+,8469729652,Vadodara,Gujarat,16-07-2023,Yes
DNR005537,Kunal Desai,Female,45,B+,9680632984,Kolkata,West Bengal,25-10-2025,No
DNR005538,Rahul Verma,Female,25,B+,8422531664,Visakhapatnam,Andhra Pradesh,17-01-2025,No
DNR005539,Rohan Mehta,Female,41,B+,9700566498,Nagpur,Maharashtra,14-08-2025,No
DNR005540,Priya Patel,Male,21,O-,8976744346,Pune,Maharashtra,06-02-2025,Yes
DNR005541,Pooja Nair,Male,38,B+,9777278063,Lucknow,Uttar Pradesh,28-10-2025,Yes
DNR005542,Rahul Verma,Female,35,B+,9831406184,Ahmedabad,Gujarat,14-05-2022,No
DNR005543,Priya Patel,Male,26,O+,9450729394,Hyderabad,Telangana,22-03-2025,No
DNR005544,Neha Iyer,Male,46,O+,8557720073,Thiruvananthapuram,Kerala,26-09-2023,Yes
DNR005545,Neha Iyer,Male,43,O+,7723384182,Visakhapatnam,Andhra Pradesh,01-11-2025,Yes
DNR005546,Rahul Verma,Male,50,O+,7589179570,Jaipur,Rajasthan,26-08-2024,Yes
DNR005547,Rahul Verma,Female,28,A+,8508864315,Kolkata,West Bengal,22-07-2025,Yes
DNR005548,Kunal Desai,Female,47,O+,9618991950,Surat,Gujarat,30-08-2025,Yes
DNR005549,Vikram Singh,Female,18,B+,8819882661,Pune,Maharashtra,19-06-2024,Yes
DNR005550,Rahul Verma,Male,39,O+,8461238628,Surat,Gujarat,01-07-2025,Yes
DNR005551,Sneha Joshi,Male,24,O+,8283899172,Vadodara,Gujarat,13-02-2024,Yes
DNR005552,Vikram Singh,Female,30,O+,8348952604,Chennai,Tamil Nadu,03-05-2025,Yes
DNR005553,Priya Patel,Female,42,O+,8721384290,Nagpur,Maharashtra,30-12-2024,No
DNR005554,Pooja Nair,Female,39,O-,7626774033,Jaipur,Rajasthan,16-09-2023,No
DNR005555,Vikram Singh,Male,43,O+,9639271318,Nagpur,Maharashtra,Never,Yes
DNR005556,Ananya Kapoor,Female,42,O+,9900096361,Nagpur,Maharashtra,23-10-2025,Yes
DNR005557,Rohan Mehta,Male,45,B+,7094273264,Bhopal,Madhya Pradesh,08-11-2020,Yes
DNR005558,Sneha Joshi,Female,44,B+,7569711699,Delhi,Delhi,21-07-2025,Yes
DNR005559,Priya Patel,Female,20,O+,8518929023,Bengaluru,Karnataka,31-07-2023,Yes
DNR005560,Neha Iyer,Female,21,O+,9026562752,Hyderabad,Telangana,01-02-2023,Yes
DNR005561,Priya Patel,Male,39,O+,9576941524,Hyderabad,Telangana,10-07-2022,Yes
DNR005562,Rahul Verma,Male,36,B+,8561573472,Chennai,Tamil Nadu,16-07-2025,Yes
DNR005563,Vikram Singh,Male,19,O+,9550120684,Patna,Bihar,19-12-2022,No
DNR005564,Rahul Verma,Female,24,AB+,7080717731,Delhi,Delhi,28-10-2023,Yes
DNR005565,Ananya Kapoor,Male,20,O+,8605305090,Thiruvananthapuram,Kerala,01-12-2024,Yes
DNR005566,Kunal Desai,Female,25,A+,8891098670,Mohali,Punjab,26-04-2022,Yes
DNR005567,Sneha Joshi,Male,49,O+,9286804084,Visakhapatnam,Andhra Pradesh,29-06-2025,Yes
DNR005568,Rahul Verma,Male,37,B+,8360824280,Gurgaon,Haryana,25-12-2024,Yes
DNR005569,Rohan Mehta,Male,34,O+,7782558402,Hyderabad,Telangana,24-09-2025,No
DNR005570,Ananya Kapoor,Female,18,A+,9919318331,Kolkata,West Bengal,22-08-2025,Yes
DNR005571,Rohan Mehta,Female,44,O+,7260914914,Patna,Bihar,05-06-2025,No
DNR005572,Neha Iyer,Male,31,B+,8329317086,Ahmedabad,Gujarat,Never,Yes
DNR005573,Aarav Sharma,Male,37,A+,8504250427,Pune,Maharashtra,10-05-2025,Yes
DNR005574,Rohan Mehta,Male,32,B+,8478849120,Surat,Gujarat,22-02-2025,Yes
DNR005575,Sneha Joshi,Female,36,A+,8327442668,Surat,Gujarat,28-06-2025,Yes
DNR005576,Neha Iyer,Female,29,O+,7028720128,Visakhapatnam,Andhra Pradesh,30-09-2025,Yes
DNR005577,Kunal Desai,Female,30,AB-,9284799507,Kanpur,Uttar Pradesh,28-01-2025,No
DNR005578,Sneha Joshi,Male,47,O+,8494840340,Nagpur,Maharashtra,03-03-2024,No
DNR005579,Kunal Desai,Female,40,A+,8788243543,Delhi,Delhi,27-06-2024,No
DNR005580,Neha Iyer,Male,36,A+,9911083958,Kolkata,West Bengal,Never,Yes
DNR005581,Pooja Nair,Male,32,O+,8901136434,Surat,Gujarat,15-08-2025,No
DNR005582,Ananya Kapoor,Female,34,O+,8166448412,Gurgaon,Haryana,02-09-2025,No
DNR005583,Kunal Desai,Male,18,AB+,9593181128,Mohali,Punjab,Never,Yes
DNR005584,Rahul Verma,Female,37,B+,9303681446,Bhopal,Madhya Pradesh,12-08-2023,Yes
DNR005585,Rahul Verma,Male,32,O+,9071050056,Jaipur,Rajasthan,13-07-2024,Yes
DNR005586,Vikram Singh,Female,24,B-,7042895727,Bengaluru,Karnataka,26-07-2023,No
DNR005587,Vikram Singh,Female,60,O+,8846813095,Lucknow,Uttar Pradesh,13-10-2023,Yes
DNR005588,Sneha Joshi,Male,28,O+,8221566868,Ahmedabad,Gujarat,13-10-2024,Yes
DNR005589,Sneha Joshi,Male,28,B+,9063650526,Kolkata,West Bengal,05-11-2025,Yes
DNR005590,Vikram Singh,Female,28,B+,8872079725,Visakhapatnam,Andhra Pradesh,11-08-2024,Yes
DNR005591,Neha Iyer,Female,35,O+,8642891109,Kolkata,West Bengal,01-07-2025,No
DNR005592,Sneha Joshi,Female,32,B+,8387096990,Jaipur,Rajasthan,13-09-2024,No
DNR005593,Neha Iyer,Female,18,O+,9548355610,Chennai,Tamil Nadu,25-06-2022,No
DNR005594,Rohan Mehta,Female,32,O+,7836812601,Mohali,Punjab,06-11-2024,No
DNR005595,Neha Iyer,Female,31,O+,9354487835,Delhi,Delhi,02-09-2023,No
DNR005596,Pooja Nair,Male,33,B+,8723715008,Chennai,Tamil Nadu,Never,No
DNR005597,Aarav Sharma,Male,27,O+,8296294754,Lucknow,Uttar Pradesh,17-09-2023,Yes
DNR005598,Neha Iyer,Male,18,AB+,8054429752,Thiruvananthapuram,Kerala,14-07-2022,Yes
DNR005599,Sneha Joshi,Male,37,B+,7407173932,Jaipur,Rajasthan,25-04-2024,Yes
DNR005600,Rahul Verma,Female,21,A+,9190049642,Nagpur,Maharashtra,08-11-2020,Yes
DNR005601,Vikram Singh,Male,30,B+,8727070974,Hyderabad,Telangana,31-08-2025,Yes
DNR005602,Priya Patel,Male,28,O+,9569199539,Thiruvananthapuram,Kerala,29-09-2024,Yes
DNR005603,Vikram Singh,Female,33,O-,7974159582,Chennai,Tamil Nadu,27-10-2025,Yes
DNR005604,Neha Iyer,Female,23,B+,8499420381,Patna,Bihar,11-02-2021,No
DNR005605,Kunal Desai,Male,30,O+,9483359539,Ahmedabad,Gujarat,20-05-2025,No
DNR005606,Rohan Mehta,Female,18,O+,7793350076,Nagpur,Maharashtra,17-10-2025,No
DNR005607,Aarav Sharma,Female,33,A+,7893463095,Bhopal,Madhya Pradesh,26-03-2025,No
DNR005608,Ananya Kapoor,Male,37,B+,9594969284,Lucknow,Uttar Pradesh,30-06-2025,Yes
DNR005609,Neha Iyer,Female,32,O+,7915668515,Thiruvananthapuram,Kerala,09-07-2024,No
DNR005610,Sneha Joshi,Female,33,B+,8499777445,Lucknow,Uttar Pradesh,02-04-2023,No
DNR005611,Priya Patel,Male,51,O+,9272894476,Bhopal,Madhya Pradesh,13-04-2023,No
DNR005612,Kunal Desai,Female,26,B+,7267860643,Thiruvananthapuram,Kerala,04-04-2025,Yes
DNR005613,Priya Patel,Male,37,B+,7486067318,Vadodara,Gujarat,04-02-2024,Yes
DNR005614,Rohan Mehta,Female,36,O+,8382388659,Delhi,Delhi,10-12-2024,No
DNR005615,Rahul Verma,Male,35,O+,8232207837,Mumbai,Maharashtra,25-09-2025,No
DNR005616,Priya Patel,Male,51,O+,7203625970,Hyderabad,Telangana,09-01-2021,Yes
DNR005617,Ananya Kapoor,Male,18,O-,8523341891,Bhopal,Madhya Pradesh,16-07-2025,No
DNR005618,Rahul Verma,Male,19,O+,7438551012,Kanpur,Uttar Pradesh,05-09-2025,Yes
DNR005619,Pooja Nair,Male,36,O+,9922853240,Delhi,Delhi,08-02-2022,Yes
DNR005620,Neha Iyer,Female,32,B+,7105016680,Ahmedabad,Gujarat,16-09-2025,Yes
DNR005621,Sneha Joshi,Female,29,A+,8451398090,Lucknow,Uttar Pradesh,18-06-2023,No
DNR005622,Ananya Kapoor,Female,36,O+,9396535523,Vadodara,Gujarat,28-10-2024,No
DNR005623,Sneha Joshi,Female,18,B+,9887052298,Gurgaon,Haryana,22-12-2022,No
DNR005624,Kunal Desai,Female,47,O+,8899488489,Kanpur,Uttar Pradesh,15-04-2025,No
DNR005625,Aarav Sharma,Male,23,AB-,8483407648,Jaipur,Rajasthan,31-05-2025,Yes
DNR005626,Pooja Nair,Female,21,O+,9122843680,Patna,Bihar,04-11-2025,Yes
DNR005627,Neha Iyer,Female,29,O+,8210577856,Surat,Gujarat,21-08-2025,No
DNR005628,Priya Patel,Female,35,A-,7206561613,Chennai,Tamil Nadu,19-06-2025,No
DNR005629,Rohan Mehta,Female,33,A+,7047800607,Nagpur,Maharashtra,08-11-2020,No
DNR005630,Neha Iyer,Female,41,B+,9748597145,Thiruvananthapuram,Kerala,14-07-2025,No
DNR005631,Rohan Mehta,Female,40,O+,7205958040,Chennai,Tamil Nadu,31-01-2025,Yes
DNR005632,Vikram Singh,Female,18,O-,7871814689,Thiruvananthapuram,Kerala,09-06-2025,Yes
DNR005633,Neha Iyer,Female,45,A-,9334662907,Surat,Gujarat,24-12-2024,Yes
DNR005634,Priya Patel,Female,18,B+,7120590497,Kanpur,Uttar Pradesh,14-03-2024,Yes
DNR005635,Rohan Mehta,Female,20,O+,7121114778,Mohali,Punjab,18-01-2024,Yes
DNR005636,Kunal Desai,Female,29,AB+,7778549243,Chennai,Tamil Nadu,Never,Yes
DNR005637,Rohan Mehta,Female,27,A+,9417891139,Ahmedabad,Gujarat,15-09-2025,No
DNR005638,Priya Patel,Female,38,O+,9187154769,Mohali,Punjab,29-09-2025,No
DNR005639,Kunal Desai,Male,41,O+,8817882205,Vadodara,Gujarat,01-04-2024,Yes
DNR005640,Kunal Desai,Female,39,B+,8849194158,Lucknow,Uttar Pradesh,22-12-2024,No
DNR005641,Ananya Kapoor,Male,28,AB+,8570243772,Visakhapatnam,Andhra Pradesh,04-01-2023,No
DNR005642,Priya Patel,Male,40,O+,8026421585,Gurgaon,Haryana,20-02-2025,Yes
DNR005643,Priya Patel,Male,29,B+,7679972049,Pune,Maharashtra,17-08-2024,No
DNR005644,Sneha Joshi,Male,36,A-,8735886206,Jaipur,Rajasthan,13-11-2024,No
DNR005645,Neha Iyer,Male,42,B-,8723603818,Bengaluru,Karnataka,15-07-2024,Yes
DNR005646,Kunal Desai,Female,43,B+,9298922820,Thiruvananthapuram,Kerala,25-10-2024,Yes
DNR005647,Priya Patel,Male,42,B+,9654280419,Jaipur,Rajasthan,03-01-2025,Yes
DNR005648,Aarav Sharma,Female,37,O+,8029540450,Patna,Bihar,Never,Yes
DNR005649,Priya Patel,Female,29,A+,7731692399,Nagpur,Maharashtra,30-06-2025,No
DNR005650,Sneha Joshi,Male,43,O+,8820343183,Hyderabad,Telangana,23-10-2024,Yes
DNR005651,Kunal Desai,Female,30,B+,8676945532,Surat,Gujarat,18-07-2024,Yes
DNR005652,Aarav Sharma,Male,35,O+,8072844760,Delhi,Delhi,13-10-2025,No
DNR005653,Rohan Mehta,Male,36,AB-,9389053524,Gurgaon,Haryana,08-09-2025,Yes
DNR005654,Pooja Nair,Female,35,O+,9117119207,Chennai,Tamil Nadu,08-11-2020,Yes
DNR005655,Ananya Kapoor,Female,18,A+,8610043365,Chennai,Tamil Nadu,12-04-2025,Yes
DNR005656,Rahul Verma,Female,41,O+,7130547643,Bhopal,Madhya Pradesh,21-03-2025,No
DNR005657,Ananya Kapoor,Male,25,O+,8356211436,Lucknow,Uttar Pradesh,26-10-2022,Yes
DNR005658,Rohan Mehta,Female,28,O+,9761495493,Chennai,Tamil Nadu,07-01-2024,No
DNR005659,Pooja Nair,Male,22,B+,7562251692,Bengaluru,Karnataka,30-10-2025,Yes
DNR005660,Pooja Nair,Male,52,B+,9613543762,Surat,Gujarat,20-06-2024,No
DNR005661,Kunal Desai,Female,33,O+,7689248119,Lucknow,Uttar Pradesh,05-07-2022,No
DNR005662,Neha Iyer,Female,36,O-,9107957314,Nagpur,Maharashtra,04-08-2024,Yes
DNR005663,Neha Iyer,Male,44,B+,7767553598,Kolkata,West Bengal,10-01-2024,Yes
DNR005664,Rohan Mehta,Male,27,B+,7523848675,Bengaluru,Karnataka,11-09-2024,Yes
DNR005665,Neha Iyer,Female,60,B+,7661477620,Mumbai,Maharashtra,19-11-2023,Yes
DNR005666,Kunal Desai,Female,41,A+,8297838129,Ahmedabad,Gujarat,09-04-2025,No
DNR005667,Ananya Kapoor,Male,19,B+,7101305674,Thiruvananthapuram,Kerala,01-05-2024,No
DNR005668,Vikram Singh,Male,44,B+,8701787049,Visakhapatnam,Andhra Pradesh,20-03-2025,No
DNR005669,Ananya Kapoor,Female,45,O+,9468772721,Lucknow,Uttar Pradesh,12-04-2025,Yes
DNR005670,Neha Iyer,Male,31,O+,9335812174,Gurgaon,Haryana,04-10-2023,No
DNR005671,Sneha Joshi,Male,30,B+,9432542046,Bengaluru,Karnataka,15-04-2025,Yes
DNR005672,Aarav Sharma,Male,31,B+,9186011266,Kanpur,Uttar Pradesh,Never,Yes
DNR005673,Aarav Sharma,Male,26,B+,9736925695,Gurgaon,Haryana,30-03-2025,Yes
DNR005674,Kunal Desai,Female,25,A+,7417067206,Mumbai,Maharashtra,25-05-2021,No
DNR005675,Kunal Desai,Female,24,O+,7724166018,Kanpur,Uttar Pradesh,18-08-2025,No
DNR005676,Vikram Singh,Other,32,A+,7920897666,Nagpur,Maharashtra,21-07-2025,Yes
DNR005677,Vikram Singh,Female,45,O+,8093091461,Jaipur,Rajasthan,07-11-2025,No
DNR005678,Rahul Verma,Female,30,A+,8203128862,Chennai,Tamil Nadu,04-07-2025,Yes
DNR005679,Rohan Mehta,Male,30,O+,8777493453,Chennai,Tamil Nadu,12-11-2023,Yes
DNR005680,Rohan Mehta,Female,25,O+,8576354773,Mumbai,Maharashtra,27-01-2021,No
DNR005681,Vikram Singh,Male,34,O+,9314037017,Bhopal,Madhya Pradesh,30-08-2025,No
DNR005682,Aarav Sharma,Male,54,A+,7604950611,Kolkata,West Bengal,08-04-2025,Yes
DNR005683,Sneha Joshi,Male,45,A+,8271686569,Jaipur,Rajasthan,22-06-2025,No
DNR005684,Rohan Mehta,Female,32,B+,7105566762,Jaipur,Rajasthan,08-12-2024,No
DNR005685,Rahul Verma,Male,23,A+,8520635175,Surat,Gujarat,Never,Yes
DNR005686,Kunal Desai,Male,37,O-,8026310909,Chennai,Tamil Nadu,12-05-2025,Yes
DNR005687,Kunal Desai,Male,50,O+,8775503868,Ahmedabad,Gujarat,04-09-2025,Yes
DNR005688,Kunal Desai,Male,18,O+,7656898262,Chennai,Tamil Nadu,25-11-2024,Yes
DNR005689,Vikram Singh,Female,39,O+,9040089513,Lucknow,Uttar Pradesh,19-08-2023,No
DNR005690,Vikram Singh,Male,49,A+,8799994910,Hyderabad,Telangana,18-12-2024,No
DNR005691,Aarav Sharma,Male,27,A+,7382703050,Nagpur,Maharashtra,27-10-2025,Yes
DNR005692,Kunal Desai,Male,47,O+,9544774305,Kanpur,Uttar Pradesh,12-01-2025,No
DNR005693,Vikram Singh,Male,29,B+,7741391193,Chennai,Tamil Nadu,16-08-2022,No
DNR005694,Aarav Sharma,Male,53,A+,7034935084,Nagpur,Maharashtra,16-09-2023,Yes
DNR005695,Rahul Verma,Female,34,B+,9156251058,Lucknow,Uttar Pradesh,20-03-2024,No
DNR005696,Aarav Sharma,Other,46,O+,8123358408,Hyderabad,Telangana,19-05-2024,Yes
DNR005697,Kunal Desai,Female,29,B+,9667279510,Chennai,Tamil Nadu,17-08-2025,No
DNR005698,Priya Patel,Male,51,O+,7243758836,Delhi,Delhi,04-04-2025,No
DNR005699,Kunal Desai,Female,34,O+,7413083924,Vadodara,Gujarat,26-02-2023,Yes
DNR005700,Vikram Singh,Female,38,A+,9125141191,Thiruvananthapuram,Kerala,03-04-2024,No
DNR005701,Rahul Verma,Female,46,B+,9169978770,Bhopal,Madhya Pradesh,01-06-2025,Yes
DNR005702,Pooja Nair,Male,29,A+,8326154845,Gurgaon,Haryana,04-05-2024,Yes
DNR005703,Rahul Verma,Female,40,B+,8507016816,Pune,Maharashtra,18-08-2023,No
DNR005704,Aarav Sharma,Female,46,B+,8713644462,Lucknow,Uttar Pradesh,23-10-2024,Yes
DNR005705,Vikram Singh,Female,37,A+,9041588900,Patna,Bihar,21-01-2025,Yes
DNR005706,Priya Patel,Male,40,O+,8451618117,Bengaluru,Karnataka,02-11-2025,No
DNR005707,Pooja Nair,Female,45,O+,9952918074,Patna,Bihar,07-05-2025,Yes
DNR005708,Ananya Kapoor,Female,34,A+,7566104507,Mohali,Punjab,20-09-2024,No
DNR005709,Ananya Kapoor,Male,48,B+,8550093155,Kanpur,Uttar Pradesh,10-10-2025,No
DNR005710,Priya Patel,Male,25,O-,8495405527,Thiruvananthapuram,Kerala,16-09-2024,No
DNR005711,Kunal Desai,Male,32,O+,8939182843,Vadodara,Gujarat,30-08-2025,Yes
DNR005712,Aarav Sharma,Male,63,B+,9368498608,Surat,Gujarat,09-10-2025,Yes
DNR005713,Kunal Desai,Female,40,O+,7969167650,Vadodara,Gujarat,10-09-2025,No
DNR005714,Rohan Mehta,Female,27,A+,9015990322,Gurgaon,Haryana,01-08-2025,Yes
DNR005715,Ananya Kapoor,Male,42,B+,7827042594,Kanpur,Uttar Pradesh,Never,Yes
DNR005716,Rohan Mehta,Female,39,B+,9296877855,Thiruvananthapuram,Kerala,04-06-2022,Yes
DNR005717,Vikram Singh,Female,42,B+,8239511080,Bhopal,Madhya Pradesh,08-11-2020,Yes
DNR005718,Neha Iyer,Male,29,A+,9571022888,Mohali,Punjab,03-07-2021,No
DNR005719,Vikram Singh,Female,29,A+,8982524506,Chennai,Tamil Nadu,03-04-2023,No
DNR005720,Pooja Nair,Male,41,B+,8791535334,Kanpur,Uttar Pradesh,19-08-2025,Yes
DNR005721,Aarav Sharma,Male,21,O-,8401791092,Delhi,Delhi,04-08-2025,No
DNR005722,Vikram Singh,Female,52,B+,9291558839,Bengaluru,Karnataka,10-08-2025,No
DNR005723,Vikram Singh,Male,28,O+,7442160802,Patna,Bihar,20-07-2024,No
DNR005724,Rahul Verma,Other,36,AB-,9225104116,Jaipur,Rajasthan,16-10-2025,Yes
DNR005725,Pooja Nair,Female,39,B+,9275603421,Hyderabad,Telangana,11-07-2023,Yes
DNR005726,Pooja Nair,Male,40,AB-,7340685045,Nagpur,Maharashtra,19-05-2024,Yes
DNR005727,Ananya Kapoor,Male,26,O+,8193802998,Visakhapatnam,Andhra Pradesh,30-07-2025,Yes
DNR005728,Vikram Singh,Male,28,A-,9398215272,Visakhapatnam,Andhra Pradesh,07-05-2022,Yes
DNR005729,Rohan Mehta,Male,21,O+,8382869055,Bhopal,Madhya Pradesh,16-03-2025,Yes
DNR005730,Ananya Kapoor,Male,30,O+,9501657149,Gurgaon,Haryana,20-01-2023,Yes
DNR005731,Ananya Kapoor,Male,36,A+,8602613295,Patna,Bihar,15-10-2024,Yes
DNR005732,Ananya Kapoor,Female,20,O+,8777015824,Gurgaon,Haryana,03-10-2023,No
DNR005733,Ananya Kapoor,Male,49,O+,7587677749,Nagpur,Maharashtra,28-02-2025,Yes
DNR005734,Vikram Singh,Male,24,O+,9656142616,Pune,Maharashtra,02-06-2022,Yes
DNR005735,Rahul Verma,Female,37,A+,9062245448,Mohali,Punjab,29-09-2025,No
DNR005736,Priya Patel,Male,34,O-,7422235114,Lucknow,Uttar Pradesh,05-04-2025,Yes
DNR005737,Ananya Kapoor,Male,25,A+,9135421472,Gurgaon,Haryana,28-10-2025,Yes
DNR005738,Aarav Sharma,Male,23,AB+,9400666512,Thiruvananthapuram,Kerala,24-01-2024,No
DNR005739,Rohan Mehta,Female,24,B+,7824145396,Lucknow,Uttar Pradesh,10-10-2025,Yes
DNR005740,Sneha Joshi,Male,48,A-,8694681633,Thiruvananthapuram,Kerala,02-11-2024,No
DNR005741,Pooja Nair,Male,45,A+,9198657216,Jaipur,Rajasthan,15-07-2025,No
DNR005742,Sneha Joshi,Male,41,B+,7589294123,Kanpur,Uttar Pradesh,06-04-2022,No
DNR005743,Pooja Nair,Female,23,B+,9668282364,Delhi,Delhi,03-09-2025,Yes
DNR005744,Vikram Singh,Female,19,O+,9973660008,Kolkata,West Bengal,01-11-2024,Yes
DNR005745,Kunal Desai,Male,35,O+,8764497206,Bhopal,Madhya Pradesh,14-11-2024,Yes
DNR005746,Neha Iyer,Male,45,O+,8872067346,Kanpur,Uttar Pradesh,04-01-2025,Yes
DNR005747,Rohan Mehta,Female,28,B+,9304068324,Mumbai,Maharashtra,26-07-2025,Yes
DNR005748,Pooja Nair,Other,22,O+,9020816392,Vadodara,Gujarat,24-05-2022,Yes
DNR005749,Sneha Joshi,Female,24,O+,7079747552,Ahmedabad,Gujarat,21-09-2021,No
DNR005750,Pooja Nair,Male,27,A+,9934760126,Thiruvananthapuram,Kerala,13-05-2024,Yes
DNR005751,Rohan Mehta,Female,35,O-,8093596826,Mohali,Punjab,27-04-2024,No
DNR005752,Aarav Sharma,Male,31,O+,7652990261,Hyderabad,Telangana,22-06-2025,Yes
DNR005753,Aarav Sharma,Female,33,A+,9649755102,Vadodara,Gujarat,16-09-2021,No
DNR005754,Sneha Joshi,Male,44,B+,9427839884,Lucknow,Uttar Pradesh,25-05-2025,No
DNR005755,Rahul Verma,Female,40,O+,8007513639,Bhopal,Madhya Pradesh,22-08-2024,Yes
DNR005756,Pooja Nair,Other,35,AB+,8983447364,Mohali,Punjab,15-09-2025,Yes
DNR005757,Vikram Singh,Female,38,O+,8040870260,Lucknow,Uttar Pradesh,08-09-2022,Yes
DNR005758,Neha Iyer,Female,39,A+,8063590947,Ahmedabad,Gujarat,22-08-2024,Yes
DNR005759,Ananya Kapoor,Female,36,B+,7837679807,Patna,Bihar,29-08-2025,Yes
DNR005760,Priya Patel,Male,51,B+,8064084727,Ahmedabad,Gujarat,26-11-2024,No
DNR005761,Pooja Nair,Female,40,O+,8539963327,Chennai,Tamil Nadu,06-10-2024,No
DNR005762,Aarav Sharma,Male,24,O+,7096649990,Kanpur,Uttar Pradesh,27-03-2025,Yes
DNR005763,Rohan Mehta,Female,39,B+,7613977263,Surat,Gujarat,16-10-2021,Yes
DNR005764,Neha Iyer,Male,44,A+,9071753705,Bengaluru,Karnataka,11-05-2025,Yes
DNR005765,Sneha Joshi,Male,44,A+,7589947531,Mumbai,Maharashtra,20-02-2024,Yes
DNR005766,Vikram Singh,Female,25,B-,9098488009,Bengaluru,Karnataka,30-03-2025,No
DNR005767,Aarav Sharma,Female,26,O+,9618689817,Kolkata,West Bengal,20-07-2025,No
DNR005768,Pooja Nair,Male,40,B+,8041730819,Delhi,Delhi,19-12-2022,Yes
DNR005769,Sneha Joshi,Female,40,A+,7308649644,Hyderabad,Telangana,03-02-2025,No
DNR005770,Neha Iyer,Female,31,O+,9667284035,Chennai,Tamil Nadu,10-02-2023,No
DNR005771,Rohan Mehta,Female,38,A+,9297602945,Pune,Maharashtra,02-07-2025,Yes
DNR005772,Pooja Nair,Male,31,O+,9363318363,Visakhapatnam,Andhra Pradesh,16-03-2025,Yes
DNR005773,Kunal Desai,Male,32,A+,9968142666,Gurgaon,Haryana,10-02-2025,No
DNR005774,Pooja Nair,Female,44,B+,7864291354,Kolkata,West Bengal,29-06-2023,Yes
DNR005775,Sneha Joshi,Female,39,B+,9411772239,Ahmedabad,Gujarat,09-10-2025,No
DNR005776,Vikram Singh,Female,37,B+,9588641967,Chennai,Tamil Nadu,11-06-2024,No
DNR005777,Kunal Desai,Female,39,O+,7995169217,Surat,Gujarat,22-03-2024,No
DNR005778,Pooja Nair,Female,40,O+,9374832841,Surat,Gujarat,Never,Yes
DNR005779,Pooja Nair,Male,30,O+,8962446540,Hyderabad,Telangana,25-08-2021,Yes
DNR005780,Sneha Joshi,Male,19,B+,9863844299,Gurgaon,Haryana,14-09-2025,Yes
DNR005781,Priya Patel,Female,38,A+,7413608291,Kanpur,Uttar Pradesh,19-05-2025,No
DNR005782,Priya Patel,Female,35,A+,8766424230,Thiruvananthapuram,Kerala,20-08-2025,No
DNR005783,Pooja Nair,Male,44,B+,9691140231,Patna,Bihar,17-07-2023,No
DNR005784,Rahul Verma,Female,42,O-,8115742731,Surat,Gujarat,20-12-2024,No
DNR005785,Sneha Joshi,Male,51,O+,7328157255,Mumbai,Maharashtra,27-10-2023,Yes
DNR005786,Ananya Kapoor,Female,18,B+,8422124128,Chennai,Tamil Nadu,26-10-2025,No
DNR005787,Rahul Verma,Female,27,B+,8907885815,Vadodara,Gujarat,01-12-2021,Yes
DNR005788,Pooja Nair,Other,40,AB+,9677000901,Lucknow,Uttar Pradesh,06-04-2025,Yes
DNR005789,Rahul Verma,Female,43,AB+,7880375083,Bhopal,Madhya Pradesh,19-10-2025,Yes
DNR005790,Sneha Joshi,Female,18,A+,8562645224,Lucknow,Uttar Pradesh,01-06-2025,No
DNR005791,Rohan Mehta,Male,25,A+,9644485476,Kolkata,West Bengal,26-07-2025,Yes
DNR005792,Aarav Sharma,Male,48,B+,9494545629,Bengaluru,Karnataka,09-12-2021,Yes
DNR005793,Kunal Desai,Female,30,O+,7078816190,Nagpur,Maharashtra,31-10-2023,Yes
DNR005794,Rohan Mehta,Male,32,A-,7957803213,Bhopal,Madhya Pradesh,19-08-2025,Yes
DNR005795,Rohan Mehta,Female,43,B+,7226340981,Mohali,Punjab,10-02-2025,Yes
DNR005796,Neha Iyer,Female,38,B+,9657935381,Pune,Maharashtra,09-10-2025,No
DNR005797,Rahul Verma,Male,43,B+,8491582199,Pune,Maharashtra,21-06-2025,Yes
DNR005798,Neha Iyer,Male,29,A+,8981328709,Gurgaon,Haryana,18-03-2025,Yes
DNR005799,Pooja Nair,Female,18,B+,9680933463,Kanpur,Uttar Pradesh,23-02-2025,No
DNR005800,Rahul Verma,Female,32,O+,7230614649,Gurgaon,Haryana,03-06-2025,Yes
DNR005801,Sneha Joshi,Male,23,O+,9487447239,Pune,Maharashtra,12-11-2021,Yes
DNR005802,Aarav Sharma,Female,37,O+,8731202845,Surat,Gujarat,28-08-2022,No
DNR005803,Sneha Joshi,Female,44,O+,8619786208,Delhi,Delhi,28-02-2024,Yes
DNR005804,Aarav Sharma,Male,24,A-,8387946002,Chennai,Tamil Nadu,22-02-2025,Yes
DNR005805,Priya Patel,Female,18,O+,7315233260,Chennai,Tamil Nadu,28-07-2025,No
DNR005806,Aarav Sharma,Male,28,B+,7948264608,Bhopal,Madhya Pradesh,05-10-2025,Yes
DNR005807,Rohan Mehta,Male,33,B+,8013469660,Kolkata,West Bengal,10-06-2024,No
DNR005808,Rohan Mehta,Female,22,O+,8310208327,Hyderabad,Telangana,13-03-2024,No
DNR005809,Rahul Verma,Female,34,A+,8769077572,Delhi,Delhi,01-08-2025,No
DNR005810,Rohan Mehta,Female,35,O+,9856094979,Mohali,Punjab,03-02-2023,No
DNR005811,Sneha Joshi,Female,29,O+,9713788610,Kolkata,West Bengal,21-04-2024,Yes
DNR005812,Rohan Mehta,Male,45,O+,8537703699,Pune,Maharashtra,Never,Yes
DNR005813,Ananya Kapoor,Male,26,B+,9899763964,Hyderabad,Telangana,03-11-2025,Yes
DNR005814,Rohan Mehta,Male,33,B+,7204098667,Visakhapatnam,Andhra Pradesh,14-02-2023,No
DNR005815,Pooja Nair,Female,37,A+,7444014717,Chennai,Tamil Nadu,22-08-2025,No
DNR005816,Priya Patel,Male,25,O+,9456499860,Chennai,Tamil Nadu,28-06-2022,No
DNR005817,Pooja Nair,Male,19,O+,8870190967,Visakhapatnam,Andhra Pradesh,09-08-2025,No
DNR005818,Vikram Singh,Male,28,O+,7898853151,Mumbai,Maharashtra,15-07-2025,Yes
DNR005819,Sneha Joshi,Male,38,B+,7828762789,Hyderabad,Telangana,25-11-2024,Yes
DNR005820,Priya Patel,Female,33,O+,8198544027,Mumbai,Maharashtra,21-04-2025,No
DNR005821,Rohan Mehta,Female,35,O+,9877569869,Bengaluru,Karnataka,03-07-2025,No
DNR005822,Rahul Verma,Male,38,A+,7918638921,Nagpur,Maharashtra,31-10-2021,Yes
DNR005823,Rohan Mehta,Female,18,O+,7937988558,Bengaluru,Karnataka,17-06-2025,Yes
DNR005824,Priya Patel,Male,48,B+,7682549173,Bengaluru,Karnataka,08-11-2023,Yes
DNR005825,Priya Patel,Female,18,O+,8370469547,Thiruvananthapuram,Kerala,10-04-2021,No
DNR005826,Sneha Joshi,Female,41,O-,8781703583,Kanpur,Uttar Pradesh,27-04-2023,Yes
DNR005827,Neha Iyer,Male,24,O+,9143003851,Delhi,Delhi,14-04-2023,Yes
DNR005828,Sneha Joshi,Male,37,O+,7425893009,Chennai,Tamil Nadu,08-07-2023,Yes
DNR005829,Rahul Verma,Female,22,O+,7995622078,Hyderabad,Telangana,07-01-2025,Yes
DNR005830,Priya Patel,Male,36,B+,8867197821,Chennai,Tamil Nadu,13-08-2024,Yes
DNR005831,Vikram Singh,Female,58,B+,9789279701,Delhi,Delhi,12-05-2025,No
DNR005832,Aarav Sharma,Female,31,A+,9114619134,Mohali,Punjab,09-10-2023,Yes
DNR005833,Priya Patel,Female,39,B+,9724504593,Bengaluru,Karnataka,07-09-2025,Yes
DNR005834,Ananya Kapoor,Male,31,A+,9639989291,Jaipur,Rajasthan,23-09-2025,Yes
DNR005835,Aarav Sharma,Male,18,O+,7470657803,Vadodara,Gujarat,19-05-2023,No
DNR005836,Rahul Verma,Female,31,AB+,8542324956,Gurgaon,Haryana,26-09-2025,Yes
DNR005837,Priya Patel,Female,21,B+,8869353450,Bengaluru,Karnataka,10-12-2023,No
DNR005838,Rohan Mehta,Female,40,A+,7566708110,Jaipur,Rajasthan,23-10-2023,Yes
DNR005839,Priya Patel,Male,35,A+,7992751718,Mumbai,Maharashtra,21-12-2024,Yes
DNR005840,Rahul Verma,Female,42,O+,7550998397,Thiruvananthapuram,Kerala,Never,No
DNR005841,Kunal Desai,Female,32,A+,7746428137,Visakhapatnam,Andhra Pradesh,18-06-2025,No
DNR005842,Priya Patel,Female,23,O+,8705803177,Kanpur,Uttar Pradesh,13-11-2024,No
DNR005843,Rahul Verma,Female,39,O+,7165720511,Patna,Bihar,04-09-2025,Yes
DNR005844,Pooja Nair,Male,39,B+,7860097212,Delhi,Delhi,25-04-2024,Yes
DNR005845,Aarav Sharma,Male,41,A+,9080675770,Chennai,Tamil Nadu,30-09-2025,Yes
DNR005846,Rohan Mehta,Female,25,O+,7211779608,Kanpur,Uttar Pradesh,15-05-2024,No
DNR005847,Ananya Kapoor,Female,43,O+,8332266652,Kolkata,West Bengal,27-02-2025,No
DNR005848,Rohan Mehta,Male,40,B-,8017869507,Gurgaon,Haryana,13-04-2024,Yes
DNR005849,Neha Iyer,Female,43,A+,8759527551,Bhopal,Madhya Pradesh,28-11-2023,No
DNR005850,Aarav Sharma,Female,47,O+,7208777888,Delhi,Delhi,11-09-2025,Yes
DNR005851,Ananya Kapoor,Female,27,B+,7164208929,Ahmedabad,Gujarat,25-11-2024,Yes
DNR005852,Ananya Kapoor,Female,30,B+,9824346094,Mohali,Punjab,13-06-2025,No
DNR005853,Rohan Mehta,Male,41,O-,8791197041,Kanpur,Uttar Pradesh,26-09-2025,No
DNR005854,Ananya Kapoor,Male,24,B+,7399101804,Pune,Maharashtra,26-06-2024,Yes
DNR005855,Neha Iyer,Female,36,O+,8217480139,Thiruvananthapuram,Kerala,Never,No
DNR005856,Priya Patel,Female,38,O+,8050801731,Mumbai,Maharashtra,04-04-2024,No
DNR005857,Sneha Joshi,Male,28,B+,7547809453,Ahmedabad,Gujarat,Never,Yes
DNR005858,Vikram Singh,Male,42,O+,7044204147,Mumbai,Maharashtra,19-07-2023,Yes
DNR005859,Aarav Sharma,Female,44,O+,9438111813,Chennai,Tamil Nadu,07-06-2025,Yes
DNR005860,Ananya Kapoor,Male,18,A+,7176103625,Hyderabad,Telangana,05-12-2021,Yes
DNR005861,Ananya Kapoor,Female,40,B+,7043287465,Bhopal,Madhya Pradesh,27-08-2025,No
DNR005862,Rahul Verma,Male,41,A+,9144602721,Jaipur,Rajasthan,14-05-2024,Yes
DNR005863,Rohan Mehta,Female,33,B+,8653265370,Surat,Gujarat,05-06-2024,Yes
DNR005864,Kunal Desai,Male,35,O+,7509827688,Surat,Gujarat,23-02-2024,No
DNR005865,Kunal Desai,Male,26,O+,7145063889,Visakhapatnam,Andhra Pradesh,15-05-2025,Yes
DNR005866,Neha Iyer,Male,39,AB+,7371484905,Pune,Maharashtra,23-01-2024,Yes
DNR005867,Kunal Desai,Male,28,O+,8626686626,Ahmedabad,Gujarat,Never,Yes
DNR005868,Aarav Sharma,Female,27,A-,8359799495,Pune,Maharashtra,27-08-2025,Yes
DNR005869,Priya Patel,Male,34,A+,9395560499,Surat,Gujarat,22-03-2025,Yes
DNR005870,Rahul Verma,Female,36,O+,8504879437,Hyderabad,Telangana,05-02-2021,Yes
DNR005871,Priya Patel,Female,39,O+,9805253170,Visakhapatnam,Andhra Pradesh,Never,No
DNR005872,Sneha Joshi,Male,22,B-,8758606057,Vadodara,Gujarat,13-09-2025,No
DNR005873,Rohan Mehta,Male,39,B+,8960583177,Mohali,Punjab,09-12-2024,No
DNR005874,Rohan Mehta,Female,34,A-,7931513234,Delhi,Delhi,22-02-2024,Yes
DNR005875,Neha Iyer,Male,18,B+,9753112276,Pune,Maharashtra,30-03-2021,Yes
DNR005876,Rahul Verma,Female,32,B+,8086531372,Chennai,Tamil Nadu,17-04-2025,Yes
DNR005877,Rahul Verma,Female,41,AB+,9679061855,Surat,Gujarat,06-02-2025,No
DNR005878,Vikram Singh,Female,43,B+,8796014537,Mohali,Punjab,04-03-2024,No
DNR005879,Aarav Sharma,Female,30,A+,8245774051,Thiruvananthapuram,Kerala,27-05-2024,Yes
DNR005880,Priya Patel,Male,36,A+,9437143970,Lucknow,Uttar Pradesh,19-08-2024,Yes
DNR005881,Sneha Joshi,Female,32,A-,7178808344,Ahmedabad,Gujarat,01-08-2024,Yes
DNR005882,Ananya Kapoor,Female,24,B+,7528023090,Bhopal,Madhya Pradesh,20-07-2025,Yes
DNR005883,Vikram Singh,Male,32,O+,9032956718,Nagpur,Maharashtra,30-08-2024,Yes
DNR005884,Pooja Nair,Male,50,B+,8323236765,Thiruvananthapuram,Kerala,17-02-2024,Yes
DNR005885,Ananya Kapoor,Female,40,A+,9974279348,Vadodara,Gujarat,05-12-2022,Yes
DNR005886,Priya Patel,Male,42,O-,9312135880,Nagpur,Maharashtra,16-06-2024,Yes
DNR005887,Aarav Sharma,Female,19,A+,9723833848,Ahmedabad,Gujarat,15-05-2025,No
DNR005888,Kunal Desai,Male,18,O+,8194399600,Bhopal,Madhya Pradesh,11-08-2025,No
DNR005889,Priya Patel,Male,20,O+,9630175624,Pune,Maharashtra,29-03-2022,No
DNR005890,Sneha Joshi,Female,39,B+,7045110862,Bengaluru,Karnataka,29-03-2024,No
DNR005891,Rahul Verma,Female,54,B+,7678810347,Hyderabad,Telangana,23-07-2025,Yes
DNR005892,Neha Iyer,Male,31,B+,9461509261,Thiruvananthapuram,Kerala,25-10-2025,Yes
DNR005893,Aarav Sharma,Male,18,O+,7231603938,Visakhapatnam,Andhra Pradesh,11-08-2025,Yes
DNR005894,Rohan Mehta,Male,35,A+,9269698211,Delhi,Delhi,18-12-2024,Yes
DNR005895,Neha Iyer,Male,23,O+,9703459135,Ahmedabad,Gujarat,26-09-2024,Yes
DNR005896,Rahul Verma,Male,35,A+,9915019124,Lucknow,Uttar Pradesh,01-11-2025,Yes
DNR005897,Sneha Joshi,Male,27,B+,7676012701,Chennai,Tamil Nadu,15-09-2025,Yes
DNR005898,Kunal Desai,Female,45,A+,8358416190,Kolkata,West Bengal,20-05-2025,No
DNR005899,Pooja Nair,Female,35,AB+,7723365213,Gurgaon,Haryana,18-06-2025,Yes
DNR005900,Priya Patel,Male,45,B+,7131346946,Bhopal,Madhya Pradesh,25-03-2024,Yes
DNR005901,Priya Patel,Female,29,B+,8529878495,Ahmedabad,Gujarat,10-04-2024,No
DNR005902,Pooja Nair,Male,18,O+,9622285752,Thiruvananthapuram,Kerala,02-09-2025,Yes
DNR005903,Rohan Mehta,Female,33,O+,8557611919,Thiruvananthapuram,Kerala,05-11-2024,Yes
DNR005904,Pooja Nair,Female,41,B+,9439463443,Patna,Bihar,25-10-2021,No
DNR005905,Rohan Mehta,Female,39,B+,8675346795,Patna,Bihar,24-11-2023,Yes
DNR005906,Ananya Kapoor,Female,37,O+,8981635386,Kolkata,West Bengal,25-10-2025,No
DNR005907,Ananya Kapoor,Female,22,A+,9343795411,Jaipur,Rajasthan,28-08-2024,Yes
DNR005908,Ananya Kapoor,Female,34,A+,8189836065,Hyderabad,Telangana,19-06-2025,Yes
DNR005909,Ananya Kapoor,Male,29,A+,9514345889,Patna,Bihar,02-02-2023,Yes
DNR005910,Rahul Verma,Female,40,O+,8413278883,Jaipur,Rajasthan,19-04-2025,No
DNR005911,Neha Iyer,Female,18,B+,7042453868,Patna,Bihar,13-08-2025,No
DNR005912,Sneha Joshi,Female,21,A+,8906657809,Vadodara,Gujarat,17-09-2025,Yes
DNR005913,Rahul Verma,Male,25,B+,9235677846,Patna,Bihar,06-07-2023,Yes
DNR005914,Kunal Desai,Male,29,A+,7873056958,Hyderabad,Telangana,09-07-2023,Yes
DNR005915,Aarav Sharma,Female,26,O+,8859173535,Visakhapatnam,Andhra Pradesh,22-06-2025,No
DNR005916,Pooja Nair,Female,31,O+,7874053992,Bengaluru,Karnataka,07-11-2025,Yes
DNR005917,Kunal Desai,Male,30,O+,8266620353,Bengaluru,Karnataka,16-03-2025,Yes
DNR005918,Kunal Desai,Male,29,B+,8339684594,Delhi,Delhi,06-07-2024,Yes
DNR005919,Vikram Singh,Female,29,B+,8222050718,Delhi,Delhi,14-05-2025,Yes
DNR005920,Vikram Singh,Male,37,B+,8563482968,Nagpur,Maharashtra,Never,No
DNR005921,Sneha Joshi,Male,35,O+,8159995124,Bhopal,Madhya Pradesh,24-05-2023,Yes
DNR005922,Rohan Mehta,Female,41,B+,9300959843,Kolkata,West Bengal,11-09-2025,Yes
DNR005923,Rahul Verma,Male,36,A+,9659544905,Thiruvananthapuram,Kerala,14-08-2021,Yes
DNR005924,Rahul Verma,Male,38,A+,8584529433,Surat,Gujarat,04-02-2025,Yes
DNR005925,Kunal Desai,Male,18,O+,8053435237,Jaipur,Rajasthan,28-06-2024,Yes
DNR005926,Rahul Verma,Female,44,B+,8584665882,Visakhapatnam,Andhra Pradesh,17-10-2021,No
DNR005927,Rahul Verma,Female,35,A+,8469287828,Delhi,Delhi,12-05-2024,No
DNR005928,Priya Patel,Male,34,B+,7647140067,Gurgaon,Haryana,23-08-2025,Yes
DNR005929,Vikram Singh,Male,31,O+,7764400866,Ahmedabad,Gujarat,08-11-2020,Yes
DNR005930,Priya Patel,Female,28,B+,9208616335,Kanpur,Uttar Pradesh,06-11-2025,No
DNR005931,Neha Iyer,Male,34,O+,8591366358,Gurgaon,Haryana,26-09-2024,Yes
DNR005932,Aarav Sharma,Female,36,AB+,8923166839,Lucknow,Uttar Pradesh,27-10-2025,No
DNR005933,Kunal Desai,Male,26,B+,7966559525,Pune,Maharashtra,23-06-2025,Yes
DNR005934,Kunal Desai,Male,45,AB-,8389484893,Visakhapatnam,Andhra Pradesh,20-09-2024,Yes
DNR005935,Sneha Joshi,Male,40,O+,9377349679,Bengaluru,Karnataka,02-06-2025,Yes
DNR005936,Vikram Singh,Male,19,B+,8154792039,Patna,Bihar,17-10-2024,Yes
DNR005937,Vikram Singh,Female,47,O-,8939840335,Kolkata,West Bengal,06-12-2024,No
DNR005938,Ananya Kapoor,Female,33,O+,7668946960,Chennai,Tamil Nadu,27-04-2023,Yes
DNR005939,Neha Iyer,Male,26,A+,7569751718,Bhopal,Madhya Pradesh,20-12-2024,Yes
DNR005940,Aarav Sharma,Female,28,A+,7887696803,Surat,Gujarat,07-09-2025,No
DNR005941,Kunal Desai,Female,24,A+,7796511977,Kanpur,Uttar Pradesh,Never,Yes
DNR005942,Neha Iyer,Male,41,O+,8695645186,Patna,Bihar,02-11-2025,Yes
DNR005943,Vikram Singh,Male,18,B+,7091545957,Vadodara,Gujarat,26-02-2024,Yes
DNR005944,Priya Patel,Male,45,A-,9718256396,Pune,Maharashtra,20-10-2021,Yes
DNR005945,Priya Patel,Male,45,B+,7990154180,Chennai,Tamil Nadu,05-10-2024,Yes
DNR005946,Priya Patel,Male,38,O+,7525794576,Bengaluru,Karnataka,Never,Yes
DNR005947,Pooja Nair,Male,44,O+,8513592250,Mohali,Punjab,04-02-2025,No
DNR005948,Sneha Joshi,Male,44,AB-,7212222556,Hyderabad,Telangana,15-06-2025,Yes
DNR005949,Vikram Singh,Male,40,O+,7028604585,Bengaluru,Karnataka,09-11-2022,Yes
DNR005950,Priya Patel,Male,30,O+,9640086289,Thiruvananthapuram,Kerala,05-07-2024,Yes
DNR005951,Priya Patel,Female,29,O+,7480510220,Mohali,Punjab,15-04-2024,No
DNR005952,Sneha Joshi,Male,32,B+,8939858084,Thiruvananthapuram,Kerala,Never,Yes
DNR005953,Pooja Nair,Male,35,O+,7263833853,Surat,Gujarat,07-05-2021,Yes
DNR005954,Neha Iyer,Male,39,B+,7289724166,Chennai,Tamil Nadu,30-08-2025,No
DNR005955,Pooja Nair,Male,37,A+,9971158654,Mumbai,Maharashtra,02-09-2023,Yes
DNR005956,Kunal Desai,Female,27,A+,9135130977,Gurgaon,Haryana,08-10-2025,No
DNR005957,Priya Patel,Male,28,O+,9274322142,Gurgaon,Haryana,01-06-2022,Yes
DNR005958,Neha Iyer,Other,33,B+,8157028675,Jaipur,Rajasthan,08-07-2024,Yes
DNR005959,Priya Patel,Female,25,O+,7892462483,Thiruvananthapuram,Kerala,28-03-2023,No
DNR005960,Pooja Nair,Male,25,B+,8509719818,Bengaluru,Karnataka,24-07-2025,Yes
DNR005961,Vikram Singh,Other,25,B+,7134906393,Mumbai,Maharashtra,02-11-2025,Yes
DNR005962,Priya Patel,Female,20,B+,9181122521,Kolkata,West Bengal,02-03-2025,No
DNR005963,Kunal Desai,Male,44,B+,9433277989,Delhi,Delhi,18-10-2025,No
DNR005964,Rohan Mehta,Female,20,B+,8284628114,Hyderabad,Telangana,20-09-2025,Yes
DNR005965,Rohan Mehta,Male,31,O+,9751425015,Visakhapatnam,Andhra Pradesh,03-06-2025,Yes
DNR005966,Neha Iyer,Male,51,A+,8663160375,Chennai,Tamil Nadu,Never,No
DNR005967,Rahul Verma,Female,30,O+,8534056032,Kanpur,Uttar Pradesh,04-10-2024,No
DNR005968,Neha Iyer,Male,35,O+,7761117428,Bhopal,Madhya Pradesh,29-03-2024,Yes
DNR005969,Rohan Mehta,Female,39,O+,7890245971,Jaipur,Rajasthan,08-01-2023,No
DNR005970,Ananya Kapoor,Female,34,O+,7384904755,Ahmedabad,Gujarat,11-03-2024,No
DNR005971,Neha Iyer,Male,27,B+,8091374151,Chennai,Tamil Nadu,06-08-2025,Yes
DNR005972,Neha Iyer,Male,32,A+,8916875703,Nagpur,Maharashtra,29-11-2024,No
DNR005973,Rahul Verma,Male,28,O+,9842357204,Patna,Bihar,23-09-2024,Yes
DNR005974,Sneha Joshi,Female,35,O+,8289759694,Delhi,Delhi,27-01-2021,Yes
DNR005975,Rohan Mehta,Male,20,O+,7176110124,Mohali,Punjab,07-01-2025,Yes
DNR005976,Ananya Kapoor,Female,37,O+,9917118376,Visakhapatnam,Andhra Pradesh,10-12-2023,Yes
DNR005977,Pooja Nair,Female,18,O+,7981691514,Visakhapatnam,Andhra Pradesh,20-09-2025,No
DNR005978,Priya Patel,Male,32,B+,7371410113,Nagpur,Maharashtra,19-09-2025,Yes
DNR005979,Aarav Sharma,Female,50,O+,7315744754,Surat,Gujarat,Never,Yes
DNR005980,Aarav Sharma,Male,20,B+,9203450197,Kolkata,West Bengal,18-01-2025,Yes
DNR005981,Vikram Singh,Female,43,O+,8704410965,Delhi,Delhi,08-11-2020,No
DNR005982,Kunal Desai,Female,36,B+,9096671659,Jaipur,Rajasthan,04-10-2025,Yes
DNR005983,Ananya Kapoor,Female,29,B+,8774578248,Hyderabad,Telangana,14-11-2021,No
DNR005984,Pooja Nair,Male,29,B+,8805763536,Hyderabad,Telangana,14-08-2025,Yes
DNR005985,Neha Iyer,Female,45,O+,7745373485,Mohali,Punjab,16-01-2022,No
DNR005986,Pooja Nair,Female,20,O+,9755569518,Gurgaon,Haryana,19-02-2021,Yes
DNR005987,Vikram Singh,Male,46,B+,7256018536,Thiruvananthapuram,Kerala,30-04-2024,No
DNR005988,Kunal Desai,Female,46,B+,9962013813,Delhi,Delhi,05-11-2021,No
DNR005989,Rohan Mehta,Male,34,O+,7350597235,Patna,Bihar,30-08-2021,Yes
DNR005990,Sneha Joshi,Female,25,B+,8304514991,Pune,Maharashtra,22-03-2025,No
DNR005991,Kunal Desai,Female,41,A+,8862954829,Pune,Maharashtra,19-07-2024,No
DNR005992,Aarav Sharma,Female,22,A+,9975411769,Patna,Bihar,11-03-2025,No
DNR005993,Ananya Kapoor,Male,33,B+,9699143407,Lucknow,Uttar Pradesh,24-08-2025,Yes
DNR005994,Pooja Nair,Other,29,A+,9780526335,Delhi,Delhi,27-07-2024,No
DNR005995,Pooja Nair,Female,41,A+,9895917158,Bhopal,Madhya Pradesh,08-07-2022,No
DNR005996,Rohan Mehta,Female,45,O+,9026184407,Surat,Gujarat,07-10-2025,Yes
DNR005997,Aarav Sharma,Male,23,O+,7870435448,Kolkata,West Bengal,19-10-2025,Yes
DNR005998,Ananya Kapoor,Female,18,A+,8560052291,Kanpur,Uttar Pradesh,07-12-2023,Yes
DNR005999,Sneha Joshi,Male,25,O+,9081927361,Vadodara,Gujarat,21-10-2025,No
DNR006000,Kunal Desai,Female,31,A+,7962846592,Gurgaon,Haryana,06-11-2025,No
DNR006001,Rahul Verma,Male,25,O+,9014121277,Vadodara,Gujarat,25-06-2025,Yes
DNR006002,Vikram Singh,Male,20,O+,7986623133,Visakhapatnam,Andhra Pradesh,04-10-2021,No
DNR006003,Sneha Joshi,Male,47,O+,8971032752,Bengaluru,Karnataka,08-10-2025,No
DNR006004,Neha Iyer,Female,35,B+,9612628347,Kanpur,Uttar Pradesh,15-04-2025,Yes
DNR006005,Rahul Verma,Female,47,O+,9444419736,Jaipur,Rajasthan,10-07-2025,Yes
DNR006006,Ananya Kapoor,Male,40,O+,7344028328,Jaipur,Rajasthan,07-11-2025,Yes
DNR006007,Pooja Nair,Male,37,B+,8679255548,Chennai,Tamil Nadu,29-10-2024,Yes
DNR006008,Ananya Kapoor,Male,18,O+,8967594836,Gurgaon,Haryana,31-07-2024,Yes
DNR006009,Ananya Kapoor,Female,42,O+,9396887598,Bengaluru,Karnataka,Never,Yes
DNR006010,Vikram Singh,Female,18,B+,9309544956,Vadodara,Gujarat,11-10-2025,No
DNR006011,Priya Patel,Female,40,O+,9379831187,Bengaluru,Karnataka,24-10-2025,No
DNR006012,Ananya Kapoor,Male,43,A+,8853222798,Patna,Bihar,18-10-2025,No
DNR006013,Sneha Joshi,Male,26,A+,9129712253,Hyderabad,Telangana,07-08-2025,Yes
DNR006014,Neha Iyer,Male,27,O+,7764765758,Kolkata,West Bengal,12-07-2025,Yes
DNR006015,Aarav Sharma,Female,26,O-,8374751889,Delhi,Delhi,25-05-2025,Yes
DNR006016,Priya Patel,Male,39,O+,9641726300,Mumbai,Maharashtra,03-11-2025,Yes
DNR006017,Sneha Joshi,Male,37,O+,9892275462,Kanpur,Uttar Pradesh,24-02-2025,Yes
DNR006018,Rahul Verma,Male,23,O+,8298622237,Pune,Maharashtra,08-11-2020,Yes
DNR006019,Aarav Sharma,Male,21,A+,7145121144,Chennai,Tamil Nadu,13-08-2024,Yes
DNR006020,Sneha Joshi,Male,30,A+,8288347909,Gurgaon,Haryana,08-11-2020,Yes
DNR006021,Rahul Verma,Male,29,A+,9119912723,Delhi,Delhi,26-07-2024,Yes
DNR006022,Neha Iyer,Female,30,B+,8766066813,Patna,Bihar,22-07-2025,Yes
DNR006023,Priya Patel,Female,30,A+,9046332382,Hyderabad,Telangana,04-06-2025,No
DNR006024,Ananya Kapoor,Female,37,O+,9387346735,Kolkata,West Bengal,31-10-2025,No
DNR006025,Rahul Verma,Female,36,B+,8374115085,Thiruvananthapuram,Kerala,23-03-2025,Yes
DNR006026,Priya Patel,Male,33,O+,7079762403,Vadodara,Gujarat,11-02-2025,Yes
DNR006027,Vikram Singh,Female,30,O+,7352131324,Delhi,Delhi,18-04-2025,Yes
DNR006028,Priya Patel,Female,37,B+,8208781460,Mumbai,Maharashtra,03-07-2024,Yes
DNR006029,Kunal Desai,Male,27,AB+,9574069471,Ahmedabad,Gujarat,25-10-2025,No
DNR006030,Ananya Kapoor,Male,55,O+,9918949623,Mumbai,Maharashtra,19-02-2025,Yes
DNR006031,Neha Iyer,Female,37,O+,9207208650,Gurgaon,Haryana,08-05-2025,Yes
DNR006032,Neha Iyer,Male,33,O+,8607278435,Mohali,Punjab,21-11-2023,No
DNR006033,Kunal Desai,Female,30,B+,7270702627,Surat,Gujarat,10-04-2025,Yes
DNR006034,Rohan Mehta,Other,21,B+,9866923597,Kanpur,Uttar Pradesh,22-07-2024,No
DNR006035,Vikram Singh,Female,44,O+,9411993457,Bengaluru,Karnataka,06-05-2024,No
DNR006036,Vikram Singh,Female,40,O+,7323819357,Hyderabad,Telangana,11-04-2025,No
DNR006037,Kunal Desai,Female,43,AB-,8872746483,Lucknow,Uttar Pradesh,08-11-2020,Yes
DNR006038,Ananya Kapoor,Female,34,A+,8588014749,Lucknow,Uttar Pradesh,21-01-2023,Yes
DNR006039,Vikram Singh,Male,31,O+,9283605048,Hyderabad,Telangana,08-12-2024,Yes
DNR006040,Priya Patel,Male,26,B+,8570493505,Thiruvananthapuram,Kerala,03-04-2025,Yes
DNR006041,Neha Iyer,Male,45,B+,8910506350,Kolkata,West Bengal,28-06-2024,Yes
DNR006042,Vikram Singh,Female,36,A+,7577221007,Visakhapatnam,Andhra Pradesh,21-08-2025,No
DNR006043,Vikram Singh,Female,31,B+,7703669536,Mumbai,Maharashtra,21-03-2025,No
DNR006044,Sneha Joshi,Male,47,A+,7691037361,Vadodara,Gujarat,15-04-2023,Yes
DNR006045,Rahul Verma,Male,18,O+,7663763088,Gurgaon,Haryana,15-03-2023,Yes
DNR006046,Neha Iyer,Male,33,O+,8427129624,Hyderabad,Telangana,11-03-2023,Yes
DNR006047,Neha Iyer,Female,19,A-,8178288510,Mumbai,Maharashtra,01-12-2023,No
DNR006048,Neha Iyer,Male,28,B+,9895772031,Mohali,Punjab,19-01-2025,Yes
DNR006049,Priya Patel,Male,30,B+,8842577118,Delhi,Delhi,06-03-2024,Yes
DNR006050,Rahul Verma,Male,18,O-,7445352630,Vadodara,Gujarat,13-10-2021,No
DNR006051,Sneha Joshi,Male,29,B+,7281326847,Nagpur,Maharashtra,16-09-2024,No
DNR006052,Ananya Kapoor,Female,26,O-,7794952757,Vadodara,Gujarat,20-02-2025,No
DNR006053,Vikram Singh,Male,55,A+,7779299549,Chennai,Tamil Nadu,29-01-2024,Yes
DNR006054,Rahul Verma,Female,34,O+,7833078852,Delhi,Delhi,17-03-2025,Yes
DNR006055,Sneha Joshi,Female,25,O+,8626850932,Ahmedabad,Gujarat,30-10-2025,Yes
DNR006056,Neha Iyer,Male,51,O+,8344375997,Lucknow,Uttar Pradesh,30-10-2025,Yes
DNR006057,Vikram Singh,Female,49,B+,9150215576,Nagpur,Maharashtra,11-08-2025,No
DNR006058,Rahul Verma,Male,33,A+,7804613530,Delhi,Delhi,26-03-2024,Yes
DNR006059,Priya Patel,Female,22,O-,8793235355,Ahmedabad,Gujarat,28-05-2025,Yes
DNR006060,Kunal Desai,Female,25,O+,8480974381,Pune,Maharashtra,20-06-2025,Yes
DNR006061,Neha Iyer,Female,41,A+,8981197347,Vadodara,Gujarat,08-05-2024,No
DNR006062,Vikram Singh,Male,18,B+,8824596411,Pune,Maharashtra,15-06-2025,Yes
DNR006063,Vikram Singh,Male,23,B+,8163531506,Hyderabad,Telangana,29-12-2024,Yes
DNR006064,Aarav Sharma,Male,34,O+,7619568673,Gurgaon,Haryana,Never,No
DNR006065,Neha Iyer,Female,38,A+,7656389144,Thiruvananthapuram,Kerala,30-06-2025,No
DNR006066,Pooja Nair,Male,29,B-,8690121938,Mumbai,Maharashtra,01-09-2025,No
DNR006067,Priya Patel,Male,42,B+,8052936517,Mohali,Punjab,Never,Yes
DNR006068,Vikram Singh,Female,38,O-,7168222813,Jaipur,Rajasthan,27-10-2024,No
DNR006069,Vikram Singh,Male,29,A+,8057439812,Visakhapatnam,Andhra Pradesh,10-05-2023,Yes
DNR006070,Sneha Joshi,Female,28,B+,9595651603,Hyderabad,Telangana,04-05-2025,No
DNR006071,Sneha Joshi,Male,31,O+,7520089474,Mumbai,Maharashtra,15-06-2025,Yes
DNR006072,Kunal Desai,Female,38,B+,9026887882,Hyderabad,Telangana,30-04-2025,No
DNR006073,Vikram Singh,Male,49,B+,9400862266,Patna,Bihar,02-12-2023,Yes
DNR006074,Neha Iyer,Female,31,O+,8303268837,Kolkata,West Bengal,26-05-2025,No
DNR006075,Priya Patel,Male,42,O+,7650670268,Mohali,Punjab,13-10-2025,Yes
DNR006076,Pooja Nair,Male,45,O-,8488530550,Nagpur,Maharashtra,17-03-2025,Yes
DNR006077,Pooja Nair,Male,42,O+,8278432621,Pune,Maharashtra,19-06-2023,Yes
DNR006078,Kunal Desai,Male,40,B+,8836060171,Visakhapatnam,Andhra Pradesh,22-09-2025,Yes
DNR006079,Rahul Verma,Female,39,O+,9995000153,Gurgaon,Haryana,28-07-2025,Yes
DNR006080,Priya Patel,Male,32,B+,9230921647,Mohali,Punjab,13-02-2023,Yes
DNR006081,Rahul Verma,Female,47,O+,8286621435,Kolkata,West Bengal,Never,Yes
DNR006082,Pooja Nair,Male,22,O+,9856163395,Ahmedabad,Gujarat,12-05-2023,Yes
DNR006083,Neha Iyer,Female,18,O+,9634261649,Gurgaon,Haryana,18-06-2022,No
DNR006084,Priya Patel,Male,30,B+,9504053592,Bhopal,Madhya Pradesh,21-09-2024,No
DNR006085,Vikram Singh,Female,48,O+,7352641229,Thiruvananthapuram,Kerala,Never,Yes
DNR006086,Neha Iyer,Female,31,B+,8026227664,Thiruvananthapuram,Kerala,10-01-2025,No
DNR006087,Kunal Desai,Male,36,A+,9952472712,Mumbai,Maharashtra,09-09-2025,Yes
DNR006088,Rahul Verma,Female,30,B+,9175453921,Vadodara,Gujarat,07-06-2025,Yes
DNR006089,Aarav Sharma,Male,39,B-,8281040679,Visakhapatnam,Andhra Pradesh,Never,Yes
DNR006090,Aarav Sharma,Male,47,O+,9461908549,Surat,Gujarat,05-07-2023,Yes
DNR006091,Neha Iyer,Female,38,O+,9156762143,Gurgaon,Haryana,16-01-2025,Yes
DNR006092,Rohan Mehta,Male,24,O+,7224564209,Mohali,Punjab,15-04-2025,Yes
DNR006093,Aarav Sharma,Male,29,O+,7046212611,Pune,Maharashtra,08-11-2020,Yes
DNR006094,Vikram Singh,Female,32,O+,7018422372,Delhi,Delhi,26-06-2022,Yes
DNR006095,Kunal Desai,Male,37,O+,9753665405,Mumbai,Maharashtra,14-09-2025,Yes
DNR006096,Kunal Desai,Male,34,O+,7312420472,Jaipur,Rajasthan,18-07-2024,Yes
DNR006097,Rahul Verma,Female,39,B+,8181319920,Patna,Bihar,29-07-2025,Yes
DNR006098,Sneha Joshi,Female,34,A+,9994196431,Hyderabad,Telangana,15-04-2025,Yes
DNR006099,Vikram Singh,Female,25,B+,8584552418,Jaipur,Rajasthan,11-09-2021,Yes
DNR006100,Aarav Sharma,Male,30,B-,7727300088,Bhopal,Madhya Pradesh,03-03-2025,Yes
DNR006101,Rahul Verma,Female,38,A+,8887831559,Chennai,Tamil Nadu,11-09-2025,Yes
DNR006102,Rohan Mehta,Female,51,O+,8522135941,Gurgaon,Haryana,12-04-2025,Yes
DNR006103,Kunal Desai,Female,21,A+,7424496048,Mumbai,Maharashtra,Never,No
DNR006104,Ananya Kapoor,Female,36,B+,8325190399,Pune,Maharashtra,25-05-2025,Yes
DNR006105,Rohan Mehta,Female,30,B+,7024847496,Gurgaon,Haryana,29-12-2023,Yes
DNR006106,Neha Iyer,Male,46,A-,8688856709,Ahmedabad,Gujarat,04-05-2021,No
DNR006107,Priya Patel,Male,41,B+,8460507016,Pune,Maharashtra,25-07-2022,Yes
DNR006108,Kunal Desai,Female,39,O+,7488620864,Hyderabad,Telangana,22-08-2024,Yes
DNR006109,Pooja Nair,Female,20,B+,7849379269,Chennai,Tamil Nadu,10-06-2024,Yes
DNR006110,Rahul Verma,Female,39,A+,7368454859,Nagpur,Maharashtra,17-03-2023,Yes
DNR006111,Neha Iyer,Female,35,B+,8895896937,Mohali,Punjab,31-03-2022,Yes
DNR006112,Priya Patel,Female,36,O+,7687736442,Hyderabad,Telangana,26-06-2025,Yes
DNR006113,Aarav Sharma,Male,30,AB+,7529573602,Gurgaon,Haryana,12-05-2022,Yes
DNR006114,Ananya Kapoor,Female,40,A+,7017585724,Gurgaon,Haryana,08-08-2025,No
DNR006115,Pooja Nair,Male,33,B+,7309914610,Patna,Bihar,26-04-2024,No
DNR006116,Aarav Sharma,Male,38,O+,8180252070,Jaipur,Rajasthan,08-11-2020,No
DNR006117,Vikram Singh,Male,38,O+,9408647492,Chennai,Tamil Nadu,Never,Yes
DNR006118,Rahul Verma,Male,28,O+,9067110262,Mohali,Punjab,02-10-2025,No
DNR006119,Rahul Verma,Male,31,B+,9652311155,Mumbai,Maharashtra,26-07-2022,Yes
DNR006120,Aarav Sharma,Male,31,B+,7692320460,Kolkata,West Bengal,16-10-2022,Yes
DNR006121,Neha Iyer,Male,19,AB+,8382507670,Patna,Bihar,24-05-2025,Yes
DNR006122,Aarav Sharma,Male,43,O+,8652953104,Bengaluru,Karnataka,23-08-2025,Yes
DNR006123,Kunal Desai,Male,55,B+,7085450657,Kanpur,Uttar Pradesh,05-10-2025,Yes
DNR006124,Rohan Mehta,Female,31,O+,8243151985,Mumbai,Maharashtra,23-02-2024,Yes
DNR006125,Priya Patel,Male,51,O+,7581030852,Thiruvananthapuram,Kerala,17-12-2021,Yes
DNR006126,Priya Patel,Male,27,O+,7085419541,Thiruvananthapuram,Kerala,02-05-2025,Yes
DNR006127,Neha Iyer,Male,38,B+,9622313418,Kolkata,West Bengal,24-02-2024,Yes
DNR006128,Aarav Sharma,Male,37,B+,7461472153,Pune,Maharashtra,31-10-2024,Yes
DNR006129,Kunal Desai,Male,38,O+,9992932974,Nagpur,Maharashtra,Never,Yes
DNR006130,Priya Patel,Male,18,O-,8452413053,Surat,Gujarat,30-07-2025,Yes
DNR006131,Kunal Desai,Female,42,O-,8481753414,Patna,Bihar,02-09-2025,No
DNR006132,Rahul Verma,Female,26,O+,7284828805,Delhi,Delhi,18-06-2025,No
DNR006133,Neha Iyer,Male,36,O+,7203580430,Delhi,Delhi,08-11-2020,Yes
DNR006134,Rohan Mehta,Female,24,O+,9544514481,Delhi,Delhi,05-02-2025,Yes
DNR006135,Rahul Verma,Male,24,B+,7785514918,Visakhapatnam,Andhra Pradesh,08-04-2024,Yes
DNR006136,Ananya Kapoor,Female,36,B+,9526869025,Lucknow,Uttar Pradesh,21-10-2025,Yes
DNR006137,Priya Patel,Male,36,O+,7874696735,Surat,Gujarat,26-04-2025,Yes
DNR006138,Pooja Nair,Female,27,B+,9048793282,Bhopal,Madhya Pradesh,11-09-2025,No
DNR006139,Priya Patel,Male,47,O+,9972415006,Bengaluru,Karnataka,05-11-2025,Yes
DNR006140,Ananya Kapoor,Female,31,B+,7081775906,Nagpur,Maharashtra,10-04-2025,Yes
DNR006141,Aarav Sharma,Male,41,O+,7286542512,Bhopal,Madhya Pradesh,08-10-2025,No
DNR006142,Sneha Joshi,Female,27,O+,7386274876,Vadodara,Gujarat,07-06-2023,Yes
DNR006143,Pooja Nair,Female,25,O+,7462562235,Nagpur,Maharashtra,13-09-2024,Yes
DNR006144,Pooja Nair,Female,29,O+,9827624722,Gurgaon,Haryana,20-03-2025,No
DNR006145,Rahul Verma,Male,36,O+,8920543035,Lucknow,Uttar Pradesh,09-07-2025,No
DNR006146,Priya Patel,Male,38,O+,8663774328,Mohali,Punjab,13-06-2025,Yes
DNR006147,Neha Iyer,Male,25,B+,9160902862,Mumbai,Maharashtra,27-06-2021,No
DNR006148,Vikram Singh,Male,26,B+,7654283222,Chennai,Tamil Nadu,04-05-2024,Yes
DNR006149,Neha Iyer,Male,20,A+,9267710722,Hyderabad,Telangana,11-06-2024,Yes
DNR006150,Aarav Sharma,Female,47,B+,7995289443,Pune,Maharashtra,02-05-2021,Yes
DNR006151,Rahul Verma,Female,44,O+,7759231306,Mohali,Punjab,21-08-2025,No
DNR006152,Rohan Mehta,Male,43,B+,7626143846,Lucknow,Uttar Pradesh,12-08-2024,Yes
DNR006153,Vikram Singh,Male,46,O+,7213129310,Bhopal,Madhya Pradesh,07-05-2024,Yes
DNR006154,Kunal Desai,Male,24,B+,9622547033,Pune,Maharashtra,28-06-2025,Yes
DNR006155,Pooja Nair,Male,45,O-,7123116226,Bhopal,Madhya Pradesh,31-08-2024,Yes
DNR006156,Sneha Joshi,Female,43,O+,7323802015,Vadodara,Gujarat,05-09-2022,Yes
DNR006157,Pooja Nair,Male,27,B+,8638718398,Visakhapatnam,Andhra Pradesh,28-10-2025,Yes
DNR006158,Rahul Verma,Female,38,O-,9150104410,Vadodara,Gujarat,27-09-2025,Yes
DNR006159,Sneha Joshi,Male,30,B+,7012970667,Visakhapatnam,Andhra Pradesh,11-02-2024,No
DNR006160,Vikram Singh,Male,25,A+,8435027280,Patna,Bihar,05-05-2025,No
DNR006161,Sneha Joshi,Male,33,B+,7121408903,Nagpur,Maharashtra,06-09-2021,Yes
DNR006162,Neha Iyer,Female,29,B+,8522198534,Visakhapatnam,Andhra Pradesh,28-06-2025,No
DNR006163,Ananya Kapoor,Male,45,B+,9544336666,Visakhapatnam,Andhra Pradesh,22-08-2025,No
DNR006164,Aarav Sharma,Female,29,A+,9872639432,Chennai,Tamil Nadu,23-12-2021,No
DNR006165,Aarav Sharma,Male,52,O-,7836899624,Surat,Gujarat,Never,Yes
DNR006166,Rahul Verma,Male,45,AB+,9677748078,Kolkata,West Bengal,03-12-2024,Yes
DNR006167,Ananya Kapoor,Male,43,B+,8896801462,Lucknow,Uttar Pradesh,23-08-2024,Yes
DNR006168,Vikram Singh,Female,47,O+,8478276086,Ahmedabad,Gujarat,08-11-2020,Yes
DNR006169,Aarav Sharma,Male,42,A-,7737203441,Mumbai,Maharashtra,16-01-2024,Yes
DNR006170,Aarav Sharma,Female,18,O+,9958652218,Gurgaon,Haryana,03-10-2025,No
DNR006171,Kunal Desai,Female,25,B+,7042600883,Surat,Gujarat,07-10-2024,No
DNR006172,Pooja Nair,Female,27,B+,7718776305,Mohali,Punjab,06-12-2024,No
DNR006173,Kunal Desai,Female,35,A-,9052928491,Patna,Bihar,30-05-2025,Yes
DNR006174,Pooja Nair,Male,37,B+,8216106542,Pune,Maharashtra,01-02-2022,Yes
DNR006175,Rohan Mehta,Female,36,O+,8984065478,Ahmedabad,Gujarat,27-08-2025,No
DNR006176,Priya Patel,Female,18,O+,8567773468,Kanpur,Uttar Pradesh,16-10-2025,Yes
DNR006177,Ananya Kapoor,Male,19,A+,9246061305,Thiruvananthapuram,Kerala,08-11-2020,Yes
DNR006178,Ananya Kapoor,Female,48,O+,9330956871,Jaipur,Rajasthan,02-04-2024,Yes
DNR006179,Pooja Nair,Female,38,A+,9822205843,Bengaluru,Karnataka,21-10-2025,Yes
DNR006180,Sneha Joshi,Male,32,B-,7012973678,Kolkata,West Bengal,22-10-2024,No
DNR006181,Rohan Mehta,Male,20,A+,8239169072,Kolkata,West Bengal,01-08-2025,Yes
DNR006182,Aarav Sharma,Male,29,O+,9075315431,Nagpur,Maharashtra,19-04-2025,Yes
DNR006183,Vikram Singh,Female,38,O+,9918266629,Mumbai,Maharashtra,Never,Yes
DNR006184,Kunal Desai,Male,25,O+,7180602831,Visakhapatnam,Andhra Pradesh,04-04-2024,Yes
DNR006185,Neha Iyer,Female,25,B+,9807759290,Kanpur,Uttar Pradesh,26-11-2021,No
DNR006186,Rohan Mehta,Female,20,O+,9664615032,Mohali,Punjab,09-02-2025,No
DNR006187,Priya Patel,Female,25,O+,8850759524,Mumbai,Maharashtra,27-09-2023,Yes
DNR006188,Sneha Joshi,Female,26,O+,9035702683,Lucknow,Uttar Pradesh,29-09-2025,No
DNR006189,Rahul Verma,Female,32,O+,7437468695,Gurgaon,Haryana,07-08-2025,No
DNR006190,Priya Patel,Female,38,A+,9025472512,Nagpur,Maharashtra,03-04-2022,Yes
DNR006191,Rohan Mehta,Male,45,B+,7042024492,Kolkata,West Bengal,24-07-2024,Yes
DNR006192,Rohan Mehta,Male,38,A+,8842555150,Jaipur,Rajasthan,17-07-2025,Yes
DNR006193,Ananya Kapoor,Male,25,A-,7004486015,Hyderabad,Telangana,08-09-2024,No
DNR006194,Vikram Singh,Male,30,O+,8721575479,Chennai,Tamil Nadu,27-07-2024,Yes
DNR006195,Rohan Mehta,Female,21,B+,9371309738,Bengaluru,Karnataka,27-10-2024,No
DNR006196,Rohan Mehta,Male,46,A+,7775797806,Jaipur,Rajasthan,23-07-2025,No
DNR006197,Ananya Kapoor,Male,27,O+,8251785115,Jaipur,Rajasthan,23-08-2025,Yes
DNR006198,Neha Iyer,Male,42,B+,9780494018,Chennai,Tamil Nadu,16-10-2025,No
DNR006199,Rohan Mehta,Female,31,B+,9716003976,Pune,Maharashtra,28-07-2024,Yes
DNR006200,Priya Patel,Female,36,B+,9800282651,Pune,Maharashtra,17-10-2025,Yes
DNR006201,Rohan Mehta,Male,41,O-,8993963009,Surat,Gujarat,22-12-2024,Yes
DNR006202,Aarav Sharma,Male,27,O+,7744286246,Pune,Maharashtra,13-10-2024,Yes
DNR006203,Vikram Singh,Female,55,AB+,9818107973,Nagpur,Maharashtra,08-11-2020,No
DNR006204,Rohan Mehta,Female,18,B+,9165326816,Kanpur,Uttar Pradesh,08-11-2020,No
DNR006205,Pooja Nair,Female,30,AB-,8372554855,Gurgaon,Haryana,Never,No
DNR006206,Ananya Kapoor,Male,34,A+,7017116579,Hyderabad,Telangana,15-06-2025,Yes
DNR006207,Vikram Singh,Male,18,A+,7541068259,Mohali,Punjab,17-06-2024,Yes
DNR006208,Rahul Verma,Female,26,B+,7056751386,Nagpur,Maharashtra,17-04-2024,Yes
DNR006209,Pooja Nair,Male,50,B+,9341089041,Chennai,Tamil Nadu,19-12-2021,Yes
DNR006210,Pooja Nair,Male,48,O+,7615867050,Bhopal,Madhya Pradesh,04-12-2023,Yes
DNR006211,Rahul Verma,Other,42,B+,8353386191,Bengaluru,Karnataka,21-11-2023,Yes
DNR006212,Neha Iyer,Female,25,B+,8444302382,Hyderabad,Telangana,10-04-2025,Yes
DNR006213,Ananya Kapoor,Female,23,O+,8781468594,Bengaluru,Karnataka,04-02-2025,No
DNR006214,Vikram Singh,Male,43,O+,9179092847,Patna,Bihar,30-06-2025,Yes
DNR006215,Neha Iyer,Male,33,A+,8637372725,Surat,Gujarat,19-08-2021,Yes
DNR006216,Kunal Desai,Female,18,O+,8188802450,Hyderabad,Telangana,05-11-2025,No
DNR006217,Aarav Sharma,Female,30,A+,8118566547,Delhi,Delhi,17-02-2025,Yes
DNR006218,Sneha Joshi,Male,49,A+,9205072570,Ahmedabad,Gujarat,28-02-2025,Yes
DNR006219,Rahul Verma,Male,46,O+,8876763915,Thiruvananthapuram,Kerala,13-07-2025,Yes
DNR006220,Pooja Nair,Female,43,AB+,8252334212,Thiruvananthapuram,Kerala,04-07-2025,No
DNR006221,Rohan Mehta,Female,21,A+,7626562944,Mohali,Punjab,01-09-2024,No
DNR006222,Vikram Singh,Male,33,B+,9944839903,Thiruvananthapuram,Kerala,24-01-2025,No
DNR006223,Kunal Desai,Male,30,B+,8174453006,Gurgaon,Haryana,12-11-2024,Yes
DNR006224,Ananya Kapoor,Male,21,AB+,9204944380,Lucknow,Uttar Pradesh,08-11-2022,No
DNR006225,Sneha Joshi,Female,18,B+,7852670185,Delhi,Delhi,Never,Yes
DNR006226,Vikram Singh,Female,28,B+,9101160454,Mumbai,Maharashtra,20-08-2024,No
DNR006227,Vikram Singh,Male,44,A+,9336999042,Delhi,Delhi,30-03-2025,Yes
DNR006228,Aarav Sharma,Female,38,O+,8419717627,Patna,Bihar,26-03-2023,Yes
DNR006229,Kunal Desai,Female,25,O-,8982845903,Nagpur,Maharashtra,01-09-2025,Yes
DNR006230,Rohan Mehta,Female,27,A+,7590140148,Chennai,Tamil Nadu,12-07-2025,No
DNR006231,Aarav Sharma,Female,18,B+,8541116604,Vadodara,Gujarat,14-06-2024,Yes
DNR006232,Ananya Kapoor,Female,29,A+,8278646779,Vadodara,Gujarat,25-05-2025,Yes
DNR006233,Rahul Verma,Male,30,A+,7279423698,Kolkata,West Bengal,08-11-2020,Yes
DNR006234,Neha Iyer,Female,36,B+,9969936103,Thiruvananthapuram,Kerala,27-08-2022,No
DNR006235,Vikram Singh,Male,33,O+,8978340633,Surat,Gujarat,07-11-2025,Yes
DNR006236,Neha Iyer,Male,58,A+,8298833703,Gurgaon,Haryana,24-03-2025,No
DNR006237,Ananya Kapoor,Female,33,B+,8015438726,Surat,Gujarat,13-04-2025,Yes
DNR006238,Rohan Mehta,Male,44,O+,7488499266,Bhopal,Madhya Pradesh,26-09-2025,Yes
DNR006239,Priya Patel,Male,27,B+,8483289050,Pune,Maharashtra,01-09-2025,Yes
DNR006240,Sneha Joshi,Female,34,O+,7419423453,Kanpur,Uttar Pradesh,08-11-2020,Yes
DNR006241,Kunal Desai,Male,25,B+,8154696639,Vadodara,Gujarat,12-09-2025,Yes
DNR006242,Sneha Joshi,Female,28,O+,7203448794,Pune,Maharashtra,30-04-2021,Yes
DNR006243,Aarav Sharma,Male,32,O+,7875583995,Delhi,Delhi,10-03-2025,No
DNR006244,Rohan Mehta,Female,28,B+,9088284603,Delhi,Delhi,26-09-2023,Yes
DNR006245,Kunal Desai,Female,38,B+,8232893049,Delhi,Delhi,11-07-2023,Yes
DNR006246,Priya Patel,Male,18,O+,8613302595,Kolkata,West Bengal,09-09-2025,Yes
DNR006247,Ananya Kapoor,Male,27,O+,7263362424,Delhi,Delhi,27-07-2021,No
DNR006248,Pooja Nair,Female,65,B+,9773464930,Delhi,Delhi,28-11-2024,No
DNR006249,Vikram Singh,Male,38,O+,9918628485,Surat,Gujarat,02-10-2023,Yes
DNR006250,Pooja Nair,Female,37,O+,8327832409,Mohali,Punjab,07-08-2023,Yes
DNR006251,Sneha Joshi,Female,30,A+,9953457717,Chennai,Tamil Nadu,27-04-2025,No
DNR006252,Rohan Mehta,Female,27,A+,8409117593,Mohali,Punjab,Never,No
DNR006253,Rahul Verma,Female,37,O+,7611122739,Jaipur,Rajasthan,05-01-2025,Yes
DNR006254,Neha Iyer,Male,36,O+,8363825994,Kolkata,West Bengal,10-01-2025,Yes
DNR006255,Ananya Kapoor,Female,37,A+,9555085756,Delhi,Delhi,28-04-2024,No
DNR006256,Kunal Desai,Female,48,O-,9490136989,Ahmedabad,Gujarat,26-05-2021,Yes
DNR006257,Aarav Sharma,Male,26,B+,7889415677,Kanpur,Uttar Pradesh,14-03-2022,Yes
DNR006258,Vikram Singh,Female,23,A+,8664080277,Patna,Bihar,24-07-2025,No
DNR006259,Rohan Mehta,Female,42,B+,8641841997,Hyderabad,Telangana,03-09-2022,Yes
DNR006260,Rohan Mehta,Male,32,O+,9427972085,Mumbai,Maharashtra,24-12-2024,Yes
DNR006261,Rahul Verma,Male,55,O+,8583959235,Chennai,Tamil Nadu,03-02-2023,Yes
DNR006262,Sneha Joshi,Male,36,B+,7127374698,Delhi,Delhi,17-02-2025,No
DNR006263,Neha Iyer,Male,45,O+,7512946557,Bhopal,Madhya Pradesh,26-03-2022,Yes
DNR006264,Rahul Verma,Female,33,A+,8203353517,Chennai,Tamil Nadu,10-10-2025,Yes
DNR006265,Neha Iyer,Female,46,A+,8842200736,Mohali,Punjab,25-11-2024,No
DNR006266,Pooja Nair,Female,57,AB+,7140108769,Patna,Bihar,15-08-2025,No
DNR006267,Neha Iyer,Female,33,O+,9059417899,Kanpur,Uttar Pradesh,30-06-2025,No
DNR006268,Rohan Mehta,Male,34,O+,9983929600,Bengaluru,Karnataka,05-04-2024,Yes
DNR006269,Vikram Singh,Male,31,O+,9140541531,Ahmedabad,Gujarat,27-09-2025,Yes
DNR006270,Neha Iyer,Male,48,O+,9717331040,Visakhapatnam,Andhra Pradesh,11-09-2023,No
DNR006271,Rahul Verma,Male,27,B+,9847643315,Bhopal,Madhya Pradesh,30-11-2024,Yes
DNR006272,Kunal Desai,Female,36,O+,9803433408,Mumbai,Maharashtra,24-06-2025,No
DNR006273,Priya Patel,Female,29,B+,8477457058,Visakhapatnam,Andhra Pradesh,15-12-2024,Yes
DNR006274,Rahul Verma,Male,38,O+,7547485543,Chennai,Tamil Nadu,31-10-2023,Yes
DNR006275,Aarav Sharma,Female,34,B+,8420911490,Chennai,Tamil Nadu,11-11-2023,Yes
DNR006276,Priya Patel,Male,21,B+,7421694813,Surat,Gujarat,25-05-2025,Yes
DNR006277,Ananya Kapoor,Male,45,O+,7562318133,Bhopal,Madhya Pradesh,12-05-2025,Yes
DNR006278,Neha Iyer,Female,48,B+,7508211942,Lucknow,Uttar Pradesh,Never,Yes
DNR006279,Neha Iyer,Female,35,A+,7366118495,Thiruvananthapuram,Kerala,30-08-2025,Yes
DNR006280,Neha Iyer,Female,41,O+,9503687134,Lucknow,Uttar Pradesh,21-02-2025,No
DNR006281,Ananya Kapoor,Female,25,O+,8626742897,Kanpur,Uttar Pradesh,23-02-2025,No
DNR006282,Vikram Singh,Male,47,O+,7078845794,Vadodara,Gujarat,08-02-2025,Yes
DNR006283,Sneha Joshi,Female,34,B+,7831508058,Bhopal,Madhya Pradesh,06-04-2024,Yes
DNR006284,Ananya Kapoor,Male,18,B+,9802019056,Thiruvananthapuram,Kerala,02-03-2025,No
DNR006285,Vikram Singh,Female,24,O+,7319778918,Lucknow,Uttar Pradesh,17-03-2022,No
DNR006286,Aarav Sharma,Female,20,B+,8547142554,Lucknow,Uttar Pradesh,26-08-2022,Yes
DNR006287,Kunal Desai,Male,30,O-,9491801461,Vadodara,Gujarat,12-12-2024,Yes
DNR006288,Rahul Verma,Male,39,B+,7869150840,Visakhapatnam,Andhra Pradesh,08-11-2020,Yes
DNR006289,Kunal Desai,Male,18,O+,9123853564,Kanpur,Uttar Pradesh,07-07-2025,Yes
DNR006290,Vikram Singh,Female,34,B+,7759786706,Ahmedabad,Gujarat,16-10-2024,Yes
DNR006291,Aarav Sharma,Female,38,B+,7519986271,Thiruvananthapuram,Kerala,24-01-2025,No
DNR006292,Sneha Joshi,Male,52,O+,7468303782,Nagpur,Maharashtra,19-06-2025,Yes
DNR006293,Priya Patel,Male,33,A+,8683165013,Bengaluru,Karnataka,22-04-2024,Yes
DNR006294,Pooja Nair,Male,30,A+,8744316045,Surat,Gujarat,07-07-2025,Yes
DNR006295,Kunal Desai,Female,18,A+,9878861735,Hyderabad,Telangana,Never,Yes
DNR006296,Priya Patel,Female,31,B+,9152558673,Chennai,Tamil Nadu,11-08-2025,No
DNR006297,Priya Patel,Male,45,B+,9641027555,Patna,Bihar,30-07-2025,Yes
DNR006298,Aarav Sharma,Female,40,B+,7918351362,Mumbai,Maharashtra,07-06-2023,Yes
DNR006299,Sneha Joshi,Female,18,O-,8708293870,Gurgaon,Haryana,23-09-2025,No
DNR006300,Vikram Singh,Male,28,A-,8309462909,Kanpur,Uttar Pradesh,16-08-2025,Yes
DNR006301,Rohan Mehta,Female,24,A+,9848005707,Delhi,Delhi,06-02-2025,No
DNR006302,Vikram Singh,Female,35,B+,7012006566,Bengaluru,Karnataka,10-05-2025,Yes
DNR006303,Priya Patel,Female,34,O+,8610775981,Mumbai,Maharashtra,12-02-2025,Yes
DNR006304,Vikram Singh,Female,25,O+,8978969975,Visakhapatnam,Andhra Pradesh,28-11-2024,Yes
DNR006305,Neha Iyer,Male,33,A+,9156814098,Lucknow,Uttar Pradesh,02-11-2025,Yes
DNR006306,Sneha Joshi,Female,49,A+,7184653992,Gurgaon,Haryana,07-06-2023,Yes
DNR006307,Rohan Mehta,Male,38,O+,8312022609,Kanpur,Uttar Pradesh,27-06-2025,No
DNR006308,Ananya Kapoor,Female,33,B+,7586091396,Jaipur,Rajasthan,19-05-2024,Yes
DNR006309,Neha Iyer,Male,42,B+,7590118527,Pune,Maharashtra,21-08-2025,Yes
DNR006310,Pooja Nair,Female,28,O+,9917422012,Thiruvananthapuram,Kerala,04-11-2024,Yes
DNR006311,Priya Patel,Female,31,O+,7405370118,Bhopal,Madhya Pradesh,29-06-2025,Yes
DNR006312,Priya Patel,Male,37,A+,9689844747,Bhopal,Madhya Pradesh,12-09-2022,No
DNR006313,Rahul Verma,Female,39,B+,8857730920,Thiruvananthapuram,Kerala,23-11-2024,Yes
DNR006314,Rahul Verma,Male,38,A+,8190463253,Hyderabad,Telangana,30-06-2024,Yes
DNR006315,Pooja Nair,Female,35,A+,7165627811,Surat,Gujarat,05-11-2023,No
DNR006316,Rahul Verma,Male,35,B+,8392088744,Vadodara,Gujarat,15-11-2024,No
DNR006317,Vikram Singh,Male,50,A+,8732548942,Lucknow,Uttar Pradesh,21-07-2025,Yes
DNR006318,Aarav Sharma,Male,30,AB+,9677868035,Patna,Bihar,24-10-2024,Yes
DNR006319,Priya Patel,Male,20,O+,9259230695,Gurgaon,Haryana,14-09-2025,No
DNR006320,Pooja Nair,Male,31,O+,9309931370,Jaipur,Rajasthan,01-11-2023,Yes
DNR006321,Vikram Singh,Male,36,B+,8782321340,Surat,Gujarat,26-08-2023,Yes
DNR006322,Pooja Nair,Female,46,O+,7882344633,Gurgaon,Haryana,16-12-2023,No
DNR006323,Pooja Nair,Female,36,O+,8919422777,Patna,Bihar,01-10-2024,No
DNR006324,Vikram Singh,Female,36,B+,8680637279,Chennai,Tamil Nadu,06-07-2022,No
DNR006325,Vikram Singh,Male,18,B+,9259007069,Surat,Gujarat,23-05-2022,Yes
DNR006326,Neha Iyer,Male,30,B+,7274830232,Gurgaon,Haryana,15-03-2021,Yes
DNR006327,Rohan Mehta,Female,30,B+,7053271270,Kolkata,West Bengal,25-05-2025,Yes
DNR006328,Aarav Sharma,Female,53,B+,8908828341,Lucknow,Uttar Pradesh,20-01-2024,No
DNR006329,Priya Patel,Female,35,O+,9603531981,Surat,Gujarat,11-05-2025,No
DNR006330,Pooja Nair,Male,28,O+,8316595562,Mumbai,Maharashtra,26-11-2024,Yes
DNR006331,Rahul Verma,Male,24,A+,7497210256,Gurgaon,Haryana,12-10-2023,Yes
DNR006332,Kunal Desai,Female,18,O+,8748577308,Kanpur,Uttar Pradesh,27-11-2024,No
DNR006333,Vikram Singh,Male,41,O+,8494855786,Bhopal,Madhya Pradesh,Never,Yes
DNR006334,Vikram Singh,Female,21,A+,8148012411,Bhopal,Madhya Pradesh,23-05-2021,No
DNR006335,Neha Iyer,Male,27,AB+,7671629203,Lucknow,Uttar Pradesh,30-11-2021,Yes
DNR006336,Priya Patel,Male,37,O+,7449009322,Bengaluru,Karnataka,08-04-2025,No
DNR006337,Neha Iyer,Female,31,O-,8287588246,Pune,Maharashtra,07-11-2021,Yes
DNR006338,Kunal Desai,Male,18,AB+,8015855751,Vadodara,Gujarat,13-09-2025,Yes
DNR006339,Pooja Nair,Female,18,B+,7281720405,Kanpur,Uttar Pradesh,14-03-2022,No
DNR006340,Sneha Joshi,Female,37,A-,9937140367,Jaipur,Rajasthan,Never,No
DNR006341,Priya Patel,Male,51,O+,8302210912,Kanpur,Uttar Pradesh,24-03-2025,Yes
DNR006342,Aarav Sharma,Female,54,O+,9126158759,Kolkata,West Bengal,26-06-2023,Yes
DNR006343,Sneha Joshi,Female,20,B+,9137892617,Bengaluru,Karnataka,02-03-2025,No
DNR006344,Vikram Singh,Female,25,O-,8419985470,Visakhapatnam,Andhra Pradesh,02-09-2023,Yes
DNR006345,Kunal Desai,Male,27,AB+,8237612642,Chennai,Tamil Nadu,09-05-2023,Yes
DNR006346,Aarav Sharma,Female,22,O+,7776350373,Pune,Maharashtra,22-04-2025,No
DNR006347,Aarav Sharma,Male,29,B+,8533562550,Pune,Maharashtra,14-07-2021,No
DNR006348,Sneha Joshi,Female,37,B+,8061462112,Patna,Bihar,02-09-2025,Yes
DNR006349,Priya Patel,Female,43,B+,9725279291,Kolkata,West Bengal,30-06-2025,Yes
DNR006350,Ananya Kapoor,Male,51,A+,7525158393,Mohali,Punjab,19-02-2024,Yes
DNR006351,Sneha Joshi,Male,36,O+,9768978757,Delhi,Delhi,27-05-2024,Yes
DNR006352,Neha Iyer,Female,18,A+,8636245856,Bengaluru,Karnataka,15-02-2024,No
DNR006353,Aarav Sharma,Male,38,O+,9245035155,Delhi,Delhi,12-04-2025,Yes
DNR006354,Rohan Mehta,Male,35,O+,8719828047,Chennai,Tamil Nadu,01-10-2025,Yes
DNR006355,Neha Iyer,Male,49,A-,8288194581,Bhopal,Madhya Pradesh,08-01-2025,No
DNR006356,Rahul Verma,Female,34,B+,8644568818,Visakhapatnam,Andhra Pradesh,19-04-2024,Yes
DNR006357,Vikram Singh,Male,42,O+,7859577022,Kolkata,West Bengal,19-03-2021,No
DNR006358,Neha Iyer,Female,32,B+,7534798637,Lucknow,Uttar Pradesh,21-11-2023,Yes
DNR006359,Rahul Verma,Male,18,O+,7268277165,Patna,Bihar,30-12-2024,Yes
DNR006360,Sneha Joshi,Female,46,A+,7608481010,Bengaluru,Karnataka,28-10-2024,No
DNR006361,Aarav Sharma,Female,60,B+,7431396689,Bengaluru,Karnataka,Never,Yes
DNR006362,Rohan Mehta,Female,32,B+,9311550298,Bengaluru,Karnataka,19-01-2025,Yes
DNR006363,Sneha Joshi,Female,21,O+,8769923286,Kanpur,Uttar Pradesh,23-02-2025,Yes
DNR006364,Pooja Nair,Male,27,B+,9047034555,Thiruvananthapuram,Kerala,24-06-2025,Yes
DNR006365,Priya Patel,Female,38,O+,9859777817,Kolkata,West Bengal,09-02-2024,No
DNR006366,Priya Patel,Male,46,B-,9935744464,Kolkata,West Bengal,18-04-2024,Yes
DNR006367,Aarav Sharma,Male,20,O+,9536828565,Gurgaon,Haryana,03-05-2025,Yes
DNR006368,Neha Iyer,Female,54,A+,9515424581,Thiruvananthapuram,Kerala,Never,Yes
DNR006369,Pooja Nair,Female,28,B+,7453399541,Mumbai,Maharashtra,03-04-2024,Yes
DNR006370,Neha Iyer,Female,34,A+,8399115405,Pune,Maharashtra,29-01-2024,Yes
DNR006371,Pooja Nair,Female,50,B+,7024226628,Delhi,Delhi,12-05-2024,Yes
DNR006372,Pooja Nair,Female,29,O+,7715773838,Bhopal,Madhya Pradesh,25-05-2025,Yes
DNR006373,Pooja Nair,Female,36,O+,8171802391,Delhi,Delhi,16-08-2021,No
DNR006374,Vikram Singh,Female,47,B+,8830851683,Bhopal,Madhya Pradesh,30-01-2023,Yes
DNR006375,Priya Patel,Male,37,O+,9559077380,Patna,Bihar,09-10-2024,Yes
DNR006376,Neha Iyer,Female,31,B+,9613358936,Hyderabad,Telangana,13-09-2025,Yes
DNR006377,Vikram Singh,Female,28,A+,9715764580,Delhi,Delhi,08-01-2025,Yes
DNR006378,Neha Iyer,Male,30,O+,7989875689,Ahmedabad,Gujarat,16-03-2024,Yes
DNR006379,Neha Iyer,Male,38,A+,7486157946,Vadodara,Gujarat,06-04-2025,Yes
DNR006380,Neha Iyer,Male,18,B+,9671305058,Chennai,Tamil Nadu,28-04-2025,Yes
DNR006381,Kunal Desai,Male,32,O+,8303575134,Patna,Bihar,30-08-2024,Yes
DNR006382,Priya Patel,Male,22,O+,8448243837,Surat,Gujarat,11-10-2024,No
DNR006383,Rohan Mehta,Male,41,B+,8257666435,Ahmedabad,Gujarat,12-09-2025,Yes
DNR006384,Rahul Verma,Female,27,B+,8081892810,Nagpur,Maharashtra,25-10-2025,No
DNR006385,Kunal Desai,Female,33,B+,9886684754,Mohali,Punjab,17-09-2025,Yes
DNR006386,Sneha Joshi,Male,44,B+,9215988525,Jaipur,Rajasthan,07-09-2023,Yes
DNR006387,Neha Iyer,Male,23,A-,8181972187,Patna,Bihar,28-10-2025,Yes
DNR006388,Vikram Singh,Female,18,A+,7531415813,Jaipur,Rajasthan,Never,Yes
DNR006389,Kunal Desai,Male,26,B+,8354925309,Lucknow,Uttar Pradesh,19-04-2024,Yes
DNR006390,Neha Iyer,Male,56,B+,9778466328,Jaipur,Rajasthan,15-07-2024,Yes
DNR006391,Vikram Singh,Other,27,O-,9225189271,Pune,Maharashtra,22-07-2025,Yes
DNR006392,Sneha Joshi,Male,40,B+,8043663864,Bhopal,Madhya Pradesh,19-12-2024,Yes
DNR006393,Rahul Verma,Female,21,O+,9545162682,Gurgaon,Haryana,20-11-2023,Yes
DNR006394,Neha Iyer,Male,31,A+,7863737475,Bhopal,Madhya Pradesh,10-09-2025,Yes
DNR006395,Priya Patel,Male,30,B+,7579037389,Pune,Maharashtra,05-06-2023,Yes
DNR006396,Neha Iyer,Male,28,O-,9900694757,Kolkata,West Bengal,18-04-2025,Yes
DNR006397,Rohan Mehta,Male,24,B+,9255612777,Mumbai,Maharashtra,27-09-2024,Yes
DNR006398,Neha Iyer,Female,25,O-,9201400534,Kanpur,Uttar Pradesh,30-12-2023,No
DNR006399,Ananya Kapoor,Male,38,B+,7968495727,Ahmedabad,Gujarat,27-05-2025,Yes
DNR006400,Rohan Mehta,Female,41,O+,9297076312,Delhi,Delhi,15-10-2025,Yes
DNR006401,Sneha Joshi,Female,26,B+,8622917067,Delhi,Delhi,09-10-2025,No
DNR006402,Neha Iyer,Female,32,B+,9132318606,Chennai,Tamil Nadu,20-09-2022,Yes
DNR006403,Rohan Mehta,Female,29,O+,9988544443,Mohali,Punjab,26-01-2025,No
DNR006404,Pooja Nair,Female,39,AB+,8815527834,Bhopal,Madhya Pradesh,07-06-2025,Yes
DNR006405,Neha Iyer,Male,18,B+,9354314986,Bengaluru,Karnataka,03-03-2025,Yes
DNR006406,Kunal Desai,Male,20,B-,9962576164,Thiruvananthapuram,Kerala,04-05-2024,Yes
DNR006407,Aarav Sharma,Female,37,O-,8322427934,Surat,Gujarat,29-05-2024,Yes
DNR006408,Vikram Singh,Female,38,B+,7259498676,Gurgaon,Haryana,05-04-2023,Yes
DNR006409,Vikram Singh,Female,47,B+,8037761011,Mumbai,Maharashtra,20-11-2024,Yes
DNR006410,Vikram Singh,Female,33,B+,9616727329,Surat,Gujarat,18-07-2022,Yes
DNR006411,Vikram Singh,Male,39,A+,7322896359,Hyderabad,Telangana,12-09-2024,Yes
DNR006412,Vikram Singh,Male,35,B-,9920811610,Chennai,Tamil Nadu,04-11-2025,Yes
DNR006413,Rahul Verma,Female,48,O+,9509409857,Kanpur,Uttar Pradesh,17-02-2023,Yes
DNR006414,Priya Patel,Female,46,O+,8844318005,Lucknow,Uttar Pradesh,Never,Yes
DNR006415,Ananya Kapoor,Female,20,O+,9268174974,Thiruvananthapuram,Kerala,08-07-2025,No
DNR006416,Rahul Verma,Male,38,A-,8398150917,Delhi,Delhi,25-03-2025,Yes
DNR006417,Vikram Singh,Male,42,A+,9840170876,Gurgaon,Haryana,12-06-2023,Yes
DNR006418,Neha Iyer,Male,18,O+,9217184406,Nagpur,Maharashtra,29-07-2025,Yes
DNR006419,Sneha Joshi,Male,40,B+,8562168948,Lucknow,Uttar Pradesh,04-09-2025,Yes
DNR006420,Neha Iyer,Female,46,B-,8932540738,Bengaluru,Karnataka,06-09-2024,Yes
DNR006421,Kunal Desai,Female,18,AB+,7490185034,Mumbai,Maharashtra,18-07-2024,No
DNR006422,Rohan Mehta,Male,29,B+,9884081055,Bhopal,Madhya Pradesh,30-12-2024,Yes
DNR006423,Rahul Verma,Female,28,O+,7717729924,Surat,Gujarat,22-10-2025,No
DNR006424,Kunal Desai,Male,43,B+,8269575265,Kanpur,Uttar Pradesh,20-07-2025,Yes
DNR006425,Rohan Mehta,Female,34,A+,8659257595,Vadodara,Gujarat,13-11-2024,Yes
DNR006426,Rahul Verma,Female,35,B+,7009722462,Vadodara,Gujarat,26-03-2025,Yes
DNR006427,Rohan Mehta,Female,18,B+,8120444983,Surat,Gujarat,08-07-2023,Yes
DNR006428,Aarav Sharma,Male,53,O+,7846119525,Bengaluru,Karnataka,02-08-2023,Yes
DNR006429,Priya Patel,Male,18,O+,9678561308,Jaipur,Rajasthan,Never,Yes
DNR006430,Kunal Desai,Female,37,AB+,7222021540,Jaipur,Rajasthan,11-05-2024,No
DNR006431,Neha Iyer,Female,46,O+,7903857961,Mumbai,Maharashtra,05-11-2025,Yes
DNR006432,Pooja Nair,Female,36,B+,8176853347,Hyderabad,Telangana,16-05-2025,Yes
DNR006433,Priya Patel,Female,23,B+,7532182399,Hyderabad,Telangana,25-10-2025,No
DNR006434,Vikram Singh,Male,37,B+,8350148677,Delhi,Delhi,10-05-2025,Yes
DNR006435,Ananya Kapoor,Female,18,A+,9017461120,Delhi,Delhi,13-07-2025,No
DNR006436,Ananya Kapoor,Male,34,A+,8466882061,Patna,Bihar,28-10-2025,Yes
DNR006437,Rohan Mehta,Male,44,A+,8598545846,Patna,Bihar,08-08-2023,No
DNR006438,Priya Patel,Female,54,B+,9243795350,Vadodara,Gujarat,03-12-2024,No
DNR006439,Kunal Desai,Male,20,O+,8517700955,Ahmedabad,Gujarat,19-08-2023,Yes
DNR006440,Pooja Nair,Male,50,A+,7802997139,Mohali,Punjab,10-03-2024,Yes
DNR006441,Neha Iyer,Male,19,O+,7769279460,Thiruvananthapuram,Kerala,23-07-2023,No
DNR006442,Kunal Desai,Female,37,B+,9754521426,Thiruvananthapuram,Kerala,31-08-2023,No
DNR006443,Pooja Nair,Female,53,AB+,8285968715,Delhi,Delhi,19-05-2025,Yes
DNR006444,Kunal Desai,Male,28,A+,8206879783,Bhopal,Madhya Pradesh,03-06-2024,Yes
DNR006445,Kunal Desai,Male,27,B-,8479251999,Chennai,Tamil Nadu,26-06-2023,No
DNR006446,Kunal Desai,Female,44,O+,9922027385,Jaipur,Rajasthan,14-07-2025,Yes
DNR006447,Pooja Nair,Female,28,O+,9162387982,Ahmedabad,Gujarat,01-12-2024,No
DNR006448,Rohan Mehta,Male,42,A+,7960458031,Bengaluru,Karnataka,19-03-2022,Yes
DNR006449,Neha Iyer,Female,33,B+,9994969192,Thiruvananthapuram,Kerala,24-08-2024,No
DNR006450,Aarav Sharma,Male,35,O+,8490865815,Pune,Maharashtra,25-06-2025,Yes
DNR006451,Rohan Mehta,Female,22,O+,7987060545,Mumbai,Maharashtra,08-11-2020,Yes
DNR006452,Vikram Singh,Female,32,AB+,7309261741,Mumbai,Maharashtra,25-06-2024,No
DNR006453,Rohan Mehta,Male,40,A+,8893208736,Gurgaon,Haryana,08-02-2025,No
DNR006454,Ananya Kapoor,Male,29,A+,7921965654,Kanpur,Uttar Pradesh,10-10-2023,Yes
DNR006455,Ananya Kapoor,Male,28,B+,7639830144,Surat,Gujarat,17-06-2021,No
DNR006456,Ananya Kapoor,Female,28,O+,9315977465,Ahmedabad,Gujarat,06-08-2025,Yes
DNR006457,Pooja Nair,Female,39,O+,8263679655,Visakhapatnam,Andhra Pradesh,27-04-2025,Yes
DNR006458,Kunal Desai,Female,33,O+,8829088666,Patna,Bihar,Never,No
DNR006459,Pooja Nair,Female,31,A-,7743491945,Bhopal,Madhya Pradesh,Never,Yes
DNR006460,Sneha Joshi,Male,37,A+,7912197206,Chennai,Tamil Nadu,08-11-2020,Yes
DNR006461,Aarav Sharma,Male,34,B+,8682688049,Vadodara,Gujarat,25-08-2025,Yes
DNR006462,Rohan Mehta,Female,51,B+,7446557330,Surat,Gujarat,23-03-2022,No
DNR006463,Rahul Verma,Male,54,B+,8089503358,Bhopal,Madhya Pradesh,Never,Yes
DNR006464,Rohan Mehta,Female,35,B+,7578230486,Delhi,Delhi,23-04-2025,Yes
DNR006465,Priya Patel,Male,36,A+,9729165312,Kanpur,Uttar Pradesh,18-10-2025,Yes
DNR006466,Vikram Singh,Male,20,O+,8758782298,Mohali,Punjab,17-08-2025,No
DNR006467,Vikram Singh,Male,33,B+,8515136255,Kanpur,Uttar Pradesh,06-11-2025,Yes
DNR006468,Neha Iyer,Female,30,B+,9772714601,Gurgaon,Haryana,16-08-2022,Yes
DNR006469,Vikram Singh,Male,36,O+,8962010249,Nagpur,Maharashtra,11-10-2023,Yes
DNR006470,Rohan Mehta,Female,45,B+,7440855032,Gurgaon,Haryana,15-08-2022,Yes
DNR006471,Neha Iyer,Male,32,B+,8188594878,Bengaluru,Karnataka,01-02-2024,Yes
DNR006472,Pooja Nair,Male,31,O+,8773273848,Bhopal,Madhya Pradesh,13-12-2022,Yes
DNR006473,Vikram Singh,Male,33,O+,9635406601,Surat,Gujarat,09-03-2024,Yes
DNR006474,Rohan Mehta,Female,32,B+,8416334247,Ahmedabad,Gujarat,30-11-2024,No
DNR006475,Vikram Singh,Male,40,B+,7873153412,Lucknow,Uttar Pradesh,26-03-2025,Yes
DNR006476,Aarav Sharma,Female,26,B+,9395733622,Kolkata,West Bengal,11-09-2024,Yes
DNR006477,Aarav Sharma,Male,27,A-,8734503943,Visakhapatnam,Andhra Pradesh,23-09-2023,Yes
DNR006478,Priya Patel,Male,24,O+,9315378012,Bengaluru,Karnataka,08-11-2020,No
DNR006479,Pooja Nair,Female,30,O+,7089280265,Hyderabad,Telangana,16-07-2025,No
DNR006480,Rahul Verma,Female,31,O+,7073404103,Jaipur,Rajasthan,03-12-2024,No
DNR006481,Priya Patel,Female,39,B+,9147361679,Patna,Bihar,27-11-2024,Yes
DNR006482,Pooja Nair,Female,26,O+,8039987863,Visakhapatnam,Andhra Pradesh,13-09-2024,No
DNR006483,Rohan Mehta,Female,28,O+,8667919872,Ahmedabad,Gujarat,07-07-2024,No
DNR006484,Vikram Singh,Male,31,AB+,9434057890,Nagpur,Maharashtra,23-12-2024,No
DNR006485,Pooja Nair,Male,41,A+,7892603950,Kanpur,Uttar Pradesh,24-07-2022,No
DNR006486,Sneha Joshi,Female,29,B+,7868339177,Thiruvananthapuram,Kerala,12-07-2023,No
DNR006487,Rohan Mehta,Female,33,A+,8038878904,Jaipur,Rajasthan,20-09-2025,Yes
DNR006488,Neha Iyer,Female,23,AB-,9780424131,Visakhapatnam,Andhra Pradesh,24-01-2025,Yes
DNR006489,Rahul Verma,Female,31,O+,8301846269,Jaipur,Rajasthan,15-09-2024,No
DNR006490,Rohan Mehta,Male,25,O-,7770318550,Chennai,Tamil Nadu,15-11-2024,No
DNR006491,Sneha Joshi,Female,50,O+,9811672128,Mumbai,Maharashtra,03-11-2025,Yes
DNR006492,Pooja Nair,Female,27,A+,7170722035,Bhopal,Madhya Pradesh,23-05-2025,No
DNR006493,Ananya Kapoor,Female,59,O+,7760448273,Kanpur,Uttar Pradesh,21-06-2024,Yes
DNR006494,Priya Patel,Male,35,A+,9933890748,Bengaluru,Karnataka,04-10-2025,No
DNR006495,Neha Iyer,Male,31,O+,9750054672,Jaipur,Rajasthan,06-05-2024,Yes
DNR006496,Rohan Mehta,Female,35,B+,9718070645,Jaipur,Rajasthan,02-09-2025,No
DNR006497,Kunal Desai,Male,49,O+,8549625192,Chennai,Tamil Nadu,01-10-2023,Yes
DNR006498,Rohan Mehta,Female,29,O+,7184939981,Kanpur,Uttar Pradesh,29-01-2023,No
DNR006499,Neha Iyer,Female,45,B-,9134902495,Vadodara,Gujarat,21-05-2024,Yes
DNR006500,Rohan Mehta,Male,49,B+,7963296928,Hyderabad,Telangana,17-10-2025,No
DNR006501,Aarav Sharma,Female,31,B+,9314285800,Gurgaon,Haryana,21-09-2023,Yes
DNR006502,Vikram Singh,Female,42,O+,9030354358,Gurgaon,Haryana,08-04-2023,Yes
DNR006503,Ananya Kapoor,Male,19,O+,8486254910,Bengaluru,Karnataka,30-05-2025,Yes
DNR006504,Vikram Singh,Other,45,O+,9637010879,Delhi,Delhi,Never,Yes
DNR006505,Vikram Singh,Male,39,A+,9101064214,Bhopal,Madhya Pradesh,25-04-2025,Yes
DNR006506,Ananya Kapoor,Female,43,A+,8760471351,Ahmedabad,Gujarat,10-12-2024,Yes
DNR006507,Rohan Mehta,Female,32,A+,7902757093,Hyderabad,Telangana,04-11-2024,Yes
DNR006508,Pooja Nair,Female,36,O+,9995663042,Kolkata,West Bengal,11-05-2025,No
DNR006509,Ananya Kapoor,Male,46,B+,7458306497,Kanpur,Uttar Pradesh,18-08-2023,Yes
DNR006510,Vikram Singh,Male,35,O+,8497588588,Nagpur,Maharashtra,06-11-2025,Yes
DNR006511,Neha Iyer,Female,41,O+,8532329334,Ahmedabad,Gujarat,Never,Yes
DNR006512,Rahul Verma,Male,53,O+,8218014815,Bengaluru,Karnataka,11-08-2025,Yes
DNR006513,Aarav Sharma,Male,20,AB+,8752443581,Kolkata,West Bengal,09-07-2025,Yes
DNR006514,Neha Iyer,Male,29,A+,8874353491,Nagpur,Maharashtra,09-05-2024,Yes
DNR006515,Aarav Sharma,Female,46,O+,9618481700,Delhi,Delhi,Never,Yes
DNR006516,Rohan Mehta,Female,35,A+,9083410037,Delhi,Delhi,27-06-2022,Yes
DNR006517,Kunal Desai,Female,55,B+,9221345911,Gurgaon,Haryana,28-06-2023,Yes
DNR006518,Kunal Desai,Male,18,O+,7784926147,Nagpur,Maharashtra,11-10-2025,Yes
DNR006519,Aarav Sharma,Female,26,B+,7128019209,Nagpur,Maharashtra,04-06-2023,No
DNR006520,Ananya Kapoor,Male,29,O+,7831735419,Kolkata,West Bengal,28-01-2025,Yes
DNR006521,Sneha Joshi,Male,47,O+,8384109071,Ahmedabad,Gujarat,03-09-2024,Yes
DNR006522,Neha Iyer,Female,43,O+,7648273938,Kanpur,Uttar Pradesh,23-08-2024,Yes
DNR006523,Vikram Singh,Female,41,O+,9307827879,Lucknow,Uttar Pradesh,08-08-2024,Yes
DNR006524,Ananya Kapoor,Male,20,A+,7261497722,Kolkata,West Bengal,21-09-2024,Yes
DNR006525,Neha Iyer,Male,38,A+,8882813623,Lucknow,Uttar Pradesh,12-12-2023,No
DNR006526,Sneha Joshi,Female,29,O+,7286072317,Visakhapatnam,Andhra Pradesh,04-11-2023,Yes
DNR006527,Neha Iyer,Female,53,O+,7171493009,Lucknow,Uttar Pradesh,28-03-2025,Yes
DNR006528,Pooja Nair,Female,39,B+,8525417871,Gurgaon,Haryana,25-06-2024,Yes
DNR006529,Ananya Kapoor,Female,47,O+,9316234000,Kolkata,West Bengal,17-08-2025,Yes
DNR006530,Neha Iyer,Female,51,O+,9526036722,Delhi,Delhi,09-05-2025,No
DNR006531,Aarav Sharma,Male,50,AB+,9029603555,Surat,Gujarat,04-10-2025,Yes
DNR006532,Sneha Joshi,Male,43,B+,7845176723,Pune,Maharashtra,11-01-2023,Yes
DNR006533,Aarav Sharma,Female,36,A+,7466583856,Hyderabad,Telangana,04-10-2024,No
DNR006534,Ananya Kapoor,Male,30,A+,7165373668,Lucknow,Uttar Pradesh,02-10-2025,Yes
DNR006535,Sneha Joshi,Male,31,B+,9055608969,Delhi,Delhi,11-08-2024,Yes
DNR006536,Aarav Sharma,Female,27,A+,7650249098,Delhi,Delhi,03-08-2024,Yes
DNR006537,Priya Patel,Female,22,B+,8631255861,Ahmedabad,Gujarat,22-05-2025,No
DNR006538,Aarav Sharma,Male,34,B+,7677369710,Thiruvananthapuram,Kerala,09-08-2025,No
DNR006539,Neha Iyer,Male,30,B+,8322236096,Surat,Gujarat,14-05-2025,Yes
DNR006540,Ananya Kapoor,Female,34,O+,9050061236,Mohali,Punjab,09-02-2024,No
DNR006541,Aarav Sharma,Male,29,B+,7459845654,Patna,Bihar,10-04-2024,Yes
DNR006542,Kunal Desai,Female,46,O+,9465431606,Jaipur,Rajasthan,10-02-2025,Yes
DNR006543,Vikram Singh,Male,43,A+,8549054700,Vadodara,Gujarat,02-10-2022,Yes
DNR006544,Aarav Sharma,Female,43,O+,8392221205,Nagpur,Maharashtra,23-10-2025,Yes
DNR006545,Neha Iyer,Male,20,A+,9735836906,Kolkata,West Bengal,15-08-2023,Yes
DNR006546,Kunal Desai,Female,40,O+,7382343481,Delhi,Delhi,30-09-2024,Yes
DNR006547,Ananya Kapoor,Female,36,B+,9117731532,Nagpur,Maharashtra,03-12-2024,Yes
DNR006548,Priya Patel,Female,33,O+,9963840462,Delhi,Delhi,16-04-2024,Yes
DNR006549,Kunal Desai,Male,18,O+,9806738211,Surat,Gujarat,05-05-2025,Yes
DNR006550,Pooja Nair,Female,28,O+,7006147028,Lucknow,Uttar Pradesh,26-01-2025,No
DNR006551,Rohan Mehta,Female,25,O+,9608787599,Chennai,Tamil Nadu,30-09-2025,No
DNR006552,Priya Patel,Female,31,A+,9160968561,Jaipur,Rajasthan,01-11-2021,Yes
DNR006553,Neha Iyer,Male,45,O+,8933286025,Mohali,Punjab,Never,Yes
DNR006554,Priya Patel,Female,24,B+,8690155759,Nagpur,Maharashtra,11-02-2025,Yes
DNR006555,Rahul Verma,Female,21,O+,9039992272,Chennai,Tamil Nadu,06-11-2025,No
DNR006556,Rahul Verma,Female,46,O+,9795930062,Bhopal,Madhya Pradesh,24-06-2025,Yes
DNR006557,Aarav Sharma,Male,41,O+,7770276595,Mohali,Punjab,24-10-2024,Yes
DNR006558,Neha Iyer,Male,37,A+,7384862202,Bhopal,Madhya Pradesh,27-08-2024,Yes
DNR006559,Sneha Joshi,Male,26,B+,8253698756,Kolkata,West Bengal,Never,No
DNR006560,Rohan Mehta,Female,22,O+,8870593948,Vadodara,Gujarat,02-02-2025,No
DNR006561,Neha Iyer,Female,49,O+,7008511082,Mumbai,Maharashtra,08-03-2024,No
DNR006562,Kunal Desai,Male,25,B+,8779127545,Mumbai,Maharashtra,19-08-2023,No
DNR006563,Vikram Singh,Female,44,B+,9767574007,Mumbai,Maharashtra,27-01-2025,Yes
DNR006564,Kunal Desai,Female,33,B+,7722479969,Chennai,Tamil Nadu,07-04-2023,No
DNR006565,Neha Iyer,Male,19,B+,8137406954,Surat,Gujarat,25-04-2025,Yes
DNR006566,Neha Iyer,Female,33,B+,9690806529,Lucknow,Uttar Pradesh,15-12-2023,Yes
DNR006567,Rahul Verma,Female,30,O+,8009345611,Bhopal,Madhya Pradesh,26-04-2021,No
DNR006568,Vikram Singh,Male,35,O+,8894938713,Hyderabad,Telangana,23-04-2021,Yes
DNR006569,Rahul Verma,Female,39,O+,8604824040,Pune,Maharashtra,03-01-2022,No
DNR006570,Kunal Desai,Female,35,A+,8886558199,Ahmedabad,Gujarat,15-10-2025,No
DNR006571,Pooja Nair,Male,24,A+,8975819411,Visakhapatnam,Andhra Pradesh,30-10-2023,Yes
DNR006572,Sneha Joshi,Female,36,B-,8818219992,Bhopal,Madhya Pradesh,20-02-2024,No
DNR006573,Rahul Verma,Female,27,O+,8732178521,Patna,Bihar,10-10-2023,No
DNR006574,Ananya Kapoor,Male,18,O+,9610090273,Jaipur,Rajasthan,Never,Yes
DNR006575,Priya Patel,Other,40,O+,8138149438,Vadodara,Gujarat,18-04-2025,No
DNR006576,Rahul Verma,Female,57,O+,7751816924,Vadodara,Gujarat,05-04-2022,Yes
DNR006577,Neha Iyer,Male,32,O+,9430298250,Nagpur,Maharashtra,14-09-2024,Yes
DNR006578,Neha Iyer,Female,39,A-,9895399380,Kanpur,Uttar Pradesh,21-04-2025,Yes
DNR006579,Sneha Joshi,Female,18,A+,9468758148,Vadodara,Gujarat,09-08-2025,No
DNR006580,Neha Iyer,Female,57,O+,8650577832,Bengaluru,Karnataka,Never,Yes
DNR006581,Neha Iyer,Female,44,B+,9910696001,Delhi,Delhi,18-07-2024,Yes
DNR006582,Neha Iyer,Male,21,O-,8186439624,Ahmedabad,Gujarat,16-05-2025,Yes
DNR006583,Kunal Desai,Female,40,O+,8773151952,Thiruvananthapuram,Kerala,Never,Yes
DNR006584,Priya Patel,Male,37,B+,9030400782,Nagpur,Maharashtra,29-01-2024,No
DNR006585,Kunal Desai,Male,44,O+,8035652754,Bhopal,Madhya Pradesh,17-01-2022,Yes
DNR006586,Rahul Verma,Female,39,B+,9183025591,Jaipur,Rajasthan,04-07-2024,Yes
DNR006587,Ananya Kapoor,Male,36,B+,9796751387,Thiruvananthapuram,Kerala,03-07-2025,No
DNR006588,Sneha Joshi,Male,18,B+,7111243259,Mohali,Punjab,Never,Yes
DNR006589,Sneha Joshi,Female,30,B+,8481787406,Thiruvananthapuram,Kerala,27-04-2025,No
DNR006590,Ananya Kapoor,Male,31,O+,9494848594,Kanpur,Uttar Pradesh,11-05-2022,Yes
DNR006591,Vikram Singh,Female,42,O+,9906080086,Ahmedabad,Gujarat,11-06-2025,Yes
DNR006592,Neha Iyer,Male,28,A+,9608830454,Gurgaon,Haryana,30-10-2024,Yes
DNR006593,Kunal Desai,Male,20,O+,7683195485,Lucknow,Uttar Pradesh,03-01-2022,No
DNR006594,Sneha Joshi,Male,39,A+,8925247068,Ahmedabad,Gujarat,26-05-2025,No
DNR006595,Sneha Joshi,Female,25,A+,8698147550,Delhi,Delhi,01-11-2025,Yes
DNR006596,Sneha Joshi,Male,22,O+,7446275671,Hyderabad,Telangana,15-07-2025,Yes
DNR006597,Rohan Mehta,Male,41,B+,8008482395,Ahmedabad,Gujarat,22-10-2025,Yes
DNR006598,Rohan Mehta,Female,39,O+,9606444416,Bhopal,Madhya Pradesh,30-03-2025,No
DNR006599,Kunal Desai,Female,45,B+,9323172630,Hyderabad,Telangana,19-11-2022,No
DNR006600,Rahul Verma,Male,18,A+,7079529686,Jaipur,Rajasthan,07-11-2025,No
DNR006601,Aarav Sharma,Female,46,O-,8643623811,Chennai,Tamil Nadu,25-08-2025,Yes
DNR006602,Rahul Verma,Female,25,A+,7340084708,Surat,Gujarat,29-04-2025,No
DNR006603,Rohan Mehta,Male,43,O+,8650652981,Patna,Bihar,15-05-2023,Yes
DNR006604,Pooja Nair,Female,37,B+,9586399289,Nagpur,Maharashtra,23-09-2025,Yes
DNR006605,Rahul Verma,Male,31,A+,9572698620,Lucknow,Uttar Pradesh,23-05-2025,Yes
DNR006606,Aarav Sharma,Female,25,A+,9941636916,Bhopal,Madhya Pradesh,31-05-2025,Yes
DNR006607,Neha Iyer,Male,27,B+,9065993768,Vadodara,Gujarat,06-06-2023,Yes
DNR006608,Ananya Kapoor,Male,23,O+,9382542270,Gurgaon,Haryana,06-11-2025,Yes
DNR006609,Pooja Nair,Female,37,A+,8989262160,Ahmedabad,Gujarat,19-09-2025,Yes
DNR006610,Sneha Joshi,Female,22,O+,8664413657,Patna,Bihar,24-05-2025,Yes
DNR006611,Aarav Sharma,Female,35,O+,9300091885,Patna,Bihar,08-10-2025,No
DNR006612,Priya Patel,Female,18,O+,9965793452,Kolkata,West Bengal,03-07-2022,Yes
DNR006613,Aarav Sharma,Female,44,B+,7475376714,Nagpur,Maharashtra,07-01-2025,No
DNR006614,Priya Patel,Female,38,O+,9599224155,Bhopal,Madhya Pradesh,30-09-2022,No
DNR006615,Pooja Nair,Female,36,B+,7548200788,Bengaluru,Karnataka,01-07-2024,Yes
DNR006616,Kunal Desai,Female,26,AB-,8496721555,Bengaluru,Karnataka,14-08-2024,No
DNR006617,Pooja Nair,Female,40,AB-,7254385265,Kolkata,West Bengal,08-01-2024,No
DNR006618,Sneha Joshi,Female,41,A+,9119895268,Hyderabad,Telangana,09-03-2021,No
DNR006619,Neha Iyer,Female,53,B-,9432189803,Bengaluru,Karnataka,17-10-2025,Yes
DNR006620,Neha Iyer,Male,30,AB+,9945531308,Mohali,Punjab,08-04-2024,Yes
DNR006621,Priya Patel,Male,21,B+,7922475194,Ahmedabad,Gujarat,25-05-2022,Yes
DNR006622,Rahul Verma,Female,50,B+,7914872790,Lucknow,Uttar Pradesh,09-03-2024,No
DNR006623,Neha Iyer,Female,38,O-,9183786843,Surat,Gujarat,13-12-2022,No
DNR006624,Rohan Mehta,Female,37,B+,9942523272,Jaipur,Rajasthan,29-11-2024,Yes
DNR006625,Ananya Kapoor,Male,45,AB+,7153575213,Surat,Gujarat,08-04-2022,Yes
DNR006626,Neha Iyer,Female,35,O+,7094974591,Mohali,Punjab,28-01-2023,No
DNR006627,Kunal Desai,Male,33,O-,9738316017,Visakhapatnam,Andhra Pradesh,Never,Yes
DNR006628,Sneha Joshi,Other,44,A-,9916289965,Delhi,Delhi,15-06-2025,No
DNR006629,Rahul Verma,Male,38,A+,7347310869,Bhopal,Madhya Pradesh,02-06-2025,Yes
DNR006630,Rahul Verma,Male,24,B+,9808444364,Delhi,Delhi,15-06-2025,Yes
DNR006631,Sneha Joshi,Female,37,B+,7534789218,Bengaluru,Karnataka,Never,No
DNR006632,Kunal Desai,Female,38,B+,8288942686,Kolkata,West Bengal,06-11-2025,No
DNR006633,Rohan Mehta,Male,39,O+,8020068994,Pune,Maharashtra,10-09-2025,No
DNR006634,Rohan Mehta,Male,46,B+,9235346277,Hyderabad,Telangana,Never,No
DNR006635,Pooja Nair,Male,37,A+,7651032543,Visakhapatnam,Andhra Pradesh,26-07-2025,Yes
DNR006636,Rahul Verma,Male,22,A+,8084901949,Bengaluru,Karnataka,01-11-2024,Yes
DNR006637,Ananya Kapoor,Male,38,B+,8949671812,Bengaluru,Karnataka,Never,No
DNR006638,Kunal Desai,Female,40,B+,7096540509,Delhi,Delhi,07-04-2025,Yes
DNR006639,Ananya Kapoor,Female,42,B+,7332664783,Nagpur,Maharashtra,28-10-2023,Yes
DNR006640,Kunal Desai,Female,45,A+,8014825522,Nagpur,Maharashtra,14-11-2024,No
DNR006641,Rahul Verma,Female,34,B+,8582295950,Thiruvananthapuram,Kerala,28-02-2023,Yes
DNR006642,Kunal Desai,Female,28,O+,9230690412,Delhi,Delhi,11-03-2024,Yes
DNR006643,Kunal Desai,Male,29,AB+,7293124936,Delhi,Delhi,Never,Yes
DNR006644,Vikram Singh,Female,26,A+,7740735388,Pune,Maharashtra,Never,Yes
DNR006645,Pooja Nair,Male,47,B+,9383553603,Surat,Gujarat,26-09-2025,Yes
DNR006646,Ananya Kapoor,Male,18,B+,9085637265,Vadodara,Gujarat,12-02-2023,Yes
DNR006647,Vikram Singh,Female,31,B+,8226323445,Visakhapatnam,Andhra Pradesh,29-05-2025,Yes
DNR006648,Pooja Nair,Female,18,O+,8707203924,Nagpur,Maharashtra,22-05-2025,No
DNR006649,Sneha Joshi,Female,32,B+,8019213094,Bhopal,Madhya Pradesh,18-08-2025,No
DNR006650,Aarav Sharma,Female,47,B+,7226885632,Visakhapatnam,Andhra Pradesh,18-01-2022,Yes
DNR006651,Vikram Singh,Male,48,O-,7716657232,Mumbai,Maharashtra,11-04-2025,Yes
DNR006652,Vikram Singh,Male,44,B+,7602145903,Lucknow,Uttar Pradesh,09-07-2025,No
DNR006653,Priya Patel,Female,30,A+,7070339188,Thiruvananthapuram,Kerala,09-10-2024,No
DNR006654,Kunal Desai,Female,44,A+,9102433767,Thiruvananthapuram,Kerala,07-10-2025,Yes
DNR006655,Aarav Sharma,Male,24,A+,9784429212,Visakhapatnam,Andhra Pradesh,30-10-2025,Yes
DNR006656,Rahul Verma,Male,36,B+,8728732680,Hyderabad,Telangana,30-08-2025,No
DNR006657,Pooja Nair,Male,33,O+,9357890578,Mohali,Punjab,20-03-2024,Yes
DNR006658,Rohan Mehta,Female,36,O+,8712932021,Mumbai,Maharashtra,28-07-2025,No
DNR006659,Rohan Mehta,Female,45,O+,8417527224,Chennai,Tamil Nadu,20-08-2025,No
DNR006660,Priya Patel,Female,40,O+,7618255898,Kolkata,West Bengal,13-03-2021,No
DNR006661,Sneha Joshi,Male,35,B+,9602850609,Ahmedabad,Gujarat,06-02-2024,Yes
DNR006662,Aarav Sharma,Female,22,O+,7969399607,Jaipur,Rajasthan,13-05-2023,No
DNR006663,Sneha Joshi,Male,34,O+,8473420824,Bhopal,Madhya Pradesh,30-09-2024,No
DNR006664,Rahul Verma,Male,29,B+,7141696835,Chennai,Tamil Nadu,04-02-2025,Yes
DNR006665,Ananya Kapoor,Male,40,B+,8898240900,Bengaluru,Karnataka,27-07-2021,Yes
DNR006666,Sneha Joshi,Male,40,B+,8788192147,Vadodara,Gujarat,02-12-2023,Yes
DNR006667,Aarav Sharma,Female,22,O+,8717378808,Vadodara,Gujarat,16-08-2025,Yes
DNR006668,Vikram Singh,Male,26,B+,8445307844,Jaipur,Rajasthan,14-06-2025,Yes
DNR006669,Rohan Mehta,Female,43,AB-,9597536605,Kolkata,West Bengal,10-09-2025,No
DNR006670,Kunal Desai,Female,40,O+,7461810207,Kanpur,Uttar Pradesh,01-05-2025,No
DNR006671,Neha Iyer,Male,42,B+,7421696701,Mumbai,Maharashtra,28-10-2023,No
DNR006672,Rohan Mehta,Female,37,A+,9434678053,Ahmedabad,Gujarat,07-09-2025,Yes
DNR006673,Pooja Nair,Female,39,B+,9868772418,Jaipur,Rajasthan,07-10-2025,Yes
DNR006674,Priya Patel,Female,35,B+,9994171939,Lucknow,Uttar Pradesh,21-10-2025,Yes
DNR006675,Kunal Desai,Male,31,B+,8405822475,Surat,Gujarat,21-10-2025,Yes
DNR006676,Neha Iyer,Female,30,O-,9207554685,Delhi,Delhi,04-05-2024,No
DNR006677,Pooja Nair,Female,31,O+,7199702766,Patna,Bihar,23-10-2022,Yes
DNR006678,Vikram Singh,Female,38,B+,7454436788,Bhopal,Madhya Pradesh,14-03-2025,No
DNR006679,Priya Patel,Male,40,A+,9351113144,Surat,Gujarat,26-01-2025,Yes
DNR006680,Pooja Nair,Male,22,A+,7105419320,Hyderabad,Telangana,27-08-2025,No
DNR006681,Kunal Desai,Female,22,B+,8976321131,Hyderabad,Telangana,12-08-2022,No
DNR006682,Kunal Desai,Female,29,B+,7414721261,Patna,Bihar,19-07-2023,Yes
DNR006683,Ananya Kapoor,Male,40,O+,9208889689,Mumbai,Maharashtra,01-11-2021,No
DNR006684,Neha Iyer,Male,18,O+,8283705500,Kanpur,Uttar Pradesh,14-06-2024,Yes
DNR006685,Rahul Verma,Male,52,B+,8248582676,Visakhapatnam,Andhra Pradesh,21-07-2022,Yes
DNR006686,Pooja Nair,Female,46,A-,7778520291,Kanpur,Uttar Pradesh,06-01-2025,No
DNR006687,Sneha Joshi,Male,49,A+,7737460882,Ahmedabad,Gujarat,03-02-2025,Yes
DNR006688,Sneha Joshi,Female,18,B+,7101906095,Hyderabad,Telangana,08-10-2025,No
DNR006689,Pooja Nair,Female,43,B+,8369220047,Lucknow,Uttar Pradesh,28-12-2024,No
DNR006690,Aarav Sharma,Female,38,O+,8526100899,Lucknow,Uttar Pradesh,05-03-2021,No
DNR006691,Ananya Kapoor,Male,38,B+,9317874610,Bhopal,Madhya Pradesh,08-12-2020,Yes
DNR006692,Rohan Mehta,Male,46,O+,7060512769,Mumbai,Maharashtra,09-09-2025,Yes
DNR006693,Priya Patel,Female,29,O+,9649421248,Hyderabad,Telangana,07-02-2022,Yes
DNR006694,Rahul Verma,Male,40,O+,7897398722,Bengaluru,Karnataka,08-11-2020,No
DNR006695,Rohan Mehta,Female,53,A+,8985998452,Gurgaon,Haryana,09-12-2024,Yes
DNR006696,Rohan Mehta,Female,30,B+,7725661868,Jaipur,Rajasthan,19-08-2025,Yes
DNR006697,Pooja Nair,Female,22,AB+,7632148217,Gurgaon,Haryana,03-08-2023,No
DNR006698,Kunal Desai,Female,18,B+,7696142593,Hyderabad,Telangana,29-08-2023,No
DNR006699,Aarav Sharma,Female,46,O+,9814131050,Mohali,Punjab,17-08-2024,Yes
DNR006700,Kunal Desai,Male,41,B+,9772369372,Pune,Maharashtra,20-12-2024,Yes
DNR006701,Ananya Kapoor,Male,42,O+,9567293387,Vadodara,Gujarat,24-04-2024,Yes
DNR006702,Rohan Mehta,Female,43,A+,7835328354,Kanpur,Uttar Pradesh,24-10-2024,No
DNR006703,Ananya Kapoor,Female,43,O+,8861575607,Vadodara,Gujarat,28-05-2023,No
DNR006704,Rohan Mehta,Male,44,O+,8719908966,Thiruvananthapuram,Kerala,Never,Yes
DNR006705,Pooja Nair,Male,18,O+,9776244379,Mohali,Punjab,07-08-2023,Yes
DNR006706,Priya Patel,Male,34,A+,8205519340,Visakhapatnam,Andhra Pradesh,08-09-2025,Yes
DNR006707,Priya Patel,Female,35,A+,7055444582,Mumbai,Maharashtra,06-11-2025,No
DNR006708,Aarav Sharma,Male,35,B+,9806129143,Surat,Gujarat,08-11-2020,No
DNR006709,Kunal Desai,Female,25,B+,8122461486,Ahmedabad,Gujarat,25-10-2025,No
DNR006710,Vikram Singh,Female,24,A+,9258403325,Nagpur,Maharashtra,17-05-2025,Yes
DNR006711,Vikram Singh,Female,37,B+,8029511593,Chennai,Tamil Nadu,02-06-2023,No
DNR006712,Pooja Nair,Male,31,A+,8236326787,Surat,Gujarat,31-05-2024,Yes
DNR006713,Vikram Singh,Female,33,O+,7473703562,Kanpur,Uttar Pradesh,28-03-2025,Yes
DNR006714,Priya Patel,Female,33,B+,7401243929,Bhopal,Madhya Pradesh,04-10-2022,Yes
DNR006715,Sneha Joshi,Male,29,B+,8603147734,Kolkata,West Bengal,Never,Yes
DNR006716,Rohan Mehta,Female,39,B+,8581983248,Surat,Gujarat,16-04-2025,No
DNR006717,Neha Iyer,Male,47,O-,7859190160,Patna,Bihar,03-04-2025,Yes
DNR006718,Aarav Sharma,Female,28,B+,8899595467,Ahmedabad,Gujarat,06-09-2024,No
DNR006719,Sneha Joshi,Male,26,B+,7588065433,Bengaluru,Karnataka,08-10-2025,Yes
DNR006720,Pooja Nair,Male,33,O+,9504693853,Lucknow,Uttar Pradesh,22-09-2023,Yes
DNR006721,Vikram Singh,Female,38,O+,9975140956,Ahmedabad,Gujarat,28-03-2025,Yes
DNR006722,Ananya Kapoor,Male,23,B+,8483779003,Jaipur,Rajasthan,17-06-2025,No
DNR006723,Ananya Kapoor,Female,39,O+,9768811744,Pune,Maharashtra,Never,Yes
DNR006724,Priya Patel,Female,36,B+,9043301867,Jaipur,Rajasthan,Never,No
DNR006725,Sneha Joshi,Female,37,A+,9534310302,Patna,Bihar,21-10-2025,No
DNR006726,Aarav Sharma,Other,26,B+,8135149911,Bhopal,Madhya Pradesh,15-07-2024,Yes
DNR006727,Kunal Desai,Male,47,O-,7563599045,Visakhapatnam,Andhra Pradesh,09-08-2023,Yes
DNR006728,Ananya Kapoor,Female,20,A+,7543128245,Mumbai,Maharashtra,27-08-2024,Yes
DNR006729,Rahul Verma,Female,37,O+,7684773098,Nagpur,Maharashtra,30-01-2025,Yes
DNR006730,Priya Patel,Male,19,B+,9943252276,Kolkata,West Bengal,08-11-2020,Yes
DNR006731,Ananya Kapoor,Female,40,O+,9449550448,Mohali,Punjab,29-12-2022,No
DNR006732,Vikram Singh,Female,23,A+,8524686568,Bhopal,Madhya Pradesh,06-07-2023,No
DNR006733,Pooja Nair,Male,31,A+,9992802857,Jaipur,Rajasthan,27-09-2022,No
DNR006734,Sneha Joshi,Female,20,B+,8081134462,Patna,Bihar,09-10-2024,Yes
DNR006735,Aarav Sharma,Male,28,O+,8143111376,Kolkata,West Bengal,02-09-2025,Yes
DNR006736,Vikram Singh,Female,43,B+,7255991943,Kanpur,Uttar Pradesh,02-09-2025,Yes
DNR006737,Aarav Sharma,Female,27,B+,8646864291,Hyderabad,Telangana,14-04-2024,Yes
DNR006738,Pooja Nair,Female,38,O+,9206793298,Bhopal,Madhya Pradesh,14-10-2024,Yes
DNR006739,Rohan Mehta,Male,33,B+,8007164226,Mohali,Punjab,03-01-2025,Yes
DNR006740,Priya Patel,Male,44,O+,7378509162,Ahmedabad,Gujarat,02-11-2025,Yes
DNR006741,Priya Patel,Female,42,O+,8278080391,Thiruvananthapuram,Kerala,28-04-2024,Yes
DNR006742,Priya Patel,Male,18,B+,7014045708,Visakhapatnam,Andhra Pradesh,26-09-2025,Yes
DNR006743,Aarav Sharma,Female,38,A+,7499416101,Lucknow,Uttar Pradesh,21-03-2024,No
DNR006744,Sneha Joshi,Male,49,O+,9074258277,Mohali,Punjab,Never,Yes
DNR006745,Kunal Desai,Female,23,B+,9079553046,Lucknow,Uttar Pradesh,08-11-2020,Yes
DNR006746,Sneha Joshi,Male,27,A+,9589554626,Lucknow,Uttar Pradesh,02-02-2024,Yes
DNR006747,Kunal Desai,Female,32,O+,9662594230,Visakhapatnam,Andhra Pradesh,02-03-2025,No
DNR006748,Vikram Singh,Female,35,O+,7184417237,Bengaluru,Karnataka,08-01-2023,No
DNR006749,Priya Patel,Female,35,B+,8961534156,Pune,Maharashtra,22-03-2025,No
DNR006750,Rohan Mehta,Male,37,O-,8846195973,Vadodara,Gujarat,Never,Yes
DNR006751,Neha Iyer,Female,22,B+,8649368145,Nagpur,Maharashtra,06-10-2021,Yes
DNR006752,Kunal Desai,Female,49,O+,9367552457,Kolkata,West Bengal,14-09-2024,Yes
DNR006753,Sneha Joshi,Female,47,B+,8753640950,Jaipur,Rajasthan,11-09-2025,Yes
DNR006754,Aarav Sharma,Female,35,O+,8918030075,Chennai,Tamil Nadu,08-11-2020,Yes
DNR006755,Kunal Desai,Male,23,O+,7770727134,Lucknow,Uttar Pradesh,18-04-2025,Yes
DNR006756,Neha Iyer,Male,54,O+,9725313873,Pune,Maharashtra,25-07-2024,No
DNR006757,Aarav Sharma,Female,18,O-,9855546960,Chennai,Tamil Nadu,30-05-2024,Yes
DNR006758,Vikram Singh,Female,24,B+,9615413480,Kanpur,Uttar Pradesh,11-03-2025,No
DNR006759,Rohan Mehta,Male,50,B+,9092792525,Bhopal,Madhya Pradesh,17-12-2024,Yes
DNR006760,Aarav Sharma,Male,42,O-,8438843853,Lucknow,Uttar Pradesh,17-06-2025,Yes
DNR006761,Rahul Verma,Male,34,O+,7945223470,Bhopal,Madhya Pradesh,12-11-2023,Yes
DNR006762,Kunal Desai,Male,44,O+,8510109681,Bengaluru,Karnataka,03-10-2024,Yes
DNR006763,Ananya Kapoor,Male,24,O+,9071792081,Nagpur,Maharashtra,25-09-2025,Yes
DNR006764,Pooja Nair,Female,38,A+,9441242092,Mumbai,Maharashtra,03-04-2024,Yes
DNR006765,Neha Iyer,Female,25,B+,7531510712,Kolkata,West Bengal,22-07-2024,Yes
DNR006766,Vikram Singh,Male,26,B+,9510245729,Visakhapatnam,Andhra Pradesh,22-07-2024,Yes
DNR006767,Rahul Verma,Female,30,B+,9629655867,Lucknow,Uttar Pradesh,08-11-2020,Yes
DNR006768,Vikram Singh,Female,32,O+,9546169543,Bengaluru,Karnataka,30-03-2023,Yes
DNR006769,Priya Patel,Female,42,B+,8638666726,Kanpur,Uttar Pradesh,24-09-2025,Yes
DNR006770,Neha Iyer,Female,43,O-,9569607147,Kolkata,West Bengal,19-06-2025,No
DNR006771,Aarav Sharma,Male,23,B+,9617369668,Jaipur,Rajasthan,29-06-2024,Yes
DNR006772,Pooja Nair,Male,31,B+,8813663617,Kanpur,Uttar Pradesh,17-04-2024,No
DNR006773,Neha Iyer,Male,36,O+,7986465499,Mohali,Punjab,17-04-2022,Yes
DNR006774,Neha Iyer,Male,50,AB+,7960672183,Lucknow,Uttar Pradesh,20-10-2021,Yes
DNR006775,Ananya Kapoor,Male,33,B+,9137171677,Kolkata,West Bengal,Never,Yes
DNR006776,Priya Patel,Female,19,O+,9430206510,Pune,Maharashtra,19-09-2025,No
DNR006777,Kunal Desai,Male,18,B+,8664617637,Nagpur,Maharashtra,03-03-2025,Yes
DNR006778,Ananya Kapoor,Female,18,O+,9725980757,Mohali,Punjab,19-09-2024,No
DNR006779,Kunal Desai,Male,18,A+,9902890091,Mohali,Punjab,09-07-2023,Yes
DNR006780,Ananya Kapoor,Male,39,B+,9801046614,Hyderabad,Telangana,19-10-2025,Yes
DNR006781,Neha Iyer,Female,22,O+,7536791707,Visakhapatnam,Andhra Pradesh,04-08-2023,No
DNR006782,Vikram Singh,Female,31,A+,8291628480,Gurgaon,Haryana,26-01-2025,No
DNR006783,Rahul Verma,Female,40,O+,9564009912,Jaipur,Rajasthan,19-08-2025,No
DNR006784,Rohan Mehta,Female,34,B+,9225441946,Vadodara,Gujarat,28-02-2024,Yes
DNR006785,Aarav Sharma,Female,18,O+,7717340005,Hyderabad,Telangana,26-06-2023,Yes
DNR006786,Ananya Kapoor,Female,20,O+,9532286020,Gurgaon,Haryana,02-06-2025,No
DNR006787,Vikram Singh,Male,35,O+,9210872043,Chennai,Tamil Nadu,14-10-2023,Yes
DNR006788,Sneha Joshi,Female,46,B+,8388391812,Mumbai,Maharashtra,24-04-2023,Yes
DNR006789,Neha Iyer,Female,49,O-,9552421923,Kolkata,West Bengal,21-05-2024,No
DNR006790,Rohan Mehta,Male,26,B+,9111941990,Kolkata,West Bengal,06-10-2024,Yes
DNR006791,Rahul Verma,Female,31,B+,9139071277,Hyderabad,Telangana,11-11-2023,No
DNR006792,Aarav Sharma,Male,43,B+,9181394887,Kanpur,Uttar Pradesh,20-07-2025,No
DNR006793,Rahul Verma,Male,36,O+,8787406013,Thiruvananthapuram,Kerala,Never,Yes
DNR006794,Neha Iyer,Male,30,A+,9710777949,Hyderabad,Telangana,10-07-2025,Yes
DNR006795,Aarav Sharma,Female,25,O+,8031481108,Bengaluru,Karnataka,28-05-2025,No
DNR006796,Pooja Nair,Male,33,O+,9829933141,Kanpur,Uttar Pradesh,09-10-2021,No
DNR006797,Rahul Verma,Male,42,O+,9789997253,Lucknow,Uttar Pradesh,12-08-2024,Yes
DNR006798,Aarav Sharma,Male,41,O+,9512840219,Lucknow,Uttar Pradesh,26-01-2025,Yes
DNR006799,Sneha Joshi,Male,39,B+,8070108056,Vadodara,Gujarat,06-10-2025,No
DNR006800,Priya Patel,Male,36,B+,8121712532,Thiruvananthapuram,Kerala,28-12-2024,No
DNR006801,Rohan Mehta,Female,21,B+,8066142674,Jaipur,Rajasthan,16-02-2025,Yes
DNR006802,Sneha Joshi,Female,53,B+,9060261881,Visakhapatnam,Andhra Pradesh,12-07-2021,No
DNR006803,Pooja Nair,Male,25,B+,7108780679,Nagpur,Maharashtra,23-10-2025,Yes
DNR006804,Ananya Kapoor,Male,30,O+,8086934353,Visakhapatnam,Andhra Pradesh,16-02-2025,Yes
DNR006805,Neha Iyer,Female,37,O+,7063426354,Chennai,Tamil Nadu,20-05-2025,No
DNR006806,Kunal Desai,Male,39,A+,7448983463,Vadodara,Gujarat,25-07-2025,Yes
DNR006807,Aarav Sharma,Male,53,A+,8811861594,Hyderabad,Telangana,11-11-2023,No
DNR006808,Sneha Joshi,Male,39,B+,9278465802,Mumbai,Maharashtra,10-03-2025,Yes
DNR006809,Ananya Kapoor,Male,44,B+,7159731479,Hyderabad,Telangana,17-05-2025,Yes
DNR006810,Kunal Desai,Female,28,A+,8429979744,Delhi,Delhi,22-12-2024,Yes
DNR006811,Pooja Nair,Male,27,AB-,9248820165,Visakhapatnam,Andhra Pradesh,12-12-2024,Yes
DNR006812,Sneha Joshi,Female,23,A+,8784928165,Nagpur,Maharashtra,08-12-2023,Yes
DNR006813,Kunal Desai,Female,32,B+,9712847896,Vadodara,Gujarat,17-12-2024,Yes
DNR006814,Kunal Desai,Male,19,A-,9283898895,Gurgaon,Haryana,02-08-2025,Yes
DNR006815,Kunal Desai,Male,18,O+,8631566290,Bhopal,Madhya Pradesh,18-04-2025,Yes
DNR006816,Rahul Verma,Male,52,B+,9158193405,Patna,Bihar,19-08-2023,Yes
DNR006817,Ananya Kapoor,Other,32,O+,9420171982,Visakhapatnam,Andhra Pradesh,20-07-2025,No
DNR006818,Neha Iyer,Female,47,AB-,8960850430,Kanpur,Uttar Pradesh,12-05-2025,No
DNR006819,Neha Iyer,Male,53,B+,8984071266,Bhopal,Madhya Pradesh,29-08-2025,Yes
DNR006820,Priya Patel,Male,30,B+,8809051419,Kanpur,Uttar Pradesh,03-08-2021,Yes
DNR006821,Rahul Verma,Male,25,O+,8127439976,Surat,Gujarat,10-09-2025,Yes
DNR006822,Neha Iyer,Female,24,O+,8573677528,Chennai,Tamil Nadu,16-09-2021,No
DNR006823,Aarav Sharma,Male,65,B-,9860385419,Surat,Gujarat,07-08-2024,No
DNR006824,Pooja Nair,Male,24,A+,9685665217,Mumbai,Maharashtra,27-03-2021,Yes
DNR006825,Rahul Verma,Male,23,AB-,9834719783,Surat,Gujarat,10-10-2023,Yes
DNR006826,Sneha Joshi,Male,36,O+,7485418025,Ahmedabad,Gujarat,11-02-2025,Yes
DNR006827,Rahul Verma,Female,47,B+,8025568943,Gurgaon,Haryana,11-07-2021,No
DNR006828,Rahul Verma,Male,26,O+,7314351194,Patna,Bihar,07-09-2025,No
DNR006829,Neha Iyer,Male,40,A+,7381492099,Mohali,Punjab,21-10-2025,Yes
DNR006830,Neha Iyer,Female,28,O+,7605272715,Pune,Maharashtra,23-07-2022,Yes
DNR006831,Sneha Joshi,Female,24,AB+,9397817117,Nagpur,Maharashtra,20-11-2024,Yes
DNR006832,Priya Patel,Male,43,O+,9767273943,Pune,Maharashtra,08-11-2020,Yes
DNR006833,Priya Patel,Female,33,O+,7835927073,Gurgaon,Haryana,08-10-2024,Yes
DNR006834,Sneha Joshi,Female,45,O-,9111984599,Patna,Bihar,01-08-2024,No
DNR006835,Rohan Mehta,Male,35,B+,7148610014,Gurgaon,Haryana,13-05-2022,Yes
DNR006836,Ananya Kapoor,Female,41,O+,7602642696,Kanpur,Uttar Pradesh,20-04-2025,No
DNR006837,Rohan Mehta,Male,33,B+,8028319223,Chennai,Tamil Nadu,26-11-2024,Yes
DNR006838,Pooja Nair,Female,35,O+,8249739924,Lucknow,Uttar Pradesh,30-10-2025,Yes
DNR006839,Sneha Joshi,Female,46,O+,7761245258,Nagpur,Maharashtra,03-11-2025,Yes
DNR006840,Ananya Kapoor,Male,18,O+,7030501325,Visakhapatnam,Andhra Pradesh,25-04-2024,No
DNR006841,Aarav Sharma,Female,43,B-,7003228086,Jaipur,Rajasthan,11-10-2022,Yes
DNR006842,Pooja Nair,Male,43,AB+,8742505555,Kanpur,Uttar Pradesh,02-09-2022,No
DNR006843,Pooja Nair,Female,57,A+,9267150731,Vadodara,Gujarat,30-07-2021,Yes
DNR006844,Sneha Joshi,Male,24,B+,9412701512,Kolkata,West Bengal,19-08-2025,Yes
DNR006845,Rohan Mehta,Male,48,A+,8871707941,Delhi,Delhi,19-06-2022,Yes
DNR006846,Priya Patel,Male,26,O+,9430559212,Lucknow,Uttar Pradesh,09-10-2023,Yes
DNR006847,Neha Iyer,Male,35,O+,8153543380,Gurgaon,Haryana,18-09-2025,Yes
DNR006848,Pooja Nair,Female,36,AB-,8377747910,Nagpur,Maharashtra,11-10-2025,Yes
DNR006849,Rohan Mehta,Female,34,B+,9995590915,Gurgaon,Haryana,31-12-2021,Yes
DNR006850,Ananya Kapoor,Female,21,B+,7140886344,Surat,Gujarat,06-04-2025,No
DNR006851,Kunal Desai,Female,34,B+,8601992290,Kanpur,Uttar Pradesh,23-10-2025,No
DNR006852,Aarav Sharma,Female,20,O+,7334483104,Lucknow,Uttar Pradesh,02-04-2025,No
DNR006853,Vikram Singh,Male,48,O+,9452234439,Patna,Bihar,22-08-2025,Yes
DNR006854,Vikram Singh,Male,18,O+,9456315190,Thiruvananthapuram,Kerala,23-02-2025,No
DNR006855,Vikram Singh,Male,46,A+,9156596112,Jaipur,Rajasthan,05-10-2023,No
DNR006856,Vikram Singh,Male,22,B+,8864585023,Mumbai,Maharashtra,14-01-2025,Yes
DNR006857,Neha Iyer,Female,28,O+,8602187804,Nagpur,Maharashtra,03-08-2024,Yes
DNR006858,Aarav Sharma,Male,29,B+,9661627791,Hyderabad,Telangana,02-08-2024,No
DNR006859,Pooja Nair,Female,22,O+,9057214113,Ahmedabad,Gujarat,18-07-2025,No
DNR006860,Neha Iyer,Male,31,B+,8795165777,Mohali,Punjab,21-12-2023,Yes
DNR006861,Sneha Joshi,Female,42,B+,7671415547,Kanpur,Uttar Pradesh,24-03-2023,Yes
DNR006862,Ananya Kapoor,Female,32,O+,7413931984,Mumbai,Maharashtra,19-12-2024,No
DNR006863,Kunal Desai,Female,37,O+,8687138395,Pune,Maharashtra,18-12-2024,Yes
DNR006864,Kunal Desai,Male,25,A+,8764042992,Bhopal,Madhya Pradesh,Never,Yes
DNR006865,Rahul Verma,Male,39,O+,7898551713,Gurgaon,Haryana,02-01-2025,Yes
DNR006866,Priya Patel,Female,25,O+,8151286930,Chennai,Tamil Nadu,28-12-2024,Yes
DNR006867,Neha Iyer,Female,31,A+,8768060400,Nagpur,Maharashtra,22-04-2023,Yes
DNR006868,Neha Iyer,Female,33,O-,8513891275,Pune,Maharashtra,08-11-2020,No
DNR006869,Aarav Sharma,Male,28,O+,8057460385,Chennai,Tamil Nadu,18-02-2024,Yes
DNR006870,Kunal Desai,Male,39,O+,8333539864,Nagpur,Maharashtra,28-02-2025,Yes
DNR006871,Aarav Sharma,Female,42,O+,7539534390,Thiruvananthapuram,Kerala,25-09-2025,Yes
DNR006872,Ananya Kapoor,Male,25,A+,9608774796,Mumbai,Maharashtra,02-01-2024,Yes
DNR006873,Rahul Verma,Female,25,A+,9366653587,Patna,Bihar,27-10-2025,No
DNR006874,Vikram Singh,Male,47,O+,9743645610,Kanpur,Uttar Pradesh,25-03-2022,Yes
DNR006875,Pooja Nair,Male,36,B+,8638171075,Hyderabad,Telangana,08-11-2020,No
DNR006876,Priya Patel,Male,24,O+,9317053169,Ahmedabad,Gujarat,24-10-2024,No
DNR006877,Pooja Nair,Female,32,AB+,8273072376,Nagpur,Maharashtra,24-02-2024,No
DNR006878,Vikram Singh,Male,23,A+,9994026876,Kolkata,West Bengal,01-12-2024,No
DNR006879,Rohan Mehta,Female,18,O+,7202489980,Nagpur,Maharashtra,02-04-2025,No
DNR006880,Rahul Verma,Female,50,B+,8140013725,Kanpur,Uttar Pradesh,11-07-2025,No
DNR006881,Priya Patel,Female,39,O+,7820743442,Bengaluru,Karnataka,27-04-2025,No
DNR006882,Ananya Kapoor,Female,43,A+,8787768227,Thiruvananthapuram,Kerala,24-12-2023,No
DNR006883,Vikram Singh,Female,38,B+,7180616658,Surat,Gujarat,31-10-2025,No
DNR006884,Priya Patel,Male,21,O+,7511948235,Delhi,Delhi,05-08-2024,Yes
DNR006885,Aarav Sharma,Male,19,O-,9612178913,Kanpur,Uttar Pradesh,Never,Yes
DNR006886,Aarav Sharma,Male,44,A+,8860727486,Mumbai,Maharashtra,05-07-2025,Yes
DNR006887,Kunal Desai,Female,21,B+,8338722012,Jaipur,Rajasthan,07-11-2025,No
DNR006888,Priya Patel,Female,30,O+,8016041963,Hyderabad,Telangana,Never,Yes
DNR006889,Pooja Nair,Male,31,O+,7905183141,Pune,Maharashtra,21-07-2025,Yes
DNR006890,Rahul Verma,Male,33,O+,8894645202,Pune,Maharashtra,24-10-2022,Yes
DNR006891,Vikram Singh,Female,26,A-,9502039973,Surat,Gujarat,Never,No
DNR006892,Kunal Desai,Male,29,B+,8164409615,Visakhapatnam,Andhra Pradesh,21-04-2025,Yes
DNR006893,Ananya Kapoor,Female,26,O+,7891720145,Delhi,Delhi,27-08-2025,Yes
DNR006894,Rahul Verma,Male,31,A+,7861451025,Kolkata,West Bengal,27-02-2021,Yes
DNR006895,Pooja Nair,Female,50,O+,9293824215,Nagpur,Maharashtra,02-01-2024,No
DNR006896,Rohan Mehta,Male,43,AB+,9893340335,Visakhapatnam,Andhra Pradesh,19-02-2025,Yes
DNR006897,Rahul Verma,Male,21,B+,7699869893,Hyderabad,Telangana,18-10-2025,Yes
DNR006898,Kunal Desai,Male,39,B+,7277974909,Mumbai,Maharashtra,02-12-2023,Yes
DNR006899,Rahul Verma,Female,25,O+,9929646656,Ahmedabad,Gujarat,14-02-2023,No
DNR006900,Neha Iyer,Female,31,B+,8190122667,Lucknow,Uttar Pradesh,02-04-2024,Yes
DNR006901,Sneha Joshi,Male,33,B-,9275839361,Delhi,Delhi,03-11-2025,Yes
DNR006902,Rohan Mehta,Female,29,B+,9255984567,Mohali,Punjab,22-11-2024,Yes
DNR006903,Pooja Nair,Male,37,A+,8018322467,Mumbai,Maharashtra,30-06-2024,No
DNR006904,Vikram Singh,Male,51,A-,7544404989,Kanpur,Uttar Pradesh,26-06-2023,Yes
DNR006905,Aarav Sharma,Male,33,O+,8313534606,Gurgaon,Haryana,05-09-2025,Yes
DNR006906,Vikram Singh,Male,34,A+,7370386741,Ahmedabad,Gujarat,08-11-2020,Yes
DNR006907,Kunal Desai,Male,32,B+,7332574467,Patna,Bihar,13-06-2024,No
DNR006908,Aarav Sharma,Male,46,O+,9806501742,Bengaluru,Karnataka,19-12-2023,Yes
DNR006909,Priya Patel,Female,29,B+,8917003039,Bhopal,Madhya Pradesh,13-07-2025,Yes
DNR006910,Kunal Desai,Female,26,O-,8997873824,Ahmedabad,Gujarat,Never,No
DNR006911,Pooja Nair,Female,36,B+,7583525113,Gurgaon,Haryana,20-08-2025,No
DNR006912,Vikram Singh,Male,57,B+,8964236234,Pune,Maharashtra,26-06-2024,Yes
DNR006913,Neha Iyer,Male,23,O+,8409522311,Hyderabad,Telangana,15-09-2025,Yes
DNR006914,Vikram Singh,Female,35,B+,7694785197,Vadodara,Gujarat,14-02-2025,No
DNR006915,Kunal Desai,Male,21,B+,7529264710,Kolkata,West Bengal,11-10-2023,No
DNR006916,Rohan Mehta,Male,40,A+,8813688134,Bengaluru,Karnataka,02-11-2025,Yes
DNR006917,Kunal Desai,Male,48,B+,7759975812,Patna,Bihar,18-07-2025,Yes
DNR006918,Sneha Joshi,Male,39,B+,8968224917,Pune,Maharashtra,24-04-2025,Yes
DNR006919,Rohan Mehta,Female,34,O+,7194404715,Gurgaon,Haryana,22-06-2022,Yes
DNR006920,Pooja Nair,Female,45,B+,8134287441,Vadodara,Gujarat,06-12-2024,Yes
DNR006921,Ananya Kapoor,Female,38,A+,8807166319,Surat,Gujarat,10-11-2022,No
DNR006922,Pooja Nair,Female,31,A+,7499961405,Mumbai,Maharashtra,08-11-2020,No
DNR006923,Sneha Joshi,Male,39,B-,7786606530,Surat,Gujarat,27-01-2024,No
DNR006924,Sneha Joshi,Female,22,A+,8657314813,Kanpur,Uttar Pradesh,15-10-2024,No
DNR006925,Kunal Desai,Male,31,O-,7522236172,Vadodara,Gujarat,02-02-2025,Yes
DNR006926,Sneha Joshi,Female,35,B+,7216960808,Ahmedabad,Gujarat,06-02-2022,Yes
DNR006927,Sneha Joshi,Male,28,AB+,7707420498,Bhopal,Madhya Pradesh,23-02-2024,Yes
DNR006928,Rahul Verma,Female,25,O+,9346145372,Jaipur,Rajasthan,26-04-2023,Yes
DNR006929,Neha Iyer,Male,43,O+,7721021935,Thiruvananthapuram,Kerala,12-10-2024,Yes
DNR006930,Neha Iyer,Female,29,O-,7739784863,Surat,Gujarat,04-06-2025,No
DNR006931,Rohan Mehta,Female,21,O+,7875005145,Ahmedabad,Gujarat,14-11-2022,No
DNR006932,Sneha Joshi,Male,25,A+,9344338669,Thiruvananthapuram,Kerala,20-04-2023,Yes
DNR006933,Vikram Singh,Female,22,B+,9256804664,Bhopal,Madhya Pradesh,25-01-2023,Yes
DNR006934,Aarav Sharma,Female,23,A+,8440594208,Nagpur,Maharashtra,01-10-2021,Yes
DNR006935,Pooja Nair,Male,41,A+,8944495847,Visakhapatnam,Andhra Pradesh,11-12-2024,Yes
DNR006936,Priya Patel,Female,35,O+,7394496431,Mumbai,Maharashtra,04-05-2025,No
DNR006937,Kunal Desai,Male,33,B+,7359805819,Delhi,Delhi,19-08-2025,Yes
DNR006938,Priya Patel,Male,35,B+,7811582596,Visakhapatnam,Andhra Pradesh,28-07-2024,Yes
DNR006939,Priya Patel,Female,39,O+,9549807862,Vadodara,Gujarat,29-08-2025,No
DNR006940,Aarav Sharma,Female,28,O+,9088052688,Kolkata,West Bengal,11-10-2022,No
DNR006941,Priya Patel,Female,32,O+,7279886157,Pune,Maharashtra,Never,No
DNR006942,Pooja Nair,Female,21,O+,9006116407,Mumbai,Maharashtra,01-07-2025,Yes
DNR006943,Priya Patel,Male,43,B+,7902172628,Lucknow,Uttar Pradesh,20-10-2022,Yes
DNR006944,Rahul Verma,Female,38,O+,7938380386,Kanpur,Uttar Pradesh,08-11-2020,Yes
DNR006945,Kunal Desai,Female,60,B+,8027898926,Vadodara,Gujarat,07-11-2025,Yes
DNR006946,Neha Iyer,Male,32,B+,9644315016,Delhi,Delhi,19-06-2024,Yes
DNR006947,Rahul Verma,Male,24,B+,8198086810,Nagpur,Maharashtra,17-05-2025,Yes
DNR006948,Kunal Desai,Female,21,A+,7000362034,Vadodara,Gujarat,29-07-2025,Yes
DNR006949,Rohan Mehta,Male,40,A+,7752012275,Surat,Gujarat,20-06-2023,Yes
DNR006950,Ananya Kapoor,Male,44,O+,7747979962,Thiruvananthapuram,Kerala,02-09-2024,Yes
DNR006951,Neha Iyer,Male,46,A-,8154336477,Kolkata,West Bengal,03-08-2024,Yes
DNR006952,Sneha Joshi,Female,34,AB+,7041745627,Delhi,Delhi,08-11-2020,No
DNR006953,Neha Iyer,Female,42,AB+,8891115211,Bhopal,Madhya Pradesh,23-10-2024,Yes
DNR006954,Sneha Joshi,Male,47,O+,7627337100,Gurgaon,Haryana,02-04-2024,Yes
DNR006955,Kunal Desai,Female,44,B+,9297274226,Ahmedabad,Gujarat,10-04-2022,No
DNR006956,Rohan Mehta,Female,32,O+,8868119707,Thiruvananthapuram,Kerala,27-07-2024,Yes
DNR006957,Aarav Sharma,Female,37,O+,9644211493,Bengaluru,Karnataka,07-10-2023,Yes
DNR006958,Vikram Singh,Female,35,B-,8986152044,Nagpur,Maharashtra,02-10-2024,Yes
DNR006959,Rohan Mehta,Male,45,O-,8461157574,Lucknow,Uttar Pradesh,22-07-2023,Yes
DNR006960,Rahul Verma,Female,22,O+,9528968751,Chennai,Tamil Nadu,01-07-2025,Yes
DNR006961,Kunal Desai,Female,47,B+,9203898243,Ahmedabad,Gujarat,14-01-2025,Yes
DNR006962,Neha Iyer,Female,35,A+,8944239339,Ahmedabad,Gujarat,09-03-2024,Yes
DNR006963,Ananya Kapoor,Female,24,O+,7579903652,Pune,Maharashtra,08-10-2024,Yes
DNR006964,Neha Iyer,Male,27,B-,9034601904,Lucknow,Uttar Pradesh,13-10-2021,Yes
DNR006965,Ananya Kapoor,Female,22,B+,7729648234,Gurgaon,Haryana,22-08-2024,No
DNR006966,Pooja Nair,Male,46,A+,8632587510,Kanpur,Uttar Pradesh,14-04-2025,Yes
DNR006967,Priya Patel,Female,37,O+,9788190553,Patna,Bihar,19-05-2025,No
DNR006968,Priya Patel,Male,27,A+,9487418666,Jaipur,Rajasthan,31-10-2025,Yes
DNR006969,Ananya Kapoor,Female,18,AB+,7578066445,Patna,Bihar,Never,No
DNR006970,Rahul Verma,Male,25,A+,9322759940,Surat,Gujarat,03-11-2025,No
DNR006971,Priya Patel,Female,25,B+,9322790733,Kolkata,West Bengal,31-05-2024,Yes
DNR006972,Rahul Verma,Female,44,O+,7657626863,Mohali,Punjab,Never,Yes
DNR006973,Priya Patel,Female,37,O+,7949987133,Kolkata,West Bengal,19-06-2024,No
DNR006974,Kunal Desai,Male,30,B+,9227482961,Bhopal,Madhya Pradesh,22-09-2025,No
DNR006975,Aarav Sharma,Female,49,B+,7544883053,Pune,Maharashtra,25-07-2021,Yes
DNR006976,Rohan Mehta,Male,33,O+,8755504718,Kolkata,West Bengal,17-05-2025,No
DNR006977,Kunal Desai,Female,48,O+,7381959646,Jaipur,Rajasthan,08-04-2025,No
DNR006978,Kunal Desai,Female,18,O+,8239559447,Kolkata,West Bengal,19-04-2023,No
DNR006979,Kunal Desai,Female,30,B+,9633708886,Ahmedabad,Gujarat,19-11-2024,Yes
DNR006980,Sneha Joshi,Male,44,O+,8240014794,Vadodara,Gujarat,08-11-2022,No
DNR006981,Vikram Singh,Male,30,B+,9612585092,Surat,Gujarat,07-10-2024,Yes
DNR006982,Vikram Singh,Female,27,O+,7494848935,Jaipur,Rajasthan,25-02-2022,Yes
DNR006983,Pooja Nair,Female,38,AB+,9762827864,Patna,Bihar,02-03-2025,Yes
DNR006984,Pooja Nair,Female,28,A+,7772033184,Mohali,Punjab,08-11-2020,Yes
DNR006985,Sneha Joshi,Male,27,B+,9240041941,Visakhapatnam,Andhra Pradesh,09-12-2024,Yes
DNR006986,Rohan Mehta,Female,41,O+,8497853970,Patna,Bihar,01-12-2024,Yes
DNR006987,Rahul Verma,Male,24,O+,7675805073,Patna,Bihar,08-05-2025,No
DNR006988,Rahul Verma,Male,33,B+,7288986839,Delhi,Delhi,18-02-2025,Yes
DNR006989,Kunal Desai,Female,36,O+,7634701548,Patna,Bihar,11-10-2025,Yes
DNR006990,Vikram Singh,Male,41,O+,9612110132,Kolkata,West Bengal,18-10-2023,Yes
DNR006991,Pooja Nair,Male,44,O-,8274668994,Chennai,Tamil Nadu,27-11-2022,Yes
DNR006992,Neha Iyer,Female,51,O+,7690458131,Kanpur,Uttar Pradesh,26-06-2024,Yes
DNR006993,Aarav Sharma,Female,34,A+,8508053684,Ahmedabad,Gujarat,14-01-2024,No
DNR006994,Aarav Sharma,Female,31,O+,9260549707,Bengaluru,Karnataka,30-08-2023,Yes
DNR006995,Kunal Desai,Male,33,A+,7299068028,Hyderabad,Telangana,27-10-2024,No
DNR006996,Priya Patel,Male,31,AB+,8506645464,Thiruvananthapuram,Kerala,14-04-2024,No
DNR006997,Rohan Mehta,Male,42,B+,9658458455,Visakhapatnam,Andhra Pradesh,19-07-2025,Yes
DNR006998,Ananya Kapoor,Male,23,O-,7193942899,Gurgaon,Haryana,03-03-2025,Yes
DNR006999,Kunal Desai,Female,51,O+,9490093286,Ahmedabad,Gujarat,17-04-2025,No
DNR007000,Kunal Desai,Male,18,B+,7730963362,Thiruvananthapuram,Kerala,19-12-2023,Yes
DNR007001,Sneha Joshi,Female,33,B+,7741318895,Hyderabad,Telangana,08-01-2024,Yes
DNR007002,Rohan Mehta,Female,32,B+,8641115410,Visakhapatnam,Andhra Pradesh,21-07-2025,Yes
DNR007003,Vikram Singh,Male,34,B+,9132877410,Gurgaon,Haryana,15-04-2025,No
DNR007004,Neha Iyer,Male,38,O+,9848328353,Mohali,Punjab,10-04-2025,Yes
DNR007005,Pooja Nair,Female,20,A+,7103591262,Mumbai,Maharashtra,15-03-2025,No
DNR007006,Vikram Singh,Female,46,O+,7867812429,Nagpur,Maharashtra,05-05-2025,No
DNR007007,Kunal Desai,Female,47,B+,8870806168,Surat,Gujarat,Never,Yes
DNR007008,Ananya Kapoor,Male,37,O+,9184545691,Delhi,Delhi,09-07-2025,Yes
DNR007009,Sneha Joshi,Female,38,B+,8935571995,Surat,Gujarat,16-02-2022,Yes
DNR007010,Kunal Desai,Female,21,A-,9175430373,Thiruvananthapuram,Kerala,05-01-2025,No
DNR007011,Neha Iyer,Female,41,B+,7776982240,Bhopal,Madhya Pradesh,24-03-2022,No
DNR007012,Pooja Nair,Male,35,A+,9495121498,Bengaluru,Karnataka,03-11-2025,No
DNR007013,Priya Patel,Other,30,B+,7940957479,Thiruvananthapuram,Kerala,14-11-2024,No
DNR007014,Vikram Singh,Female,44,O+,7200364565,Lucknow,Uttar Pradesh,22-01-2023,No
DNR007015,Vikram Singh,Female,42,B+,9434956885,Mohali,Punjab,29-05-2023,Yes
DNR007016,Pooja Nair,Male,40,B+,9132183229,Lucknow,Uttar Pradesh,01-06-2024,No
DNR007017,Vikram Singh,Male,36,O+,7941303542,Kolkata,West Bengal,26-10-2024,Yes
DNR007018,Kunal Desai,Female,34,O+,8336114527,Chennai,Tamil Nadu,16-04-2025,No
DNR007019,Rohan Mehta,Female,30,A+,8237502316,Lucknow,Uttar Pradesh,14-07-2024,No
DNR007020,Neha Iyer,Female,20,B+,8200787949,Surat,Gujarat,14-07-2025,Yes
DNR007021,Vikram Singh,Female,34,B+,7611471841,Chennai,Tamil Nadu,17-01-2025,Yes
DNR007022,Ananya Kapoor,Female,18,B+,8338548814,Kanpur,Uttar Pradesh,08-11-2020,No
DNR007023,Pooja Nair,Female,34,B+,8740820121,Ahmedabad,Gujarat,28-08-2025,Yes
DNR007024,Rohan Mehta,Male,35,A-,9237326094,Nagpur,Maharashtra,27-11-2023,Yes
DNR007025,Pooja Nair,Female,22,O-,9558137758,Hyderabad,Telangana,19-06-2025,No
DNR007026,Pooja Nair,Female,43,O+,7996189811,Visakhapatnam,Andhra Pradesh,22-03-2025,No
DNR007027,Aarav Sharma,Female,41,O+,9966276694,Mumbai,Maharashtra,18-04-2024,Yes
DNR007028,Priya Patel,Female,28,B+,8262357792,Patna,Bihar,09-01-2024,Yes
DNR007029,Rahul Verma,Male,37,O+,8248252651,Lucknow,Uttar Pradesh,15-02-2024,Yes
DNR007030,Aarav Sharma,Female,36,A+,9497734986,Kolkata,West Bengal,18-10-2025,Yes
DNR007031,Neha Iyer,Male,18,O+,7550302675,Kanpur,Uttar Pradesh,16-01-2025,Yes
DNR007032,Pooja Nair,Female,37,B+,7983659467,Mohali,Punjab,24-08-2024,Yes
DNR007033,Neha Iyer,Male,47,B+,9331978327,Thiruvananthapuram,Kerala,Never,No
DNR007034,Sneha Joshi,Male,35,O+,8579922617,Mumbai,Maharashtra,23-11-2024,Yes
DNR007035,Pooja Nair,Male,40,B+,9060596703,Mumbai,Maharashtra,03-08-2024,Yes
DNR007036,Priya Patel,Female,21,A+,9025646574,Mumbai,Maharashtra,17-08-2025,Yes
DNR007037,Pooja Nair,Female,24,B+,7555965813,Gurgaon,Haryana,08-11-2020,No
DNR007038,Pooja Nair,Female,52,B+,7061532375,Visakhapatnam,Andhra Pradesh,16-11-2024,No
DNR007039,Sneha Joshi,Female,36,A+,7010646087,Patna,Bihar,26-01-2025,Yes
DNR007040,Rohan Mehta,Male,18,O+,8187630146,Nagpur,Maharashtra,05-12-2021,Yes
DNR007041,Priya Patel,Female,29,AB+,8255366961,Mumbai,Maharashtra,05-08-2025,No
DNR007042,Rahul Verma,Female,25,O+,7027242449,Kolkata,West Bengal,05-09-2025,Yes
DNR007043,Kunal Desai,Male,35,O+,9038762502,Kolkata,West Bengal,16-02-2023,No
DNR007044,Aarav Sharma,Female,46,O+,9008932605,Patna,Bihar,28-02-2025,No
DNR007045,Sneha Joshi,Male,57,A+,9256549458,Lucknow,Uttar Pradesh,18-10-2024,No
DNR007046,Rahul Verma,Female,20,AB+,8222741067,Lucknow,Uttar Pradesh,26-06-2024,No
DNR007047,Pooja Nair,Female,18,O+,7629899997,Pune,Maharashtra,27-02-2024,No
DNR007048,Sneha Joshi,Female,40,O+,9581911935,Kolkata,West Bengal,03-09-2021,No
DNR007049,Pooja Nair,Female,33,O+,7718388735,Kolkata,West Bengal,07-11-2025,Yes
DNR007050,Sneha Joshi,Female,41,B+,7258509908,Visakhapatnam,Andhra Pradesh,23-02-2025,No
DNR007051,Pooja Nair,Male,29,A+,8043003643,Mohali,Punjab,09-06-2023,No
DNR007052,Aarav Sharma,Male,21,B+,9613965122,Jaipur,Rajasthan,05-11-2025,Yes
DNR007053,Sneha Joshi,Male,20,O+,9752132120,Kolkata,West Bengal,14-04-2024,Yes
DNR007054,Pooja Nair,Male,27,B+,9548913966,Ahmedabad,Gujarat,20-01-2025,Yes
DNR007055,Aarav Sharma,Female,22,B+,8816079251,Vadodara,Gujarat,Never,No
DNR007056,Rahul Verma,Female,33,A+,7834976171,Bengaluru,Karnataka,03-08-2024,Yes
DNR007057,Priya Patel,Male,34,A+,9180622467,Nagpur,Maharashtra,04-11-2025,Yes
DNR007058,Vikram Singh,Male,29,O+,7598117996,Bengaluru,Karnataka,06-12-2022,Yes
DNR007059,Pooja Nair,Female,30,O+,9419857445,Mohali,Punjab,16-10-2023,Yes
DNR007060,Aarav Sharma,Female,55,B+,8356640067,Bengaluru,Karnataka,03-02-2024,No
DNR007061,Priya Patel,Female,25,O+,7498816939,Visakhapatnam,Andhra Pradesh,14-06-2024,No
DNR007062,Pooja Nair,Male,31,O+,9677433315,Patna,Bihar,06-11-2022,No
DNR007063,Ananya Kapoor,Female,33,O+,8444119061,Delhi,Delhi,27-08-2023,No
DNR007064,Kunal Desai,Female,32,A+,9247894724,Lucknow,Uttar Pradesh,31-01-2024,No
DNR007065,Rahul Verma,Male,18,O+,7426297351,Chennai,Tamil Nadu,08-11-2020,Yes
DNR007066,Aarav Sharma,Male,26,A+,9843446611,Visakhapatnam,Andhra Pradesh,10-07-2024,Yes
DNR007067,Sneha Joshi,Male,29,B+,7153570295,Kanpur,Uttar Pradesh,18-12-2020,Yes
DNR007068,Pooja Nair,Female,38,O+,8136496012,Visakhapatnam,Andhra Pradesh,07-08-2025,Yes
DNR007069,Aarav Sharma,Male,49,B+,8284520661,Kolkata,West Bengal,05-09-2025,Yes
DNR007070,Pooja Nair,Male,20,O+,9845842873,Chennai,Tamil Nadu,09-09-2024,Yes
DNR007071,Sneha Joshi,Male,33,O+,9480802111,Jaipur,Rajasthan,05-05-2023,Yes
DNR007072,Sneha Joshi,Male,31,O+,8937359808,Kolkata,West Bengal,18-08-2024,Yes
DNR007073,Vikram Singh,Male,41,O+,9168572622,Mohali,Punjab,01-11-2025,Yes
DNR007074,Priya Patel,Female,39,A+,9443719808,Lucknow,Uttar Pradesh,28-10-2023,Yes
DNR007075,Kunal Desai,Male,35,B+,7772439200,Nagpur,Maharashtra,13-09-2025,Yes
DNR007076,Ananya Kapoor,Male,28,A+,8817490234,Kolkata,West Bengal,15-12-2024,Yes
DNR007077,Aarav Sharma,Female,41,A+,9810644804,Delhi,Delhi,07-11-2022,Yes
DNR007078,Kunal Desai,Male,36,O-,8502501830,Thiruvananthapuram,Kerala,09-05-2025,Yes
DNR007079,Ananya Kapoor,Male,18,B+,8919474268,Bhopal,Madhya Pradesh,30-05-2024,No
DNR007080,Vikram Singh,Male,38,A+,7986207175,Lucknow,Uttar Pradesh,15-11-2022,Yes
DNR007081,Priya Patel,Male,32,B+,7349800841,Jaipur,Rajasthan,06-02-2025,No
DNR007082,Neha Iyer,Male,29,B+,7077194103,Lucknow,Uttar Pradesh,01-05-2025,No
DNR007083,Aarav Sharma,Male,42,O+,8302684287,Chennai,Tamil Nadu,12-08-2024,Yes
DNR007084,Priya Patel,Female,23,O+,7433472106,Kanpur,Uttar Pradesh,30-07-2024,No
DNR007085,Kunal Desai,Female,43,O+,8452683613,Visakhapatnam,Andhra Pradesh,30-10-2023,Yes
DNR007086,Rahul Verma,Male,29,A+,7401163096,Kolkata,West Bengal,18-06-2023,No
DNR007087,Rahul Verma,Male,37,A-,7081248074,Lucknow,Uttar Pradesh,03-04-2025,Yes
DNR007088,Sneha Joshi,Male,44,O+,7765133575,Mumbai,Maharashtra,23-11-2023,Yes
DNR007089,Pooja Nair,Male,24,O+,8797998180,Bengaluru,Karnataka,29-01-2025,Yes
DNR007090,Rohan Mehta,Female,47,B+,7757121369,Delhi,Delhi,24-08-2025,Yes
DNR007091,Aarav Sharma,Female,33,O+,7066586581,Surat,Gujarat,08-11-2020,No
DNR007092,Vikram Singh,Female,23,B+,7070514704,Jaipur,Rajasthan,03-12-2024,Yes
DNR007093,Aarav Sharma,Female,42,A+,9014329845,Mohali,Punjab,09-09-2024,Yes
DNR007094,Pooja Nair,Male,27,O+,7879986477,Bengaluru,Karnataka,02-10-2025,Yes
DNR007095,Aarav Sharma,Male,54,B+,7031614185,Visakhapatnam,Andhra Pradesh,08-10-2024,Yes
DNR007096,Ananya Kapoor,Female,35,B+,8867544532,Gurgaon,Haryana,25-12-2022,Yes
DNR007097,Sneha Joshi,Female,33,O+,8297082555,Gurgaon,Haryana,22-04-2024,No
DNR007098,Kunal Desai,Male,63,A-,9894471135,Visakhapatnam,Andhra Pradesh,06-04-2025,Yes
DNR007099,Rohan Mehta,Male,33,B+,7125486019,Jaipur,Rajasthan,Never,Yes
DNR007100,Vikram Singh,Female,54,B+,9422171812,Pune,Maharashtra,07-10-2025,Yes
DNR007101,Ananya Kapoor,Male,38,O-,7711220924,Chennai,Tamil Nadu,Never,Yes
DNR007102,Vikram Singh,Female,18,O-,9691764983,Jaipur,Rajasthan,04-10-2025,No
DNR007103,Vikram Singh,Male,39,AB+,7485116840,Patna,Bihar,24-04-2025,Yes
DNR007104,Rohan Mehta,Male,29,O+,9474302071,Vadodara,Gujarat,27-03-2021,Yes
DNR007105,Pooja Nair,Female,30,O+,8560663143,Nagpur,Maharashtra,01-03-2024,No
DNR007106,Pooja Nair,Male,31,O-,9801397787,Pune,Maharashtra,Never,Yes
DNR007107,Priya Patel,Female,29,AB+,9473572500,Thiruvananthapuram,Kerala,08-11-2020,Yes
DNR007108,Ananya Kapoor,Male,47,O+,9494839413,Mumbai,Maharashtra,12-11-2024,Yes
DNR007109,Rohan Mehta,Female,18,O+,7336365099,Kanpur,Uttar Pradesh,12-10-2024,Yes
DNR007110,Priya Patel,Male,47,B+,9112342591,Bengaluru,Karnataka,14-09-2025,No
DNR007111,Kunal Desai,Female,50,B+,9542976687,Kolkata,West Bengal,13-10-2025,No
DNR007112,Ananya Kapoor,Female,40,B+,8316222815,Bengaluru,Karnataka,11-11-2023,Yes
DNR007113,Rohan Mehta,Male,42,O+,8262888279,Bengaluru,Karnataka,21-02-2025,Yes
DNR007114,Rahul Verma,Female,34,B+,7709506641,Kanpur,Uttar Pradesh,13-08-2025,Yes
DNR007115,Aarav Sharma,Female,35,O+,9537323289,Hyderabad,Telangana,22-11-2022,No
DNR007116,Ananya Kapoor,Male,32,O+,9971404036,Vadodara,Gujarat,25-02-2021,Yes
DNR007117,Rohan Mehta,Male,18,B+,9559940739,Lucknow,Uttar Pradesh,08-05-2024,No
DNR007118,Ananya Kapoor,Male,31,B+,9334906962,Ahmedabad,Gujarat,09-10-2023,Yes
DNR007119,Rahul Verma,Male,34,B+,9908803990,Bengaluru,Karnataka,13-06-2025,Yes
DNR007120,Rahul Verma,Male,47,O+,8426424483,Mumbai,Maharashtra,06-10-2025,No
DNR007121,Sneha Joshi,Female,45,A+,7309558878,Chennai,Tamil Nadu,07-05-2025,No
DNR007122,Kunal Desai,Female,35,A+,9839308122,Hyderabad,Telangana,22-04-2025,No
DNR007123,Sneha Joshi,Female,22,O+,9555390089,Surat,Gujarat,09-08-2023,Yes
DNR007124,Rahul Verma,Male,18,B-,7918323394,Lucknow,Uttar Pradesh,02-05-2025,Yes
DNR007125,Sneha Joshi,Female,31,O+,9600279384,Mumbai,Maharashtra,12-07-2025,Yes
DNR007126,Rahul Verma,Female,47,B+,8513572938,Gurgaon,Haryana,07-01-2025,No
DNR007127,Sneha Joshi,Female,43,O+,8884636082,Thiruvananthapuram,Kerala,18-08-2023,Yes
DNR007128,Priya Patel,Male,36,B+,9666240957,Thiruvananthapuram,Kerala,Never,Yes
DNR007129,Priya Patel,Male,18,A+,8670610483,Surat,Gujarat,26-08-2025,Yes
DNR007130,Pooja Nair,Female,39,O+,8831153989,Patna,Bihar,30-03-2024,No
DNR007131,Vikram Singh,Female,32,B+,8588020290,Visakhapatnam,Andhra Pradesh,10-10-2025,Yes
DNR007132,Ananya Kapoor,Male,31,O+,7239385215,Mohali,Punjab,17-03-2024,Yes
DNR007133,Ananya Kapoor,Male,65,O+,7961392621,Vadodara,Gujarat,26-02-2024,No
DNR007134,Rohan Mehta,Male,30,B+,8333534089,Pune,Maharashtra,30-03-2025,Yes
DNR007135,Pooja Nair,Male,37,A+,9375151779,Bengaluru,Karnataka,02-01-2025,No
DNR007136,Vikram Singh,Female,28,O+,7940026581,Jaipur,Rajasthan,13-04-2022,Yes
DNR007137,Rohan Mehta,Male,28,A+,8003038197,Lucknow,Uttar Pradesh,12-02-2025,Yes
DNR007138,Pooja Nair,Male,36,B+,7292134154,Thiruvananthapuram,Kerala,02-07-2025,Yes
DNR007139,Aarav Sharma,Other,35,B-,7477976453,Thiruvananthapuram,Kerala,31-10-2025,Yes
DNR007140,Rahul Verma,Female,18,B+,7865397951,Mohali,Punjab,24-02-2024,Yes
DNR007141,Sneha Joshi,Male,28,AB+,9951909492,Kolkata,West Bengal,02-05-2021,No
DNR007142,Rohan Mehta,Female,31,A+,7482085131,Bhopal,Madhya Pradesh,Never,Yes
DNR007143,Kunal Desai,Female,33,B+,8130988328,Delhi,Delhi,24-08-2025,No
DNR007144,Sneha Joshi,Female,36,O+,7584157092,Patna,Bihar,13-03-2025,No
DNR007145,Aarav Sharma,Female,40,O+,9388841111,Visakhapatnam,Andhra Pradesh,01-04-2024,Yes
DNR007146,Rahul Verma,Male,39,O+,9629270694,Bhopal,Madhya Pradesh,10-06-2025,No
DNR007147,Vikram Singh,Male,18,AB+,9309423609,Visakhapatnam,Andhra Pradesh,08-11-2020,Yes
DNR007148,Neha Iyer,Female,23,O+,7523694592,Bengaluru,Karnataka,19-02-2022,No
DNR007149,Priya Patel,Male,32,B+,9180182165,Kanpur,Uttar Pradesh,20-03-2025,Yes
DNR007150,Ananya Kapoor,Male,33,O+,9727135019,Kanpur,Uttar Pradesh,09-04-2025,Yes
DNR007151,Sneha Joshi,Male,41,O+,7795235547,Visakhapatnam,Andhra Pradesh,11-05-2025,Yes
DNR007152,Vikram Singh,Female,21,A+,8475071570,Lucknow,Uttar Pradesh,05-11-2025,Yes
DNR007153,Ananya Kapoor,Male,33,B+,9667257945,Vadodara,Gujarat,Never,No
DNR007154,Priya Patel,Male,35,O+,7683387219,Surat,Gujarat,03-06-2022,Yes
DNR007155,Rohan Mehta,Male,24,A+,7112467347,Kolkata,West Bengal,24-02-2025,Yes
DNR007156,Sneha Joshi,Female,22,B+,8384029364,Mumbai,Maharashtra,23-07-2024,No
DNR007157,Rohan Mehta,Male,36,O+,9274016703,Mohali,Punjab,15-03-2025,Yes
DNR007158,Pooja Nair,Male,40,A+,9889102131,Delhi,Delhi,02-11-2025,Yes
DNR007159,Rahul Verma,Female,47,B+,9838856160,Visakhapatnam,Andhra Pradesh,28-09-2025,Yes
DNR007160,Priya Patel,Female,35,O+,7498446152,Mohali,Punjab,08-11-2020,Yes
DNR007161,Aarav Sharma,Female,34,O+,9051905762,Mohali,Punjab,26-03-2024,No
DNR007162,Pooja Nair,Male,41,O+,9315975797,Bengaluru,Karnataka,12-09-2025,Yes
DNR007163,Aarav Sharma,Male,25,B-,8578423027,Jaipur,Rajasthan,12-11-2024,Yes
DNR007164,Ananya Kapoor,Female,22,B+,7787036225,Bengaluru,Karnataka,19-01-2025,No
DNR007165,Priya Patel,Male,31,B+,8039661709,Mohali,Punjab,11-03-2024,Yes
DNR007166,Rohan Mehta,Male,25,O+,9272135025,Vadodara,Gujarat,22-01-2025,Yes
DNR007167,Rahul Verma,Female,46,B+,8294582570,Thiruvananthapuram,Kerala,19-06-2025,No
DNR007168,Pooja Nair,Female,31,O+,9999558447,Bhopal,Madhya Pradesh,13-03-2024,Yes
DNR007169,Kunal Desai,Male,43,AB-,8926088976,Visakhapatnam,Andhra Pradesh,13-05-2024,Yes
DNR007170,Priya Patel,Female,51,A+,9983921718,Visakhapatnam,Andhra Pradesh,31-05-2024,No
DNR007171,Rahul Verma,Male,25,B+,9425328057,Pune,Maharashtra,26-09-2024,No
DNR007172,Neha Iyer,Female,35,A+,9664142996,Vadodara,Gujarat,19-01-2025,No
DNR007173,Sneha Joshi,Female,19,A+,8929865931,Bhopal,Madhya Pradesh,23-09-2023,Yes
DNR007174,Aarav Sharma,Male,30,B+,8417786724,Bhopal,Madhya Pradesh,16-09-2024,Yes
DNR007175,Rahul Verma,Male,31,A+,9493615500,Kolkata,West Bengal,08-09-2025,Yes
DNR007176,Rohan Mehta,Female,19,O+,8278391265,Pune,Maharashtra,27-06-2025,Yes
DNR007177,Priya Patel,Male,26,A+,9646308506,Vadodara,Gujarat,27-06-2022,Yes
DNR007178,Pooja Nair,Male,31,B+,7053692598,Hyderabad,Telangana,27-12-2022,Yes
DNR007179,Rahul Verma,Male,25,O-,8754302268,Mohali,Punjab,15-01-2025,Yes
DNR007180,Neha Iyer,Female,40,B+,7868260551,Bengaluru,Karnataka,18-10-2025,Yes
DNR007181,Neha Iyer,Female,24,O+,8471277382,Hyderabad,Telangana,09-04-2025,No
DNR007182,Rahul Verma,Male,43,B+,8291697845,Gurgaon,Haryana,26-09-2025,Yes
DNR007183,Sneha Joshi,Male,43,A+,7470573423,Patna,Bihar,11-09-2025,Yes
DNR007184,Kunal Desai,Female,18,B+,7283274566,Kanpur,Uttar Pradesh,13-12-2024,Yes
DNR007185,Rahul Verma,Male,27,O+,7918291694,Thiruvananthapuram,Kerala,30-06-2024,Yes
DNR007186,Ananya Kapoor,Male,25,O+,7515184676,Nagpur,Maharashtra,16-11-2023,Yes
DNR007187,Priya Patel,Male,33,O+,8858387050,Mohali,Punjab,17-06-2022,Yes
DNR007188,Sneha Joshi,Male,51,O+,8223884257,Jaipur,Rajasthan,01-04-2023,No
DNR007189,Priya Patel,Female,33,O+,7916045576,Patna,Bihar,22-02-2021,No
DNR007190,Sneha Joshi,Female,24,O+,8444216655,Lucknow,Uttar Pradesh,29-05-2023,No
DNR007191,Sneha Joshi,Male,43,O+,7753196547,Kolkata,West Bengal,20-10-2025,No
DNR007192,Ananya Kapoor,Female,49,O+,8650307944,Surat,Gujarat,31-10-2025,No
DNR007193,Kunal Desai,Male,40,B+,9972737826,Kanpur,Uttar Pradesh,04-06-2024,Yes
DNR007194,Sneha Joshi,Female,36,B+,9298584508,Vadodara,Gujarat,09-10-2025,Yes
DNR007195,Priya Patel,Female,27,B+,7028142641,Kanpur,Uttar Pradesh,15-07-2025,Yes
DNR007196,Neha Iyer,Male,34,O+,9931027337,Thiruvananthapuram,Kerala,04-07-2025,Yes
DNR007197,Rohan Mehta,Male,45,A+,9647152006,Chennai,Tamil Nadu,21-07-2025,Yes
DNR007198,Ananya Kapoor,Male,28,B+,8787824345,Bhopal,Madhya Pradesh,29-05-2023,Yes
DNR007199,Priya Patel,Female,27,O+,7412725222,Kolkata,West Bengal,22-04-2025,Yes
DNR007200,Rahul Verma,Male,43,A+,7422429647,Lucknow,Uttar Pradesh,02-04-2024,Yes
DNR007201,Neha Iyer,Female,46,B+,8861144731,Bhopal,Madhya Pradesh,04-10-2024,No
DNR007202,Kunal Desai,Female,35,A+,9585505184,Pune,Maharashtra,18-02-2023,Yes
DNR007203,Sneha Joshi,Female,40,O+,8017145125,Hyderabad,Telangana,28-09-2024,Yes
DNR007204,Neha Iyer,Female,39,AB+,7912032439,Visakhapatnam,Andhra Pradesh,15-04-2023,No
DNR007205,Ananya Kapoor,Female,49,O+,8020403670,Visakhapatnam,Andhra Pradesh,02-11-2024,No
DNR007206,Vikram Singh,Female,39,A+,7529175898,Pune,Maharashtra,15-11-2023,No
DNR007207,Aarav Sharma,Female,46,A+,7642874057,Surat,Gujarat,07-11-2025,Yes
DNR007208,Pooja Nair,Female,32,B+,9519791087,Bhopal,Madhya Pradesh,26-06-2025,Yes
DNR007209,Sneha Joshi,Female,36,B+,9933746656,Thiruvananthapuram,Kerala,21-09-2025,No
DNR007210,Rahul Verma,Male,41,O-,9006782780,Mohali,Punjab,22-02-2024,No
DNR007211,Priya Patel,Female,23,B+,8078973427,Visakhapatnam,Andhra Pradesh,05-10-2025,No
DNR007212,Vikram Singh,Female,38,O+,9387981549,Nagpur,Maharashtra,11-08-2025,Yes
DNR007213,Aarav Sharma,Male,22,O+,9213621629,Kolkata,West Bengal,31-12-2024,Yes
DNR007214,Neha Iyer,Male,37,O+,9008003688,Gurgaon,Haryana,11-08-2023,Yes
DNR007215,Priya Patel,Female,22,O+,9850709965,Jaipur,Rajasthan,13-10-2021,Yes
DNR007216,Kunal Desai,Male,26,O+,7351389596,Bengaluru,Karnataka,06-03-2024,Yes
DNR007217,Pooja Nair,Female,20,B+,9446037068,Chennai,Tamil Nadu,27-09-2024,No
DNR007218,Aarav Sharma,Female,33,O-,7940300513,Jaipur,Rajasthan,03-11-2023,Yes
DNR007219,Aarav Sharma,Female,35,B+,9659502429,Kanpur,Uttar Pradesh,Never,No
DNR007220,Rahul Verma,Male,29,B+,7620809647,Jaipur,Rajasthan,Never,Yes
DNR007221,Aarav Sharma,Female,27,AB+,9734252794,Pune,Maharashtra,03-07-2025,No
DNR007222,Rahul Verma,Male,25,B+,8964120263,Surat,Gujarat,19-02-2025,Yes
DNR007223,Rahul Verma,Male,32,O+,7316802289,Bhopal,Madhya Pradesh,25-02-2022,Yes
DNR007224,Vikram Singh,Female,26,B+,9646735120,Hyderabad,Telangana,Never,No
DNR007225,Neha Iyer,Female,30,O+,7926433180,Chennai,Tamil Nadu,28-10-2023,Yes
DNR007226,Kunal Desai,Male,38,O+,7772765055,Visakhapatnam,Andhra Pradesh,Never,Yes
DNR007227,Pooja Nair,Female,28,B+,9309628993,Gurgaon,Haryana,14-02-2025,No
DNR007228,Rahul Verma,Male,32,A+,7888227059,Patna,Bihar,28-09-2023,Yes
DNR007229,Kunal Desai,Female,37,O+,9397526186,Bengaluru,Karnataka,15-06-2024,Yes
DNR007230,Aarav Sharma,Female,18,O+,9770641624,Vadodara,Gujarat,27-01-2023,Yes
DNR007231,Kunal Desai,Male,35,B+,7576240035,Visakhapatnam,Andhra Pradesh,Never,Yes
DNR007232,Rahul Verma,Male,32,B+,7405713273,Hyderabad,Telangana,Never,Yes
DNR007233,Kunal Desai,Female,35,AB+,9115496991,Kolkata,West Bengal,06-08-2024,No
DNR007234,Neha Iyer,Female,39,A+,7669556764,Mumbai,Maharashtra,26-02-2025,Yes
DNR007235,Sneha Joshi,Female,33,B-,9157032922,Kanpur,Uttar Pradesh,22-07-2023,No
DNR007236,Rohan Mehta,Male,34,O+,9837988884,Delhi,Delhi,11-11-2020,No
DNR007237,Aarav Sharma,Male,38,B+,8403237135,Lucknow,Uttar Pradesh,18-07-2025,Yes
DNR007238,Priya Patel,Female,18,B-,7695208174,Patna,Bihar,Never,No
DNR007239,Sneha Joshi,Female,34,B+,8932920647,Kolkata,West Bengal,11-02-2024,No
DNR007240,Pooja Nair,Male,40,O+,9268625666,Bhopal,Madhya Pradesh,25-10-2024,Yes
DNR007241,Priya Patel,Female,33,B+,8455005981,Chennai,Tamil Nadu,07-02-2025,Yes
DNR007242,Priya Patel,Male,31,O+,8458377576,Visakhapatnam,Andhra Pradesh,05-05-2024,Yes
DNR007243,Rahul Verma,Female,29,A+,9239657838,Ahmedabad,Gujarat,27-03-2025,Yes
DNR007244,Pooja Nair,Female,48,AB+,7756387368,Delhi,Delhi,18-08-2025,Yes
DNR007245,Vikram Singh,Female,23,B+,8944450818,Bengaluru,Karnataka,17-10-2023,No
DNR007246,Rahul Verma,Female,42,O+,7202070556,Delhi,Delhi,14-09-2021,Yes
DNR007247,Sneha Joshi,Male,32,A+,9854239576,Kolkata,West Bengal,13-10-2025,Yes
DNR007248,Pooja Nair,Male,29,B+,9370200512,Hyderabad,Telangana,07-07-2025,No
DNR007249,Aarav Sharma,Female,43,O+,8182925696,Kanpur,Uttar Pradesh,11-05-2025,No
DNR007250,Rohan Mehta,Female,51,O+,8204933642,Patna,Bihar,08-11-2020,No
DNR007251,Rahul Verma,Female,44,A+,9280770472,Patna,Bihar,Never,Yes
DNR007252,Aarav Sharma,Female,34,B+,7895328163,Kanpur,Uttar Pradesh,11-08-2025,Yes
DNR007253,Ananya Kapoor,Female,39,O+,8509176210,Delhi,Delhi,17-12-2023,Yes
DNR007254,Rohan Mehta,Male,37,O+,9878095926,Nagpur,Maharashtra,04-08-2025,Yes
DNR007255,Kunal Desai,Male,28,B+,8256824047,Patna,Bihar,13-06-2024,No
DNR007256,Rohan Mehta,Female,31,AB+,7318206237,Delhi,Delhi,18-07-2023,Yes
DNR007257,Pooja Nair,Male,18,O+,7594425907,Patna,Bihar,24-02-2023,No
DNR007258,Aarav Sharma,Female,29,B+,9602169178,Kanpur,Uttar Pradesh,Never,Yes
DNR007259,Pooja Nair,Female,44,AB+,9080483160,Mumbai,Maharashtra,13-05-2024,No
DNR007260,Rohan Mehta,Female,32,B+,9370842251,Ahmedabad,Gujarat,25-09-2025,Yes
DNR007261,Rohan Mehta,Female,37,A+,7805485695,Ahmedabad,Gujarat,11-11-2022,Yes
DNR007262,Pooja Nair,Female,18,AB+,9232077840,Mumbai,Maharashtra,22-05-2025,No
DNR007263,Rohan Mehta,Male,32,B+,8659790767,Patna,Bihar,19-05-2024,Yes
DNR007264,Rahul Verma,Female,44,O+,8895104020,Lucknow,Uttar Pradesh,02-04-2025,No
DNR007265,Rohan Mehta,Male,35,B-,8763368210,Mohali,Punjab,25-04-2023,No
DNR007266,Aarav Sharma,Male,35,B+,9685906506,Patna,Bihar,13-10-2025,Yes
DNR007267,Sneha Joshi,Male,20,A-,9050995724,Nagpur,Maharashtra,03-11-2022,Yes
DNR007268,Kunal Desai,Male,51,A+,8644027453,Mumbai,Maharashtra,23-04-2023,No
DNR007269,Neha Iyer,Female,44,O-,9182393995,Jaipur,Rajasthan,16-04-2025,Yes
DNR007270,Pooja Nair,Male,31,A+,9416513282,Hyderabad,Telangana,06-09-2023,No
DNR007271,Priya Patel,Male,24,B+,9493687392,Nagpur,Maharashtra,17-10-2023,Yes
DNR007272,Sneha Joshi,Female,34,O+,8471413578,Kanpur,Uttar Pradesh,30-08-2024,Yes
DNR007273,Priya Patel,Male,48,B-,8784745916,Bhopal,Madhya Pradesh,08-11-2020,No
DNR007274,Rohan Mehta,Male,48,B+,8845443986,Bhopal,Madhya Pradesh,Never,Yes
DNR007275,Aarav Sharma,Male,35,O+,7152592686,Gurgaon,Haryana,15-10-2025,No
DNR007276,Aarav Sharma,Male,30,B+,9063784008,Mohali,Punjab,13-03-2025,Yes
DNR007277,Ananya Kapoor,Male,48,B+,8010409390,Visakhapatnam,Andhra Pradesh,07-02-2024,No
DNR007278,Vikram Singh,Female,28,B+,9401711216,Kolkata,West Bengal,24-08-2024,Yes
DNR007279,Sneha Joshi,Female,41,O+,7478701758,Vadodara,Gujarat,16-06-2025,No
DNR007280,Rohan Mehta,Male,18,O+,7877014432,Hyderabad,Telangana,31-08-2024,Yes
DNR007281,Pooja Nair,Female,45,O+,8177768889,Hyderabad,Telangana,07-03-2024,Yes
DNR007282,Priya Patel,Female,46,B+,9596811396,Ahmedabad,Gujarat,30-12-2024,No
DNR007283,Pooja Nair,Female,35,A+,7023779075,Visakhapatnam,Andhra Pradesh,01-12-2023,Yes
DNR007284,Aarav Sharma,Male,39,O+,7090568454,Mumbai,Maharashtra,14-04-2025,Yes
DNR007285,Sneha Joshi,Male,21,B+,8310175782,Ahmedabad,Gujarat,01-08-2025,No
DNR007286,Ananya Kapoor,Male,37,A+,9531512939,Delhi,Delhi,16-01-2025,Yes
DNR007287,Vikram Singh,Female,36,B+,9836844317,Jaipur,Rajasthan,25-05-2025,Yes
DNR007288,Ananya Kapoor,Female,31,O-,9174058544,Lucknow,Uttar Pradesh,16-03-2025,No
DNR007289,Sneha Joshi,Female,30,O+,7085861300,Pune,Maharashtra,11-11-2023,No
DNR007290,Aarav Sharma,Male,43,B+,8497473224,Mumbai,Maharashtra,23-12-2024,Yes
DNR007291,Pooja Nair,Male,37,O+,7523742193,Gurgaon,Haryana,26-12-2023,Yes
DNR007292,Pooja Nair,Male,30,AB+,7102326624,Nagpur,Maharashtra,26-04-2022,Yes
DNR007293,Rohan Mehta,Female,39,O+,9215237454,Patna,Bihar,21-02-2023,No
DNR007294,Ananya Kapoor,Male,50,B+,8278725646,Gurgaon,Haryana,21-03-2024,Yes
DNR007295,Neha Iyer,Female,39,A+,7793401772,Jaipur,Rajasthan,16-05-2025,Yes
DNR007296,Priya Patel,Female,53,A+,8467316938,Kolkata,West Bengal,26-08-2025,Yes
DNR007297,Neha Iyer,Female,20,O+,7132698435,Patna,Bihar,24-10-2025,Yes
DNR007298,Vikram Singh,Male,45,A+,8684177574,Kolkata,West Bengal,13-08-2023,Yes
DNR007299,Vikram Singh,Female,37,O+,8652908977,Vadodara,Gujarat,24-06-2025,Yes
DNR007300,Vikram Singh,Female,48,B+,7526769657,Surat,Gujarat,30-07-2025,Yes
DNR007301,Priya Patel,Female,32,A+,8684013140,Ahmedabad,Gujarat,19-10-2024,Yes
DNR007302,Kunal Desai,Female,33,AB+,7843685274,Chennai,Tamil Nadu,08-10-2024,No
DNR007303,Rahul Verma,Female,36,O+,9645236482,Hyderabad,Telangana,31-03-2025,Yes
DNR007304,Neha Iyer,Female,47,B+,8879054066,Chennai,Tamil Nadu,20-06-2025,Yes
DNR007305,Ananya Kapoor,Male,18,A+,9042421357,Surat,Gujarat,30-11-2024,Yes
DNR007306,Ananya Kapoor,Female,43,B+,7979646421,Pune,Maharashtra,12-09-2025,No
DNR007307,Rahul Verma,Male,43,B+,7539158110,Nagpur,Maharashtra,28-04-2025,No
DNR007308,Aarav Sharma,Female,27,O+,8460689632,Bhopal,Madhya Pradesh,11-03-2025,No
DNR007309,Rahul Verma,Female,42,O+,9786144396,Chennai,Tamil Nadu,08-11-2020,Yes
DNR007310,Pooja Nair,Male,46,O+,7128873785,Lucknow,Uttar Pradesh,11-05-2025,Yes
DNR007311,Priya Patel,Male,32,O-,9356760943,Nagpur,Maharashtra,08-10-2025,No
DNR007312,Ananya Kapoor,Female,33,O+,9387959465,Lucknow,Uttar Pradesh,01-06-2025,No
DNR007313,Kunal Desai,Female,41,AB+,7549572934,Nagpur,Maharashtra,01-02-2023,No
DNR007314,Rahul Verma,Female,41,AB+,7630060586,Delhi,Delhi,29-08-2023,No
DNR007315,Kunal Desai,Male,28,A+,9378437675,Hyderabad,Telangana,07-01-2022,No
DNR007316,Ananya Kapoor,Female,38,O+,9231333389,Gurgaon,Haryana,19-09-2025,No
DNR007317,Vikram Singh,Male,46,O+,8175267298,Visakhapatnam,Andhra Pradesh,08-09-2025,Yes
DNR007318,Vikram Singh,Male,26,B+,7690262751,Mohali,Punjab,29-09-2024,Yes
DNR007319,Sneha Joshi,Female,35,O+,7872516344,Jaipur,Rajasthan,26-03-2024,No
DNR007320,Vikram Singh,Male,53,O-,7993439938,Ahmedabad,Gujarat,20-02-2023,Yes
DNR007321,Vikram Singh,Male,53,O+,7725304374,Jaipur,Rajasthan,15-01-2025,No
DNR007322,Pooja Nair,Male,30,A+,9780833954,Gurgaon,Haryana,03-07-2025,No
DNR007323,Ananya Kapoor,Female,44,B+,7867562235,Kolkata,West Bengal,12-06-2025,Yes
DNR007324,Rahul Verma,Male,43,B+,7268693212,Hyderabad,Telangana,17-10-2024,No
DNR007325,Vikram Singh,Female,32,B+,9526792723,Ahmedabad,Gujarat,Never,Yes
DNR007326,Rohan Mehta,Male,21,A+,8357913990,Surat,Gujarat,27-08-2025,No
DNR007327,Rahul Verma,Female,51,O+,8359616866,Mohali,Punjab,02-09-2025,Yes
DNR007328,Rohan Mehta,Female,41,A+,8001524864,Jaipur,Rajasthan,16-02-2025,No
DNR007329,Aarav Sharma,Female,39,A+,9936879202,Pune,Maharashtra,07-05-2023,No
DNR007330,Aarav Sharma,Female,32,O+,9911949682,Kanpur,Uttar Pradesh,26-08-2025,No
DNR007331,Neha Iyer,Female,33,B+,7480800872,Lucknow,Uttar Pradesh,25-04-2025,Yes
DNR007332,Kunal Desai,Female,41,B+,8212746677,Lucknow,Uttar Pradesh,06-07-2025,Yes
DNR007333,Aarav Sharma,Male,22,B+,7334188129,Patna,Bihar,03-07-2025,Yes
DNR007334,Pooja Nair,Male,48,B+,7001261977,Pune,Maharashtra,26-02-2025,Yes
DNR007335,Neha Iyer,Female,40,A+,9598945972,Kanpur,Uttar Pradesh,12-04-2025,Yes
DNR007336,Priya Patel,Male,33,O+,7373277328,Ahmedabad,Gujarat,02-09-2023,Yes
DNR007337,Pooja Nair,Male,31,O-,8615147974,Gurgaon,Haryana,15-10-2024,No
DNR007338,Aarav Sharma,Female,27,B-,8275166932,Thiruvananthapuram,Kerala,14-05-2025,Yes
DNR007339,Kunal Desai,Male,24,O+,8281777725,Gurgaon,Haryana,18-10-2023,No
DNR007340,Neha Iyer,Female,42,B+,8420976501,Mohali,Punjab,29-09-2025,No
DNR007341,Aarav Sharma,Male,30,B+,8671120843,Delhi,Delhi,14-03-2025,Yes
DNR007342,Priya Patel,Female,32,B+,7331535272,Mumbai,Maharashtra,10-09-2022,Yes
DNR007343,Kunal Desai,Male,42,AB+,8239948336,Gurgaon,Haryana,Never,Yes
DNR007344,Kunal Desai,Female,20,O+,7501213615,Vadodara,Gujarat,27-10-2025,No
DNR007345,Vikram Singh,Female,40,O-,9180159650,Surat,Gujarat,05-09-2022,Yes
DNR007346,Aarav Sharma,Female,39,O+,8260929060,Mumbai,Maharashtra,06-04-2022,No
DNR007347,Aarav Sharma,Female,40,O+,8844856180,Lucknow,Uttar Pradesh,11-12-2024,Yes
DNR007348,Kunal Desai,Male,33,O+,9786278663,Kolkata,West Bengal,26-10-2025,Yes
DNR007349,Rohan Mehta,Male,52,O+,9600135996,Delhi,Delhi,02-11-2025,Yes
DNR007350,Rohan Mehta,Male,40,A+,7974177138,Nagpur,Maharashtra,09-05-2025,Yes
DNR007351,Sneha Joshi,Male,29,B+,7178259416,Mumbai,Maharashtra,26-11-2023,Yes
DNR007352,Vikram Singh,Female,33,O-,9414983811,Pune,Maharashtra,11-06-2025,Yes
DNR007353,Vikram Singh,Female,51,A+,8033688965,Kanpur,Uttar Pradesh,16-08-2025,Yes
DNR007354,Rohan Mehta,Female,38,O+,7047466150,Ahmedabad,Gujarat,Never,No
DNR007355,Vikram Singh,Female,24,O+,7499029069,Nagpur,Maharashtra,02-10-2025,No
DNR007356,Aarav Sharma,Male,40,O+,9934523707,Vadodara,Gujarat,03-01-2025,Yes
DNR007357,Aarav Sharma,Male,36,O+,9745765691,Lucknow,Uttar Pradesh,Never,No
DNR007358,Aarav Sharma,Female,18,O+,8389075838,Nagpur,Maharashtra,27-02-2025,Yes
DNR007359,Priya Patel,Male,34,O-,8747353854,Surat,Gujarat,03-08-2023,Yes
DNR007360,Priya Patel,Male,23,B+,7196263806,Chennai,Tamil Nadu,08-10-2024,Yes
DNR007361,Rahul Verma,Female,27,A+,9145474110,Mumbai,Maharashtra,21-09-2024,Yes
DNR007362,Priya Patel,Female,41,AB+,9404004036,Kolkata,West Bengal,27-01-2024,Yes
DNR007363,Vikram Singh,Female,57,A+,7946457922,Lucknow,Uttar Pradesh,30-07-2025,Yes
DNR007364,Sneha Joshi,Male,34,A+,7247657473,Vadodara,Gujarat,28-02-2025,Yes
DNR007365,Vikram Singh,Female,40,O+,9754564025,Gurgaon,Haryana,15-08-2025,No
DNR007366,Sneha Joshi,Female,28,O+,7402107501,Delhi,Delhi,04-08-2025,No
DNR007367,Vikram Singh,Female,38,B+,7148238864,Bhopal,Madhya Pradesh,16-06-2024,No
DNR007368,Vikram Singh,Male,53,O+,8275550881,Bengaluru,Karnataka,12-08-2025,Yes
DNR007369,Ananya Kapoor,Male,38,A+,8581528685,Surat,Gujarat,31-10-2025,Yes
DNR007370,Neha Iyer,Female,34,B+,8187712935,Hyderabad,Telangana,22-02-2023,No
DNR007371,Pooja Nair,Male,29,B+,7345908195,Kolkata,West Bengal,31-08-2024,Yes
DNR007372,Aarav Sharma,Male,43,A+,7831455360,Pune,Maharashtra,08-11-2020,Yes
DNR007373,Rohan Mehta,Male,37,O+,9868965106,Gurgaon,Haryana,20-10-2024,Yes
DNR007374,Rahul Verma,Male,31,A+,8795332761,Kolkata,West Bengal,05-10-2025,Yes
DNR007375,Rahul Verma,Male,31,AB-,8882427924,Mohali,Punjab,27-03-2023,No
DNR007376,Pooja Nair,Female,34,O+,9513867281,Kolkata,West Bengal,20-09-2025,No
DNR007377,Aarav Sharma,Female,35,B+,9255884461,Nagpur,Maharashtra,16-06-2025,Yes
DNR007378,Aarav Sharma,Female,36,O-,7613343762,Ahmedabad,Gujarat,17-10-2023,Yes
DNR007379,Neha Iyer,Female,43,A+,8848694904,Lucknow,Uttar Pradesh,08-07-2024,Yes
DNR007380,Sneha Joshi,Female,40,O+,7840440381,Gurgaon,Haryana,25-08-2025,No
DNR007381,Rohan Mehta,Male,26,B+,7753168922,Visakhapatnam,Andhra Pradesh,14-10-2023,Yes
DNR007382,Kunal Desai,Female,39,B+,8443671851,Surat,Gujarat,08-11-2020,No
DNR007383,Rahul Verma,Female,33,O+,7098386228,Chennai,Tamil Nadu,06-01-2025,No
DNR007384,Vikram Singh,Male,21,O+,8463630685,Kolkata,West Bengal,08-11-2020,Yes
DNR007385,Pooja Nair,Male,34,B+,8888672214,Delhi,Delhi,08-06-2025,Yes
DNR007386,Vikram Singh,Other,38,AB+,7276040548,Bengaluru,Karnataka,10-04-2025,Yes
DNR007387,Vikram Singh,Female,43,O+,9478162758,Kolkata,West Bengal,14-07-2025,Yes
DNR007388,Sneha Joshi,Female,47,B+,8483542915,Chennai,Tamil Nadu,16-04-2025,Yes
DNR007389,Kunal Desai,Male,20,B+,7133346881,Vadodara,Gujarat,19-10-2025,Yes
DNR007390,Neha Iyer,Female,27,O+,8592010854,Chennai,Tamil Nadu,04-01-2025,Yes
DNR007391,Kunal Desai,Female,33,O+,9816915133,Ahmedabad,Gujarat,29-06-2024,Yes
DNR007392,Neha Iyer,Female,18,B+,8686492240,Delhi,Delhi,19-09-2023,Yes
DNR007393,Pooja Nair,Male,33,A+,7435072010,Kolkata,West Bengal,14-08-2023,No
DNR007394,Vikram Singh,Male,31,O+,9185170361,Pune,Maharashtra,Never,Yes
DNR007395,Kunal Desai,Male,33,A+,9384966949,Surat,Gujarat,11-11-2024,Yes
DNR007396,Priya Patel,Female,41,O+,7708015688,Bhopal,Madhya Pradesh,02-02-2025,Yes
DNR007397,Sneha Joshi,Male,25,O+,8567039260,Kanpur,Uttar Pradesh,25-04-2025,Yes
DNR007398,Rahul Verma,Female,34,B+,7912681967,Pune,Maharashtra,23-07-2022,Yes
DNR007399,Sneha Joshi,Female,30,O-,9472362401,Chennai,Tamil Nadu,23-11-2024,No
DNR007400,Ananya Kapoor,Male,18,A-,8889022236,Mumbai,Maharashtra,Never,No
DNR007401,Vikram Singh,Male,50,O+,8032920106,Pune,Maharashtra,25-07-2022,Yes
DNR007402,Aarav Sharma,Male,20,B+,8973420046,Kanpur,Uttar Pradesh,27-02-2025,Yes
DNR007403,Kunal Desai,Male,29,B+,7232413339,Thiruvananthapuram,Kerala,Never,No
DNR007404,Sneha Joshi,Female,18,AB+,7847849234,Hyderabad,Telangana,26-08-2025,No
DNR007405,Kunal Desai,Male,33,A+,9104097569,Vadodara,Gujarat,27-09-2025,No
DNR007406,Neha Iyer,Female,35,O+,8456036500,Vadodara,Gujarat,25-10-2024,Yes
DNR007407,Neha Iyer,Female,18,O+,8880965183,Visakhapatnam,Andhra Pradesh,13-07-2025,No
DNR007408,Kunal Desai,Male,37,O+,7092474339,Pune,Maharashtra,23-07-2024,No
DNR007409,Aarav Sharma,Female,40,B-,9217335880,Kanpur,Uttar Pradesh,01-10-2025,No
DNR007410,Kunal Desai,Female,38,O+,9571755611,Visakhapatnam,Andhra Pradesh,17-11-2024,No
DNR007411,Rohan Mehta,Female,34,B+,7645646947,Delhi,Delhi,08-11-2020,Yes
DNR007412,Rohan Mehta,Female,26,A+,8828645676,Nagpur,Maharashtra,19-04-2025,Yes
DNR007413,Vikram Singh,Male,30,A+,7875030688,Vadodara,Gujarat,24-09-2023,Yes
DNR007414,Sneha Joshi,Female,31,O+,7367589231,Kolkata,West Bengal,22-04-2025,No
DNR007415,Kunal Desai,Female,60,O+,9752342456,Chennai,Tamil Nadu,22-05-2023,Yes
DNR007416,Pooja Nair,Male,23,B+,8459037323,Nagpur,Maharashtra,29-10-2025,No
DNR007417,Rohan Mehta,Female,34,O+,7708812836,Lucknow,Uttar Pradesh,29-05-2023,No
DNR007418,Kunal Desai,Female,48,B+,8321367031,Pune,Maharashtra,26-02-2025,Yes
DNR007419,Kunal Desai,Female,29,O+,7939103488,Chennai,Tamil Nadu,19-01-2024,No
DNR007420,Sneha Joshi,Male,30,B-,8836944941,Lucknow,Uttar Pradesh,29-10-2025,Yes
DNR007421,Neha Iyer,Female,44,A+,9567763436,Chennai,Tamil Nadu,03-11-2025,No
DNR007422,Ananya Kapoor,Male,31,B+,7389875027,Mohali,Punjab,16-07-2025,No
DNR007423,Rahul Verma,Male,18,B+,8662158189,Lucknow,Uttar Pradesh,16-09-2025,Yes
DNR007424,Neha Iyer,Female,35,O+,8660302690,Pune,Maharashtra,Never,No
DNR007425,Rahul Verma,Male,38,A+,7577765093,Bengaluru,Karnataka,19-01-2025,Yes
DNR007426,Kunal Desai,Male,46,O+,9958242279,Visakhapatnam,Andhra Pradesh,08-04-2024,Yes
DNR007427,Priya Patel,Male,33,O+,8657388203,Jaipur,Rajasthan,05-12-2024,Yes
DNR007428,Kunal Desai,Female,40,O+,7411937729,Thiruvananthapuram,Kerala,31-08-2023,Yes
DNR007429,Sneha Joshi,Male,27,B+,8359973201,Patna,Bihar,07-06-2023,No
DNR007430,Pooja Nair,Male,33,A+,8400754692,Kanpur,Uttar Pradesh,Never,Yes
DNR007431,Rohan Mehta,Male,46,O+,9178290790,Thiruvananthapuram,Kerala,08-11-2020,Yes
DNR007432,Ananya Kapoor,Female,45,B+,7141880389,Lucknow,Uttar Pradesh,17-09-2025,No
DNR007433,Pooja Nair,Female,36,B+,9627159867,Mohali,Punjab,02-03-2025,Yes
DNR007434,Neha Iyer,Male,18,O+,9452662034,Ahmedabad,Gujarat,04-07-2025,No
DNR007435,Neha Iyer,Female,45,B+,9319262532,Nagpur,Maharashtra,15-10-2024,Yes
DNR007436,Sneha Joshi,Male,29,O+,7870459161,Mohali,Punjab,24-07-2023,Yes
DNR007437,Rohan Mehta,Female,18,AB+,9148385189,Pune,Maharashtra,15-11-2023,No
DNR007438,Neha Iyer,Male,54,B+,7152247652,Jaipur,Rajasthan,15-05-2022,No
DNR007439,Vikram Singh,Female,36,B-,8453272359,Bengaluru,Karnataka,07-12-2024,Yes
DNR007440,Priya Patel,Female,37,B+,8532553334,Mumbai,Maharashtra,20-02-2022,Yes
DNR007441,Neha Iyer,Female,29,B+,7545763523,Hyderabad,Telangana,28-06-2025,No
DNR007442,Kunal Desai,Female,44,O+,9900643431,Pune,Maharashtra,24-05-2025,Yes
DNR007443,Rahul Verma,Male,36,B+,8812025272,Delhi,Delhi,27-06-2025,Yes
DNR007444,Neha Iyer,Male,30,B+,9505808000,Mohali,Punjab,20-12-2023,Yes
DNR007445,Kunal Desai,Male,31,O+,7294086862,Chennai,Tamil Nadu,10-10-2025,No
DNR007446,Vikram Singh,Male,44,B+,8889587004,Lucknow,Uttar Pradesh,12-09-2025,Yes
DNR007447,Rahul Verma,Male,31,A+,8196751254,Visakhapatnam,Andhra Pradesh,15-11-2020,Yes
DNR007448,Priya Patel,Other,38,A+,7149603566,Hyderabad,Telangana,13-08-2021,No
DNR007449,Priya Patel,Female,38,A+,8425886265,Visakhapatnam,Andhra Pradesh,28-04-2024,No
DNR007450,Rahul Verma,Male,19,O+,7459928196,Bhopal,Madhya Pradesh,23-01-2022,No
DNR007451,Rahul Verma,Female,31,B+,9212466800,Nagpur,Maharashtra,15-01-2023,Yes
DNR007452,Rohan Mehta,Male,34,O+,7040032122,Mumbai,Maharashtra,15-07-2024,No
DNR007453,Rohan Mehta,Male,44,O+,7909158300,Kolkata,West Bengal,01-02-2025,Yes
DNR007454,Sneha Joshi,Female,32,O+,7384820917,Visakhapatnam,Andhra Pradesh,Never,No
DNR007455,Kunal Desai,Male,31,B+,8609715079,Kanpur,Uttar Pradesh,13-11-2023,Yes
DNR007456,Aarav Sharma,Female,25,A+,7201937524,Patna,Bihar,15-03-2025,Yes
DNR007457,Sneha Joshi,Male,33,A+,7905563803,Delhi,Delhi,Never,No
DNR007458,Neha Iyer,Male,39,O-,8381720334,Thiruvananthapuram,Kerala,02-11-2023,Yes
DNR007459,Priya Patel,Female,39,A+,9320272983,Vadodara,Gujarat,07-04-2021,Yes
DNR007460,Rohan Mehta,Male,35,B+,7627541276,Surat,Gujarat,23-08-2024,Yes
DNR007461,Aarav Sharma,Male,18,B+,7083197220,Delhi,Delhi,18-12-2020,Yes
DNR007462,Sneha Joshi,Male,28,A+,7040968200,Mohali,Punjab,20-09-2025,No
DNR007463,Rahul Verma,Male,40,O+,8642064582,Patna,Bihar,20-03-2025,No
DNR007464,Rahul Verma,Male,18,B+,9554208268,Bhopal,Madhya Pradesh,16-12-2021,Yes
DNR007465,Rohan Mehta,Female,41,O+,8991057573,Bhopal,Madhya Pradesh,18-03-2025,No
DNR007466,Kunal Desai,Female,32,B+,8286728208,Hyderabad,Telangana,Never,Yes
DNR007467,Sneha Joshi,Male,19,O+,8115003830,Mohali,Punjab,23-10-2025,Yes
DNR007468,Vikram Singh,Male,21,O+,9879893116,Delhi,Delhi,06-05-2024,Yes
DNR007469,Sneha Joshi,Female,18,B+,8877898552,Lucknow,Uttar Pradesh,31-05-2022,No
DNR007470,Rahul Verma,Male,27,B+,8026307439,Mohali,Punjab,14-01-2025,Yes
DNR007471,Rahul Verma,Male,49,O-,9283142831,Nagpur,Maharashtra,05-11-2025,Yes
DNR007472,Rohan Mehta,Male,29,A+,9552898149,Mumbai,Maharashtra,28-03-2024,Yes
DNR007473,Kunal Desai,Female,18,AB+,8525417045,Gurgaon,Haryana,10-10-2025,No
DNR007474,Sneha Joshi,Female,25,O+,7859708283,Visakhapatnam,Andhra Pradesh,10-03-2025,No
DNR007475,Rohan Mehta,Female,37,B+,8708379827,Surat,Gujarat,30-07-2024,No
DNR007476,Sneha Joshi,Male,39,A+,9289180120,Hyderabad,Telangana,18-12-2024,Yes
DNR007477,Sneha Joshi,Male,28,B+,7559785141,Surat,Gujarat,08-03-2024,Yes
DNR007478,Pooja Nair,Male,34,A+,9598610388,Hyderabad,Telangana,25-09-2025,No
DNR007479,Vikram Singh,Female,26,A+,7631939266,Jaipur,Rajasthan,Never,No
DNR007480,Pooja Nair,Female,23,B+,8056488856,Jaipur,Rajasthan,16-03-2024,Yes
DNR007481,Rohan Mehta,Female,48,B+,9920848455,Delhi,Delhi,15-02-2024,Yes
DNR007482,Ananya Kapoor,Male,29,AB+,8960217564,Surat,Gujarat,17-03-2025,Yes
DNR007483,Pooja Nair,Male,23,A+,9072054982,Thiruvananthapuram,Kerala,01-04-2023,No
DNR007484,Sneha Joshi,Male,31,A+,7988576357,Mohali,Punjab,16-08-2024,Yes
DNR007485,Vikram Singh,Female,31,O+,7952759714,Ahmedabad,Gujarat,08-10-2025,No
DNR007486,Neha Iyer,Male,54,O+,7562381528,Thiruvananthapuram,Kerala,19-09-2025,No
DNR007487,Priya Patel,Male,29,O+,9419492349,Hyderabad,Telangana,30-09-2021,No
DNR007488,Neha Iyer,Female,30,O+,7846082039,Hyderabad,Telangana,07-07-2024,Yes
DNR007489,Sneha Joshi,Female,43,B+,8213060929,Hyderabad,Telangana,13-10-2025,Yes
DNR007490,Aarav Sharma,Male,29,A+,9611638384,Vadodara,Gujarat,09-01-2024,No
DNR007491,Sneha Joshi,Female,48,AB+,8273397798,Hyderabad,Telangana,30-07-2024,No
DNR007492,Rohan Mehta,Female,32,AB+,9143833620,Patna,Bihar,01-11-2025,No
DNR007493,Priya Patel,Female,43,B+,9677054758,Lucknow,Uttar Pradesh,30-08-2025,No
DNR007494,Rahul Verma,Male,49,O+,7538166124,Nagpur,Maharashtra,23-02-2023,No
DNR007495,Priya Patel,Female,39,B+,8616103362,Thiruvananthapuram,Kerala,28-10-2025,Yes
DNR007496,Ananya Kapoor,Male,35,O+,8231845437,Visakhapatnam,Andhra Pradesh,11-09-2023,Yes
DNR007497,Neha Iyer,Male,44,O+,8403627190,Mumbai,Maharashtra,13-03-2021,No
DNR007498,Ananya Kapoor,Male,48,B+,9370682130,Thiruvananthapuram,Kerala,08-10-2025,Yes
DNR007499,Vikram Singh,Male,38,B+,9895323057,Ahmedabad,Gujarat,Never,Yes
DNR007500,Ananya Kapoor,Male,43,B+,7838686189,Delhi,Delhi,12-10-2025,Yes
DNR007501,Aarav Sharma,Female,38,A+,8207872652,Bengaluru,Karnataka,15-11-2023,No
DNR007502,Rahul Verma,Male,24,B+,7680997042,Delhi,Delhi,12-12-2023,Yes
DNR007503,Pooja Nair,Female,32,O+,9901775141,Bengaluru,Karnataka,30-04-2022,No
DNR007504,Rahul Verma,Female,22,AB-,7848489511,Vadodara,Gujarat,02-02-2025,Yes
DNR007505,Rohan Mehta,Female,39,B+,9591320693,Gurgaon,Haryana,04-04-2024,No
DNR007506,Ananya Kapoor,Male,32,B+,7527426131,Bhopal,Madhya Pradesh,24-01-2024,Yes
DNR007507,Kunal Desai,Male,39,O+,9884285584,Nagpur,Maharashtra,29-09-2024,No
DNR007508,Rahul Verma,Female,41,A+,7069103632,Delhi,Delhi,10-09-2022,Yes
DNR007509,Aarav Sharma,Male,26,O+,7758706885,Kolkata,West Bengal,17-04-2025,No
DNR007510,Vikram Singh,Female,21,O+,7848208292,Patna,Bihar,24-04-2023,Yes
DNR007511,Rahul Verma,Male,23,O+,7501927490,Delhi,Delhi,03-05-2022,Yes
DNR007512,Kunal Desai,Female,36,A+,9346466244,Delhi,Delhi,02-07-2025,Yes
DNR007513,Sneha Joshi,Female,56,B+,7765848437,Thiruvananthapuram,Kerala,05-10-2025,Yes
DNR007514,Rahul Verma,Female,40,A+,7306564629,Gurgaon,Haryana,19-04-2024,No
DNR007515,Rahul Verma,Female,53,O+,8402183568,Bengaluru,Karnataka,23-08-2023,Yes
DNR007516,Sneha Joshi,Male,34,B+,7042337456,Nagpur,Maharashtra,10-08-2025,Yes
DNR007517,Priya Patel,Female,26,B+,8618299107,Pune,Maharashtra,Never,Yes
DNR007518,Aarav Sharma,Female,37,O+,8990226323,Delhi,Delhi,20-02-2024,Yes
DNR007519,Neha Iyer,Female,28,B+,9370708759,Visakhapatnam,Andhra Pradesh,21-12-2024,Yes
DNR007520,Ananya Kapoor,Female,18,B+,8915427881,Lucknow,Uttar Pradesh,21-05-2024,Yes
DNR007521,Neha Iyer,Female,27,O+,8936237906,Vadodara,Gujarat,02-10-2023,No
DNR007522,Kunal Desai,Female,18,O+,8779414173,Ahmedabad,Gujarat,Never,No
DNR007523,Sneha Joshi,Male,54,A+,9935752235,Kanpur,Uttar Pradesh,05-01-2023,Yes
DNR007524,Rahul Verma,Female,19,O-,8142823652,Thiruvananthapuram,Kerala,03-09-2025,Yes
DNR007525,Kunal Desai,Female,18,B+,9450583731,Thiruvananthapuram,Kerala,Never,Yes
DNR007526,Sneha Joshi,Female,32,B+,7346502560,Kolkata,West Bengal,02-03-2025,Yes
DNR007527,Kunal Desai,Male,33,O+,8807107667,Vadodara,Gujarat,07-04-2025,No
DNR007528,Rohan Mehta,Female,33,B+,7757708842,Chennai,Tamil Nadu,18-11-2024,Yes
DNR007529,Ananya Kapoor,Female,29,O+,8369909793,Nagpur,Maharashtra,14-05-2024,No
DNR007530,Pooja Nair,Female,35,A+,9751019763,Kolkata,West Bengal,25-09-2023,No
DNR007531,Pooja Nair,Male,34,B+,7233969375,Vadodara,Gujarat,10-10-2025,Yes
DNR007532,Rohan Mehta,Male,35,A+,8388741144,Mohali,Punjab,Never,Yes
DNR007533,Aarav Sharma,Male,56,O+,9610763365,Lucknow,Uttar Pradesh,10-05-2024,No
DNR007534,Neha Iyer,Male,39,A+,8043744115,Jaipur,Rajasthan,27-04-2025,Yes
DNR007535,Priya Patel,Female,50,B+,9876913565,Bengaluru,Karnataka,12-01-2025,Yes
DNR007536,Sneha Joshi,Female,21,O+,9223234293,Chennai,Tamil Nadu,25-08-2025,No
DNR007537,Neha Iyer,Female,27,B+,8449656314,Jaipur,Rajasthan,14-05-2024,No
DNR007538,Rohan Mehta,Male,30,B+,8731004399,Pune,Maharashtra,28-04-2022,Yes
DNR007539,Pooja Nair,Female,47,B+,8070604579,Delhi,Delhi,29-10-2025,Yes
DNR007540,Vikram Singh,Other,45,A+,9296724451,Chennai,Tamil Nadu,05-07-2025,No
DNR007541,Priya Patel,Female,29,O+,7369023118,Vadodara,Gujarat,17-10-2024,Yes
DNR007542,Rohan Mehta,Female,27,B+,7773557428,Pune,Maharashtra,16-03-2023,No
DNR007543,Sneha Joshi,Female,25,B+,9389524596,Chennai,Tamil Nadu,27-09-2025,No
DNR007544,Rohan Mehta,Female,23,O+,9827749673,Gurgaon,Haryana,08-11-2020,Yes
DNR007545,Aarav Sharma,Female,48,A+,7281406550,Thiruvananthapuram,Kerala,08-11-2020,Yes
DNR007546,Aarav Sharma,Male,33,O-,8306845920,Mohali,Punjab,Never,Yes
DNR007547,Kunal Desai,Female,22,B+,8509617570,Ahmedabad,Gujarat,25-01-2025,Yes
DNR007548,Sneha Joshi,Female,30,O+,9220632423,Mohali,Punjab,24-10-2025,Yes
DNR007549,Pooja Nair,Male,45,A+,8418387670,Mohali,Punjab,17-09-2024,No
DNR007550,Sneha Joshi,Female,50,B+,9939128510,Surat,Gujarat,06-07-2024,Yes
DNR007551,Neha Iyer,Male,32,AB-,8211758083,Bengaluru,Karnataka,19-04-2024,Yes
DNR007552,Neha Iyer,Female,30,O+,7215814918,Pune,Maharashtra,24-01-2025,Yes
DNR007553,Ananya Kapoor,Male,24,O+,9993363716,Pune,Maharashtra,15-05-2025,Yes
DNR007554,Kunal Desai,Male,28,B+,9018083532,Patna,Bihar,21-10-2025,Yes
DNR007555,Vikram Singh,Female,39,O+,7114724497,Chennai,Tamil Nadu,22-06-2024,Yes
DNR007556,Sneha Joshi,Male,37,O+,7077954689,Mumbai,Maharashtra,29-06-2025,Yes
DNR007557,Neha Iyer,Male,53,B-,9747111945,Patna,Bihar,26-03-2021,Yes
DNR007558,Rahul Verma,Male,36,B+,8414603256,Lucknow,Uttar Pradesh,01-05-2025,Yes
DNR007559,Vikram Singh,Female,47,O+,7940223496,Bhopal,Madhya Pradesh,07-10-2023,Yes
DNR007560,Kunal Desai,Male,35,O+,8959406457,Bengaluru,Karnataka,22-02-2022,Yes
DNR007561,Sneha Joshi,Female,24,B+,8170137467,Delhi,Delhi,08-11-2020,Yes
DNR007562,Priya Patel,Female,35,O+,9301200026,Ahmedabad,Gujarat,05-06-2023,Yes
DNR007563,Vikram Singh,Male,44,B+,8204692526,Patna,Bihar,25-08-2024,No
DNR007564,Rahul Verma,Male,43,O+,9969296883,Patna,Bihar,12-03-2025,No
DNR007565,Priya Patel,Male,42,O+,7736107506,Pune,Maharashtra,21-09-2025,No
DNR007566,Priya Patel,Female,38,B+,9038276197,Mohali,Punjab,09-05-2025,Yes
DNR007567,Pooja Nair,Female,42,B+,9002895028,Nagpur,Maharashtra,22-11-2023,No
DNR007568,Rahul Verma,Male,35,O+,8257547561,Surat,Gujarat,24-12-2024,No
DNR007569,Neha Iyer,Female,32,B+,8423204419,Ahmedabad,Gujarat,02-11-2025,No
DNR007570,Vikram Singh,Male,26,O+,9447663543,Pune,Maharashtra,01-01-2025,Yes
DNR007571,Priya Patel,Male,33,B+,8272381517,Bengaluru,Karnataka,27-08-2025,No
DNR007572,Vikram Singh,Female,40,O+,7303590652,Kanpur,Uttar Pradesh,15-01-2025,No
DNR007573,Rohan Mehta,Male,18,AB-,9393541914,Nagpur,Maharashtra,20-08-2025,Yes
DNR007574,Rahul Verma,Male,20,AB-,7597957215,Kolkata,West Bengal,Never,No
DNR007575,Priya Patel,Male,42,B+,9721434072,Mumbai,Maharashtra,14-05-2024,Yes
DNR007576,Pooja Nair,Male,33,O+,7407490894,Gurgaon,Haryana,10-07-2025,Yes
DNR007577,Neha Iyer,Male,51,O+,7192778342,Delhi,Delhi,01-09-2024,Yes
DNR007578,Rahul Verma,Female,27,O+,9380816280,Lucknow,Uttar Pradesh,02-02-2025,No
DNR007579,Aarav Sharma,Male,19,B+,9915808923,Lucknow,Uttar Pradesh,23-09-2024,No
DNR007580,Neha Iyer,Male,43,B+,7796753578,Kanpur,Uttar Pradesh,11-02-2025,Yes
DNR007581,Vikram Singh,Male,40,O+,8189590896,Chennai,Tamil Nadu,09-04-2025,Yes
DNR007582,Kunal Desai,Female,38,O+,7247103470,Delhi,Delhi,06-07-2024,No
DNR007583,Kunal Desai,Female,41,O+,9466760313,Vadodara,Gujarat,17-05-2024,No
DNR007584,Ananya Kapoor,Male,22,A+,9562620325,Bengaluru,Karnataka,15-04-2023,Yes
DNR007585,Kunal Desai,Female,23,B-,8692522766,Vadodara,Gujarat,16-03-2025,No
DNR007586,Kunal Desai,Female,43,B+,9016247738,Gurgaon,Haryana,14-04-2025,Yes
DNR007587,Pooja Nair,Male,35,O+,9580006863,Nagpur,Maharashtra,21-10-2025,No
DNR007588,Rahul Verma,Female,35,B+,7245743186,Kolkata,West Bengal,30-08-2024,Yes
DNR007589,Aarav Sharma,Female,38,A+,8428334126,Hyderabad,Telangana,14-08-2024,Yes
DNR007590,Priya Patel,Male,38,B+,9840601475,Gurgaon,Haryana,08-11-2020,Yes
DNR007591,Rohan Mehta,Female,26,A+,7519060638,Surat,Gujarat,23-05-2025,No
DNR007592,Rohan Mehta,Female,35,A+,7194016511,Nagpur,Maharashtra,31-05-2025,No
DNR007593,Sneha Joshi,Female,35,A+,7550115988,Visakhapatnam,Andhra Pradesh,17-06-2025,No
DNR007594,Vikram Singh,Male,46,O+,8152434043,Chennai,Tamil Nadu,02-11-2025,Yes
DNR007595,Neha Iyer,Male,28,B+,9327825814,Ahmedabad,Gujarat,09-05-2025,No
DNR007596,Vikram Singh,Female,26,O+,7264997965,Jaipur,Rajasthan,13-05-2025,No
DNR007597,Priya Patel,Male,44,B+,7997393987,Mumbai,Maharashtra,06-05-2024,Yes
DNR007598,Ananya Kapoor,Female,27,A+,7793477892,Surat,Gujarat,22-12-2023,Yes
DNR007599,Pooja Nair,Male,23,B+,7744278999,Patna,Bihar,06-08-2024,Yes
DNR007600,Rohan Mehta,Female,34,B+,8281536765,Bhopal,Madhya Pradesh,10-12-2023,No
DNR007601,Pooja Nair,Male,37,O+,9596112139,Visakhapatnam,Andhra Pradesh,07-11-2025,No
DNR007602,Neha Iyer,Male,47,B-,7516808241,Mohali,Punjab,18-03-2024,Yes
DNR007603,Aarav Sharma,Male,36,B+,7585919109,Jaipur,Rajasthan,28-05-2025,Yes
DNR007604,Rahul Verma,Male,36,B+,9867687832,Gurgaon,Haryana,28-09-2023,Yes
DNR007605,Pooja Nair,Female,39,O+,9457264463,Delhi,Delhi,16-06-2021,Yes
DNR007606,Rahul Verma,Female,21,O+,9385991056,Thiruvananthapuram,Kerala,04-08-2022,Yes
DNR007607,Priya Patel,Female,19,O+,9790219588,Bhopal,Madhya Pradesh,19-07-2023,Yes
DNR007608,Neha Iyer,Male,40,A+,9576757371,Patna,Bihar,05-01-2022,Yes
DNR007609,Aarav Sharma,Male,27,O+,9588202459,Visakhapatnam,Andhra Pradesh,08-11-2020,Yes
DNR007610,Neha Iyer,Female,31,A+,9280682088,Lucknow,Uttar Pradesh,24-07-2024,Yes
DNR007611,Priya Patel,Female,26,A+,7942132585,Vadodara,Gujarat,22-06-2023,No
DNR007612,Ananya Kapoor,Female,28,B-,9077404577,Nagpur,Maharashtra,07-10-2025,No
DNR007613,Rohan Mehta,Female,38,A+,7964874654,Patna,Bihar,26-09-2025,No
DNR007614,Pooja Nair,Male,33,O+,8015346806,Pune,Maharashtra,05-04-2025,Yes
DNR007615,Rahul Verma,Female,22,B+,8674386589,Hyderabad,Telangana,12-02-2025,Yes
DNR007616,Sneha Joshi,Male,51,O+,7090343208,Lucknow,Uttar Pradesh,18-04-2024,No
DNR007617,Vikram Singh,Female,58,O+,8937693440,Surat,Gujarat,08-07-2025,No
DNR007618,Kunal Desai,Female,34,B+,9981917924,Bhopal,Madhya Pradesh,02-06-2022,No
DNR007619,Priya Patel,Female,34,B+,7297064358,Bhopal,Madhya Pradesh,05-06-2024,No
DNR007620,Sneha Joshi,Female,50,O+,9393998469,Kolkata,West Bengal,18-03-2024,No
DNR007621,Rahul Verma,Female,18,A+,9039547428,Bhopal,Madhya Pradesh,12-12-2023,Yes
DNR007622,Pooja Nair,Female,43,B+,7115785463,Delhi,Delhi,22-03-2022,Yes
DNR007623,Neha Iyer,Male,22,B+,7350759306,Jaipur,Rajasthan,28-01-2025,Yes
DNR007624,Pooja Nair,Other,19,B+,9213304588,Lucknow,Uttar Pradesh,04-10-2023,No
DNR007625,Neha Iyer,Male,50,O-,7736270660,Patna,Bihar,26-07-2025,No
DNR007626,Rohan Mehta,Male,34,A+,8032821194,Delhi,Delhi,23-08-2025,Yes
DNR007627,Sneha Joshi,Female,34,B+,7762711769,Bengaluru,Karnataka,26-11-2023,No
DNR007628,Rohan Mehta,Female,37,O+,9924134392,Thiruvananthapuram,Kerala,17-07-2024,No
DNR007629,Kunal Desai,Female,22,O+,8091980871,Lucknow,Uttar Pradesh,Never,No
DNR007630,Vikram Singh,Male,28,O+,7312924067,Pune,Maharashtra,29-11-2024,Yes
DNR007631,Rohan Mehta,Female,32,B+,8489798508,Patna,Bihar,07-04-2023,No
DNR007632,Rahul Verma,Female,26,B+,8538869445,Patna,Bihar,Never,No
DNR007633,Neha Iyer,Male,29,O+,9915332670,Lucknow,Uttar Pradesh,04-04-2025,Yes
DNR007634,Vikram Singh,Female,32,O+,9101459307,Ahmedabad,Gujarat,10-08-2025,No
DNR007635,Kunal Desai,Female,31,B+,9506911238,Kanpur,Uttar Pradesh,10-06-2025,No
DNR007636,Ananya Kapoor,Male,51,O+,7340218290,Surat,Gujarat,21-08-2025,No
DNR007637,Neha Iyer,Male,40,B+,7901158870,Pune,Maharashtra,09-12-2024,No
DNR007638,Neha Iyer,Female,18,B+,7040137728,Jaipur,Rajasthan,17-01-2024,Yes
DNR007639,Pooja Nair,Female,43,A+,7422722654,Delhi,Delhi,09-03-2022,No
DNR007640,Neha Iyer,Male,52,O+,7967305865,Bhopal,Madhya Pradesh,06-06-2025,No
DNR007641,Kunal Desai,Female,18,O+,9475496826,Hyderabad,Telangana,11-05-2025,No
DNR007642,Rahul Verma,Male,53,O+,7046082493,Nagpur,Maharashtra,13-05-2023,Yes
DNR007643,Rohan Mehta,Male,28,A+,7389353115,Gurgaon,Haryana,22-09-2024,Yes
DNR007644,Aarav Sharma,Male,38,A+,8441779897,Chennai,Tamil Nadu,21-01-2025,Yes
DNR007645,Ananya Kapoor,Female,53,O+,7360689029,Delhi,Delhi,26-10-2025,No
DNR007646,Vikram Singh,Female,41,O+,9853681174,Ahmedabad,Gujarat,07-04-2025,No
DNR007647,Pooja Nair,Female,40,O+,9335000716,Lucknow,Uttar Pradesh,03-08-2024,No
DNR007648,Kunal Desai,Female,27,B+,8424758824,Patna,Bihar,10-08-2025,No
DNR007649,Kunal Desai,Female,47,O+,8524365551,Vadodara,Gujarat,Never,Yes
DNR007650,Kunal Desai,Male,36,B+,8094117174,Nagpur,Maharashtra,14-08-2021,Yes
DNR007651,Rohan Mehta,Female,33,B+,9813359622,Visakhapatnam,Andhra Pradesh,Never,No
DNR007652,Kunal Desai,Male,35,B+,7162425022,Surat,Gujarat,10-01-2023,No
DNR007653,Rahul Verma,Male,37,B-,8513917063,Pune,Maharashtra,17-10-2025,Yes
DNR007654,Ananya Kapoor,Male,22,A+,7769362110,Nagpur,Maharashtra,01-05-2025,No
DNR007655,Neha Iyer,Male,31,O+,9883321462,Nagpur,Maharashtra,15-06-2025,Yes
DNR007656,Priya Patel,Male,35,O+,8625458551,Nagpur,Maharashtra,22-12-2024,Yes
DNR007657,Aarav Sharma,Female,54,B+,9907785795,Jaipur,Rajasthan,27-10-2024,Yes
DNR007658,Ananya Kapoor,Female,41,O-,9135482940,Pune,Maharashtra,12-10-2025,No
DNR007659,Ananya Kapoor,Male,37,AB+,9914344257,Delhi,Delhi,23-11-2024,Yes
DNR007660,Pooja Nair,Male,22,O+,7167529647,Ahmedabad,Gujarat,04-09-2025,Yes
DNR007661,Neha Iyer,Male,44,A+,9121815459,Mohali,Punjab,28-07-2025,Yes
DNR007662,Vikram Singh,Male,29,O+,7965634849,Ahmedabad,Gujarat,02-03-2024,Yes
DNR007663,Sneha Joshi,Male,27,O+,9149018683,Lucknow,Uttar Pradesh,08-09-2025,Yes
DNR007664,Neha Iyer,Female,30,B+,9428753830,Jaipur,Rajasthan,Never,No
DNR007665,Neha Iyer,Male,38,B+,8326006689,Kanpur,Uttar Pradesh,17-02-2025,Yes
DNR007666,Rohan Mehta,Female,36,B+,8156752208,Pune,Maharashtra,16-06-2024,No
DNR007667,Rahul Verma,Female,18,O-,9845799334,Chennai,Tamil Nadu,10-01-2024,No
DNR007668,Pooja Nair,Male,39,B+,9412057424,Bengaluru,Karnataka,12-10-2025,No
DNR007669,Rahul Verma,Male,33,O+,8132999421,Jaipur,Rajasthan,15-01-2023,Yes
DNR007670,Pooja Nair,Female,21,A+,9930723098,Vadodara,Gujarat,11-04-2024,Yes
DNR007671,Neha Iyer,Female,25,O+,8268072553,Delhi,Delhi,22-10-2025,Yes
DNR007672,Sneha Joshi,Female,33,O+,7486925588,Chennai,Tamil Nadu,22-01-2024,Yes
DNR007673,Neha Iyer,Female,21,AB+,9292292977,Visakhapatnam,Andhra Pradesh,23-09-2025,Yes
DNR007674,Sneha Joshi,Male,25,O+,7169910561,Delhi,Delhi,03-09-2024,Yes
DNR007675,Rahul Verma,Male,51,B+,8186369426,Gurgaon,Haryana,30-10-2023,Yes
DNR007676,Ananya Kapoor,Male,31,B+,9443255145,Gurgaon,Haryana,22-07-2025,Yes
DNR007677,Sneha Joshi,Female,44,O+,7242692235,Kanpur,Uttar Pradesh,11-10-2025,Yes
DNR007678,Neha Iyer,Male,38,B+,7970049435,Vadodara,Gujarat,25-09-2024,Yes
DNR007679,Rohan Mehta,Male,39,A+,9218452383,Vadodara,Gujarat,16-10-2024,Yes
DNR007680,Priya Patel,Female,18,B+,8139233090,Visakhapatnam,Andhra Pradesh,17-05-2025,Yes
DNR007681,Neha Iyer,Female,29,B-,7654271660,Mumbai,Maharashtra,12-05-2025,No
DNR007682,Rahul Verma,Female,35,B+,7899836236,Surat,Gujarat,01-09-2025,No
DNR007683,Kunal Desai,Male,29,O+,7628897544,Gurgaon,Haryana,09-10-2025,No
DNR007684,Pooja Nair,Female,29,A+,7626544851,Gurgaon,Haryana,30-07-2025,Yes
DNR007685,Neha Iyer,Male,23,A+,7731855660,Hyderabad,Telangana,14-08-2025,Yes
DNR007686,Kunal Desai,Other,43,O+,7226907302,Thiruvananthapuram,Kerala,10-03-2022,No
DNR007687,Neha Iyer,Female,46,B+,9132547861,Thiruvananthapuram,Kerala,07-11-2025,No
DNR007688,Rohan Mehta,Female,27,A-,7942762088,Thiruvananthapuram,Kerala,17-09-2025,No
DNR007689,Vikram Singh,Male,27,O+,7923991398,Kolkata,West Bengal,14-10-2025,Yes
DNR007690,Kunal Desai,Male,29,O+,8832096220,Jaipur,Rajasthan,26-10-2025,Yes
DNR007691,Vikram Singh,Female,40,O+,8053527157,Vadodara,Gujarat,26-03-2024,No
DNR007692,Priya Patel,Male,31,O+,9694670582,Mohali,Punjab,05-10-2024,No
DNR007693,Rohan Mehta,Female,21,A+,7297474624,Kanpur,Uttar Pradesh,25-06-2025,No
DNR007694,Pooja Nair,Male,31,A+,9578443834,Visakhapatnam,Andhra Pradesh,11-07-2023,Yes
DNR007695,Sneha Joshi,Female,27,A+,7768926493,Gurgaon,Haryana,20-12-2022,No
DNR007696,Rahul Verma,Male,33,AB-,9982755516,Hyderabad,Telangana,26-10-2025,Yes
DNR007697,Ananya Kapoor,Male,29,O+,8453075639,Surat,Gujarat,02-07-2024,Yes
DNR007698,Pooja Nair,Male,29,O+,8434104080,Patna,Bihar,15-02-2025,No
DNR007699,Aarav Sharma,Male,30,B+,7794144997,Chennai,Tamil Nadu,28-09-2025,Yes
DNR007700,Pooja Nair,Female,43,B+,9549275000,Ahmedabad,Gujarat,08-11-2020,No
DNR007701,Kunal Desai,Female,33,AB+,9558758095,Ahmedabad,Gujarat,01-04-2024,No
DNR007702,Rahul Verma,Female,34,B+,8149721459,Mohali,Punjab,01-12-2022,No
DNR007703,Kunal Desai,Male,35,O+,8577016465,Lucknow,Uttar Pradesh,15-06-2023,Yes
DNR007704,Ananya Kapoor,Male,20,B+,8910480459,Jaipur,Rajasthan,19-08-2025,No
DNR007705,Rahul Verma,Female,40,O+,9219064558,Patna,Bihar,02-11-2025,Yes
DNR007706,Priya Patel,Male,27,B+,8932927041,Jaipur,Rajasthan,21-07-2025,Yes
DNR007707,Ananya Kapoor,Male,18,O+,7453065135,Visakhapatnam,Andhra Pradesh,06-05-2024,No
DNR007708,Aarav Sharma,Male,61,O+,8586747201,Bhopal,Madhya Pradesh,04-04-2024,Yes
DNR007709,Pooja Nair,Male,29,O+,9652323529,Bengaluru,Karnataka,30-01-2025,Yes
DNR007710,Vikram Singh,Male,37,A-,7728567100,Chennai,Tamil Nadu,29-06-2024,Yes
DNR007711,Rohan Mehta,Male,27,AB+,8786987777,Delhi,Delhi,10-07-2025,Yes
DNR007712,Aarav Sharma,Male,39,B+,9293327584,Kanpur,Uttar Pradesh,19-10-2021,Yes
DNR007713,Sneha Joshi,Female,29,A+,7408418255,Nagpur,Maharashtra,26-05-2025,No
DNR007714,Sneha Joshi,Female,36,B+,7130730465,Thiruvananthapuram,Kerala,08-04-2025,Yes
DNR007715,Pooja Nair,Male,32,B+,8929257454,Hyderabad,Telangana,04-03-2025,Yes
DNR007716,Rohan Mehta,Female,24,O+,7556509948,Nagpur,Maharashtra,16-08-2025,No
DNR007717,Rohan Mehta,Male,30,B+,9123031779,Mohali,Punjab,14-04-2025,No
DNR007718,Rahul Verma,Male,24,B+,9679395351,Bhopal,Madhya Pradesh,20-05-2022,Yes
DNR007719,Vikram Singh,Male,29,B+,8701117139,Bhopal,Madhya Pradesh,04-10-2025,Yes
DNR007720,Neha Iyer,Female,18,O-,9148135589,Surat,Gujarat,23-10-2024,No
DNR007721,Kunal Desai,Male,28,O+,7096323532,Gurgaon,Haryana,18-01-2025,Yes
DNR007722,Vikram Singh,Female,34,O+,8285455897,Bhopal,Madhya Pradesh,21-12-2024,No
DNR007723,Ananya Kapoor,Male,37,B+,7318045835,Visakhapatnam,Andhra Pradesh,09-06-2025,Yes
DNR007724,Priya Patel,Female,32,O+,8371602118,Pune,Maharashtra,12-11-2023,No
DNR007725,Neha Iyer,Female,40,A+,7061304796,Mumbai,Maharashtra,14-04-2023,No
DNR007726,Priya Patel,Female,42,O+,7865557782,Gurgaon,Haryana,13-09-2025,No
DNR007727,Ananya Kapoor,Female,23,O+,9519583653,Pune,Maharashtra,23-09-2025,Yes
DNR007728,Vikram Singh,Female,31,O+,7128759098,Kanpur,Uttar Pradesh,18-10-2023,Yes
DNR007729,Sneha Joshi,Female,26,B+,9921927898,Bhopal,Madhya Pradesh,23-09-2025,No
DNR007730,Vikram Singh,Female,58,A+,8163808424,Surat,Gujarat,28-02-2024,Yes
DNR007731,Rohan Mehta,Female,33,O+,9397389978,Bhopal,Madhya Pradesh,15-11-2024,No
DNR007732,Priya Patel,Female,34,AB+,8381728091,Pune,Maharashtra,09-07-2025,No
DNR007733,Rahul Verma,Female,30,B-,7802463928,Mumbai,Maharashtra,03-05-2025,No
DNR007734,Sneha Joshi,Male,43,B+,8503286548,Kanpur,Uttar Pradesh,30-07-2024,Yes
DNR007735,Vikram Singh,Female,28,O+,8522760280,Surat,Gujarat,02-02-2025,No
DNR007736,Kunal Desai,Male,30,B+,7537486145,Mumbai,Maharashtra,05-11-2024,Yes
DNR007737,Ananya Kapoor,Female,34,O-,7568697345,Hyderabad,Telangana,Never,No
DNR007738,Priya Patel,Female,45,O+,8375973145,Mohali,Punjab,23-12-2024,No
DNR007739,Sneha Joshi,Female,31,O+,8324186467,Lucknow,Uttar Pradesh,02-09-2025,Yes
DNR007740,Pooja Nair,Male,36,B+,8465880871,Patna,Bihar,14-03-2025,No
DNR007741,Kunal Desai,Female,29,O+,7797890957,Chennai,Tamil Nadu,07-02-2025,Yes
DNR007742,Sneha Joshi,Male,38,O+,9753184122,Kanpur,Uttar Pradesh,02-12-2024,Yes
DNR007743,Rahul Verma,Female,36,A+,7861855803,Pune,Maharashtra,25-09-2024,No
DNR007744,Sneha Joshi,Male,32,A+,8845674240,Chennai,Tamil Nadu,Never,No
DNR007745,Vikram Singh,Female,42,B+,7724343468,Mumbai,Maharashtra,Never,No
DNR007746,Neha Iyer,Female,29,O+,9713428872,Chennai,Tamil Nadu,04-11-2024,Yes
DNR007747,Neha Iyer,Male,34,O-,8480617615,Visakhapatnam,Andhra Pradesh,30-12-2024,Yes
DNR007748,Neha Iyer,Female,42,A+,8588646518,Kolkata,West Bengal,30-12-2024,No
DNR007749,Rahul Verma,Male,25,B+,7227436284,Bengaluru,Karnataka,02-08-2025,Yes
DNR007750,Sneha Joshi,Male,44,B+,9038808490,Bhopal,Madhya Pradesh,13-12-2024,Yes
DNR007751,Ananya Kapoor,Female,32,A+,8657132452,Gurgaon,Haryana,20-10-2025,No
DNR007752,Rohan Mehta,Male,30,O+,7964041203,Hyderabad,Telangana,10-02-2025,Yes
DNR007753,Pooja Nair,Male,26,O+,9875789308,Ahmedabad,Gujarat,26-04-2023,Yes
DNR007754,Aarav Sharma,Male,36,A+,8986306873,Mumbai,Maharashtra,17-06-2024,Yes
DNR007755,Kunal Desai,Male,61,O+,9628118485,Thiruvananthapuram,Kerala,Never,Yes
DNR007756,Priya Patel,Male,49,A+,8203371845,Patna,Bihar,08-11-2020,Yes
DNR007757,Aarav Sharma,Male,18,B+,8536183374,Chennai,Tamil Nadu,02-12-2024,Yes
DNR007758,Priya Patel,Other,28,B+,7013341144,Visakhapatnam,Andhra Pradesh,05-09-2025,Yes
DNR007759,Vikram Singh,Male,31,B+,8356270997,Gurgaon,Haryana,Never,Yes
DNR007760,Rahul Verma,Male,33,O+,8505473322,Delhi,Delhi,02-04-2025,Yes
DNR007761,Vikram Singh,Male,53,O+,7786345670,Mumbai,Maharashtra,03-03-2025,Yes
DNR007762,Rohan Mehta,Female,26,O+,9830335694,Jaipur,Rajasthan,15-09-2025,Yes
DNR007763,Rohan Mehta,Female,22,O+,9901415758,Vadodara,Gujarat,23-11-2023,Yes
DNR007764,Priya Patel,Female,36,B+,9715940509,Delhi,Delhi,17-07-2025,No
DNR007765,Ananya Kapoor,Male,44,O+,7896489796,Surat,Gujarat,13-10-2025,No
DNR007766,Sneha Joshi,Male,29,O+,9102104757,Delhi,Delhi,20-08-2023,No
DNR007767,Sneha Joshi,Male,44,B+,9273204887,Jaipur,Rajasthan,08-11-2020,Yes
DNR007768,Ananya Kapoor,Female,33,O-,8493896867,Patna,Bihar,15-01-2025,No
DNR007769,Rahul Verma,Male,21,O+,8146825367,Ahmedabad,Gujarat,11-04-2022,Yes
DNR007770,Kunal Desai,Female,39,O+,9362598557,Delhi,Delhi,05-10-2025,No
DNR007771,Neha Iyer,Male,32,AB+,8535309622,Chennai,Tamil Nadu,15-08-2024,Yes
DNR007772,Rohan Mehta,Male,41,B+,7511234033,Bhopal,Madhya Pradesh,25-12-2023,Yes
DNR007773,Ananya Kapoor,Male,26,O+,7122598116,Nagpur,Maharashtra,16-04-2025,No
DNR007774,Rahul Verma,Male,33,O+,8053573586,Patna,Bihar,12-02-2024,Yes
DNR007775,Sneha Joshi,Male,35,O+,7444076233,Kolkata,West Bengal,29-07-2025,No
DNR007776,Priya Patel,Female,30,B+,9514440598,Patna,Bihar,08-03-2024,Yes
DNR007777,Aarav Sharma,Female,47,A+,9918627468,Patna,Bihar,07-11-2025,No
DNR007778,Sneha Joshi,Female,18,B+,9024199200,Patna,Bihar,14-10-2024,Yes
DNR007779,Rohan Mehta,Male,28,A+,9402083817,Nagpur,Maharashtra,01-10-2024,Yes
DNR007780,Rohan Mehta,Male,40,O+,7705070150,Kolkata,West Bengal,23-07-2025,No
DNR007781,Vikram Singh,Female,29,A+,8209858171,Kanpur,Uttar Pradesh,01-12-2024,No
DNR007782,Vikram Singh,Male,48,O-,7224470363,Delhi,Delhi,11-04-2023,No
DNR007783,Kunal Desai,Male,38,O+,8733725137,Bhopal,Madhya Pradesh,18-03-2024,Yes
DNR007784,Vikram Singh,Female,34,B+,8292860641,Mumbai,Maharashtra,02-11-2025,No
DNR007785,Kunal Desai,Female,39,B+,9245982467,Surat,Gujarat,14-01-2025,Yes
DNR007786,Ananya Kapoor,Male,23,O-,9460487773,Patna,Bihar,27-04-2024,Yes
DNR007787,Neha Iyer,Male,48,O-,7248546786,Kanpur,Uttar Pradesh,18-10-2022,Yes
DNR007788,Aarav Sharma,Male,34,O+,7986622800,Chennai,Tamil Nadu,16-10-2025,Yes
DNR007789,Rohan Mehta,Female,20,O+,8658223435,Kolkata,West Bengal,03-12-2024,Yes
DNR007790,Rohan Mehta,Female,31,O-,8118205043,Jaipur,Rajasthan,13-10-2024,Yes
DNR007791,Rahul Verma,Female,27,AB+,7523994228,Thiruvananthapuram,Kerala,18-03-2025,Yes
DNR007792,Ananya Kapoor,Male,38,A+,8744404830,Mumbai,Maharashtra,04-05-2025,Yes
DNR007793,Neha Iyer,Male,42,B+,8899406885,Mohali,Punjab,16-11-2024,Yes
DNR007794,Kunal Desai,Male,51,O+,7999033873,Jaipur,Rajasthan,02-12-2021,No
DNR007795,Vikram Singh,Male,32,B+,9483684497,Surat,Gujarat,19-04-2023,Yes
DNR007796,Pooja Nair,Male,32,AB+,9314899843,Jaipur,Rajasthan,19-09-2024,No
DNR007797,Rohan Mehta,Female,40,AB-,7170575071,Chennai,Tamil Nadu,25-06-2025,No
DNR007798,Kunal Desai,Female,35,AB+,9035445766,Vadodara,Gujarat,12-02-2025,Yes
DNR007799,Ananya Kapoor,Male,26,B+,9316609308,Mumbai,Maharashtra,23-06-2025,Yes
DNR007800,Priya Patel,Female,29,O+,7347901776,Patna,Bihar,23-05-2025,No
DNR007801,Rohan Mehta,Female,23,A+,8974134719,Chennai,Tamil Nadu,04-04-2025,Yes
DNR007802,Neha Iyer,Female,37,AB-,7458193613,Patna,Bihar,27-09-2025,Yes
DNR007803,Neha Iyer,Female,24,A+,7307078348,Pune,Maharashtra,19-09-2025,No
DNR007804,Pooja Nair,Male,29,B+,9571644757,Gurgaon,Haryana,12-07-2025,No
DNR007805,Aarav Sharma,Male,30,B+,8748015561,Kanpur,Uttar Pradesh,07-11-2025,Yes
DNR007806,Rahul Verma,Male,53,B+,9885054381,Lucknow,Uttar Pradesh,18-08-2024,Yes
DNR007807,Ananya Kapoor,Female,25,A+,9179481558,Bengaluru,Karnataka,21-06-2024,Yes
DNR007808,Ananya Kapoor,Female,27,A+,8245018451,Delhi,Delhi,08-08-2022,Yes
DNR007809,Rohan Mehta,Female,24,O+,9898353511,Pune,Maharashtra,Never,Yes
DNR007810,Ananya Kapoor,Male,50,B+,8078616898,Surat,Gujarat,09-04-2024,Yes
DNR007811,Vikram Singh,Female,40,A+,9970007592,Kolkata,West Bengal,03-02-2025,No
DNR007812,Rahul Verma,Male,25,A+,9658111518,Bengaluru,Karnataka,08-06-2024,No
DNR007813,Aarav Sharma,Female,28,A+,8168604247,Kolkata,West Bengal,22-03-2025,Yes
DNR007814,Kunal Desai,Female,39,B+,8835672799,Visakhapatnam,Andhra Pradesh,09-10-2025,No
DNR007815,Pooja Nair,Male,33,B+,8862445818,Thiruvananthapuram,Kerala,11-08-2025,Yes
DNR007816,Pooja Nair,Male,31,AB+,8903409979,Lucknow,Uttar Pradesh,31-03-2024,Yes
DNR007817,Rahul Verma,Male,20,B+,9843261133,Nagpur,Maharashtra,05-03-2025,Yes
DNR007818,Rahul Verma,Male,41,O+,7370906943,Lucknow,Uttar Pradesh,Never,Yes
DNR007819,Rahul Verma,Male,35,B+,9824299725,Nagpur,Maharashtra,Never,Yes
DNR007820,Kunal Desai,Male,38,A+,7647894912,Patna,Bihar,19-05-2022,No
DNR007821,Pooja Nair,Male,27,O+,8139433117,Patna,Bihar,01-04-2024,No
DNR007822,Rohan Mehta,Male,35,O-,9393486388,Bhopal,Madhya Pradesh,03-07-2025,Yes
DNR007823,Vikram Singh,Female,23,B+,9798152739,Gurgaon,Haryana,24-06-2025,No
DNR007824,Sneha Joshi,Female,44,A+,7181177015,Gurgaon,Haryana,13-07-2024,Yes
DNR007825,Neha Iyer,Male,25,AB+,8030980380,Hyderabad,Telangana,04-09-2021,Yes
DNR007826,Rohan Mehta,Female,40,B+,9142896977,Hyderabad,Telangana,17-11-2024,Yes
DNR007827,Vikram Singh,Male,41,A+,7538622019,Pune,Maharashtra,12-03-2025,Yes
DNR007828,Vikram Singh,Female,37,O+,8004616902,Gurgaon,Haryana,22-09-2023,No
DNR007829,Kunal Desai,Female,45,A+,7743545099,Ahmedabad,Gujarat,17-01-2022,Yes
DNR007830,Neha Iyer,Other,40,B+,8122186134,Vadodara,Gujarat,28-02-2025,Yes
DNR007831,Rahul Verma,Male,29,B+,7857797988,Hyderabad,Telangana,15-10-2024,Yes
DNR007832,Kunal Desai,Male,32,O+,8249517987,Kanpur,Uttar Pradesh,13-02-2025,Yes
DNR007833,Ananya Kapoor,Male,18,O+,7017751222,Pune,Maharashtra,20-10-2024,No
DNR007834,Ananya Kapoor,Female,29,O+,8765663403,Mumbai,Maharashtra,28-05-2023,Yes
DNR007835,Priya Patel,Male,19,B+,7534680770,Nagpur,Maharashtra,Never,No
DNR007836,Kunal Desai,Female,25,O+,7036577600,Visakhapatnam,Andhra Pradesh,Never,Yes
DNR007837,Priya Patel,Male,29,B+,8276700548,Kolkata,West Bengal,20-01-2025,Yes
DNR007838,Vikram Singh,Male,38,B+,7370986020,Hyderabad,Telangana,20-02-2022,No
DNR007839,Neha Iyer,Male,32,O+,9603435343,Bhopal,Madhya Pradesh,11-07-2025,Yes
DNR007840,Rahul Verma,Female,33,B+,7608743315,Kanpur,Uttar Pradesh,01-04-2025,No
DNR007841,Sneha Joshi,Female,22,O+,9579568876,Ahmedabad,Gujarat,26-09-2025,No
DNR007842,Ananya Kapoor,Male,35,B+,8898100504,Lucknow,Uttar Pradesh,03-10-2024,Yes
DNR007843,Pooja Nair,Female,23,B+,8624620678,Thiruvananthapuram,Kerala,14-03-2025,No
DNR007844,Priya Patel,Female,19,O+,8360513695,Pune,Maharashtra,04-02-2025,No
DNR007845,Rahul Verma,Male,38,O+,7378872457,Thiruvananthapuram,Kerala,16-08-2025,Yes
DNR007846,Sneha Joshi,Male,32,B+,8041876247,Lucknow,Uttar Pradesh,25-04-2025,Yes
DNR007847,Neha Iyer,Male,24,O+,7116819199,Patna,Bihar,31-08-2025,Yes
DNR007848,Rahul Verma,Female,26,O+,7300771947,Mohali,Punjab,04-07-2023,No
DNR007849,Sneha Joshi,Male,31,B+,8380191457,Ahmedabad,Gujarat,11-07-2021,Yes
DNR007850,Neha Iyer,Female,35,A+,9282620532,Nagpur,Maharashtra,24-02-2025,Yes
DNR007851,Neha Iyer,Male,34,A+,7132176315,Surat,Gujarat,29-08-2025,No
DNR007852,Kunal Desai,Male,38,O+,7159413678,Ahmedabad,Gujarat,06-06-2025,No
DNR007853,Neha Iyer,Male,53,O+,9401068276,Delhi,Delhi,Never,Yes
DNR007854,Pooja Nair,Female,45,A+,7306154322,Mohali,Punjab,04-11-2025,Yes
DNR007855,Rohan Mehta,Female,52,B+,9637257112,Thiruvananthapuram,Kerala,16-11-2022,Yes
DNR007856,Sneha Joshi,Female,38,O+,9736114162,Bengaluru,Karnataka,18-07-2025,Yes
DNR007857,Kunal Desai,Male,23,B+,7386648644,Bengaluru,Karnataka,18-07-2025,Yes
DNR007858,Pooja Nair,Male,45,O+,8904744766,Lucknow,Uttar Pradesh,Never,Yes
DNR007859,Priya Patel,Female,26,O+,8237654863,Pune,Maharashtra,06-11-2025,No
DNR007860,Rahul Verma,Male,34,A+,8529746966,Thiruvananthapuram,Kerala,17-04-2025,Yes
DNR007861,Vikram Singh,Female,28,A+,7469162650,Jaipur,Rajasthan,17-07-2024,Yes
DNR007862,Neha Iyer,Male,47,B+,8982389681,Lucknow,Uttar Pradesh,23-09-2025,Yes
DNR007863,Rohan Mehta,Male,35,A+,8689342709,Jaipur,Rajasthan,06-02-2025,Yes
DNR007864,Rahul Verma,Male,36,O+,7399946423,Mumbai,Maharashtra,30-08-2024,Yes
DNR007865,Vikram Singh,Male,47,A+,8931971812,Bengaluru,Karnataka,21-07-2025,No
DNR007866,Rahul Verma,Female,42,B-,8368641132,Pune,Maharashtra,18-07-2022,No
DNR007867,Neha Iyer,Female,23,O+,7633563579,Patna,Bihar,26-05-2025,No
DNR007868,Sneha Joshi,Female,40,O+,9714535264,Ahmedabad,Gujarat,21-04-2025,Yes
DNR007869,Neha Iyer,Male,52,B+,7927563605,Bhopal,Madhya Pradesh,11-10-2025,No
DNR007870,Kunal Desai,Male,43,O+,8255328470,Bengaluru,Karnataka,08-11-2020,Yes
DNR007871,Rahul Verma,Male,36,AB+,8652853101,Thiruvananthapuram,Kerala,01-07-2022,Yes
DNR007872,Ananya Kapoor,Female,42,B+,9018919848,Kolkata,West Bengal,08-11-2020,Yes
DNR007873,Rohan Mehta,Female,39,B+,9528668822,Mumbai,Maharashtra,09-08-2023,No
DNR007874,Kunal Desai,Male,18,A+,9294862255,Kanpur,Uttar Pradesh,04-10-2025,No
DNR007875,Priya Patel,Female,26,B+,9354635306,Hyderabad,Telangana,22-08-2025,No
DNR007876,Priya Patel,Male,39,A+,9822279519,Chennai,Tamil Nadu,15-09-2023,Yes
DNR007877,Pooja Nair,Male,28,A+,7719255559,Ahmedabad,Gujarat,08-10-2025,No
DNR007878,Kunal Desai,Female,27,B-,8772449965,Bhopal,Madhya Pradesh,22-03-2024,Yes
DNR007879,Ananya Kapoor,Male,28,A+,7808328018,Chennai,Tamil Nadu,25-05-2024,Yes
DNR007880,Rahul Verma,Male,32,O+,9933972717,Thiruvananthapuram,Kerala,23-02-2025,Yes
DNR007881,Neha Iyer,Female,42,O+,8062817489,Gurgaon,Haryana,19-05-2025,Yes
DNR007882,Sneha Joshi,Male,18,O+,8998440869,Gurgaon,Haryana,18-05-2025,No
DNR007883,Ananya Kapoor,Female,38,A+,8032851870,Pune,Maharashtra,13-09-2025,Yes
DNR007884,Rohan Mehta,Male,30,B+,7492358556,Delhi,Delhi,08-04-2024,Yes
DNR007885,Neha Iyer,Male,35,B+,9496936387,Vadodara,Gujarat,01-12-2024,Yes
DNR007886,Pooja Nair,Male,30,O+,9186943557,Pune,Maharashtra,12-09-2023,Yes
DNR007887,Ananya Kapoor,Female,32,O+,9368643921,Bengaluru,Karnataka,17-02-2021,Yes
DNR007888,Rahul Verma,Male,20,O+,9458500713,Chennai,Tamil Nadu,04-12-2023,Yes
DNR007889,Kunal Desai,Male,59,O+,9493668928,Nagpur,Maharashtra,03-10-2023,No
DNR007890,Rohan Mehta,Female,18,AB+,7108997082,Bhopal,Madhya Pradesh,11-07-2025,No
DNR007891,Neha Iyer,Male,18,O+,8049113714,Lucknow,Uttar Pradesh,13-03-2025,Yes
DNR007892,Kunal Desai,Female,34,O+,9634252483,Mohali,Punjab,17-10-2025,Yes
DNR007893,Pooja Nair,Other,22,A+,9577844118,Gurgaon,Haryana,17-01-2024,No
DNR007894,Ananya Kapoor,Female,52,O+,9931421835,Jaipur,Rajasthan,08-11-2020,No
DNR007895,Pooja Nair,Male,22,O+,7710865914,Bhopal,Madhya Pradesh,23-01-2025,No
DNR007896,Vikram Singh,Female,22,O+,7099009730,Gurgaon,Haryana,19-03-2023,Yes
DNR007897,Rahul Verma,Male,23,O+,7234886872,Pune,Maharashtra,08-11-2020,Yes
DNR007898,Kunal Desai,Male,27,O+,7879612781,Mohali,Punjab,15-11-2023,No
DNR007899,Ananya Kapoor,Male,47,A+,9712344327,Ahmedabad,Gujarat,04-12-2024,No
DNR007900,Ananya Kapoor,Male,41,A+,8124124362,Lucknow,Uttar Pradesh,01-05-2024,Yes
DNR007901,Sneha Joshi,Female,34,B+,9481247311,Kanpur,Uttar Pradesh,09-12-2022,Yes
DNR007902,Kunal Desai,Female,21,A+,8570606026,Mohali,Punjab,10-08-2024,No
DNR007903,Rohan Mehta,Female,19,AB+,8480756871,Mumbai,Maharashtra,18-09-2025,No
DNR007904,Aarav Sharma,Female,32,A+,7854192228,Patna,Bihar,06-04-2024,No
DNR007905,Ananya Kapoor,Female,26,B+,9453487070,Thiruvananthapuram,Kerala,19-07-2025,No
DNR007906,Ananya Kapoor,Male,18,A+,9232426538,Bhopal,Madhya Pradesh,18-04-2024,Yes
DNR007907,Priya Patel,Male,20,B+,8644155983,Jaipur,Rajasthan,23-07-2025,Yes
DNR007908,Pooja Nair,Male,24,B+,9957262792,Thiruvananthapuram,Kerala,07-08-2025,Yes
DNR007909,Priya Patel,Male,21,A+,8088206258,Chennai,Tamil Nadu,30-01-2025,Yes
DNR007910,Neha Iyer,Female,18,A-,8699841567,Thiruvananthapuram,Kerala,07-11-2022,No
DNR007911,Vikram Singh,Female,18,B+,7059240772,Bhopal,Madhya Pradesh,07-03-2025,No
DNR007912,Sneha Joshi,Female,27,B+,9054117789,Thiruvananthapuram,Kerala,16-06-2022,Yes
DNR007913,Neha Iyer,Male,26,B+,9375251571,Mumbai,Maharashtra,17-11-2022,No
DNR007914,Pooja Nair,Male,33,O-,9403451773,Chennai,Tamil Nadu,28-09-2024,Yes
DNR007915,Rahul Verma,Male,33,A+,7856841248,Kanpur,Uttar Pradesh,17-07-2025,Yes
DNR007916,Sneha Joshi,Male,18,O-,8902428417,Kolkata,West Bengal,18-03-2022,Yes
DNR007917,Rohan Mehta,Male,42,O+,8820359003,Visakhapatnam,Andhra Pradesh,31-12-2024,No
DNR007918,Neha Iyer,Female,25,O+,8304322092,Patna,Bihar,11-10-2025,Yes
DNR007919,Neha Iyer,Female,44,AB+,8010494047,Vadodara,Gujarat,04-11-2023,Yes
DNR007920,Pooja Nair,Female,57,B+,9955919041,Ahmedabad,Gujarat,08-11-2020,Yes
DNR007921,Pooja Nair,Male,27,B+,7101737181,Hyderabad,Telangana,02-07-2024,Yes
DNR007922,Rahul Verma,Male,39,O+,9343995807,Kolkata,West Bengal,01-05-2025,Yes
DNR007923,Neha Iyer,Male,40,A+,8497798267,Mohali,Punjab,10-09-2022,Yes
DNR007924,Neha Iyer,Male,18,O+,9796639677,Bengaluru,Karnataka,26-06-2025,Yes
DNR007925,Rohan Mehta,Male,28,B+,8405991130,Patna,Bihar,05-10-2023,Yes
DNR007926,Neha Iyer,Female,21,O+,8677299258,Delhi,Delhi,30-10-2024,Yes
DNR007927,Rohan Mehta,Female,49,B+,7516717757,Bengaluru,Karnataka,04-06-2021,Yes
DNR007928,Kunal Desai,Male,43,O+,8879294832,Hyderabad,Telangana,16-05-2025,Yes
DNR007929,Priya Patel,Male,33,B+,9006148109,Mumbai,Maharashtra,07-06-2023,Yes
DNR007930,Priya Patel,Female,45,B+,9617604828,Surat,Gujarat,15-05-2025,Yes
DNR007931,Pooja Nair,Female,64,O+,8506016215,Thiruvananthapuram,Kerala,17-06-2022,No
DNR007932,Kunal Desai,Male,36,O+,8410482422,Nagpur,Maharashtra,15-05-2025,No
DNR007933,Rohan Mehta,Male,51,O+,9110252022,Mumbai,Maharashtra,22-09-2024,Yes
DNR007934,Rahul Verma,Female,27,B+,7822023901,Mumbai,Maharashtra,22-06-2025,No
DNR007935,Vikram Singh,Female,23,O+,7142753009,Vadodara,Gujarat,16-01-2025,Yes
DNR007936,Sneha Joshi,Male,25,A+,8312443032,Kanpur,Uttar Pradesh,04-11-2024,Yes
DNR007937,Neha Iyer,Male,31,B+,8593637140,Patna,Bihar,20-01-2025,No
DNR007938,Kunal Desai,Male,31,A+,9360496202,Surat,Gujarat,Never,Yes
DNR007939,Vikram Singh,Male,22,O+,7217091013,Mumbai,Maharashtra,30-05-2024,Yes
DNR007940,Vikram Singh,Female,38,B+,8917037288,Vadodara,Gujarat,22-07-2023,Yes
DNR007941,Pooja Nair,Male,32,AB+,8481659804,Chennai,Tamil Nadu,04-07-2025,Yes
DNR007942,Neha Iyer,Male,38,A+,8060677213,Thiruvananthapuram,Kerala,Never,Yes
DNR007943,Kunal Desai,Male,18,O+,7979436549,Delhi,Delhi,01-11-2025,Yes
DNR007944,Rahul Verma,Female,36,A+,8466870076,Lucknow,Uttar Pradesh,30-06-2023,Yes
DNR007945,Neha Iyer,Male,40,O-,9975904160,Mohali,Punjab,08-11-2020,Yes
DNR007946,Kunal Desai,Female,53,A+,8759298642,Pune,Maharashtra,21-03-2025,No
DNR007947,Ananya Kapoor,Female,29,A+,8003090125,Delhi,Delhi,12-07-2023,Yes
DNR007948,Vikram Singh,Female,36,O+,8165889286,Jaipur,Rajasthan,08-11-2020,No
DNR007949,Vikram Singh,Female,62,O+,8825244641,Bhopal,Madhya Pradesh,26-05-2025,No
DNR007950,Kunal Desai,Female,18,O+,7647710466,Mumbai,Maharashtra,09-05-2025,Yes
DNR007951,Sneha Joshi,Female,39,B+,8575807939,Bengaluru,Karnataka,25-04-2023,No
DNR007952,Rohan Mehta,Male,27,B+,9709729499,Nagpur,Maharashtra,10-09-2025,No
DNR007953,Rahul Verma,Male,43,B+,9851330963,Chennai,Tamil Nadu,20-10-2024,Yes
DNR007954,Sneha Joshi,Other,24,AB+,7288192187,Pune,Maharashtra,08-06-2025,Yes
DNR007955,Priya Patel,Female,25,AB-,9546717621,Kolkata,West Bengal,23-06-2023,Yes
DNR007956,Vikram Singh,Male,55,O+,7924855170,Nagpur,Maharashtra,Never,No
DNR007957,Aarav Sharma,Male,39,O+,8892506590,Jaipur,Rajasthan,05-04-2025,Yes
DNR007958,Ananya Kapoor,Female,27,O+,8991649966,Jaipur,Rajasthan,03-12-2024,No
DNR007959,Neha Iyer,Other,45,O+,9755524497,Jaipur,Rajasthan,02-01-2025,No
DNR007960,Kunal Desai,Female,37,O+,9081070931,Patna,Bihar,30-01-2025,No
DNR007961,Neha Iyer,Male,18,O-,8515894890,Thiruvananthapuram,Kerala,03-09-2025,Yes
DNR007962,Pooja Nair,Male,39,O+,9518199090,Vadodara,Gujarat,05-11-2025,Yes
DNR007963,Rahul Verma,Male,52,B+,9767968719,Surat,Gujarat,18-02-2024,Yes
DNR007964,Ananya Kapoor,Female,25,A+,9791852290,Pune,Maharashtra,06-05-2025,Yes
DNR007965,Sneha Joshi,Male,44,O-,9227908877,Jaipur,Rajasthan,17-10-2025,Yes
DNR007966,Pooja Nair,Male,34,B+,8817902777,Visakhapatnam,Andhra Pradesh,08-03-2024,Yes
DNR007967,Neha Iyer,Male,18,A+,7106682270,Bengaluru,Karnataka,26-10-2021,Yes
DNR007968,Kunal Desai,Female,44,B+,9843057313,Gurgaon,Haryana,27-10-2025,No
DNR007969,Aarav Sharma,Male,39,O+,7816123341,Kolkata,West Bengal,10-06-2025,No
DNR007970,Sneha Joshi,Male,26,A+,9011241939,Gurgaon,Haryana,31-10-2023,Yes
DNR007971,Aarav Sharma,Male,52,O+,9024589559,Surat,Gujarat,27-04-2025,Yes
DNR007972,Vikram Singh,Male,48,O+,9308696746,Kolkata,West Bengal,13-06-2025,Yes
DNR007973,Neha Iyer,Male,18,B+,7928956928,Nagpur,Maharashtra,14-01-2025,No
DNR007974,Neha Iyer,Female,23,A+,8601165864,Pune,Maharashtra,22-01-2021,Yes
DNR007975,Priya Patel,Male,52,B+,9482051157,Delhi,Delhi,10-10-2021,Yes
DNR007976,Vikram Singh,Female,37,A+,8311323080,Chennai,Tamil Nadu,08-11-2020,Yes
DNR007977,Priya Patel,Male,38,B+,8641437621,Jaipur,Rajasthan,05-01-2021,Yes
DNR007978,Vikram Singh,Male,27,O+,8845952924,Nagpur,Maharashtra,Never,No
DNR007979,Neha Iyer,Male,33,AB+,9436477704,Lucknow,Uttar Pradesh,06-05-2025,Yes
DNR007980,Kunal Desai,Male,25,A+,7689541968,Kolkata,West Bengal,18-03-2025,Yes
DNR007981,Rahul Verma,Male,25,O+,8964044728,Visakhapatnam,Andhra Pradesh,28-07-2023,Yes
DNR007982,Vikram Singh,Male,40,A+,9880426476,Bengaluru,Karnataka,17-08-2024,Yes
DNR007983,Pooja Nair,Male,27,O+,9648783201,Pune,Maharashtra,08-02-2024,No
DNR007984,Neha Iyer,Male,31,O+,8079674516,Mumbai,Maharashtra,14-01-2025,No
DNR007985,Rahul Verma,Female,34,A+,7345153245,Jaipur,Rajasthan,23-05-2025,Yes
DNR007986,Kunal Desai,Female,28,O+,8126753033,Bengaluru,Karnataka,11-07-2025,Yes
DNR007987,Rahul Verma,Other,54,O-,7792756319,Hyderabad,Telangana,03-06-2023,Yes
DNR007988,Rahul Verma,Female,36,A+,7350492460,Bhopal,Madhya Pradesh,Never,No
DNR007989,Aarav Sharma,Male,31,O-,8445308760,Mumbai,Maharashtra,03-10-2021,Yes
DNR007990,Aarav Sharma,Female,37,B-,8371369083,Pune,Maharashtra,11-08-2025,No
DNR007991,Rohan Mehta,Female,29,B+,9325478075,Bengaluru,Karnataka,05-11-2025,No
DNR007992,Rohan Mehta,Female,38,O+,9019598497,Vadodara,Gujarat,10-05-2024,Yes
DNR007993,Vikram Singh,Male,39,AB+,8550528393,Pune,Maharashtra,27-03-2022,Yes
DNR007994,Rahul Verma,Male,18,B-,7265558554,Bhopal,Madhya Pradesh,22-02-2024,Yes
DNR007995,Rohan Mehta,Female,31,O+,9398407408,Bhopal,Madhya Pradesh,28-04-2024,Yes
DNR007996,Ananya Kapoor,Male,27,A+,7327519231,Jaipur,Rajasthan,22-09-2025,Yes
DNR007997,Aarav Sharma,Female,39,O+,8502485635,Surat,Gujarat,Never,Yes
DNR007998,Neha Iyer,Male,33,B+,9010154652,Patna,Bihar,27-08-2025,Yes
DNR007999,Aarav Sharma,Female,30,O+,8877125218,Pune,Maharashtra,06-10-2025,No
DNR008000,Sneha Joshi,Female,45,O+,9861381685,Mohali,Punjab,14-09-2023,Yes
DNR008001,Vikram Singh,Male,32,O+,8009929896,Bhopal,Madhya Pradesh,18-08-2025,Yes
DNR008002,Vikram Singh,Female,20,B+,7770649423,Delhi,Delhi,01-01-2025,No
DNR008003,Rahul Verma,Female,36,B+,9125983841,Kolkata,West Bengal,19-09-2025,No
DNR008004,Priya Patel,Female,18,O-,7680678001,Thiruvananthapuram,Kerala,21-07-2025,Yes
DNR008005,Pooja Nair,Female,25,A+,9397350476,Visakhapatnam,Andhra Pradesh,07-09-2025,No
DNR008006,Rohan Mehta,Male,24,A+,7978340705,Bhopal,Madhya Pradesh,31-10-2024,No
DNR008007,Vikram Singh,Male,37,O+,9336203609,Mumbai,Maharashtra,Never,No
DNR008008,Rohan Mehta,Male,24,A+,7320444304,Vadodara,Gujarat,08-02-2024,Yes
DNR008009,Ananya Kapoor,Female,40,A+,9558822853,Kolkata,West Bengal,18-07-2024,No
DNR008010,Kunal Desai,Male,24,A+,8347486310,Nagpur,Maharashtra,22-02-2022,Yes
DNR008011,Vikram Singh,Male,50,A+,9600152223,Thiruvananthapuram,Kerala,24-04-2024,Yes
DNR008012,Pooja Nair,Male,20,A+,9537226161,Vadodara,Gujarat,28-07-2022,Yes
DNR008013,Vikram Singh,Male,29,B+,7746441496,Kolkata,West Bengal,17-11-2024,Yes
DNR008014,Aarav Sharma,Female,36,O+,8915126147,Patna,Bihar,10-01-2025,No
DNR008015,Ananya Kapoor,Male,40,B+,8364612427,Vadodara,Gujarat,13-10-2025,Yes
DNR008016,Pooja Nair,Female,42,O+,7280319848,Bengaluru,Karnataka,24-01-2024,Yes
DNR008017,Rohan Mehta,Male,40,B+,7811361997,Vadodara,Gujarat,31-03-2024,Yes
DNR008018,Rohan Mehta,Female,27,AB+,7273546427,Delhi,Delhi,16-03-2024,Yes
DNR008019,Neha Iyer,Male,38,A+,9101687609,Pune,Maharashtra,18-06-2023,Yes
DNR008020,Vikram Singh,Female,20,O+,8700357174,Bengaluru,Karnataka,21-08-2025,No
DNR008021,Aarav Sharma,Female,30,A-,8376898564,Mumbai,Maharashtra,Never,Yes
DNR008022,Ananya Kapoor,Female,36,B+,7235719093,Patna,Bihar,02-11-2025,No
DNR008023,Aarav Sharma,Male,39,A+,9947448887,Gurgaon,Haryana,24-02-2025,No
DNR008024,Sneha Joshi,Female,22,O+,7463232363,Vadodara,Gujarat,24-04-2021,Yes
DNR008025,Pooja Nair,Male,38,O+,8020750799,Mohali,Punjab,03-11-2024,Yes
DNR008026,Sneha Joshi,Female,18,B+,7188744777,Surat,Gujarat,20-10-2025,Yes
DNR008027,Aarav Sharma,Male,54,O+,7662757313,Ahmedabad,Gujarat,28-02-2025,No
DNR008028,Priya Patel,Female,46,A+,8515500435,Pune,Maharashtra,25-02-2025,Yes
DNR008029,Neha Iyer,Female,34,O+,8593584509,Pune,Maharashtra,26-09-2024,No
DNR008030,Sneha Joshi,Female,18,B-,8111552032,Vadodara,Gujarat,19-09-2023,Yes
DNR008031,Priya Patel,Female,46,O+,7900096061,Bengaluru,Karnataka,20-09-2025,No
DNR008032,Ananya Kapoor,Female,26,B+,8215878396,Lucknow,Uttar Pradesh,11-11-2022,No
DNR008033,Priya Patel,Male,34,AB+,8479739456,Kanpur,Uttar Pradesh,13-05-2024,Yes
DNR008034,Sneha Joshi,Male,32,B+,7031146230,Hyderabad,Telangana,04-10-2025,No
DNR008035,Vikram Singh,Male,36,O+,9993446321,Patna,Bihar,19-10-2025,No
DNR008036,Aarav Sharma,Female,18,O+,7933207536,Ahmedabad,Gujarat,31-01-2023,No
DNR008037,Rahul Verma,Female,32,O+,9632220824,Chennai,Tamil Nadu,04-08-2025,No
DNR008038,Aarav Sharma,Female,48,A-,7202378148,Visakhapatnam,Andhra Pradesh,07-01-2022,Yes
DNR008039,Kunal Desai,Male,36,O+,7582106918,Thiruvananthapuram,Kerala,16-07-2024,Yes
DNR008040,Rahul Verma,Female,18,O+,8410431885,Mumbai,Maharashtra,21-03-2022,Yes
DNR008041,Pooja Nair,Male,62,O+,7504450261,Lucknow,Uttar Pradesh,18-09-2025,Yes
DNR008042,Sneha Joshi,Female,36,A+,9796754643,Visakhapatnam,Andhra Pradesh,16-10-2025,Yes
DNR008043,Ananya Kapoor,Male,40,O+,7481465289,Delhi,Delhi,10-08-2025,Yes
DNR008044,Pooja Nair,Female,29,B+,7552421616,Kanpur,Uttar Pradesh,19-07-2023,No
DNR008045,Rahul Verma,Female,43,A+,9600782438,Patna,Bihar,12-02-2025,No
DNR008046,Kunal Desai,Female,26,A-,8060684758,Thiruvananthapuram,Kerala,23-10-2025,No
DNR008047,Priya Patel,Female,43,A+,7398898845,Patna,Bihar,20-09-2023,Yes
DNR008048,Rohan Mehta,Female,31,B+,8562294691,Delhi,Delhi,06-07-2025,No
DNR008049,Priya Patel,Male,21,A+,7133623164,Bhopal,Madhya Pradesh,31-12-2023,Yes
DNR008050,Rahul Verma,Female,31,A+,9785017866,Pune,Maharashtra,20-05-2025,Yes
DNR008051,Rohan Mehta,Male,27,A+,7372574839,Mohali,Punjab,24-04-2025,Yes
DNR008052,Kunal Desai,Female,31,O+,7117241113,Thiruvananthapuram,Kerala,19-08-2025,No
DNR008053,Ananya Kapoor,Male,23,B+,8957515091,Bengaluru,Karnataka,22-07-2022,Yes
DNR008054,Vikram Singh,Female,18,B+,8984875272,Mohali,Punjab,25-08-2024,No
DNR008055,Sneha Joshi,Female,28,A+,7028192892,Mumbai,Maharashtra,08-12-2023,Yes
DNR008056,Priya Patel,Male,32,B+,7940237446,Chennai,Tamil Nadu,01-09-2025,Yes
DNR008057,Neha Iyer,Female,39,A+,8743487975,Nagpur,Maharashtra,20-02-2025,Yes
DNR008058,Pooja Nair,Male,20,O+,8723846405,Jaipur,Rajasthan,12-03-2023,No
DNR008059,Ananya Kapoor,Female,41,O+,9073238501,Ahmedabad,Gujarat,25-10-2025,No
DNR008060,Pooja Nair,Male,30,O+,8702457018,Visakhapatnam,Andhra Pradesh,03-03-2022,Yes
DNR008061,Priya Patel,Female,42,O+,7556004778,Jaipur,Rajasthan,29-11-2023,Yes
DNR008062,Kunal Desai,Male,53,O+,7330115577,Nagpur,Maharashtra,01-09-2021,Yes
DNR008063,Kunal Desai,Female,21,O-,8628878995,Bhopal,Madhya Pradesh,13-02-2025,No
DNR008064,Sneha Joshi,Female,44,A+,7271621368,Vadodara,Gujarat,01-10-2025,No
DNR008065,Aarav Sharma,Other,19,A-,7862352926,Surat,Gujarat,08-05-2025,Yes
DNR008066,Rohan Mehta,Female,32,O+,8523503079,Hyderabad,Telangana,01-11-2024,Yes
DNR008067,Rahul Verma,Female,31,O+,9017285676,Thiruvananthapuram,Kerala,22-03-2024,Yes
DNR008068,Ananya Kapoor,Male,35,O+,7823061726,Visakhapatnam,Andhra Pradesh,16-09-2023,No
DNR008069,Rohan Mehta,Female,27,B+,7401566216,Patna,Bihar,04-09-2025,No
DNR008070,Ananya Kapoor,Male,37,O+,9122499693,Visakhapatnam,Andhra Pradesh,28-09-2023,Yes
DNR008071,Aarav Sharma,Male,30,A+,8433392972,Thiruvananthapuram,Kerala,07-06-2025,Yes
DNR008072,Sneha Joshi,Female,32,O+,7365269428,Nagpur,Maharashtra,06-10-2025,No
DNR008073,Pooja Nair,Male,53,O+,9131318102,Nagpur,Maharashtra,13-07-2024,Yes
DNR008074,Rohan Mehta,Male,38,A-,9470289242,Gurgaon,Haryana,06-04-2025,Yes
DNR008075,Ananya Kapoor,Female,35,O+,8270882369,Nagpur,Maharashtra,17-08-2025,No
DNR008076,Rahul Verma,Male,21,O+,7424529529,Pune,Maharashtra,03-06-2024,Yes
DNR008077,Kunal Desai,Male,48,B+,9056857715,Chennai,Tamil Nadu,06-06-2024,Yes
DNR008078,Pooja Nair,Male,41,O+,8558284217,Patna,Bihar,02-07-2024,Yes
DNR008079,Priya Patel,Male,23,B+,9598806349,Mumbai,Maharashtra,14-06-2021,No
DNR008080,Ananya Kapoor,Male,19,A+,7693355233,Lucknow,Uttar Pradesh,21-08-2025,Yes
DNR008081,Rahul Verma,Other,43,AB+,8179157891,Patna,Bihar,28-09-2024,No
DNR008082,Sneha Joshi,Female,27,B+,9618008196,Nagpur,Maharashtra,13-02-2025,No
DNR008083,Pooja Nair,Male,18,B-,8917995490,Lucknow,Uttar Pradesh,21-06-2024,No
DNR008084,Neha Iyer,Male,26,A-,8418781632,Mumbai,Maharashtra,23-09-2025,No
DNR008085,Rahul Verma,Male,31,O+,9642326998,Hyderabad,Telangana,30-06-2025,No
DNR008086,Kunal Desai,Female,54,O+,7331251040,Surat,Gujarat,21-02-2025,No
DNR008087,Neha Iyer,Female,25,A-,9044244463,Jaipur,Rajasthan,14-03-2023,Yes
DNR008088,Sneha Joshi,Female,26,O+,9882095161,Jaipur,Rajasthan,13-03-2025,Yes
DNR008089,Pooja Nair,Male,18,A+,8853534165,Hyderabad,Telangana,29-06-2022,Yes
DNR008090,Vikram Singh,Female,53,A+,8257631359,Bengaluru,Karnataka,19-03-2023,No
DNR008091,Neha Iyer,Male,28,A+,9160298329,Ahmedabad,Gujarat,05-09-2025,Yes
DNR008092,Pooja Nair,Female,33,B+,8802889988,Mumbai,Maharashtra,22-10-2025,Yes
DNR008093,Pooja Nair,Female,29,O+,9918420464,Ahmedabad,Gujarat,07-10-2023,Yes
DNR008094,Sneha Joshi,Male,35,O+,9614664901,Gurgaon,Haryana,29-05-2024,Yes
DNR008095,Kunal Desai,Female,37,B+,7318246834,Ahmedabad,Gujarat,28-11-2023,Yes
DNR008096,Neha Iyer,Female,33,B+,7152173993,Vadodara,Gujarat,15-07-2024,No
DNR008097,Kunal Desai,Female,36,O+,8354529887,Surat,Gujarat,18-04-2025,Yes
DNR008098,Ananya Kapoor,Female,27,A+,8624209407,Kanpur,Uttar Pradesh,06-10-2025,Yes
DNR008099,Neha Iyer,Male,45,AB+,8249051077,Delhi,Delhi,29-08-2023,No
DNR008100,Kunal Desai,Female,53,O+,9179059184,Bhopal,Madhya Pradesh,25-10-2025,No
DNR008101,Sneha Joshi,Female,52,B+,7586326018,Nagpur,Maharashtra,07-01-2024,No
DNR008102,Priya Patel,Female,29,A+,9338870320,Bengaluru,Karnataka,30-07-2021,No
DNR008103,Neha Iyer,Female,28,O+,9842676813,Visakhapatnam,Andhra Pradesh,03-08-2023,No
DNR008104,Vikram Singh,Male,37,O+,8088610804,Bengaluru,Karnataka,05-06-2025,Yes
DNR008105,Pooja Nair,Male,41,B+,9960115585,Bhopal,Madhya Pradesh,06-10-2023,Yes
DNR008106,Aarav Sharma,Female,29,A+,9315814844,Hyderabad,Telangana,23-09-2025,Yes
DNR008107,Pooja Nair,Male,36,A+,7015854396,Mohali,Punjab,08-11-2020,Yes
DNR008108,Rahul Verma,Male,42,B+,9025535140,Bhopal,Madhya Pradesh,28-01-2025,Yes
DNR008109,Vikram Singh,Male,40,A-,8260305590,Hyderabad,Telangana,27-03-2025,No
DNR008110,Priya Patel,Male,39,O+,7602923555,Chennai,Tamil Nadu,13-09-2024,No
DNR008111,Sneha Joshi,Female,35,A+,8493753580,Jaipur,Rajasthan,04-04-2025,Yes
DNR008112,Rohan Mehta,Female,30,O+,7754242814,Mumbai,Maharashtra,Never,No
DNR008113,Aarav Sharma,Male,33,O-,9940815224,Mumbai,Maharashtra,27-12-2022,No
DNR008114,Kunal Desai,Male,37,O+,8331415862,Chennai,Tamil Nadu,04-04-2025,Yes
DNR008115,Aarav Sharma,Male,46,O+,9044370444,Nagpur,Maharashtra,13-04-2025,Yes
DNR008116,Rahul Verma,Female,18,A+,7171199817,Delhi,Delhi,26-08-2024,No
DNR008117,Ananya Kapoor,Male,35,O+,7032850980,Surat,Gujarat,17-01-2024,Yes
DNR008118,Rahul Verma,Female,56,O+,7808939376,Jaipur,Rajasthan,19-06-2022,Yes
DNR008119,Aarav Sharma,Male,49,A+,7757398964,Pune,Maharashtra,16-02-2025,Yes
DNR008120,Aarav Sharma,Male,31,B+,8341332492,Delhi,Delhi,02-09-2025,Yes
DNR008121,Neha Iyer,Female,32,O+,9817838289,Delhi,Delhi,22-02-2024,Yes
DNR008122,Sneha Joshi,Male,21,O+,9319003553,Lucknow,Uttar Pradesh,25-12-2024,Yes
DNR008123,Rohan Mehta,Female,28,B+,7386366983,Surat,Gujarat,01-11-2025,No
DNR008124,Rohan Mehta,Male,38,B+,9562210096,Nagpur,Maharashtra,17-08-2024,Yes
DNR008125,Kunal Desai,Female,38,O+,7836979861,Gurgaon,Haryana,21-03-2024,Yes
DNR008126,Rohan Mehta,Female,25,B-,8339622066,Patna,Bihar,27-06-2025,Yes
DNR008127,Pooja Nair,Male,36,B+,7612232339,Lucknow,Uttar Pradesh,24-06-2023,No
DNR008128,Rohan Mehta,Male,33,B+,8476235400,Pune,Maharashtra,07-11-2025,Yes
DNR008129,Neha Iyer,Male,35,A+,7833575501,Chennai,Tamil Nadu,31-08-2025,No
DNR008130,Kunal Desai,Female,33,O+,7488984381,Surat,Gujarat,16-10-2024,No
DNR008131,Aarav Sharma,Male,43,B-,7548518215,Visakhapatnam,Andhra Pradesh,16-12-2024,Yes
DNR008132,Neha Iyer,Female,25,AB+,7949886070,Kolkata,West Bengal,17-04-2025,No
DNR008133,Neha Iyer,Female,36,O+,7689283042,Nagpur,Maharashtra,01-07-2025,Yes
DNR008134,Priya Patel,Male,34,B+,9304059058,Kolkata,West Bengal,31-12-2024,Yes
DNR008135,Ananya Kapoor,Female,34,O+,8816944737,Visakhapatnam,Andhra Pradesh,03-05-2024,No
DNR008136,Pooja Nair,Female,36,B+,8776267195,Kanpur,Uttar Pradesh,29-09-2023,Yes
DNR008137,Ananya Kapoor,Male,43,B+,9738271267,Surat,Gujarat,07-10-2025,Yes
DNR008138,Sneha Joshi,Male,18,B+,7470185514,Kolkata,West Bengal,23-11-2021,Yes
DNR008139,Kunal Desai,Male,37,B+,7548947996,Gurgaon,Haryana,20-11-2024,Yes
DNR008140,Vikram Singh,Male,30,B+,9541367608,Mohali,Punjab,05-11-2022,Yes
DNR008141,Priya Patel,Female,26,O+,9255161085,Gurgaon,Haryana,14-01-2025,Yes
DNR008142,Neha Iyer,Male,18,O+,8533392733,Surat,Gujarat,05-10-2025,No
DNR008143,Neha Iyer,Male,22,O+,7475904212,Jaipur,Rajasthan,14-08-2025,No
DNR008144,Vikram Singh,Female,27,B+,9630279842,Nagpur,Maharashtra,08-11-2024,Yes
DNR008145,Rohan Mehta,Male,41,B-,7108797167,Vadodara,Gujarat,31-03-2025,Yes
DNR008146,Rohan Mehta,Female,44,A+,9016540967,Kanpur,Uttar Pradesh,Never,No
DNR008147,Pooja Nair,Male,45,AB+,7508402174,Jaipur,Rajasthan,13-10-2024,Yes
DNR008148,Vikram Singh,Female,41,A+,8056876191,Kolkata,West Bengal,26-05-2022,No
DNR008149,Neha Iyer,Female,40,B+,9965805533,Hyderabad,Telangana,10-11-2024,No
DNR008150,Vikram Singh,Male,22,O-,8162475616,Patna,Bihar,04-11-2025,Yes
DNR008151,Rahul Verma,Female,45,O+,8666390948,Kanpur,Uttar Pradesh,28-09-2024,Yes
DNR008152,Aarav Sharma,Male,38,B+,7045222232,Hyderabad,Telangana,28-05-2023,Yes
DNR008153,Pooja Nair,Female,29,O+,9839312679,Bhopal,Madhya Pradesh,Never,Yes
DNR008154,Aarav Sharma,Female,20,B+,9222257376,Pune,Maharashtra,Never,No
DNR008155,Pooja Nair,Male,18,A+,7726213727,Bhopal,Madhya Pradesh,09-12-2024,No
DNR008156,Kunal Desai,Female,58,O+,7285716141,Thiruvananthapuram,Kerala,26-11-2024,Yes
DNR008157,Aarav Sharma,Female,18,B+,7751939852,Patna,Bihar,30-08-2025,Yes
DNR008158,Rahul Verma,Male,18,B+,9321642399,Delhi,Delhi,11-08-2024,No
DNR008159,Ananya Kapoor,Female,36,A+,9071341179,Pune,Maharashtra,14-08-2024,Yes
DNR008160,Kunal Desai,Female,34,A+,9487274505,Lucknow,Uttar Pradesh,11-01-2024,No
DNR008161,Priya Patel,Female,45,A-,9077929349,Thiruvananthapuram,Kerala,24-08-2023,Yes
DNR008162,Aarav Sharma,Male,30,O+,7455346230,Mumbai,Maharashtra,30-10-2024,Yes
DNR008163,Rahul Verma,Male,42,O-,7886957764,Chennai,Tamil Nadu,31-10-2024,Yes
DNR008164,Rahul Verma,Male,37,O+,7618280510,Patna,Bihar,08-08-2022,No
DNR008165,Rohan Mehta,Male,36,B+,7168671006,Delhi,Delhi,30-08-2023,Yes
DNR008166,Pooja Nair,Female,28,O+,8092427181,Ahmedabad,Gujarat,17-12-2024,No
DNR008167,Neha Iyer,Female,23,O+,8785052029,Thiruvananthapuram,Kerala,03-05-2025,Yes
DNR008168,Neha Iyer,Female,36,A+,7801701592,Patna,Bihar,17-08-2022,Yes
DNR008169,Vikram Singh,Female,35,A+,7006395660,Gurgaon,Haryana,25-07-2023,Yes
DNR008170,Pooja Nair,Male,20,B+,9334492086,Thiruvananthapuram,Kerala,17-07-2025,No
DNR008171,Neha Iyer,Male,34,B+,7218472662,Thiruvananthapuram,Kerala,08-09-2024,Yes
DNR008172,Ananya Kapoor,Male,39,B+,7407568944,Mohali,Punjab,05-08-2024,Yes
DNR008173,Sneha Joshi,Female,34,O+,9278049047,Patna,Bihar,16-09-2025,Yes
DNR008174,Vikram Singh,Female,35,O+,8143895597,Kanpur,Uttar Pradesh,08-11-2020,Yes
DNR008175,Rohan Mehta,Female,23,O+,7581975739,Patna,Bihar,21-10-2025,Yes
DNR008176,Rohan Mehta,Male,34,B+,9700848044,Ahmedabad,Gujarat,14-05-2024,Yes
DNR008177,Neha Iyer,Female,38,B+,8986045653,Kanpur,Uttar Pradesh,Never,Yes
DNR008178,Pooja Nair,Male,46,O+,8831436400,Visakhapatnam,Andhra Pradesh,26-04-2025,Yes
DNR008179,Pooja Nair,Female,32,A+,7292052017,Vadodara,Gujarat,05-07-2025,No
DNR008180,Sneha Joshi,Male,25,O-,7276990978,Patna,Bihar,Never,No
DNR008181,Vikram Singh,Female,45,B+,9022908379,Visakhapatnam,Andhra Pradesh,20-03-2025,Yes
DNR008182,Aarav Sharma,Female,33,B+,7918238081,Bengaluru,Karnataka,24-01-2025,Yes
DNR008183,Aarav Sharma,Male,31,B+,9825332686,Jaipur,Rajasthan,Never,Yes
DNR008184,Aarav Sharma,Male,56,B+,7724120869,Delhi,Delhi,13-06-2025,Yes
DNR008185,Priya Patel,Male,26,A+,8899353612,Lucknow,Uttar Pradesh,17-10-2022,Yes
DNR008186,Aarav Sharma,Male,20,O+,7580558694,Mohali,Punjab,09-09-2025,Yes
DNR008187,Priya Patel,Female,31,B+,9882226417,Kolkata,West Bengal,02-10-2025,Yes
DNR008188,Neha Iyer,Female,30,O+,7403673960,Nagpur,Maharashtra,24-01-2025,Yes
DNR008189,Aarav Sharma,Male,31,B+,7814813554,Mohali,Punjab,21-07-2025,Yes
DNR008190,Rohan Mehta,Female,47,O+,7024877733,Mumbai,Maharashtra,19-10-2025,Yes
DNR008191,Vikram Singh,Male,33,A+,9034945644,Jaipur,Rajasthan,03-08-2025,Yes
DNR008192,Aarav Sharma,Male,41,A+,9399328103,Chennai,Tamil Nadu,26-12-2023,Yes
DNR008193,Ananya Kapoor,Male,24,O+,7287500962,Bengaluru,Karnataka,07-02-2023,No
DNR008194,Priya Patel,Male,20,O+,7323652281,Nagpur,Maharashtra,09-09-2025,Yes
DNR008195,Priya Patel,Female,20,O+,9098943985,Bhopal,Madhya Pradesh,12-04-2025,No
DNR008196,Sneha Joshi,Male,41,B+,8669153577,Mohali,Punjab,15-09-2024,Yes
DNR008197,Vikram Singh,Male,32,O+,8495395749,Patna,Bihar,05-11-2025,Yes
DNR008198,Vikram Singh,Female,25,AB+,8934691072,Kanpur,Uttar Pradesh,27-10-2025,No
DNR008199,Rohan Mehta,Female,44,O+,8046361774,Chennai,Tamil Nadu,08-09-2025,No
DNR008200,Ananya Kapoor,Male,28,O+,9091072648,Ahmedabad,Gujarat,17-04-2025,Yes
DNR008201,Rohan Mehta,Female,23,A-,9990474686,Surat,Gujarat,24-10-2024,Yes
DNR008202,Rahul Verma,Female,54,O+,9874205081,Kolkata,West Bengal,09-07-2022,Yes
DNR008203,Vikram Singh,Female,23,B+,9160605976,Hyderabad,Telangana,08-11-2020,No
DNR008204,Vikram Singh,Male,40,O+,9461829489,Mohali,Punjab,18-04-2024,Yes
DNR008205,Ananya Kapoor,Male,43,O+,9559060883,Hyderabad,Telangana,19-05-2023,Yes
DNR008206,Aarav Sharma,Male,25,B+,8820681703,Patna,Bihar,30-05-2025,Yes
DNR008207,Rohan Mehta,Female,47,A+,8548880581,Mohali,Punjab,30-09-2023,Yes
DNR008208,Aarav Sharma,Male,18,B+,8321904090,Bengaluru,Karnataka,24-05-2022,Yes
DNR008209,Aarav Sharma,Male,32,O+,9869892188,Delhi,Delhi,09-08-2025,Yes
DNR008210,Aarav Sharma,Female,39,A+,9815182176,Delhi,Delhi,12-10-2024,Yes
DNR008211,Pooja Nair,Male,50,O+,8183100774,Vadodara,Gujarat,22-10-2023,Yes
DNR008212,Pooja Nair,Female,18,O+,9191559529,Hyderabad,Telangana,08-11-2020,Yes
DNR008213,Aarav Sharma,Female,22,O+,9097653252,Pune,Maharashtra,Never,No
DNR008214,Rohan Mehta,Female,28,O+,8708949518,Lucknow,Uttar Pradesh,17-08-2025,Yes
DNR008215,Kunal Desai,Female,18,O+,9447405368,Ahmedabad,Gujarat,16-01-2025,Yes
DNR008216,Priya Patel,Male,44,O+,8916642553,Nagpur,Maharashtra,04-08-2024,Yes
DNR008217,Pooja Nair,Male,36,B+,8800288352,Kolkata,West Bengal,01-04-2024,No
DNR008218,Ananya Kapoor,Female,19,A+,8993343078,Thiruvananthapuram,Kerala,30-03-2025,No
DNR008219,Aarav Sharma,Female,18,B+,8882698493,Nagpur,Maharashtra,23-07-2025,Yes
DNR008220,Pooja Nair,Female,20,O+,7158608809,Lucknow,Uttar Pradesh,25-02-2023,No
DNR008221,Vikram Singh,Female,32,O+,7369639950,Patna,Bihar,19-07-2023,Yes
DNR008222,Priya Patel,Male,49,O+,8702673865,Delhi,Delhi,05-01-2025,Yes
DNR008223,Aarav Sharma,Female,40,AB+,7538049089,Pune,Maharashtra,01-08-2025,No
DNR008224,Neha Iyer,Female,24,A-,7065931787,Bengaluru,Karnataka,25-08-2025,Yes
DNR008225,Pooja Nair,Male,32,O+,7997711705,Nagpur,Maharashtra,13-01-2024,Yes
DNR008226,Rohan Mehta,Female,27,O+,9925212611,Jaipur,Rajasthan,11-09-2021,Yes
DNR008227,Rohan Mehta,Male,37,B-,7801279155,Bengaluru,Karnataka,23-11-2024,No
DNR008228,Rahul Verma,Male,18,B+,7708987823,Patna,Bihar,12-03-2025,Yes
DNR008229,Rohan Mehta,Female,29,O+,9744041213,Hyderabad,Telangana,24-06-2025,No
DNR008230,Neha Iyer,Female,40,O+,9434545077,Vadodara,Gujarat,12-03-2025,No
DNR008231,Priya Patel,Male,35,O+,7870514953,Patna,Bihar,30-09-2025,No
DNR008232,Vikram Singh,Male,32,O+,7096105472,Delhi,Delhi,09-07-2023,Yes
DNR008233,Kunal Desai,Female,18,O+,9633171291,Chennai,Tamil Nadu,16-10-2025,No
DNR008234,Priya Patel,Female,37,O+,7209668306,Kanpur,Uttar Pradesh,10-09-2025,Yes
DNR008235,Kunal Desai,Female,26,O+,9361419339,Kolkata,West Bengal,02-11-2023,Yes
DNR008236,Priya Patel,Female,32,A+,9923703824,Jaipur,Rajasthan,Never,Yes
DNR008237,Kunal Desai,Male,41,O+,8871764106,Visakhapatnam,Andhra Pradesh,26-01-2023,No
DNR008238,Aarav Sharma,Female,18,O+,7764172731,Bhopal,Madhya Pradesh,15-07-2024,Yes
DNR008239,Priya Patel,Female,35,O+,7023971245,Mohali,Punjab,19-06-2024,No
DNR008240,Priya Patel,Female,42,O+,8558658211,Hyderabad,Telangana,27-09-2025,Yes
DNR008241,Vikram Singh,Female,40,O+,8645540465,Mumbai,Maharashtra,18-04-2022,Yes
DNR008242,Vikram Singh,Male,28,O+,9151998073,Chennai,Tamil Nadu,07-03-2025,No
DNR008243,Ananya Kapoor,Male,27,B+,7534638620,Delhi,Delhi,06-09-2025,No
DNR008244,Sneha Joshi,Female,39,O+,8931016450,Hyderabad,Telangana,16-02-2025,No
DNR008245,Rahul Verma,Female,50,O+,8740314385,Pune,Maharashtra,Never,Yes
DNR008246,Rahul Verma,Male,18,B+,7867642398,Vadodara,Gujarat,13-12-2022,Yes
DNR008247,Ananya Kapoor,Female,35,O+,7030533467,Ahmedabad,Gujarat,11-05-2025,Yes
DNR008248,Ananya Kapoor,Male,25,B+,8093164777,Thiruvananthapuram,Kerala,Never,Yes
DNR008249,Kunal Desai,Female,29,B+,8088780390,Gurgaon,Haryana,03-05-2025,Yes
DNR008250,Rahul Verma,Female,57,B+,8479428162,Surat,Gujarat,14-09-2022,Yes
DNR008251,Rohan Mehta,Male,33,O+,8974989009,Hyderabad,Telangana,18-08-2023,No
DNR008252,Aarav Sharma,Female,39,B+,8724129303,Thiruvananthapuram,Kerala,Never,Yes
DNR008253,Priya Patel,Female,18,O+,9926844331,Vadodara,Gujarat,01-05-2023,No
DNR008254,Neha Iyer,Female,39,A+,7755493712,Pune,Maharashtra,26-07-2025,Yes
DNR008255,Neha Iyer,Male,40,O+,7422165345,Bengaluru,Karnataka,12-11-2024,Yes
DNR008256,Kunal Desai,Male,40,A+,8582055458,Ahmedabad,Gujarat,02-08-2024,No
DNR008257,Neha Iyer,Female,36,B+,7908257632,Nagpur,Maharashtra,Never,No
DNR008258,Rohan Mehta,Male,43,AB-,7479994611,Delhi,Delhi,03-07-2025,Yes
DNR008259,Aarav Sharma,Female,41,A+,8383918481,Thiruvananthapuram,Kerala,26-05-2024,No
DNR008260,Rahul Verma,Male,36,B+,8183629694,Jaipur,Rajasthan,12-08-2024,Yes
DNR008261,Pooja Nair,Male,52,B+,7970223846,Vadodara,Gujarat,02-11-2025,Yes
DNR008262,Rohan Mehta,Male,22,O+,9817554992,Bengaluru,Karnataka,12-01-2024,Yes
DNR008263,Aarav Sharma,Female,30,B+,7130032296,Ahmedabad,Gujarat,01-10-2025,No
DNR008264,Neha Iyer,Female,47,B+,9693330589,Mohali,Punjab,Never,Yes
DNR008265,Ananya Kapoor,Male,36,A-,8633379451,Delhi,Delhi,11-04-2022,Yes
DNR008266,Sneha Joshi,Female,39,B+,9547724173,Gurgaon,Haryana,03-11-2024,Yes
DNR008267,Rahul Verma,Female,31,O+,7845155696,Delhi,Delhi,16-09-2025,No
DNR008268,Aarav Sharma,Female,36,A+,9346245595,Kolkata,West Bengal,09-03-2025,Yes
DNR008269,Rahul Verma,Male,29,O+,7880373558,Mumbai,Maharashtra,31-05-2021,Yes
DNR008270,Aarav Sharma,Male,43,O+,7850371468,Surat,Gujarat,13-08-2025,Yes
DNR008271,Rohan Mehta,Male,33,B+,8220581110,Mohali,Punjab,28-08-2025,No
DNR008272,Rahul Verma,Male,39,B+,7204362753,Thiruvananthapuram,Kerala,25-08-2022,Yes
DNR008273,Aarav Sharma,Male,35,A+,8059910818,Lucknow,Uttar Pradesh,20-02-2024,Yes
DNR008274,Ananya Kapoor,Female,38,AB+,8353617195,Vadodara,Gujarat,21-04-2025,Yes
DNR008275,Priya Patel,Female,21,AB-,9928861302,Mumbai,Maharashtra,19-10-2025,Yes
DNR008276,Rahul Verma,Male,41,B+,8090044403,Delhi,Delhi,18-09-2022,Yes
DNR008277,Neha Iyer,Female,20,O+,7402212833,Thiruvananthapuram,Kerala,10-06-2025,No
DNR008278,Priya Patel,Female,18,B+,9938619842,Bengaluru,Karnataka,22-01-2024,No
DNR008279,Priya Patel,Female,22,A+,8429337215,Visakhapatnam,Andhra Pradesh,28-01-2023,Yes
DNR008280,Vikram Singh,Female,33,O+,9690198133,Kanpur,Uttar Pradesh,06-11-2021,Yes
DNR008281,Ananya Kapoor,Male,38,O-,7341338627,Lucknow,Uttar Pradesh,07-07-2022,No
DNR008282,Kunal Desai,Female,18,A+,9601780112,Patna,Bihar,01-07-2024,Yes
DNR008283,Pooja Nair,Male,33,O+,8653586745,Bengaluru,Karnataka,05-12-2024,Yes
DNR008284,Rohan Mehta,Female,35,A+,8774571554,Patna,Bihar,29-10-2025,No
DNR008285,Vikram Singh,Male,18,O+,9024047977,Bengaluru,Karnataka,26-05-2024,Yes
DNR008286,Sneha Joshi,Male,28,O+,7151496363,Chennai,Tamil Nadu,16-12-2024,Yes
DNR008287,Ananya Kapoor,Female,33,B+,9938063571,Hyderabad,Telangana,Never,No
DNR008288,Rahul Verma,Female,35,O+,9346915169,Surat,Gujarat,06-03-2025,No
DNR008289,Ananya Kapoor,Male,21,AB+,9666707929,Vadodara,Gujarat,01-10-2024,Yes
DNR008290,Aarav Sharma,Male,34,B+,8296921640,Gurgaon,Haryana,09-05-2023,No
DNR008291,Neha Iyer,Male,31,O+,9479278473,Hyderabad,Telangana,02-10-2025,Yes
DNR008292,Neha Iyer,Male,18,O+,9748454285,Jaipur,Rajasthan,18-03-2024,Yes
DNR008293,Rohan Mehta,Female,18,B+,9317975181,Bhopal,Madhya Pradesh,12-01-2023,Yes
DNR008294,Vikram Singh,Female,21,O+,9101538462,Vadodara,Gujarat,13-09-2023,No
DNR008295,Pooja Nair,Male,24,O+,8155584544,Delhi,Delhi,31-08-2023,No
DNR008296,Pooja Nair,Female,44,B+,8066196183,Vadodara,Gujarat,08-11-2020,No
DNR008297,Rohan Mehta,Female,31,A+,7446800008,Mohali,Punjab,25-10-2021,No
DNR008298,Aarav Sharma,Female,35,O+,8985204773,Ahmedabad,Gujarat,13-09-2024,Yes
DNR008299,Aarav Sharma,Male,18,B+,7323357411,Gurgaon,Haryana,03-04-2024,Yes
DNR008300,Vikram Singh,Male,42,O+,8855875170,Surat,Gujarat,09-03-2024,Yes
DNR008301,Rohan Mehta,Male,29,O+,8227782945,Jaipur,Rajasthan,14-06-2024,Yes
DNR008302,Pooja Nair,Female,34,O-,9866922501,Thiruvananthapuram,Kerala,04-11-2022,No
DNR008303,Sneha Joshi,Female,38,O+,9241469788,Bengaluru,Karnataka,28-06-2025,Yes
DNR008304,Sneha Joshi,Female,34,B+,9480702463,Nagpur,Maharashtra,01-04-2021,Yes
DNR008305,Vikram Singh,Female,21,O+,7176246939,Thiruvananthapuram,Kerala,20-10-2025,No
DNR008306,Rohan Mehta,Male,44,O+,7468948268,Surat,Gujarat,01-09-2025,Yes
DNR008307,Aarav Sharma,Other,42,O+,9123942595,Nagpur,Maharashtra,02-11-2025,Yes
DNR008308,Aarav Sharma,Male,44,A+,9664364295,Mumbai,Maharashtra,02-02-2024,Yes
DNR008309,Rahul Verma,Male,18,O+,8560794331,Kanpur,Uttar Pradesh,13-07-2024,Yes
DNR008310,Priya Patel,Female,36,A+,9291113146,Thiruvananthapuram,Kerala,31-03-2025,No
DNR008311,Kunal Desai,Male,37,B+,8656870668,Patna,Bihar,05-10-2024,Yes
DNR008312,Aarav Sharma,Male,35,B+,7338369608,Jaipur,Rajasthan,30-10-2025,Yes
DNR008313,Aarav Sharma,Female,46,O+,9758026732,Kanpur,Uttar Pradesh,23-10-2025,No
DNR008314,Sneha Joshi,Male,23,B+,7817722817,Vadodara,Gujarat,16-08-2024,No
DNR008315,Neha Iyer,Male,39,O+,7148339889,Mumbai,Maharashtra,06-05-2025,Yes
DNR008316,Rohan Mehta,Female,34,A+,7795641245,Nagpur,Maharashtra,23-10-2025,Yes
DNR008317,Rahul Verma,Female,33,A+,7256036936,Patna,Bihar,15-11-2023,Yes
DNR008318,Aarav Sharma,Female,43,B+,7667628689,Gurgaon,Haryana,19-02-2022,Yes
DNR008319,Ananya Kapoor,Male,34,B+,7157213093,Chennai,Tamil Nadu,01-08-2025,Yes
DNR008320,Kunal Desai,Male,34,O+,7465411198,Mohali,Punjab,24-01-2025,No
DNR008321,Sneha Joshi,Female,39,O+,7223940668,Patna,Bihar,19-10-2023,Yes
DNR008322,Neha Iyer,Male,41,O+,9392626130,Kolkata,West Bengal,24-03-2023,Yes
DNR008323,Aarav Sharma,Male,35,O+,9112039815,Jaipur,Rajasthan,16-05-2025,Yes
DNR008324,Neha Iyer,Male,37,A+,8863650504,Kanpur,Uttar Pradesh,06-09-2025,Yes
DNR008325,Rohan Mehta,Male,30,O+,7143255640,Vadodara,Gujarat,21-07-2024,Yes
DNR008326,Priya Patel,Male,30,O+,8076443206,Surat,Gujarat,15-10-2025,No
DNR008327,Rohan Mehta,Male,42,O+,7019904078,Patna,Bihar,05-10-2024,Yes
DNR008328,Vikram Singh,Male,18,B+,8965015294,Gurgaon,Haryana,23-07-2023,Yes
DNR008329,Ananya Kapoor,Male,39,O+,7412704443,Hyderabad,Telangana,08-10-2022,No
DNR008330,Aarav Sharma,Female,40,B+,7924707091,Bhopal,Madhya Pradesh,Never,No
DNR008331,Neha Iyer,Male,18,B+,8200298164,Kanpur,Uttar Pradesh,25-06-2024,No
DNR008332,Rahul Verma,Female,45,A+,8693636008,Surat,Gujarat,06-12-2024,Yes
DNR008333,Sneha Joshi,Female,36,O+,7438431145,Jaipur,Rajasthan,02-04-2022,No
DNR008334,Rohan Mehta,Female,30,A-,7144732432,Mohali,Punjab,06-01-2025,No
DNR008335,Neha Iyer,Male,26,AB+,7130916407,Chennai,Tamil Nadu,17-09-2023,Yes
DNR008336,Sneha Joshi,Male,47,B+,7808308240,Hyderabad,Telangana,31-01-2025,No
DNR008337,Neha Iyer,Male,39,B+,7757495706,Bengaluru,Karnataka,16-10-2025,Yes
DNR008338,Pooja Nair,Male,25,O+,9874045687,Vadodara,Gujarat,17-05-2025,Yes
DNR008339,Priya Patel,Female,28,B+,9657573692,Kanpur,Uttar Pradesh,23-09-2025,Yes
DNR008340,Vikram Singh,Male,45,A+,8348434562,Hyderabad,Telangana,07-10-2023,No
DNR008341,Aarav Sharma,Female,32,O+,9542911578,Lucknow,Uttar Pradesh,25-10-2025,Yes
DNR008342,Rahul Verma,Male,40,A+,7774456021,Pune,Maharashtra,03-06-2024,Yes
DNR008343,Rahul Verma,Male,41,B+,9236967663,Surat,Gujarat,14-09-2025,No
DNR008344,Rohan Mehta,Male,27,A+,8369250899,Bhopal,Madhya Pradesh,16-02-2025,Yes
DNR008345,Ananya Kapoor,Male,42,O+,7333841763,Bhopal,Madhya Pradesh,14-09-2023,Yes
DNR008346,Neha Iyer,Female,49,O+,7888692064,Bhopal,Madhya Pradesh,12-06-2025,Yes
DNR008347,Rohan Mehta,Male,30,O-,7593988639,Bhopal,Madhya Pradesh,22-10-2021,Yes
DNR008348,Kunal Desai,Female,30,A-,8346595535,Bhopal,Madhya Pradesh,01-03-2025,No
DNR008349,Rahul Verma,Female,42,O+,8118646030,Chennai,Tamil Nadu,Never,No
DNR008350,Neha Iyer,Female,40,B+,7534352799,Gurgaon,Haryana,21-08-2023,Yes
DNR008351,Rohan Mehta,Female,39,A+,9671592231,Gurgaon,Haryana,01-08-2025,Yes
DNR008352,Aarav Sharma,Female,43,B+,8405894301,Surat,Gujarat,Never,Yes
DNR008353,Vikram Singh,Male,39,O+,9790282507,Mumbai,Maharashtra,08-11-2020,No
DNR008354,Sneha Joshi,Female,39,O+,9702460013,Mohali,Punjab,11-03-2025,No
DNR008355,Sneha Joshi,Female,24,B+,7944985997,Visakhapatnam,Andhra Pradesh,15-04-2021,Yes
DNR008356,Pooja Nair,Female,44,A+,9034929878,Kanpur,Uttar Pradesh,12-05-2024,Yes
DNR008357,Kunal Desai,Female,33,AB+,9613023734,Mohali,Punjab,15-03-2025,No
DNR008358,Rahul Verma,Female,33,AB+,8325500809,Mumbai,Maharashtra,11-12-2020,No
DNR008359,Rohan Mehta,Female,46,A+,8388964585,Kolkata,West Bengal,15-11-2024,Yes
DNR008360,Pooja Nair,Male,24,O+,8106165457,Chennai,Tamil Nadu,10-03-2024,Yes
DNR008361,Sneha Joshi,Male,21,A+,8293837033,Thiruvananthapuram,Kerala,11-01-2025,Yes
DNR008362,Neha Iyer,Male,33,O-,9381075857,Jaipur,Rajasthan,16-08-2023,Yes
DNR008363,Rahul Verma,Male,37,O+,7956269799,Pune,Maharashtra,09-05-2025,Yes
DNR008364,Aarav Sharma,Male,25,O+,8579254137,Kolkata,West Bengal,27-09-2025,Yes
DNR008365,Neha Iyer,Male,45,B+,8622792942,Visakhapatnam,Andhra Pradesh,08-05-2024,Yes
DNR008366,Ananya Kapoor,Male,22,B+,8065927378,Visakhapatnam,Andhra Pradesh,20-12-2023,No
DNR008367,Kunal Desai,Female,45,O+,9632167296,Nagpur,Maharashtra,23-03-2021,No
DNR008368,Rahul Verma,Female,28,AB+,7296473004,Mohali,Punjab,19-02-2025,No
DNR008369,Ananya Kapoor,Female,33,O+,7777609832,Bhopal,Madhya Pradesh,15-09-2025,Yes
DNR008370,Rahul Verma,Female,45,O-,7749721408,Mumbai,Maharashtra,17-07-2025,No
DNR008371,Ananya Kapoor,Other,49,O+,7114486247,Bengaluru,Karnataka,08-08-2024,No
DNR008372,Kunal Desai,Female,24,O+,9353993813,Ahmedabad,Gujarat,15-03-2025,No
DNR008373,Kunal Desai,Male,18,O-,7531184716,Surat,Gujarat,22-11-2024,Yes
DNR008374,Rahul Verma,Female,46,O+,9805714831,Lucknow,Uttar Pradesh,23-04-2025,Yes
DNR008375,Rahul Verma,Male,23,A+,8485158321,Pune,Maharashtra,23-09-2024,Yes
DNR008376,Neha Iyer,Female,36,O+,8176223971,Patna,Bihar,Never,Yes
DNR008377,Ananya Kapoor,Female,33,O+,9147242040,Visakhapatnam,Andhra Pradesh,28-09-2025,No
DNR008378,Ananya Kapoor,Female,36,O+,7477501613,Surat,Gujarat,Never,Yes
DNR008379,Sneha Joshi,Female,33,B+,7947186511,Bhopal,Madhya Pradesh,01-01-2025,Yes
DNR008380,Rohan Mehta,Male,35,A-,7659373654,Thiruvananthapuram,Kerala,05-08-2024,Yes
DNR008381,Aarav Sharma,Male,33,AB-,9130748278,Mohali,Punjab,23-06-2024,Yes
DNR008382,Pooja Nair,Female,42,A-,7610293906,Vadodara,Gujarat,08-11-2020,Yes
DNR008383,Neha Iyer,Male,31,O+,7603678728,Vadodara,Gujarat,28-09-2024,No
DNR008384,Aarav Sharma,Male,32,O+,7504951305,Pune,Maharashtra,22-08-2024,Yes
DNR008385,Rohan Mehta,Female,41,O+,9772331499,Bengaluru,Karnataka,30-12-2022,No
DNR008386,Neha Iyer,Male,29,A+,7530063476,Nagpur,Maharashtra,28-08-2025,No
DNR008387,Neha Iyer,Female,26,O-,9896142716,Mohali,Punjab,05-01-2025,Yes
DNR008388,Rohan Mehta,Female,38,B+,9055509061,Lucknow,Uttar Pradesh,15-07-2023,Yes
DNR008389,Aarav Sharma,Female,27,B+,9765409332,Bhopal,Madhya Pradesh,15-03-2025,Yes
DNR008390,Kunal Desai,Male,52,B+,7654046838,Jaipur,Rajasthan,30-09-2024,No
DNR008391,Rahul Verma,Female,29,A+,9871099080,Bhopal,Madhya Pradesh,31-07-2022,Yes
DNR008392,Rahul Verma,Male,27,O+,8070268536,Mumbai,Maharashtra,21-06-2025,Yes
DNR008393,Pooja Nair,Female,28,B+,7955987426,Mohali,Punjab,12-10-2025,No
DNR008394,Rahul Verma,Female,26,A+,9304413412,Mumbai,Maharashtra,06-02-2025,No
DNR008395,Vikram Singh,Female,24,A+,9390436103,Thiruvananthapuram,Kerala,30-05-2022,Yes
DNR008396,Vikram Singh,Male,34,B+,9250966088,Ahmedabad,Gujarat,22-09-2023,Yes
DNR008397,Vikram Singh,Female,41,O+,9998356127,Hyderabad,Telangana,26-05-2025,No
DNR008398,Neha Iyer,Male,26,A+,8458453054,Kolkata,West Bengal,27-12-2023,Yes
DNR008399,Ananya Kapoor,Male,36,O+,8740011938,Surat,Gujarat,30-08-2025,Yes
DNR008400,Ananya Kapoor,Male,50,O+,9533300841,Ahmedabad,Gujarat,14-09-2025,Yes
DNR008401,Kunal Desai,Male,36,B+,8907119424,Visakhapatnam,Andhra Pradesh,21-10-2025,Yes
DNR008402,Priya Patel,Female,22,B+,7668975185,Chennai,Tamil Nadu,14-09-2025,No
DNR008403,Neha Iyer,Male,33,B+,8639914453,Thiruvananthapuram,Kerala,15-10-2025,Yes
DNR008404,Priya Patel,Male,28,A+,7977743061,Gurgaon,Haryana,14-12-2023,Yes
DNR008405,Neha Iyer,Male,34,B+,8967390047,Lucknow,Uttar Pradesh,14-07-2025,Yes
DNR008406,Priya Patel,Male,53,A+,7073296203,Visakhapatnam,Andhra Pradesh,07-10-2025,No
DNR008407,Ananya Kapoor,Female,36,O+,7791596485,Gurgaon,Haryana,04-06-2023,No
DNR008408,Neha Iyer,Female,46,B+,7678339033,Chennai,Tamil Nadu,11-04-2024,No
DNR008409,Vikram Singh,Male,43,O+,7191797534,Jaipur,Rajasthan,07-04-2024,Yes
DNR008410,Pooja Nair,Male,30,O+,9434183704,Kolkata,West Bengal,24-04-2021,Yes
DNR008411,Rohan Mehta,Male,29,B+,9509043461,Kolkata,West Bengal,30-08-2025,Yes
DNR008412,Pooja Nair,Female,26,A+,8576853282,Ahmedabad,Gujarat,01-11-2022,No
DNR008413,Aarav Sharma,Female,40,B+,9877768615,Nagpur,Maharashtra,16-09-2025,No
DNR008414,Rahul Verma,Female,49,A+,8491110976,Ahmedabad,Gujarat,19-01-2024,No
DNR008415,Ananya Kapoor,Male,20,A+,9004685060,Pune,Maharashtra,16-12-2024,Yes
DNR008416,Vikram Singh,Female,32,A+,7970205565,Pune,Maharashtra,08-11-2022,Yes
DNR008417,Priya Patel,Male,28,A+,7995538559,Bengaluru,Karnataka,08-11-2023,Yes
DNR008418,Rohan Mehta,Male,37,O+,9568502377,Bhopal,Madhya Pradesh,09-03-2023,Yes
DNR008419,Sneha Joshi,Male,28,O+,9165809592,Hyderabad,Telangana,09-04-2025,Yes
DNR008420,Aarav Sharma,Female,27,O+,9023166686,Bengaluru,Karnataka,04-02-2022,Yes
DNR008421,Neha Iyer,Male,37,O+,9286175893,Kanpur,Uttar Pradesh,18-07-2025,No
DNR008422,Pooja Nair,Female,52,O-,7554420636,Mohali,Punjab,18-01-2024,No
DNR008423,Aarav Sharma,Male,37,B+,8704861685,Mohali,Punjab,10-07-2025,Yes
DNR008424,Neha Iyer,Male,39,B+,7688200495,Hyderabad,Telangana,04-11-2025,No
DNR008425,Rahul Verma,Male,23,B-,8077007161,Pune,Maharashtra,27-04-2022,Yes
DNR008426,Pooja Nair,Male,48,B+,8450190209,Lucknow,Uttar Pradesh,14-12-2021,Yes
DNR008427,Neha Iyer,Female,28,B+,9425680345,Mohali,Punjab,12-08-2025,Yes
DNR008428,Priya Patel,Male,60,O+,9963026835,Nagpur,Maharashtra,21-03-2024,Yes
DNR008429,Rahul Verma,Male,45,B+,9511003595,Bengaluru,Karnataka,03-05-2023,Yes
DNR008430,Rohan Mehta,Female,46,O+,7405208089,Mumbai,Maharashtra,08-11-2020,Yes
DNR008431,Rahul Verma,Female,46,B+,9416341096,Bengaluru,Karnataka,20-07-2024,No
DNR008432,Neha Iyer,Female,41,AB-,7404489803,Gurgaon,Haryana,28-11-2024,No
DNR008433,Priya Patel,Male,32,O+,8399330264,Visakhapatnam,Andhra Pradesh,27-05-2025,Yes
DNR008434,Sneha Joshi,Female,19,AB+,7482543434,Kolkata,West Bengal,21-02-2025,No
DNR008435,Sneha Joshi,Male,34,A-,8250669807,Bengaluru,Karnataka,10-07-2025,Yes
DNR008436,Rahul Verma,Other,36,B+,8379837663,Bengaluru,Karnataka,29-06-2024,No
DNR008437,Rahul Verma,Female,56,A+,9262265059,Chennai,Tamil Nadu,09-02-2024,Yes
DNR008438,Rahul Verma,Female,39,AB+,7605814859,Bengaluru,Karnataka,03-03-2024,No
DNR008439,Pooja Nair,Male,30,B+,8493167718,Hyderabad,Telangana,24-03-2024,Yes
DNR008440,Rohan Mehta,Female,24,B+,7460678762,Visakhapatnam,Andhra Pradesh,Never,No
DNR008441,Aarav Sharma,Female,29,O+,9584121902,Mohali,Punjab,08-05-2025,Yes
DNR008442,Aarav Sharma,Female,33,O+,7867827664,Kanpur,Uttar Pradesh,03-05-2024,Yes
DNR008443,Pooja Nair,Female,44,O+,9835273509,Thiruvananthapuram,Kerala,20-02-2025,No
DNR008444,Neha Iyer,Female,26,O-,8452885853,Pune,Maharashtra,11-08-2024,Yes
DNR008445,Vikram Singh,Female,18,A+,9542614490,Pune,Maharashtra,08-11-2020,No
DNR008446,Sneha Joshi,Male,34,O+,8665999009,Vadodara,Gujarat,26-01-2025,Yes
DNR008447,Rohan Mehta,Female,48,A+,7774743286,Kanpur,Uttar Pradesh,29-07-2025,Yes
DNR008448,Vikram Singh,Male,37,O+,9017262898,Vadodara,Gujarat,02-01-2025,No
DNR008449,Sneha Joshi,Male,27,O+,9001305770,Visakhapatnam,Andhra Pradesh,27-09-2025,Yes
DNR008450,Aarav Sharma,Female,39,B+,8692791670,Hyderabad,Telangana,23-11-2023,No
DNR008451,Pooja Nair,Female,27,O-,8504824202,Patna,Bihar,04-07-2025,Yes
DNR008452,Kunal Desai,Female,40,B+,8640965518,Surat,Gujarat,31-07-2025,No
DNR008453,Rahul Verma,Male,41,A+,7289506629,Gurgaon,Haryana,06-02-2025,Yes
DNR008454,Rohan Mehta,Male,18,O+,7518422566,Gurgaon,Haryana,05-06-2025,Yes
DNR008455,Pooja Nair,Male,38,O+,8278514086,Lucknow,Uttar Pradesh,15-02-2025,Yes
DNR008456,Kunal Desai,Female,29,B+,7678000371,Chennai,Tamil Nadu,26-03-2024,No
DNR008457,Ananya Kapoor,Female,33,A+,7296728931,Pune,Maharashtra,26-09-2025,Yes
DNR008458,Vikram Singh,Male,41,O+,8248812926,Chennai,Tamil Nadu,04-05-2021,No
DNR008459,Ananya Kapoor,Male,44,A+,7475153084,Nagpur,Maharashtra,01-12-2024,No
DNR008460,Neha Iyer,Male,18,O-,7455530950,Bhopal,Madhya Pradesh,19-03-2025,Yes
DNR008461,Kunal Desai,Female,49,B+,9639524708,Visakhapatnam,Andhra Pradesh,27-06-2025,Yes
DNR008462,Priya Patel,Male,27,O+,7173119938,Mohali,Punjab,06-05-2025,No
DNR008463,Pooja Nair,Female,22,O+,8045654213,Pune,Maharashtra,05-11-2024,Yes
DNR008464,Ananya Kapoor,Male,21,O+,7965920284,Kanpur,Uttar Pradesh,16-08-2025,Yes
DNR008465,Vikram Singh,Female,36,O+,8643309204,Kanpur,Uttar Pradesh,19-04-2022,Yes
DNR008466,Ananya Kapoor,Male,47,B+,9219079725,Surat,Gujarat,18-09-2022,Yes
DNR008467,Pooja Nair,Male,37,A+,9974949071,Ahmedabad,Gujarat,02-11-2025,Yes
DNR008468,Priya Patel,Female,18,O+,8407166605,Bhopal,Madhya Pradesh,28-10-2025,No
DNR008469,Rohan Mehta,Female,23,B-,9586125533,Visakhapatnam,Andhra Pradesh,31-03-2024,Yes
DNR008470,Rohan Mehta,Male,30,A+,8747218608,Delhi,Delhi,11-10-2024,Yes
DNR008471,Sneha Joshi,Male,35,O+,8048888675,Patna,Bihar,11-08-2023,Yes
DNR008472,Sneha Joshi,Female,29,A+,9156595188,Kolkata,West Bengal,12-05-2025,Yes
DNR008473,Rahul Verma,Male,18,O+,9415186201,Hyderabad,Telangana,08-11-2020,Yes
DNR008474,Sneha Joshi,Female,30,O-,7154234842,Lucknow,Uttar Pradesh,20-09-2024,No
DNR008475,Sneha Joshi,Male,28,A+,8647269927,Visakhapatnam,Andhra Pradesh,07-11-2025,Yes
DNR008476,Priya Patel,Male,45,A+,9530163687,Hyderabad,Telangana,14-09-2023,Yes
DNR008477,Rahul Verma,Male,24,B+,8705370196,Mumbai,Maharashtra,03-03-2024,No
DNR008478,Neha Iyer,Male,24,O+,8924416362,Bhopal,Madhya Pradesh,09-08-2024,Yes
DNR008479,Pooja Nair,Male,34,B-,9149858315,Bengaluru,Karnataka,23-09-2025,No
DNR008480,Vikram Singh,Male,43,O+,7304226324,Patna,Bihar,25-09-2025,Yes
DNR008481,Ananya Kapoor,Female,36,O+,7664197947,Kolkata,West Bengal,29-08-2025,No
DNR008482,Pooja Nair,Male,40,O+,7177669314,Patna,Bihar,04-04-2024,Yes
DNR008483,Neha Iyer,Male,44,O+,9648667238,Jaipur,Rajasthan,20-12-2023,Yes
DNR008484,Kunal Desai,Male,25,O+,9453647741,Lucknow,Uttar Pradesh,23-07-2025,Yes
DNR008485,Vikram Singh,Female,31,B+,9506515936,Jaipur,Rajasthan,22-06-2024,Yes
DNR008486,Pooja Nair,Male,23,A+,9899717756,Ahmedabad,Gujarat,27-06-2023,Yes
DNR008487,Kunal Desai,Female,41,O+,7010086607,Pune,Maharashtra,04-10-2021,Yes
DNR008488,Kunal Desai,Male,57,O+,7581920318,Jaipur,Rajasthan,29-10-2024,Yes
DNR008489,Rohan Mehta,Female,24,O+,9477743077,Mumbai,Maharashtra,13-09-2024,Yes
DNR008490,Rahul Verma,Female,32,B+,7452103614,Lucknow,Uttar Pradesh,23-08-2023,Yes
DNR008491,Rahul Verma,Female,41,B+,8041745056,Chennai,Tamil Nadu,10-10-2021,No
DNR008492,Priya Patel,Female,43,B+,9069328321,Surat,Gujarat,27-02-2025,Yes
DNR008493,Rahul Verma,Female,45,B+,7931146694,Mohali,Punjab,02-07-2025,No
DNR008494,Sneha Joshi,Female,33,B+,7589385809,Hyderabad,Telangana,06-02-2025,Yes
DNR008495,Sneha Joshi,Other,18,O+,7920158865,Chennai,Tamil Nadu,30-10-2024,No
DNR008496,Neha Iyer,Male,63,O+,8904455881,Gurgaon,Haryana,02-02-2022,Yes
DNR008497,Ananya Kapoor,Male,30,A+,9234436906,Bengaluru,Karnataka,30-01-2025,Yes
DNR008498,Ananya Kapoor,Male,37,O+,7778573932,Kanpur,Uttar Pradesh,01-10-2025,Yes
DNR008499,Sneha Joshi,Female,18,O+,9426081931,Delhi,Delhi,07-10-2025,Yes
DNR008500,Sneha Joshi,Female,26,O+,7431440738,Kolkata,West Bengal,27-12-2024,Yes
DNR008501,Rohan Mehta,Female,28,B+,8007414598,Nagpur,Maharashtra,07-09-2025,Yes
DNR008502,Rahul Verma,Female,28,O-,7233932343,Kolkata,West Bengal,30-10-2025,Yes
DNR008503,Neha Iyer,Female,18,B+,8437810073,Patna,Bihar,06-05-2024,Yes
DNR008504,Sneha Joshi,Male,22,A+,9390096414,Hyderabad,Telangana,09-06-2025,Yes
DNR008505,Rahul Verma,Female,40,B+,9934517221,Gurgaon,Haryana,16-03-2023,Yes
DNR008506,Pooja Nair,Female,30,A+,7692947843,Hyderabad,Telangana,28-06-2023,Yes
DNR008507,Sneha Joshi,Female,44,B+,8343351223,Patna,Bihar,25-07-2024,No
DNR008508,Aarav Sharma,Female,25,O+,9859066271,Chennai,Tamil Nadu,17-09-2025,Yes
DNR008509,Aarav Sharma,Male,38,B+,8091612362,Bengaluru,Karnataka,23-07-2025,No
DNR008510,Rohan Mehta,Female,39,O+,7192532974,Mohali,Punjab,03-10-2025,Yes
DNR008511,Aarav Sharma,Male,34,B+,8336632739,Patna,Bihar,20-02-2025,Yes
DNR008512,Priya Patel,Male,31,B+,9167084909,Bengaluru,Karnataka,31-07-2022,Yes
DNR008513,Vikram Singh,Male,51,O+,9741419356,Vadodara,Gujarat,22-06-2025,Yes
DNR008514,Vikram Singh,Female,35,B+,9416191073,Bengaluru,Karnataka,20-03-2025,Yes
DNR008515,Priya Patel,Male,25,O+,7974135575,Mohali,Punjab,07-02-2022,Yes
DNR008516,Rahul Verma,Female,55,B+,9418084094,Jaipur,Rajasthan,16-09-2025,Yes
DNR008517,Sneha Joshi,Female,21,B+,9589601688,Jaipur,Rajasthan,25-09-2023,Yes
DNR008518,Ananya Kapoor,Male,22,B+,7258023930,Kanpur,Uttar Pradesh,05-12-2021,Yes
DNR008519,Pooja Nair,Male,46,B+,8068042734,Kanpur,Uttar Pradesh,08-05-2025,No
DNR008520,Pooja Nair,Male,21,B+,7915631818,Kanpur,Uttar Pradesh,20-11-2021,Yes
DNR008521,Priya Patel,Male,40,AB+,9687219650,Ahmedabad,Gujarat,11-11-2022,Yes
DNR008522,Pooja Nair,Female,42,O+,8778009775,Delhi,Delhi,25-07-2021,Yes
DNR008523,Pooja Nair,Female,41,B+,9045101119,Pune,Maharashtra,20-10-2025,Yes
DNR008524,Ananya Kapoor,Female,37,A+,8145797712,Delhi,Delhi,21-02-2025,No
DNR008525,Rohan Mehta,Male,28,O+,9313592127,Delhi,Delhi,25-03-2025,Yes
DNR008526,Aarav Sharma,Female,52,O+,7700605974,Bengaluru,Karnataka,12-08-2024,Yes
DNR008527,Ananya Kapoor,Female,29,AB+,9927757254,Delhi,Delhi,13-09-2025,Yes
DNR008528,Rahul Verma,Female,21,B+,7065157392,Gurgaon,Haryana,01-06-2023,Yes
DNR008529,Vikram Singh,Male,36,O-,9666971046,Thiruvananthapuram,Kerala,09-11-2023,Yes
DNR008530,Neha Iyer,Female,35,B+,8700711200,Hyderabad,Telangana,27-07-2025,No
DNR008531,Sneha Joshi,Female,46,O+,9713236345,Vadodara,Gujarat,11-08-2025,Yes
DNR008532,Neha Iyer,Male,48,B+,8225669225,Jaipur,Rajasthan,27-07-2024,No
DNR008533,Pooja Nair,Male,31,B+,8748250750,Mumbai,Maharashtra,24-08-2025,Yes
DNR008534,Aarav Sharma,Female,38,B+,7194408984,Patna,Bihar,30-08-2021,Yes
DNR008535,Pooja Nair,Female,41,O+,7268889511,Mohali,Punjab,07-08-2025,Yes
DNR008536,Priya Patel,Male,31,A+,7223541770,Mohali,Punjab,26-08-2025,Yes
DNR008537,Kunal Desai,Female,40,A+,7835131489,Surat,Gujarat,20-07-2023,No
DNR008538,Vikram Singh,Female,46,O-,9696695183,Mumbai,Maharashtra,03-07-2025,No
DNR008539,Vikram Singh,Male,41,O+,8245019031,Thiruvananthapuram,Kerala,29-08-2025,Yes
DNR008540,Rahul Verma,Female,29,O+,9421489254,Mohali,Punjab,06-10-2025,Yes
DNR008541,Pooja Nair,Female,26,O+,9304320830,Nagpur,Maharashtra,11-03-2025,Yes
DNR008542,Priya Patel,Female,49,O+,9952982623,Vadodara,Gujarat,18-01-2025,No
DNR008543,Sneha Joshi,Female,37,O-,9090452117,Gurgaon,Haryana,26-10-2025,Yes
DNR008544,Rahul Verma,Male,31,AB+,8660168297,Mohali,Punjab,04-08-2025,Yes
DNR008545,Sneha Joshi,Male,38,A-,9101657709,Surat,Gujarat,19-07-2024,No
DNR008546,Aarav Sharma,Female,37,B+,8326928489,Patna,Bihar,15-06-2025,Yes
DNR008547,Aarav Sharma,Female,40,B+,8225021159,Jaipur,Rajasthan,06-01-2025,Yes
DNR008548,Priya Patel,Male,30,O+,8037593421,Vadodara,Gujarat,11-04-2025,Yes
DNR008549,Aarav Sharma,Female,30,O-,8783074539,Nagpur,Maharashtra,15-04-2024,Yes
DNR008550,Aarav Sharma,Female,26,O+,7306268472,Mohali,Punjab,Never,Yes
DNR008551,Rohan Mehta,Female,34,O+,8019784829,Nagpur,Maharashtra,18-09-2025,Yes
DNR008552,Pooja Nair,Male,49,O-,9021336489,Hyderabad,Telangana,Never,Yes
DNR008553,Sneha Joshi,Female,44,O+,7649863563,Hyderabad,Telangana,01-08-2024,No
DNR008554,Pooja Nair,Female,48,AB-,7380092205,Ahmedabad,Gujarat,02-01-2025,Yes
DNR008555,Priya Patel,Female,23,B+,8332222871,Pune,Maharashtra,13-11-2024,Yes
DNR008556,Priya Patel,Female,43,O+,8513351567,Ahmedabad,Gujarat,18-03-2023,No
DNR008557,Pooja Nair,Female,52,B+,9255335781,Kanpur,Uttar Pradesh,06-03-2023,No
DNR008558,Rahul Verma,Male,38,B+,7829284251,Kanpur,Uttar Pradesh,12-09-2023,Yes
DNR008559,Rahul Verma,Male,31,O+,7195301077,Hyderabad,Telangana,19-09-2025,Yes
DNR008560,Rahul Verma,Male,25,O+,9262525631,Mohali,Punjab,22-03-2025,Yes
DNR008561,Kunal Desai,Female,38,AB+,7381804320,Delhi,Delhi,28-04-2024,Yes
DNR008562,Vikram Singh,Male,23,O+,7236070094,Jaipur,Rajasthan,05-07-2025,No
DNR008563,Vikram Singh,Male,36,O+,8348984353,Nagpur,Maharashtra,12-02-2023,Yes
DNR008564,Rohan Mehta,Female,50,B+,7074671056,Lucknow,Uttar Pradesh,Never,Yes
DNR008565,Aarav Sharma,Female,32,B+,7833594612,Bhopal,Madhya Pradesh,15-09-2025,Yes
DNR008566,Pooja Nair,Female,34,O+,9908566694,Vadodara,Gujarat,17-04-2025,Yes
DNR008567,Rohan Mehta,Female,48,O+,7973940566,Jaipur,Rajasthan,01-07-2025,Yes
DNR008568,Vikram Singh,Male,47,O+,7359522479,Surat,Gujarat,26-05-2025,No
DNR008569,Priya Patel,Female,38,B+,9906644379,Kanpur,Uttar Pradesh,05-10-2025,Yes
DNR008570,Vikram Singh,Female,52,O+,7606524732,Surat,Gujarat,22-06-2024,No
DNR008571,Rohan Mehta,Male,30,A+,8127878167,Visakhapatnam,Andhra Pradesh,17-11-2021,No
DNR008572,Rohan Mehta,Female,29,A-,8981460792,Delhi,Delhi,03-11-2025,No
DNR008573,Ananya Kapoor,Male,26,AB+,8516183485,Hyderabad,Telangana,06-01-2023,Yes
DNR008574,Pooja Nair,Male,33,B-,7017416971,Chennai,Tamil Nadu,03-11-2023,Yes
DNR008575,Pooja Nair,Female,38,O+,7909718182,Vadodara,Gujarat,14-05-2025,Yes
DNR008576,Pooja Nair,Female,37,B+,8244717047,Nagpur,Maharashtra,12-05-2025,Yes
DNR008577,Aarav Sharma,Male,42,O+,8519181417,Surat,Gujarat,25-02-2025,No
DNR008578,Pooja Nair,Male,35,B+,8464849987,Kolkata,West Bengal,08-11-2020,No
DNR008579,Rahul Verma,Female,18,O+,7152644761,Mohali,Punjab,08-11-2020,No
DNR008580,Neha Iyer,Male,34,B+,9155352555,Surat,Gujarat,28-10-2025,No
DNR008581,Pooja Nair,Female,37,A+,9646090256,Kanpur,Uttar Pradesh,06-03-2025,Yes
DNR008582,Rahul Verma,Male,24,B+,8186083842,Thiruvananthapuram,Kerala,Never,Yes
DNR008583,Rohan Mehta,Male,38,O+,9221739542,Nagpur,Maharashtra,25-05-2021,Yes
DNR008584,Kunal Desai,Male,20,A+,8580990868,Thiruvananthapuram,Kerala,15-08-2025,Yes
DNR008585,Vikram Singh,Male,26,O+,9461134211,Mohali,Punjab,01-08-2024,Yes
DNR008586,Sneha Joshi,Male,54,O-,7126050618,Kolkata,West Bengal,13-03-2023,Yes
DNR008587,Rahul Verma,Female,31,A-,9315224164,Kanpur,Uttar Pradesh,26-12-2024,No
DNR008588,Pooja Nair,Male,39,A+,8452561997,Jaipur,Rajasthan,07-09-2025,Yes
DNR008589,Neha Iyer,Male,43,O+,9069835140,Mumbai,Maharashtra,05-09-2025,Yes
DNR008590,Sneha Joshi,Male,18,A+,9746853447,Mumbai,Maharashtra,23-09-2025,Yes
DNR008591,Aarav Sharma,Male,18,B+,9256921704,Kanpur,Uttar Pradesh,26-11-2024,No
DNR008592,Rahul Verma,Male,24,A-,9934584338,Delhi,Delhi,02-08-2024,No
DNR008593,Rohan Mehta,Female,30,B+,7956481716,Nagpur,Maharashtra,03-08-2025,Yes
DNR008594,Vikram Singh,Male,21,O+,7888906877,Visakhapatnam,Andhra Pradesh,29-11-2023,Yes
DNR008595,Priya Patel,Male,30,O+,8617748434,Mumbai,Maharashtra,Never,Yes
DNR008596,Pooja Nair,Female,26,B+,7836848398,Nagpur,Maharashtra,Never,Yes
DNR008597,Neha Iyer,Female,55,B+,9044513455,Bhopal,Madhya Pradesh,Never,Yes
DNR008598,Sneha Joshi,Female,28,A+,9600221114,Visakhapatnam,Andhra Pradesh,14-03-2025,No
DNR008599,Pooja Nair,Male,22,O+,7847266612,Kolkata,West Bengal,08-03-2025,No
DNR008600,Aarav Sharma,Male,27,B+,8141705346,Pune,Maharashtra,30-10-2025,No
DNR008601,Rahul Verma,Male,39,O+,9100621671,Mumbai,Maharashtra,01-12-2023,No
DNR008602,Neha Iyer,Female,40,B-,9361770686,Kolkata,West Bengal,13-11-2024,No
DNR008603,Pooja Nair,Male,24,O+,8429306461,Hyderabad,Telangana,27-01-2024,No
DNR008604,Vikram Singh,Female,44,O+,8781930686,Kanpur,Uttar Pradesh,20-09-2024,No
DNR008605,Rohan Mehta,Female,49,A-,9304182973,Ahmedabad,Gujarat,21-02-2025,Yes
DNR008606,Vikram Singh,Female,29,O+,8310076000,Kanpur,Uttar Pradesh,16-05-2025,No
DNR008607,Ananya Kapoor,Male,26,A-,8235901430,Gurgaon,Haryana,26-08-2025,Yes
DNR008608,Rohan Mehta,Male,41,O+,8949641840,Jaipur,Rajasthan,03-10-2025,No
DNR008609,Neha Iyer,Female,37,B+,7804051070,Bhopal,Madhya Pradesh,09-08-2025,No
DNR008610,Sneha Joshi,Male,24,A+,8383707956,Bengaluru,Karnataka,09-02-2025,Yes
DNR008611,Rahul Verma,Female,26,B+,9967520883,Visakhapatnam,Andhra Pradesh,09-10-2023,No
DNR008612,Rahul Verma,Female,29,B+,9435705836,Thiruvananthapuram,Kerala,23-01-2024,Yes
DNR008613,Rohan Mehta,Male,51,O+,7134608458,Visakhapatnam,Andhra Pradesh,13-04-2025,No
DNR008614,Vikram Singh,Male,39,O+,8657713315,Gurgaon,Haryana,17-04-2025,Yes
DNR008615,Rahul Verma,Male,37,O+,8969963458,Gurgaon,Haryana,11-08-2023,Yes
DNR008616,Ananya Kapoor,Male,37,O+,9808424212,Mumbai,Maharashtra,11-05-2025,No
DNR008617,Rohan Mehta,Male,46,B+,9091332010,Delhi,Delhi,17-09-2025,No
DNR008618,Priya Patel,Female,34,B-,8978747145,Visakhapatnam,Andhra Pradesh,20-10-2025,No
DNR008619,Rohan Mehta,Male,42,A+,7228878943,Chennai,Tamil Nadu,21-09-2025,Yes
DNR008620,Aarav Sharma,Male,24,O+,7415122827,Bengaluru,Karnataka,03-02-2024,Yes
DNR008621,Kunal Desai,Male,49,A+,7243412841,Thiruvananthapuram,Kerala,09-02-2025,No
DNR008622,Rohan Mehta,Female,34,B+,9449935960,Gurgaon,Haryana,02-03-2025,No
DNR008623,Pooja Nair,Male,32,A+,8208425746,Gurgaon,Haryana,17-10-2023,Yes
DNR008624,Rohan Mehta,Female,30,O+,8868407411,Kolkata,West Bengal,09-11-2022,No
DNR008625,Sneha Joshi,Female,48,B+,8587311425,Bhopal,Madhya Pradesh,16-09-2023,Yes
DNR008626,Rahul Verma,Female,26,A+,7337146696,Visakhapatnam,Andhra Pradesh,03-10-2025,Yes
DNR008627,Ananya Kapoor,Female,18,A+,9295665484,Chennai,Tamil Nadu,08-04-2024,No
DNR008628,Sneha Joshi,Male,35,B+,8269176368,Visakhapatnam,Andhra Pradesh,08-12-2024,Yes
DNR008629,Rohan Mehta,Male,18,A+,8805755893,Pune,Maharashtra,Never,Yes
DNR008630,Rahul Verma,Female,37,B+,9221403843,Delhi,Delhi,08-11-2020,Yes
DNR008631,Vikram Singh,Male,24,B+,9371816571,Visakhapatnam,Andhra Pradesh,24-03-2025,Yes
DNR008632,Neha Iyer,Female,32,O-,9569808165,Thiruvananthapuram,Kerala,14-04-2025,Yes
DNR008633,Rahul Verma,Male,43,B+,9419778726,Visakhapatnam,Andhra Pradesh,01-07-2023,Yes
DNR008634,Rahul Verma,Female,28,A+,7694881596,Kolkata,West Bengal,17-01-2023,No
DNR008635,Vikram Singh,Male,29,A+,7144226587,Gurgaon,Haryana,15-08-2025,No
DNR008636,Rohan Mehta,Female,26,O+,7481147456,Nagpur,Maharashtra,02-03-2024,Yes
DNR008637,Aarav Sharma,Female,24,B+,9050685722,Visakhapatnam,Andhra Pradesh,25-02-2023,No
DNR008638,Pooja Nair,Female,42,B+,8473921671,Hyderabad,Telangana,20-08-2025,No
DNR008639,Rahul Verma,Female,21,O+,9573585554,Mumbai,Maharashtra,03-06-2023,Yes
DNR008640,Neha Iyer,Male,48,O+,8482258979,Kanpur,Uttar Pradesh,15-08-2024,No
DNR008641,Neha Iyer,Female,32,O+,9465654301,Mumbai,Maharashtra,01-04-2022,No
DNR008642,Ananya Kapoor,Male,37,A+,9729513790,Kolkata,West Bengal,08-06-2025,Yes
DNR008643,Sneha Joshi,Female,31,O+,7010099444,Mumbai,Maharashtra,19-10-2023,No
DNR008644,Rahul Verma,Female,41,B+,8366268837,Surat,Gujarat,13-12-2022,No
DNR008645,Rahul Verma,Male,36,AB+,7562120219,Kanpur,Uttar Pradesh,13-09-2025,No
DNR008646,Kunal Desai,Male,27,B+,8374617376,Chennai,Tamil Nadu,26-09-2022,Yes
DNR008647,Ananya Kapoor,Female,40,B+,7258120302,Gurgaon,Haryana,06-01-2024,Yes
DNR008648,Priya Patel,Male,25,A+,9851534735,Bengaluru,Karnataka,14-09-2025,Yes
DNR008649,Priya Patel,Female,40,B+,7796546234,Chennai,Tamil Nadu,19-03-2025,Yes
DNR008650,Aarav Sharma,Male,36,A+,8636898587,Mumbai,Maharashtra,06-09-2024,Yes
DNR008651,Vikram Singh,Male,39,B+,9806914579,Delhi,Delhi,06-06-2025,Yes
DNR008652,Vikram Singh,Female,27,B+,8325883586,Chennai,Tamil Nadu,08-09-2025,Yes
DNR008653,Rahul Verma,Female,26,O+,8818404196,Pune,Maharashtra,13-12-2022,No
DNR008654,Sneha Joshi,Female,36,B+,7207348827,Hyderabad,Telangana,01-11-2025,No
DNR008655,Vikram Singh,Male,41,O+,7316834485,Chennai,Tamil Nadu,25-07-2024,Yes
DNR008656,Kunal Desai,Male,23,A+,7644377942,Pune,Maharashtra,06-11-2025,Yes
DNR008657,Vikram Singh,Female,27,B+,7049952899,Delhi,Delhi,25-05-2025,Yes
DNR008658,Neha Iyer,Male,36,O-,9481024801,Kanpur,Uttar Pradesh,Never,Yes
DNR008659,Vikram Singh,Female,22,A+,9986634102,Delhi,Delhi,13-04-2024,No
DNR008660,Ananya Kapoor,Male,41,AB+,9325601167,Chennai,Tamil Nadu,25-08-2025,No
DNR008661,Rahul Verma,Female,41,O+,9634687691,Mumbai,Maharashtra,02-11-2024,Yes
DNR008662,Rahul Verma,Male,42,O+,8333489655,Hyderabad,Telangana,24-08-2025,Yes
DNR008663,Vikram Singh,Female,38,B+,7361455967,Bhopal,Madhya Pradesh,03-05-2024,Yes
DNR008664,Vikram Singh,Male,47,B+,9820997519,Lucknow,Uttar Pradesh,20-08-2022,Yes
DNR008665,Sneha Joshi,Female,38,O+,9824962854,Mohali,Punjab,12-03-2025,Yes
DNR008666,Sneha Joshi,Female,28,B+,7699470622,Ahmedabad,Gujarat,24-08-2024,No
DNR008667,Rohan Mehta,Male,21,O+,8071441567,Patna,Bihar,26-01-2024,Yes
DNR008668,Ananya Kapoor,Female,20,A+,9056882810,Hyderabad,Telangana,03-09-2024,Yes
DNR008669,Rahul Verma,Male,45,B+,9065725070,Pune,Maharashtra,06-10-2025,Yes
DNR008670,Pooja Nair,Female,42,O+,7517819620,Vadodara,Gujarat,08-09-2022,No
DNR008671,Neha Iyer,Female,33,O+,9966604645,Pune,Maharashtra,17-07-2024,Yes
DNR008672,Rahul Verma,Male,27,B-,8949255963,Vadodara,Gujarat,02-09-2025,Yes
DNR008673,Rahul Verma,Female,42,B+,9730640962,Thiruvananthapuram,Kerala,20-05-2025,No
DNR008674,Ananya Kapoor,Other,35,A+,8757586985,Gurgaon,Haryana,29-02-2024,Yes
DNR008675,Neha Iyer,Male,37,A+,8823937066,Pune,Maharashtra,Never,Yes
DNR008676,Pooja Nair,Female,47,A+,9161904547,Gurgaon,Haryana,17-06-2022,No
DNR008677,Ananya Kapoor,Male,32,O+,9846224953,Lucknow,Uttar Pradesh,13-08-2025,No
DNR008678,Neha Iyer,Female,44,O+,8716935211,Patna,Bihar,31-08-2022,No
DNR008679,Aarav Sharma,Female,40,O+,9341451287,Kolkata,West Bengal,07-10-2025,No
DNR008680,Priya Patel,Female,43,O+,7035538362,Mohali,Punjab,10-03-2024,Yes
DNR008681,Ananya Kapoor,Female,18,O+,7904879801,Kolkata,West Bengal,Never,No
DNR008682,Vikram Singh,Female,38,O+,9069452688,Pune,Maharashtra,31-12-2021,No
DNR008683,Aarav Sharma,Male,28,B+,9095311620,Visakhapatnam,Andhra Pradesh,02-06-2022,Yes
DNR008684,Rahul Verma,Female,21,O+,9639259464,Visakhapatnam,Andhra Pradesh,25-05-2023,Yes
DNR008685,Vikram Singh,Female,38,O+,7766202224,Mumbai,Maharashtra,11-05-2024,No
DNR008686,Vikram Singh,Male,33,B+,9530613337,Bhopal,Madhya Pradesh,09-11-2024,Yes
DNR008687,Kunal Desai,Female,49,B+,9487702287,Nagpur,Maharashtra,05-08-2025,No
DNR008688,Sneha Joshi,Male,43,B+,9189823479,Mohali,Punjab,13-09-2025,Yes
DNR008689,Ananya Kapoor,Male,32,B+,7146164679,Vadodara,Gujarat,20-02-2025,Yes
DNR008690,Priya Patel,Male,39,B+,9754536338,Ahmedabad,Gujarat,26-09-2025,No
DNR008691,Rohan Mehta,Male,33,O+,8979260059,Mohali,Punjab,24-07-2023,Yes
DNR008692,Rahul Verma,Male,35,A+,7279738535,Chennai,Tamil Nadu,07-02-2024,Yes
DNR008693,Priya Patel,Female,19,O+,8570841215,Jaipur,Rajasthan,13-12-2024,Yes
DNR008694,Priya Patel,Male,34,B+,8500696074,Chennai,Tamil Nadu,30-11-2024,Yes
DNR008695,Vikram Singh,Female,38,B+,9762283309,Patna,Bihar,10-10-2025,Yes
DNR008696,Rahul Verma,Male,18,O+,8087154616,Chennai,Tamil Nadu,21-09-2025,Yes
DNR008697,Neha Iyer,Female,33,B+,8004340464,Thiruvananthapuram,Kerala,15-02-2024,Yes
DNR008698,Rohan Mehta,Female,18,A+,7794586548,Chennai,Tamil Nadu,13-10-2025,No
DNR008699,Kunal Desai,Female,52,O+,8699794519,Hyderabad,Telangana,25-03-2025,No
DNR008700,Aarav Sharma,Male,40,B+,7821327187,Jaipur,Rajasthan,21-01-2023,Yes
DNR008701,Sneha Joshi,Female,31,A+,8725246503,Visakhapatnam,Andhra Pradesh,26-04-2024,Yes
DNR008702,Neha Iyer,Male,22,AB+,7291306044,Patna,Bihar,08-11-2020,Yes
DNR008703,Sneha Joshi,Female,22,O+,9122818255,Delhi,Delhi,05-08-2024,Yes
DNR008704,Kunal Desai,Female,28,O-,8026328909,Bhopal,Madhya Pradesh,10-07-2024,Yes
DNR008705,Priya Patel,Male,20,O+,9564530831,Patna,Bihar,22-08-2025,Yes
DNR008706,Rohan Mehta,Male,41,A+,7853690350,Pune,Maharashtra,02-09-2022,Yes
DNR008707,Rohan Mehta,Female,35,O+,9356716572,Jaipur,Rajasthan,Never,No
DNR008708,Ananya Kapoor,Male,41,O+,7795206097,Nagpur,Maharashtra,31-05-2024,Yes
DNR008709,Rahul Verma,Male,46,AB+,8336283226,Patna,Bihar,29-06-2022,Yes
DNR008710,Rohan Mehta,Female,39,O-,8944835236,Kolkata,West Bengal,18-10-2025,No
DNR008711,Rahul Verma,Female,47,O+,9427400525,Kanpur,Uttar Pradesh,25-02-2025,Yes
DNR008712,Rohan Mehta,Male,27,O+,8058494496,Bhopal,Madhya Pradesh,10-09-2025,Yes
DNR008713,Vikram Singh,Male,40,A+,8779394113,Bengaluru,Karnataka,21-01-2025,Yes
DNR008714,Rohan Mehta,Male,20,O+,8743645184,Pune,Maharashtra,24-03-2024,No
DNR008715,Aarav Sharma,Male,42,A+,7179589663,Kanpur,Uttar Pradesh,27-10-2023,Yes
DNR008716,Priya Patel,Female,18,O+,8470790413,Ahmedabad,Gujarat,12-03-2025,No
DNR008717,Vikram Singh,Male,21,O+,9850510253,Bhopal,Madhya Pradesh,17-01-2025,Yes
DNR008718,Vikram Singh,Female,43,O+,9026474136,Delhi,Delhi,02-02-2025,Yes
DNR008719,Priya Patel,Male,49,O+,7957013702,Thiruvananthapuram,Kerala,02-11-2023,Yes
DNR008720,Vikram Singh,Female,22,O-,8656026823,Hyderabad,Telangana,18-04-2024,Yes
DNR008721,Rahul Verma,Male,34,B+,9296133126,Bhopal,Madhya Pradesh,12-05-2024,Yes
DNR008722,Neha Iyer,Female,29,O+,9747755997,Visakhapatnam,Andhra Pradesh,07-11-2025,No
DNR008723,Ananya Kapoor,Male,23,A+,7448619982,Lucknow,Uttar Pradesh,20-10-2025,No
DNR008724,Priya Patel,Male,37,B+,8941426688,Gurgaon,Haryana,05-07-2024,Yes
DNR008725,Pooja Nair,Male,47,O-,7226040395,Mumbai,Maharashtra,20-12-2024,Yes
DNR008726,Sneha Joshi,Male,18,B+,9379443919,Jaipur,Rajasthan,21-06-2024,No
DNR008727,Pooja Nair,Female,32,B+,8496815279,Kanpur,Uttar Pradesh,16-01-2025,No
DNR008728,Rohan Mehta,Female,33,B+,8781709718,Kolkata,West Bengal,04-11-2025,Yes
DNR008729,Aarav Sharma,Female,27,B+,7799865585,Vadodara,Gujarat,09-05-2024,Yes
DNR008730,Priya Patel,Male,37,O+,7098057547,Visakhapatnam,Andhra Pradesh,24-12-2022,No
DNR008731,Rahul Verma,Female,49,O+,7737892500,Kolkata,West Bengal,25-10-2025,Yes
DNR008732,Rahul Verma,Male,24,B+,7666408783,Ahmedabad,Gujarat,12-05-2023,Yes
DNR008733,Rohan Mehta,Female,35,AB+,8005517844,Delhi,Delhi,02-08-2021,Yes
DNR008734,Sneha Joshi,Male,32,A+,9179148876,Nagpur,Maharashtra,23-11-2020,Yes
DNR008735,Aarav Sharma,Female,38,O+,9792214108,Vadodara,Gujarat,11-09-2025,Yes
DNR008736,Sneha Joshi,Female,33,O+,8864540922,Mumbai,Maharashtra,02-10-2025,Yes
DNR008737,Aarav Sharma,Female,33,O+,8320118158,Hyderabad,Telangana,27-02-2025,Yes
DNR008738,Priya Patel,Female,26,O+,9639169103,Jaipur,Rajasthan,21-02-2021,Yes
DNR008739,Rahul Verma,Male,19,O+,9148161580,Kanpur,Uttar Pradesh,03-10-2025,Yes
DNR008740,Vikram Singh,Male,29,B+,8068224218,Gurgaon,Haryana,05-11-2025,Yes
DNR008741,Pooja Nair,Female,31,A+,9999288898,Kolkata,West Bengal,07-11-2023,Yes
DNR008742,Pooja Nair,Female,18,A+,9352382955,Lucknow,Uttar Pradesh,14-03-2024,No
DNR008743,Priya Patel,Female,50,B+,8690665343,Mumbai,Maharashtra,Never,Yes
DNR008744,Kunal Desai,Male,37,A+,7181569057,Chennai,Tamil Nadu,12-09-2025,No
DNR008745,Pooja Nair,Male,25,A-,7030306841,Jaipur,Rajasthan,Never,No
DNR008746,Rohan Mehta,Male,25,O+,7446492943,Lucknow,Uttar Pradesh,24-11-2022,Yes
DNR008747,Ananya Kapoor,Male,33,A+,7549107303,Bengaluru,Karnataka,08-11-2020,Yes
DNR008748,Rahul Verma,Male,27,O+,7840821393,Bengaluru,Karnataka,12-04-2025,No
DNR008749,Rahul Verma,Female,54,A+,7078537213,Chennai,Tamil Nadu,09-02-2024,No
DNR008750,Pooja Nair,Female,45,O+,9736734681,Mumbai,Maharashtra,16-02-2024,No
DNR008751,Neha Iyer,Male,23,B+,7114872562,Visakhapatnam,Andhra Pradesh,11-11-2024,Yes
DNR008752,Rahul Verma,Male,44,B+,7011400643,Lucknow,Uttar Pradesh,25-08-2024,Yes
DNR008753,Pooja Nair,Male,28,A+,7046536459,Mumbai,Maharashtra,10-10-2025,Yes
DNR008754,Vikram Singh,Male,36,B+,9055426665,Mohali,Punjab,Never,No
DNR008755,Rohan Mehta,Male,24,B+,8270612738,Kanpur,Uttar Pradesh,Never,Yes
DNR008756,Priya Patel,Female,34,O+,7117084381,Hyderabad,Telangana,23-10-2025,Yes
DNR008757,Pooja Nair,Female,43,O+,8840495431,Chennai,Tamil Nadu,16-10-2025,Yes
DNR008758,Kunal Desai,Male,38,B+,9121923949,Bengaluru,Karnataka,12-10-2025,Yes
DNR008759,Kunal Desai,Female,18,O+,8502318513,Surat,Gujarat,20-03-2025,Yes
DNR008760,Rohan Mehta,Female,29,O+,8883094421,Mumbai,Maharashtra,13-04-2025,No
DNR008761,Sneha Joshi,Male,46,B+,9565195332,Gurgaon,Haryana,25-10-2024,Yes
DNR008762,Ananya Kapoor,Female,36,O+,7408022812,Mumbai,Maharashtra,Never,Yes
DNR008763,Sneha Joshi,Male,42,A+,8151685489,Mohali,Punjab,15-12-2024,Yes
DNR008764,Neha Iyer,Female,39,O+,9619081347,Lucknow,Uttar Pradesh,05-09-2025,Yes
DNR008765,Neha Iyer,Female,38,O+,7477885813,Lucknow,Uttar Pradesh,20-11-2024,Yes
DNR008766,Sneha Joshi,Female,40,A+,7977682649,Surat,Gujarat,03-11-2024,No
DNR008767,Sneha Joshi,Male,25,O+,9454342143,Surat,Gujarat,18-10-2025,Yes
DNR008768,Pooja Nair,Female,29,B+,9723889137,Mohali,Punjab,11-07-2024,No
DNR008769,Kunal Desai,Male,37,O+,8405826042,Lucknow,Uttar Pradesh,12-09-2023,No
DNR008770,Rahul Verma,Male,52,O+,9796759741,Vadodara,Gujarat,13-02-2022,Yes
DNR008771,Rohan Mehta,Female,27,O-,8428294843,Kolkata,West Bengal,08-04-2022,Yes
DNR008772,Ananya Kapoor,Male,18,A-,8199837079,Patna,Bihar,17-09-2025,Yes
DNR008773,Pooja Nair,Female,49,O+,7647877706,Chennai,Tamil Nadu,13-10-2024,Yes
DNR008774,Aarav Sharma,Male,52,B+,9432490583,Chennai,Tamil Nadu,16-01-2025,Yes
DNR008775,Sneha Joshi,Male,30,A+,9462088393,Mohali,Punjab,13-06-2025,Yes
DNR008776,Rahul Verma,Male,18,A+,8016135437,Surat,Gujarat,07-09-2025,Yes
DNR008777,Aarav Sharma,Female,18,O+,8846202649,Kanpur,Uttar Pradesh,31-07-2024,No
DNR008778,Neha Iyer,Female,46,O+,8432323658,Surat,Gujarat,Never,No
DNR008779,Priya Patel,Male,42,B+,8138969575,Ahmedabad,Gujarat,20-04-2025,Yes
DNR008780,Pooja Nair,Female,25,B+,8427038420,Surat,Gujarat,18-04-2023,Yes
DNR008781,Pooja Nair,Male,32,O+,7419601819,Nagpur,Maharashtra,24-02-2025,No
DNR008782,Aarav Sharma,Female,19,A+,8654095990,Gurgaon,Haryana,Never,Yes
DNR008783,Pooja Nair,Male,18,O+,8343574272,Hyderabad,Telangana,12-03-2025,Yes
DNR008784,Priya Patel,Male,23,B-,7000944328,Chennai,Tamil Nadu,Never,Yes
DNR008785,Pooja Nair,Female,33,B+,7907200153,Chennai,Tamil Nadu,03-04-2025,Yes
DNR008786,Neha Iyer,Male,19,B+,9625849866,Mumbai,Maharashtra,30-04-2025,Yes
DNR008787,Rohan Mehta,Male,22,B+,7615081918,Delhi,Delhi,08-02-2025,No
DNR008788,Neha Iyer,Female,23,B+,9009813260,Thiruvananthapuram,Kerala,19-07-2025,Yes
DNR008789,Vikram Singh,Female,29,O-,9092530267,Lucknow,Uttar Pradesh,12-01-2022,Yes
DNR008790,Pooja Nair,Female,43,B+,9830960344,Ahmedabad,Gujarat,28-06-2025,No
DNR008791,Pooja Nair,Male,35,O+,9381897316,Hyderabad,Telangana,19-09-2023,Yes
DNR008792,Kunal Desai,Male,46,O+,7554932177,Visakhapatnam,Andhra Pradesh,08-06-2025,Yes
DNR008793,Vikram Singh,Male,27,AB-,8439047328,Chennai,Tamil Nadu,Never,Yes
DNR008794,Rohan Mehta,Female,33,A+,7898399310,Hyderabad,Telangana,27-01-2025,No
DNR008795,Pooja Nair,Female,44,A+,9289652873,Pune,Maharashtra,27-07-2025,No
DNR008796,Vikram Singh,Male,38,B+,9549785370,Gurgaon,Haryana,14-09-2025,No
DNR008797,Ananya Kapoor,Female,37,O+,7188550150,Thiruvananthapuram,Kerala,Never,No
DNR008798,Vikram Singh,Male,32,O+,7762153645,Thiruvananthapuram,Kerala,26-09-2024,Yes
DNR008799,Vikram Singh,Female,56,A-,9068586775,Kolkata,West Bengal,24-09-2025,No
DNR008800,Sneha Joshi,Male,50,O+,8931753983,Mohali,Punjab,09-01-2021,Yes
DNR008801,Ananya Kapoor,Male,32,B+,8563468436,Bengaluru,Karnataka,15-02-2025,Yes
DNR008802,Vikram Singh,Female,42,O+,7870896106,Thiruvananthapuram,Kerala,06-05-2024,No
DNR008803,Aarav Sharma,Female,30,A+,7542901213,Kanpur,Uttar Pradesh,22-09-2023,Yes
DNR008804,Kunal Desai,Female,43,B+,8490720219,Chennai,Tamil Nadu,23-09-2024,No
DNR008805,Aarav Sharma,Female,40,O+,8880508230,Chennai,Tamil Nadu,21-08-2025,Yes
DNR008806,Sneha Joshi,Male,36,B+,9600095784,Chennai,Tamil Nadu,15-02-2024,Yes
DNR008807,Vikram Singh,Male,34,O+,8247325219,Mumbai,Maharashtra,10-03-2025,Yes
DNR008808,Kunal Desai,Female,32,A+,9681134936,Jaipur,Rajasthan,25-06-2024,Yes
DNR008809,Sneha Joshi,Male,56,B+,7951493796,Thiruvananthapuram,Kerala,10-10-2025,No
DNR008810,Vikram Singh,Male,32,B-,8323776227,Kanpur,Uttar Pradesh,24-01-2025,No
DNR008811,Kunal Desai,Female,27,O+,9454897772,Hyderabad,Telangana,16-10-2024,Yes
DNR008812,Vikram Singh,Female,32,B+,8456520403,Kanpur,Uttar Pradesh,18-10-2025,No
DNR008813,Vikram Singh,Female,33,O+,9139557232,Nagpur,Maharashtra,27-10-2025,Yes
DNR008814,Neha Iyer,Female,38,A+,8532446253,Lucknow,Uttar Pradesh,23-02-2024,Yes
DNR008815,Ananya Kapoor,Male,44,AB+,9320864592,Nagpur,Maharashtra,08-12-2023,Yes
DNR008816,Vikram Singh,Female,39,A+,7912114169,Thiruvananthapuram,Kerala,17-06-2023,Yes
DNR008817,Ananya Kapoor,Male,43,A+,8109098762,Bengaluru,Karnataka,02-10-2025,Yes
DNR008818,Priya Patel,Female,32,O+,9463443371,Bengaluru,Karnataka,07-04-2024,Yes
DNR008819,Sneha Joshi,Female,35,B+,9973221708,Pune,Maharashtra,17-03-2022,No
DNR008820,Ananya Kapoor,Male,31,A+,8958969144,Mohali,Punjab,07-11-2025,Yes
DNR008821,Rahul Verma,Female,31,A+,9392350724,Ahmedabad,Gujarat,01-10-2024,Yes
DNR008822,Sneha Joshi,Other,31,A+,9331388087,Delhi,Delhi,26-03-2025,No
DNR008823,Ananya Kapoor,Female,19,AB+,8349182906,Jaipur,Rajasthan,06-01-2024,No
DNR008824,Kunal Desai,Male,41,O+,7023990224,Visakhapatnam,Andhra Pradesh,03-07-2025,Yes
DNR008825,Vikram Singh,Female,36,O-,7273847113,Nagpur,Maharashtra,08-11-2020,No
DNR008826,Ananya Kapoor,Male,27,B+,9889682754,Thiruvananthapuram,Kerala,08-10-2025,No
DNR008827,Pooja Nair,Male,36,B+,7146725066,Bengaluru,Karnataka,23-05-2024,No
DNR008828,Aarav Sharma,Female,42,A+,8200264271,Hyderabad,Telangana,16-09-2023,Yes
DNR008829,Sneha Joshi,Female,18,O+,8290355213,Thiruvananthapuram,Kerala,17-08-2024,Yes
DNR008830,Sneha Joshi,Female,46,A+,8923883952,Thiruvananthapuram,Kerala,10-08-2025,No
DNR008831,Sneha Joshi,Male,36,A+,7968529921,Patna,Bihar,Never,Yes
DNR008832,Priya Patel,Female,18,B+,8542251045,Chennai,Tamil Nadu,19-03-2022,No
DNR008833,Neha Iyer,Female,41,B+,7460389413,Jaipur,Rajasthan,16-06-2024,No
DNR008834,Rohan Mehta,Female,19,O+,8446889997,Ahmedabad,Gujarat,03-04-2025,No
DNR008835,Rohan Mehta,Female,29,B+,7013479261,Visakhapatnam,Andhra Pradesh,07-12-2024,Yes
DNR008836,Priya Patel,Male,38,A-,7972854483,Surat,Gujarat,25-04-2024,Yes
DNR008837,Ananya Kapoor,Female,31,O+,9451455171,Visakhapatnam,Andhra Pradesh,18-10-2022,Yes
DNR008838,Neha Iyer,Female,41,B+,9711056886,Surat,Gujarat,14-01-2024,No
DNR008839,Priya Patel,Male,34,O+,8989604719,Hyderabad,Telangana,17-04-2025,Yes
DNR008840,Kunal Desai,Female,49,A-,8940906747,Bhopal,Madhya Pradesh,26-10-2025,No
DNR008841,Priya Patel,Male,41,O+,9640019905,Thiruvananthapuram,Kerala,Never,Yes
DNR008842,Vikram Singh,Male,42,B+,9203028043,Vadodara,Gujarat,09-02-2025,Yes
DNR008843,Vikram Singh,Female,28,O+,7757230977,Ahmedabad,Gujarat,Never,Yes
DNR008844,Neha Iyer,Male,33,AB+,7988382713,Mumbai,Maharashtra,15-04-2025,Yes
DNR008845,Kunal Desai,Male,33,B+,7663362782,Jaipur,Rajasthan,07-11-2025,Yes
DNR008846,Rohan Mehta,Female,33,O+,8293417935,Vadodara,Gujarat,12-01-2024,Yes
DNR008847,Priya Patel,Female,27,O+,8034527176,Kolkata,West Bengal,22-09-2024,No
DNR008848,Neha Iyer,Male,35,B+,8618765740,Chennai,Tamil Nadu,08-11-2020,Yes
DNR008849,Priya Patel,Female,28,B+,9890816887,Bhopal,Madhya Pradesh,02-06-2024,Yes
DNR008850,Vikram Singh,Male,45,AB+,7829928500,Nagpur,Maharashtra,10-07-2025,Yes
DNR008851,Rahul Verma,Female,30,B+,8880628742,Ahmedabad,Gujarat,Never,Yes
DNR008852,Kunal Desai,Male,18,O+,9926194274,Delhi,Delhi,22-02-2022,Yes
DNR008853,Sneha Joshi,Male,44,A+,9793016043,Gurgaon,Haryana,26-03-2022,Yes
DNR008854,Priya Patel,Male,50,B+,9734666363,Bengaluru,Karnataka,13-07-2023,Yes
DNR008855,Vikram Singh,Male,42,B+,9167811125,Visakhapatnam,Andhra Pradesh,30-10-2025,No
DNR008856,Pooja Nair,Female,43,O-,7231745561,Bengaluru,Karnataka,08-11-2020,Yes
DNR008857,Neha Iyer,Female,21,O+,9639199251,Surat,Gujarat,10-01-2025,Yes
DNR008858,Neha Iyer,Male,27,O+,7152753277,Pune,Maharashtra,Never,Yes
DNR008859,Pooja Nair,Male,46,B+,7257468692,Bhopal,Madhya Pradesh,23-08-2023,Yes
DNR008860,Priya Patel,Male,36,A+,7082817035,Ahmedabad,Gujarat,21-07-2025,Yes
DNR008861,Neha Iyer,Male,31,AB+,7723813283,Nagpur,Maharashtra,02-08-2022,Yes
DNR008862,Rohan Mehta,Other,18,B+,9457175604,Bengaluru,Karnataka,08-11-2020,No
DNR008863,Ananya Kapoor,Female,25,A+,7448346600,Kolkata,West Bengal,29-04-2023,Yes
DNR008864,Rohan Mehta,Female,20,B+,8237854996,Surat,Gujarat,05-08-2025,No
DNR008865,Sneha Joshi,Female,24,O+,8485094756,Gurgaon,Haryana,08-07-2021,Yes
DNR008866,Neha Iyer,Male,33,B+,8342524165,Mumbai,Maharashtra,31-08-2023,No
DNR008867,Rohan Mehta,Female,38,O+,8484546923,Surat,Gujarat,07-03-2024,Yes
DNR008868,Kunal Desai,Female,42,O+,9958079405,Mohali,Punjab,17-02-2024,Yes
DNR008869,Neha Iyer,Male,36,B+,8731855134,Ahmedabad,Gujarat,06-08-2025,Yes
DNR008870,Sneha Joshi,Female,45,O+,7255503679,Thiruvananthapuram,Kerala,26-06-2024,No
DNR008871,Priya Patel,Female,37,O-,9162457903,Visakhapatnam,Andhra Pradesh,12-11-2023,Yes
DNR008872,Pooja Nair,Female,22,O-,7196068815,Mumbai,Maharashtra,19-03-2025,Yes
DNR008873,Aarav Sharma,Male,42,A+,7423729053,Thiruvananthapuram,Kerala,07-03-2025,Yes
DNR008874,Priya Patel,Female,21,O+,8392560824,Nagpur,Maharashtra,07-07-2025,Yes
DNR008875,Priya Patel,Male,28,B+,7392573158,Kolkata,West Bengal,Never,Yes
DNR008876,Ananya Kapoor,Male,31,O+,8440729580,Jaipur,Rajasthan,06-01-2025,Yes
DNR008877,Vikram Singh,Female,37,B+,7232217807,Patna,Bihar,16-06-2025,Yes
DNR008878,Ananya Kapoor,Male,27,O+,8337744495,Thiruvananthapuram,Kerala,28-08-2025,Yes
DNR008879,Neha Iyer,Female,43,O+,7375741863,Chennai,Tamil Nadu,22-12-2024,Yes
DNR008880,Pooja Nair,Male,38,O+,9293457848,Visakhapatnam,Andhra Pradesh,29-03-2025,Yes
DNR008881,Aarav Sharma,Male,39,O+,8207809712,Mohali,Punjab,Never,Yes
DNR008882,Vikram Singh,Male,32,A-,9357512637,Pune,Maharashtra,25-09-2023,Yes
DNR008883,Priya Patel,Male,41,O+,7301193506,Jaipur,Rajasthan,12-03-2024,Yes
DNR008884,Kunal Desai,Male,27,AB+,9707542003,Surat,Gujarat,29-08-2025,Yes
DNR008885,Rahul Verma,Female,56,B+,8208463683,Bhopal,Madhya Pradesh,13-09-2025,No
DNR008886,Vikram Singh,Male,22,O+,9994828457,Jaipur,Rajasthan,21-01-2025,Yes
DNR008887,Ananya Kapoor,Female,50,O+,9323665085,Chennai,Tamil Nadu,12-12-2024,Yes
DNR008888,Rohan Mehta,Female,21,O-,8555258798,Lucknow,Uttar Pradesh,03-01-2025,No
DNR008889,Sneha Joshi,Male,64,A+,9910507770,Mumbai,Maharashtra,28-07-2025,Yes
DNR008890,Priya Patel,Male,18,A+,8723245378,Lucknow,Uttar Pradesh,Never,Yes
DNR008891,Rohan Mehta,Male,38,A+,8401460331,Bengaluru,Karnataka,11-06-2025,Yes
DNR008892,Sneha Joshi,Female,40,O+,8125731071,Vadodara,Gujarat,16-02-2025,No
DNR008893,Neha Iyer,Female,25,O+,7431620972,Chennai,Tamil Nadu,13-02-2023,Yes
DNR008894,Ananya Kapoor,Male,34,B+,9946545221,Gurgaon,Haryana,10-08-2025,Yes
DNR008895,Sneha Joshi,Female,44,O+,8338419884,Hyderabad,Telangana,10-06-2024,Yes
DNR008896,Rohan Mehta,Male,40,O+,8588999634,Bhopal,Madhya Pradesh,09-02-2025,Yes
DNR008897,Neha Iyer,Male,32,B+,7336115176,Patna,Bihar,30-08-2025,No
DNR008898,Pooja Nair,Male,28,A+,7740948160,Bengaluru,Karnataka,16-12-2024,No
DNR008899,Priya Patel,Female,37,O+,9174285581,Delhi,Delhi,08-11-2020,No
DNR008900,Kunal Desai,Female,43,B+,9977961421,Vadodara,Gujarat,Never,Yes
DNR008901,Ananya Kapoor,Female,57,O+,9288336771,Ahmedabad,Gujarat,19-08-2024,Yes
DNR008902,Aarav Sharma,Female,31,O+,7925706674,Delhi,Delhi,26-06-2024,No
DNR008903,Rahul Verma,Female,29,O+,9445228183,Bengaluru,Karnataka,02-05-2024,Yes
DNR008904,Vikram Singh,Male,28,B+,7715923848,Mumbai,Maharashtra,10-04-2025,No
DNR008905,Neha Iyer,Female,28,AB-,7989671951,Patna,Bihar,10-06-2025,No
DNR008906,Neha Iyer,Female,33,O-,8531449850,Mohali,Punjab,08-11-2020,No
DNR008907,Pooja Nair,Female,56,O+,8608524827,Jaipur,Rajasthan,28-11-2024,Yes
DNR008908,Vikram Singh,Male,33,O+,7640628489,Hyderabad,Telangana,20-09-2024,Yes
DNR008909,Sneha Joshi,Male,38,A+,8140953154,Mumbai,Maharashtra,27-06-2025,Yes
DNR008910,Kunal Desai,Male,37,O+,9981611103,Ahmedabad,Gujarat,23-01-2025,Yes
DNR008911,Vikram Singh,Male,37,A+,9324877027,Thiruvananthapuram,Kerala,09-05-2024,Yes
DNR008912,Ananya Kapoor,Other,35,B+,8565284625,Patna,Bihar,12-05-2025,No
DNR008913,Sneha Joshi,Male,32,O+,7478283589,Kolkata,West Bengal,23-07-2024,Yes
DNR008914,Kunal Desai,Male,34,A-,9133246166,Thiruvananthapuram,Kerala,28-09-2024,Yes
DNR008915,Neha Iyer,Male,32,A-,8747783893,Jaipur,Rajasthan,13-09-2025,Yes
DNR008916,Kunal Desai,Female,37,O+,8629741366,Delhi,Delhi,19-10-2025,Yes
DNR008917,Priya Patel,Male,51,O+,9240806580,Visakhapatnam,Andhra Pradesh,12-03-2022,Yes
DNR008918,Sneha Joshi,Female,30,O+,9641373580,Kanpur,Uttar Pradesh,26-05-2023,No
DNR008919,Ananya Kapoor,Male,36,B+,9384201516,Mohali,Punjab,15-11-2023,Yes
DNR008920,Kunal Desai,Male,31,O-,7112325968,Delhi,Delhi,11-06-2025,No
DNR008921,Rahul Verma,Female,32,B+,8621925216,Thiruvananthapuram,Kerala,18-02-2025,Yes
DNR008922,Aarav Sharma,Female,54,O+,7247407886,Bengaluru,Karnataka,19-08-2022,Yes
DNR008923,Rahul Verma,Male,34,B+,8081123032,Kanpur,Uttar Pradesh,14-12-2024,Yes
DNR008924,Rahul Verma,Male,32,O+,8317197162,Gurgaon,Haryana,25-05-2025,Yes
DNR008925,Sneha Joshi,Female,18,A+,8413300935,Bhopal,Madhya Pradesh,27-09-2022,No
DNR008926,Ananya Kapoor,Male,39,B+,9573412385,Jaipur,Rajasthan,26-05-2024,Yes
DNR008927,Rohan Mehta,Female,34,AB+,7832707774,Hyderabad,Telangana,03-05-2025,Yes
DNR008928,Priya Patel,Male,37,AB+,9854903821,Gurgaon,Haryana,11-09-2025,Yes
DNR008929,Rohan Mehta,Male,35,B+,7387583631,Surat,Gujarat,07-12-2022,No
DNR008930,Pooja Nair,Female,24,O-,7331828584,Delhi,Delhi,11-01-2021,Yes
DNR008931,Vikram Singh,Male,35,O+,7537956920,Ahmedabad,Gujarat,26-07-2023,Yes
DNR008932,Vikram Singh,Female,22,B+,9617664668,Ahmedabad,Gujarat,16-11-2024,Yes
DNR008933,Neha Iyer,Male,33,O+,7415488935,Kanpur,Uttar Pradesh,05-06-2025,No
DNR008934,Rahul Verma,Male,35,O+,9110291932,Patna,Bihar,08-08-2024,Yes
DNR008935,Rohan Mehta,Female,41,A+,8971320083,Pune,Maharashtra,26-01-2023,Yes
DNR008936,Aarav Sharma,Female,23,O+,8745157961,Bengaluru,Karnataka,18-06-2024,No
DNR008937,Sneha Joshi,Male,59,B+,8280255787,Mumbai,Maharashtra,Never,Yes
DNR008938,Rohan Mehta,Male,36,O+,7065532588,Ahmedabad,Gujarat,07-12-2023,Yes
DNR008939,Vikram Singh,Female,30,O-,8093427311,Jaipur,Rajasthan,21-09-2024,No
DNR008940,Rohan Mehta,Male,63,O+,7479500892,Visakhapatnam,Andhra Pradesh,13-02-2024,No
DNR008941,Aarav Sharma,Male,31,O+,9123822209,Lucknow,Uttar Pradesh,28-06-2024,Yes
DNR008942,Aarav Sharma,Female,30,B+,9679182673,Gurgaon,Haryana,08-11-2020,No
DNR008943,Sneha Joshi,Male,35,O+,9065630640,Thiruvananthapuram,Kerala,07-07-2025,Yes
DNR008944,Neha Iyer,Female,18,O+,7667558256,Kolkata,West Bengal,08-03-2023,Yes
DNR008945,Aarav Sharma,Female,47,O+,8973498383,Hyderabad,Telangana,19-06-2021,No
DNR008946,Vikram Singh,Female,20,O-,8165357990,Kolkata,West Bengal,04-04-2024,Yes
DNR008947,Ananya Kapoor,Female,40,B+,8813516341,Bhopal,Madhya Pradesh,08-10-2025,Yes
DNR008948,Pooja Nair,Male,42,A+,7056810933,Lucknow,Uttar Pradesh,03-08-2025,No
DNR008949,Aarav Sharma,Female,29,O+,8578879444,Mohali,Punjab,13-10-2025,No
DNR008950,Priya Patel,Male,30,B+,8856154592,Gurgaon,Haryana,17-10-2025,Yes
DNR008951,Aarav Sharma,Male,27,AB+,7627998460,Hyderabad,Telangana,Never,Yes
DNR008952,Vikram Singh,Female,39,O+,7948471000,Mumbai,Maharashtra,28-09-2022,Yes
DNR008953,Pooja Nair,Male,18,AB+,8602722356,Gurgaon,Haryana,21-04-2022,Yes
DNR008954,Kunal Desai,Male,28,O+,7774599547,Kanpur,Uttar Pradesh,11-07-2023,Yes
DNR008955,Rahul Verma,Male,48,O+,7946702154,Nagpur,Maharashtra,28-02-2025,Yes
DNR008956,Aarav Sharma,Male,52,O-,7049991964,Ahmedabad,Gujarat,05-05-2023,No
DNR008957,Priya Patel,Female,30,O+,8386401645,Gurgaon,Haryana,13-08-2022,Yes
DNR008958,Priya Patel,Female,25,B+,8494993978,Vadodara,Gujarat,17-10-2024,Yes
DNR008959,Rohan Mehta,Male,52,A-,7107616808,Lucknow,Uttar Pradesh,02-04-2023,Yes
DNR008960,Priya Patel,Male,28,B+,7702139342,Jaipur,Rajasthan,21-11-2024,Yes
DNR008961,Vikram Singh,Male,25,O-,8159544204,Delhi,Delhi,15-08-2025,No
DNR008962,Aarav Sharma,Female,65,O+,8740945387,Mumbai,Maharashtra,12-02-2022,No
DNR008963,Rohan Mehta,Female,46,O+,8532972792,Hyderabad,Telangana,18-07-2025,Yes
DNR008964,Aarav Sharma,Female,33,A+,7205460726,Ahmedabad,Gujarat,11-06-2025,No
DNR008965,Ananya Kapoor,Female,25,B+,8740382290,Surat,Gujarat,20-07-2025,Yes
DNR008966,Neha Iyer,Female,40,O+,9570593567,Bhopal,Madhya Pradesh,29-10-2025,Yes
DNR008967,Vikram Singh,Male,39,O-,9679433964,Thiruvananthapuram,Kerala,17-05-2025,No
DNR008968,Kunal Desai,Male,50,B+,7901187409,Thiruvananthapuram,Kerala,23-07-2025,Yes
DNR008969,Vikram Singh,Female,41,A+,7480501776,Surat,Gujarat,25-05-2024,Yes
DNR008970,Kunal Desai,Male,41,B+,8147151170,Kolkata,West Bengal,21-06-2022,No
DNR008971,Neha Iyer,Male,26,B+,9737593403,Pune,Maharashtra,20-10-2024,No
DNR008972,Vikram Singh,Female,20,B+,7887595349,Visakhapatnam,Andhra Pradesh,06-06-2025,Yes
DNR008973,Vikram Singh,Female,45,B+,8142052882,Bhopal,Madhya Pradesh,13-09-2024,No
DNR008974,Vikram Singh,Male,42,O+,8236099830,Chennai,Tamil Nadu,17-01-2023,Yes
DNR008975,Pooja Nair,Male,49,A+,9904072005,Jaipur,Rajasthan,08-11-2020,Yes
DNR008976,Neha Iyer,Male,18,B+,8651511200,Hyderabad,Telangana,08-10-2021,No
DNR008977,Priya Patel,Male,43,O+,9486226113,Thiruvananthapuram,Kerala,06-11-2025,No
DNR008978,Sneha Joshi,Female,35,A+,9126258800,Surat,Gujarat,19-10-2025,Yes
DNR008979,Rohan Mehta,Male,36,A+,7017457401,Mumbai,Maharashtra,10-07-2021,Yes
DNR008980,Priya Patel,Male,24,B+,8271605658,Kolkata,West Bengal,09-11-2022,No
DNR008981,Vikram Singh,Male,52,A-,9552320974,Bhopal,Madhya Pradesh,17-04-2024,Yes
DNR008982,Rohan Mehta,Male,28,B+,7238016908,Surat,Gujarat,14-10-2025,No
DNR008983,Rohan Mehta,Male,22,A+,9321400434,Mumbai,Maharashtra,10-07-2025,No
DNR008984,Aarav Sharma,Male,39,O+,8241117085,Bhopal,Madhya Pradesh,16-09-2025,No
DNR008985,Ananya Kapoor,Female,40,O+,8153278099,Patna,Bihar,08-11-2020,Yes
DNR008986,Neha Iyer,Male,29,A+,9201164165,Nagpur,Maharashtra,28-04-2025,No
DNR008987,Rohan Mehta,Male,26,B+,9373578597,Mohali,Punjab,30-05-2025,No
DNR008988,Sneha Joshi,Male,39,O+,8416517063,Thiruvananthapuram,Kerala,24-06-2025,Yes
DNR008989,Rahul Verma,Female,40,O+,8639789216,Surat,Gujarat,23-11-2023,Yes
DNR008990,Vikram Singh,Female,19,B+,9894149837,Gurgaon,Haryana,21-08-2025,No
DNR008991,Priya Patel,Male,21,O+,9553354253,Bengaluru,Karnataka,27-07-2025,No
DNR008992,Vikram Singh,Female,27,O+,9461938692,Surat,Gujarat,26-05-2024,Yes
DNR008993,Aarav Sharma,Female,33,O+,8272073534,Pune,Maharashtra,09-05-2025,No
DNR008994,Vikram Singh,Male,21,O+,9146140945,Visakhapatnam,Andhra Pradesh,22-10-2025,No
DNR008995,Neha Iyer,Male,21,B+,7792714332,Patna,Bihar,02-06-2025,Yes
DNR008996,Rahul Verma,Female,31,A+,9333914372,Ahmedabad,Gujarat,23-05-2024,No
DNR008997,Rahul Verma,Female,35,A+,7763938943,Nagpur,Maharashtra,13-09-2023,No
DNR008998,Vikram Singh,Other,38,O+,8849318421,Nagpur,Maharashtra,15-07-2025,No
DNR008999,Vikram Singh,Female,34,O+,9692770838,Delhi,Delhi,25-09-2025,No
DNR009000,Ananya Kapoor,Male,35,AB-,7129369972,Gurgaon,Haryana,Never,Yes
DNR009001,Rohan Mehta,Female,46,B+,9662529243,Jaipur,Rajasthan,15-06-2022,Yes
DNR009002,Pooja Nair,Male,33,B+,9552156633,Chennai,Tamil Nadu,19-01-2025,Yes
DNR009003,Priya Patel,Female,35,A+,8720023906,Nagpur,Maharashtra,17-09-2025,Yes
DNR009004,Aarav Sharma,Other,21,B+,9013941768,Bhopal,Madhya Pradesh,12-10-2025,Yes
DNR009005,Vikram Singh,Female,28,O+,7823401776,Chennai,Tamil Nadu,16-10-2025,No
DNR009006,Rohan Mehta,Male,26,B+,7686418681,Bengaluru,Karnataka,02-01-2025,Yes
DNR009007,Rohan Mehta,Female,30,AB+,9918843952,Nagpur,Maharashtra,Never,No
DNR009008,Priya Patel,Male,26,A+,7425243893,Bhopal,Madhya Pradesh,25-06-2023,Yes
DNR009009,Rohan Mehta,Female,41,O+,9482044455,Jaipur,Rajasthan,15-05-2025,Yes
DNR009010,Neha Iyer,Male,44,O+,7177158114,Bengaluru,Karnataka,06-01-2024,Yes
DNR009011,Pooja Nair,Female,20,AB+,8424147320,Gurgaon,Haryana,28-06-2025,No
DNR009012,Rahul Verma,Male,34,B+,8714460328,Lucknow,Uttar Pradesh,06-01-2025,Yes
DNR009013,Rohan Mehta,Male,54,B+,7826376823,Kanpur,Uttar Pradesh,28-09-2024,Yes
DNR009014,Kunal Desai,Female,36,B+,8716857051,Mohali,Punjab,24-04-2024,No
DNR009015,Ananya Kapoor,Male,37,O+,8576177510,Mohali,Punjab,13-09-2025,No
DNR009016,Vikram Singh,Female,30,B+,8220414065,Mumbai,Maharashtra,09-06-2025,No
DNR009017,Pooja Nair,Male,53,AB+,8522631051,Hyderabad,Telangana,Never,No
DNR009018,Pooja Nair,Female,31,O+,7557695648,Patna,Bihar,15-03-2024,Yes
DNR009019,Pooja Nair,Male,43,B+,8204607499,Kanpur,Uttar Pradesh,03-07-2025,Yes
DNR009020,Sneha Joshi,Female,18,O+,9854217536,Gurgaon,Haryana,01-10-2025,No
DNR009021,Neha Iyer,Female,27,O+,8576843019,Kanpur,Uttar Pradesh,17-08-2025,No
DNR009022,Priya Patel,Female,36,B+,7063382986,Kanpur,Uttar Pradesh,21-10-2024,Yes
DNR009023,Sneha Joshi,Female,42,B+,7935819998,Chennai,Tamil Nadu,Never,No
DNR009024,Rahul Verma,Female,35,O-,8740540661,Jaipur,Rajasthan,08-11-2020,Yes
DNR009025,Aarav Sharma,Female,39,A+,7334215252,Vadodara,Gujarat,18-05-2025,No
DNR009026,Kunal Desai,Female,32,A+,8190327355,Lucknow,Uttar Pradesh,19-10-2025,No
DNR009027,Ananya Kapoor,Male,18,A-,8048583128,Chennai,Tamil Nadu,27-02-2023,Yes
DNR009028,Rohan Mehta,Female,40,B+,8239098937,Bhopal,Madhya Pradesh,01-11-2024,No
DNR009029,Sneha Joshi,Female,44,O+,9969466467,Kanpur,Uttar Pradesh,06-11-2025,Yes
DNR009030,Neha Iyer,Male,32,O+,7322544476,Bengaluru,Karnataka,22-10-2025,Yes
DNR009031,Kunal Desai,Female,46,B+,7882132822,Kanpur,Uttar Pradesh,08-10-2025,Yes
DNR009032,Aarav Sharma,Female,23,B+,8046704292,Visakhapatnam,Andhra Pradesh,22-09-2024,No
DNR009033,Kunal Desai,Other,37,O+,7165642583,Jaipur,Rajasthan,16-03-2024,Yes
DNR009034,Rahul Verma,Male,38,O+,8894168796,Jaipur,Rajasthan,08-11-2020,Yes
DNR009035,Neha Iyer,Female,27,A+,9310045777,Gurgaon,Haryana,12-09-2024,Yes
DNR009036,Vikram Singh,Female,30,O+,8847741358,Vadodara,Gujarat,16-04-2025,Yes
DNR009037,Sneha Joshi,Male,26,O-,7128758584,Visakhapatnam,Andhra Pradesh,09-07-2025,Yes
DNR009038,Sneha Joshi,Male,44,A+,9405999694,Thiruvananthapuram,Kerala,27-01-2023,No
DNR009039,Rohan Mehta,Female,26,O+,8143751214,Visakhapatnam,Andhra Pradesh,28-12-2023,Yes
DNR009040,Vikram Singh,Male,34,B+,7212145915,Lucknow,Uttar Pradesh,Never,No
DNR009041,Aarav Sharma,Female,24,AB+,8502258820,Pune,Maharashtra,22-01-2025,Yes
DNR009042,Kunal Desai,Female,29,A+,7115584462,Surat,Gujarat,22-08-2024,No
DNR009043,Kunal Desai,Female,28,B+,9689458972,Mohali,Punjab,08-11-2020,Yes
DNR009044,Sneha Joshi,Female,18,O+,9567600280,Vadodara,Gujarat,21-04-2025,No
DNR009045,Rahul Verma,Female,30,O+,8553634340,Bhopal,Madhya Pradesh,14-04-2022,No
DNR009046,Sneha Joshi,Male,35,B+,9715780363,Chennai,Tamil Nadu,26-06-2025,Yes
DNR009047,Vikram Singh,Male,24,B+,8961831916,Mohali,Punjab,11-09-2025,Yes
DNR009048,Vikram Singh,Male,18,B+,9611057567,Lucknow,Uttar Pradesh,09-10-2025,No
DNR009049,Sneha Joshi,Male,29,O+,7827634339,Mohali,Punjab,18-08-2025,Yes
DNR009050,Kunal Desai,Male,19,B+,7063234223,Kanpur,Uttar Pradesh,05-08-2025,Yes
DNR009051,Priya Patel,Female,45,A+,9849945501,Delhi,Delhi,15-04-2024,Yes
DNR009052,Pooja Nair,Male,21,B+,8932031725,Mumbai,Maharashtra,17-09-2025,Yes
DNR009053,Kunal Desai,Male,39,O+,7993141107,Visakhapatnam,Andhra Pradesh,19-10-2024,Yes
DNR009054,Rohan Mehta,Male,45,A+,9005739013,Bhopal,Madhya Pradesh,12-03-2025,Yes
DNR009055,Aarav Sharma,Female,49,A+,9954498460,Nagpur,Maharashtra,19-04-2023,Yes
DNR009056,Neha Iyer,Male,43,B+,7694059965,Chennai,Tamil Nadu,20-05-2023,No
DNR009057,Vikram Singh,Female,28,O+,9194603783,Gurgaon,Haryana,29-11-2021,No
DNR009058,Kunal Desai,Male,33,O+,8177860032,Lucknow,Uttar Pradesh,14-11-2024,Yes
DNR009059,Priya Patel,Female,42,O+,7451494949,Gurgaon,Haryana,Never,No
DNR009060,Aarav Sharma,Male,43,O-,8433155140,Mumbai,Maharashtra,01-11-2025,Yes
DNR009061,Neha Iyer,Female,36,O+,9772607698,Nagpur,Maharashtra,14-06-2024,No
DNR009062,Rohan Mehta,Male,27,B+,7717131230,Thiruvananthapuram,Kerala,08-02-2025,No
DNR009063,Ananya Kapoor,Male,44,AB+,8989999913,Delhi,Delhi,10-04-2024,Yes
DNR009064,Rahul Verma,Male,27,B+,7115106748,Visakhapatnam,Andhra Pradesh,18-07-2025,Yes
DNR009065,Kunal Desai,Female,27,O+,8452646156,Kolkata,West Bengal,07-07-2025,No
DNR009066,Pooja Nair,Female,30,B+,8574274466,Jaipur,Rajasthan,Never,No
DNR009067,Rohan Mehta,Female,37,O+,7234132357,Bengaluru,Karnataka,01-08-2025,Yes
DNR009068,Rahul Verma,Female,39,A+,8138702901,Pune,Maharashtra,14-08-2023,No
DNR009069,Rahul Verma,Female,44,B-,8071075357,Mohali,Punjab,26-07-2025,No
DNR009070,Neha Iyer,Male,36,A-,7049125704,Pune,Maharashtra,16-08-2025,Yes
DNR009071,Sneha Joshi,Female,19,O+,8716832723,Surat,Gujarat,06-11-2025,No
DNR009072,Vikram Singh,Female,49,O+,7227030193,Lucknow,Uttar Pradesh,04-08-2025,Yes
DNR009073,Neha Iyer,Male,21,A+,7341507728,Vadodara,Gujarat,06-05-2025,Yes
DNR009074,Aarav Sharma,Male,46,A+,9590617616,Nagpur,Maharashtra,07-12-2024,Yes
DNR009075,Priya Patel,Male,25,B+,9798403532,Pune,Maharashtra,30-06-2025,No
DNR009076,Rohan Mehta,Female,32,O+,9907979236,Bengaluru,Karnataka,19-09-2025,No
DNR009077,Vikram Singh,Male,24,O-,9156121084,Pune,Maharashtra,05-03-2023,Yes
DNR009078,Ananya Kapoor,Male,30,O+,9887153088,Surat,Gujarat,29-06-2022,Yes
DNR009079,Sneha Joshi,Female,34,O+,8239502945,Mohali,Punjab,19-09-2025,Yes
DNR009080,Rahul Verma,Female,24,B+,8281415844,Nagpur,Maharashtra,03-04-2025,No
DNR009081,Aarav Sharma,Male,41,B+,9346980358,Vadodara,Gujarat,17-12-2023,Yes
DNR009082,Rahul Verma,Male,47,O+,7278220411,Kolkata,West Bengal,14-05-2024,Yes
DNR009083,Rahul Verma,Male,32,B+,8442286041,Pune,Maharashtra,29-09-2025,No
DNR009084,Priya Patel,Female,32,B+,8246144027,Delhi,Delhi,13-07-2023,No
DNR009085,Neha Iyer,Female,44,B+,9165580607,Jaipur,Rajasthan,22-06-2023,Yes
DNR009086,Pooja Nair,Female,37,O+,8008105530,Kolkata,West Bengal,Never,No
DNR009087,Pooja Nair,Male,37,O-,7081164675,Vadodara,Gujarat,Never,Yes
DNR009088,Priya Patel,Female,42,B+,7171355017,Vadodara,Gujarat,29-01-2021,Yes
DNR009089,Aarav Sharma,Female,36,B+,9705053203,Ahmedabad,Gujarat,30-11-2024,No
DNR009090,Priya Patel,Male,35,B+,9357537368,Jaipur,Rajasthan,22-12-2022,No
DNR009091,Rahul Verma,Male,26,A+,9601668358,Mohali,Punjab,12-04-2025,Yes
DNR009092,Pooja Nair,Male,34,O+,8819518770,Bhopal,Madhya Pradesh,01-11-2025,Yes
DNR009093,Rahul Verma,Male,39,B+,7601846214,Visakhapatnam,Andhra Pradesh,21-07-2025,Yes
DNR009094,Rahul Verma,Male,36,O-,7637538156,Ahmedabad,Gujarat,11-01-2025,Yes
DNR009095,Aarav Sharma,Female,35,B+,7171955743,Vadodara,Gujarat,14-06-2025,Yes
DNR009096,Aarav Sharma,Male,37,A+,8341887420,Hyderabad,Telangana,16-08-2025,No
DNR009097,Rahul Verma,Male,40,O+,9897790150,Bengaluru,Karnataka,27-04-2025,Yes
DNR009098,Priya Patel,Female,35,A+,7163290913,Visakhapatnam,Andhra Pradesh,30-01-2022,No
DNR009099,Priya Patel,Female,39,A+,7764605684,Jaipur,Rajasthan,20-04-2024,No
DNR009100,Pooja Nair,Male,36,A+,8845360938,Surat,Gujarat,25-01-2025,Yes
DNR009101,Sneha Joshi,Male,37,B+,9500047806,Pune,Maharashtra,16-06-2025,Yes
DNR009102,Aarav Sharma,Female,30,B+,8557816914,Kanpur,Uttar Pradesh,07-04-2024,No
DNR009103,Vikram Singh,Male,37,B+,8096476236,Surat,Gujarat,08-11-2020,Yes
DNR009104,Vikram Singh,Female,19,B+,9132402274,Kanpur,Uttar Pradesh,04-03-2024,No
DNR009105,Ananya Kapoor,Male,32,O+,7547597150,Delhi,Delhi,21-08-2024,No
DNR009106,Aarav Sharma,Male,18,B+,7783979066,Bengaluru,Karnataka,04-11-2025,No
DNR009107,Kunal Desai,Male,53,B+,9164132624,Pune,Maharashtra,20-03-2025,Yes
DNR009108,Aarav Sharma,Female,46,O+,9615835699,Surat,Gujarat,29-11-2024,No
DNR009109,Priya Patel,Male,31,O-,8334010496,Bhopal,Madhya Pradesh,Never,No
DNR009110,Aarav Sharma,Female,27,A+,9853532291,Visakhapatnam,Andhra Pradesh,09-09-2025,Yes
DNR009111,Sneha Joshi,Female,41,O+,8426321743,Gurgaon,Haryana,15-04-2025,Yes
DNR009112,Priya Patel,Female,35,B+,8754700006,Mohali,Punjab,02-03-2025,No
DNR009113,Sneha Joshi,Male,32,O+,7433354463,Gurgaon,Haryana,04-11-2025,Yes
DNR009114,Vikram Singh,Male,21,A+,8406056191,Kolkata,West Bengal,25-09-2024,Yes
DNR009115,Ananya Kapoor,Female,23,B+,8305980441,Ahmedabad,Gujarat,13-05-2024,No
DNR009116,Sneha Joshi,Female,36,A+,7452572356,Visakhapatnam,Andhra Pradesh,24-05-2024,No
DNR009117,Aarav Sharma,Female,34,B+,7952118589,Nagpur,Maharashtra,02-10-2024,Yes
DNR009118,Pooja Nair,Female,25,B+,7936956588,Pune,Maharashtra,25-06-2025,Yes
DNR009119,Ananya Kapoor,Female,18,O+,8271422616,Kolkata,West Bengal,23-02-2025,No
DNR009120,Pooja Nair,Female,48,B+,7281696709,Visakhapatnam,Andhra Pradesh,18-02-2024,Yes
DNR009121,Pooja Nair,Female,37,B+,7627046606,Nagpur,Maharashtra,24-11-2024,Yes
DNR009122,Kunal Desai,Female,38,AB+,8539865356,Bhopal,Madhya Pradesh,08-07-2024,Yes
DNR009123,Aarav Sharma,Female,47,B+,7208236986,Kanpur,Uttar Pradesh,05-06-2025,No
DNR009124,Neha Iyer,Female,29,O+,9787079947,Jaipur,Rajasthan,19-01-2021,Yes
DNR009125,Neha Iyer,Female,46,A+,7188420803,Ahmedabad,Gujarat,29-09-2025,No
DNR009126,Vikram Singh,Female,18,B+,7694663780,Thiruvananthapuram,Kerala,01-01-2025,Yes
DNR009127,Ananya Kapoor,Male,18,O+,7242471732,Delhi,Delhi,26-08-2025,No
DNR009128,Priya Patel,Male,30,B-,7486922849,Pune,Maharashtra,02-10-2024,Yes
DNR009129,Pooja Nair,Female,25,A+,7947596494,Thiruvananthapuram,Kerala,27-09-2024,No
DNR009130,Ananya Kapoor,Male,27,B+,9012093767,Delhi,Delhi,12-05-2024,No
DNR009131,Sneha Joshi,Male,33,B+,8185020382,Delhi,Delhi,10-09-2024,Yes
DNR009132,Sneha Joshi,Male,26,B+,7385234073,Jaipur,Rajasthan,28-11-2024,Yes
DNR009133,Kunal Desai,Female,37,A+,8081569248,Patna,Bihar,08-11-2020,Yes
DNR009134,Sneha Joshi,Female,22,B+,9805830673,Mohali,Punjab,23-10-2025,No
DNR009135,Rahul Verma,Male,34,O+,8683996150,Hyderabad,Telangana,04-08-2025,Yes
DNR009136,Priya Patel,Female,31,A+,8801566580,Kolkata,West Bengal,30-03-2023,No
DNR009137,Rahul Verma,Female,60,O+,7319192358,Ahmedabad,Gujarat,Never,No
DNR009138,Kunal Desai,Male,28,O+,7081657553,Patna,Bihar,11-01-2024,Yes
DNR009139,Kunal Desai,Female,35,A+,8505349908,Ahmedabad,Gujarat,05-09-2025,No
DNR009140,Neha Iyer,Male,47,B+,8424403786,Nagpur,Maharashtra,24-04-2025,No
DNR009141,Rohan Mehta,Male,29,O+,9888584001,Surat,Gujarat,08-03-2024,Yes
DNR009142,Priya Patel,Female,21,B+,7939942526,Kanpur,Uttar Pradesh,06-05-2025,No
DNR009143,Ananya Kapoor,Female,25,B+,8820054549,Lucknow,Uttar Pradesh,21-07-2025,Yes
DNR009144,Ananya Kapoor,Female,54,A+,8633714969,Pune,Maharashtra,25-10-2024,Yes
DNR009145,Sneha Joshi,Female,65,O+,8194618476,Mumbai,Maharashtra,21-07-2021,Yes
DNR009146,Pooja Nair,Female,37,B+,8260739750,Bengaluru,Karnataka,30-10-2025,No
DNR009147,Kunal Desai,Female,37,A-,8221583510,Bhopal,Madhya Pradesh,10-06-2024,Yes
DNR009148,Ananya Kapoor,Male,38,B+,7570165668,Thiruvananthapuram,Kerala,26-09-2025,Yes
DNR009149,Pooja Nair,Female,43,A+,8369208480,Mohali,Punjab,25-01-2024,No
DNR009150,Rahul Verma,Male,34,B+,9143261163,Nagpur,Maharashtra,10-03-2025,Yes
DNR009151,Rahul Verma,Female,21,B+,8192658624,Thiruvananthapuram,Kerala,12-04-2025,No
DNR009152,Aarav Sharma,Male,31,A+,9922721971,Hyderabad,Telangana,14-04-2025,Yes
DNR009153,Kunal Desai,Female,27,B+,8810113643,Delhi,Delhi,07-08-2021,No
DNR009154,Rahul Verma,Male,23,A+,9318836142,Chennai,Tamil Nadu,25-09-2025,No
DNR009155,Neha Iyer,Male,18,O+,8218911757,Jaipur,Rajasthan,28-03-2022,Yes
DNR009156,Pooja Nair,Male,34,O+,9085511795,Mohali,Punjab,16-05-2025,No
DNR009157,Priya Patel,Female,33,B+,9268499218,Surat,Gujarat,11-02-2025,No
DNR009158,Priya Patel,Male,31,B+,8283525069,Bengaluru,Karnataka,08-11-2020,No
DNR009159,Aarav Sharma,Female,35,B+,8889907415,Surat,Gujarat,23-06-2025,Yes
DNR009160,Sneha Joshi,Male,31,O+,7045126261,Vadodara,Gujarat,27-10-2024,Yes
DNR009161,Sneha Joshi,Female,25,A+,7240185157,Vadodara,Gujarat,15-05-2025,No
DNR009162,Vikram Singh,Female,24,O-,7530164220,Mohali,Punjab,15-03-2022,No
DNR009163,Kunal Desai,Male,36,A+,7522712685,Bhopal,Madhya Pradesh,28-11-2021,Yes
DNR009164,Kunal Desai,Male,18,O+,8102256558,Surat,Gujarat,02-03-2024,No
DNR009165,Ananya Kapoor,Female,41,O+,9439132819,Ahmedabad,Gujarat,01-10-2024,Yes
DNR009166,Neha Iyer,Female,18,B+,9342162895,Ahmedabad,Gujarat,27-01-2025,No
DNR009167,Vikram Singh,Male,36,O+,8226334503,Mohali,Punjab,26-10-2025,No
DNR009168,Vikram Singh,Female,32,O+,9251421397,Nagpur,Maharashtra,15-10-2025,No
DNR009169,Sneha Joshi,Male,35,B+,7947942135,Mumbai,Maharashtra,19-08-2025,No
DNR009170,Neha Iyer,Male,40,A+,9819380897,Bhopal,Madhya Pradesh,14-09-2025,Yes
DNR009171,Vikram Singh,Female,56,B+,9693279040,Nagpur,Maharashtra,05-06-2023,No
DNR009172,Priya Patel,Male,47,B+,9695636508,Vadodara,Gujarat,19-09-2025,Yes
DNR009173,Rahul Verma,Female,27,O+,8186557842,Mohali,Punjab,03-09-2022,No
DNR009174,Pooja Nair,Female,31,O+,8147267230,Bhopal,Madhya Pradesh,24-03-2025,Yes
DNR009175,Kunal Desai,Male,39,O+,8063864583,Kolkata,West Bengal,10-11-2024,Yes
DNR009176,Ananya Kapoor,Female,38,B+,8496794140,Bhopal,Madhya Pradesh,16-06-2025,No
DNR009177,Rohan Mehta,Female,41,B+,9907929916,Delhi,Delhi,Never,No
DNR009178,Pooja Nair,Male,31,O+,9443894495,Kolkata,West Bengal,Never,Yes
DNR009179,Aarav Sharma,Female,38,O+,9120557053,Visakhapatnam,Andhra Pradesh,06-01-2021,Yes
DNR009180,Neha Iyer,Female,43,AB-,7896924259,Visakhapatnam,Andhra Pradesh,10-06-2021,No
DNR009181,Vikram Singh,Male,45,A+,8871926011,Mumbai,Maharashtra,14-07-2025,No
DNR009182,Aarav Sharma,Female,18,O+,8360298137,Hyderabad,Telangana,26-02-2025,Yes
DNR009183,Rohan Mehta,Male,27,O+,7935754150,Pune,Maharashtra,13-10-2025,Yes
DNR009184,Pooja Nair,Male,27,O+,7853195911,Pune,Maharashtra,03-10-2024,No
DNR009185,Neha Iyer,Female,43,O+,7905122369,Delhi,Delhi,09-02-2024,No
DNR009186,Ananya Kapoor,Male,28,B+,9260466926,Mohali,Punjab,29-03-2025,Yes
DNR009187,Vikram Singh,Male,36,A+,7758093706,Mohali,Punjab,Never,Yes
DNR009188,Sneha Joshi,Male,31,O+,7611527691,Gurgaon,Haryana,27-12-2023,Yes
DNR009189,Rahul Verma,Female,50,O+,7361176151,Kanpur,Uttar Pradesh,26-09-2022,No
DNR009190,Sneha Joshi,Female,38,B+,7061083566,Mohali,Punjab,Never,Yes
DNR009191,Neha Iyer,Male,24,B-,9608832676,Chennai,Tamil Nadu,13-03-2025,Yes
DNR009192,Rohan Mehta,Female,41,B+,9018859159,Nagpur,Maharashtra,05-09-2021,No
DNR009193,Rahul Verma,Male,18,A-,8600516791,Surat,Gujarat,08-11-2020,No
DNR009194,Priya Patel,Female,28,A-,8828191220,Mumbai,Maharashtra,11-10-2025,Yes
DNR009195,Vikram Singh,Male,24,B+,9894969726,Nagpur,Maharashtra,12-08-2022,No
DNR009196,Rohan Mehta,Female,37,A+,7391791026,Chennai,Tamil Nadu,22-05-2025,Yes
DNR009197,Kunal Desai,Female,32,B+,8611634836,Thiruvananthapuram,Kerala,06-07-2025,No
DNR009198,Kunal Desai,Female,42,B+,8096126911,Lucknow,Uttar Pradesh,19-08-2025,No
DNR009199,Vikram Singh,Male,34,B+,8953494123,Bhopal,Madhya Pradesh,10-01-2025,No
DNR009200,Kunal Desai,Female,33,O-,9723138197,Kanpur,Uttar Pradesh,25-08-2025,Yes
DNR009201,Ananya Kapoor,Male,21,A+,7696281698,Bhopal,Madhya Pradesh,29-05-2025,Yes
DNR009202,Ananya Kapoor,Female,48,A+,8218549715,Visakhapatnam,Andhra Pradesh,17-06-2025,No
DNR009203,Ananya Kapoor,Female,34,O+,8342244860,Nagpur,Maharashtra,02-07-2025,Yes
DNR009204,Sneha Joshi,Female,30,B+,9790760479,Kanpur,Uttar Pradesh,07-09-2025,Yes
DNR009205,Rohan Mehta,Female,56,A+,9036839575,Patna,Bihar,26-09-2025,No
DNR009206,Kunal Desai,Female,42,B+,9753157534,Surat,Gujarat,19-06-2025,No
DNR009207,Vikram Singh,Female,47,B+,9959642348,Ahmedabad,Gujarat,03-02-2021,Yes
DNR009208,Rohan Mehta,Male,25,O+,7574606260,Kanpur,Uttar Pradesh,26-12-2024,Yes
DNR009209,Priya Patel,Male,35,B+,9617015458,Jaipur,Rajasthan,21-10-2025,Yes
DNR009210,Rohan Mehta,Male,29,A+,8003989133,Patna,Bihar,08-11-2020,Yes
DNR009211,Priya Patel,Female,31,A+,9150791455,Mumbai,Maharashtra,01-05-2025,No
DNR009212,Rohan Mehta,Female,37,O+,9118406537,Kanpur,Uttar Pradesh,10-01-2025,Yes
DNR009213,Vikram Singh,Male,48,O+,9378985382,Vadodara,Gujarat,26-05-2022,Yes
DNR009214,Vikram Singh,Male,51,A+,8157551501,Gurgaon,Haryana,29-08-2024,Yes
DNR009215,Sneha Joshi,Male,37,B-,9206362949,Thiruvananthapuram,Kerala,21-08-2022,Yes
DNR009216,Vikram Singh,Female,38,O+,8352292860,Delhi,Delhi,31-10-2024,No
DNR009217,Sneha Joshi,Female,41,O+,8234468567,Mumbai,Maharashtra,25-06-2025,Yes
DNR009218,Sneha Joshi,Male,33,B+,7159288718,Nagpur,Maharashtra,08-01-2025,Yes
DNR009219,Neha Iyer,Female,33,O+,9426560415,Kanpur,Uttar Pradesh,04-04-2025,No
DNR009220,Aarav Sharma,Male,18,O+,8679338895,Bhopal,Madhya Pradesh,08-12-2024,Yes
DNR009221,Rohan Mehta,Male,38,B+,8457756121,Mohali,Punjab,09-03-2023,No
DNR009222,Aarav Sharma,Female,35,A+,9275266542,Visakhapatnam,Andhra Pradesh,30-06-2024,No
DNR009223,Kunal Desai,Female,44,O-,7496113605,Hyderabad,Telangana,17-10-2024,No
DNR009224,Priya Patel,Male,18,O+,9085368825,Vadodara,Gujarat,15-08-2025,No
DNR009225,Rohan Mehta,Female,47,B+,7353329732,Pune,Maharashtra,17-01-2024,No
DNR009226,Kunal Desai,Female,42,B+,9705349840,Nagpur,Maharashtra,20-03-2023,No
DNR009227,Vikram Singh,Female,27,B+,7804745400,Ahmedabad,Gujarat,05-09-2025,Yes
DNR009228,Pooja Nair,Female,18,O+,9289726542,Jaipur,Rajasthan,11-04-2023,Yes
DNR009229,Rohan Mehta,Male,22,A+,7252022300,Visakhapatnam,Andhra Pradesh,08-12-2024,Yes
DNR009230,Priya Patel,Male,30,O+,9696388893,Visakhapatnam,Andhra Pradesh,15-05-2025,No
DNR009231,Sneha Joshi,Female,25,O+,8666258386,Delhi,Delhi,27-05-2021,Yes
DNR009232,Neha Iyer,Male,18,B+,9218341147,Patna,Bihar,16-07-2023,Yes
DNR009233,Sneha Joshi,Male,24,O+,7102399035,Kanpur,Uttar Pradesh,04-10-2025,No
DNR009234,Aarav Sharma,Female,25,O+,9922399567,Bengaluru,Karnataka,20-09-2025,Yes
DNR009235,Pooja Nair,Male,21,A+,7027674189,Chennai,Tamil Nadu,20-10-2023,Yes
DNR009236,Rohan Mehta,Male,39,B+,8844550130,Mumbai,Maharashtra,10-06-2024,Yes
DNR009237,Priya Patel,Male,27,B+,7676620384,Chennai,Tamil Nadu,13-03-2025,No
DNR009238,Sneha Joshi,Female,18,B+,7368436931,Kanpur,Uttar Pradesh,30-05-2023,No
DNR009239,Vikram Singh,Male,30,O-,8592469951,Mohali,Punjab,08-08-2025,No
DNR009240,Ananya Kapoor,Female,18,O+,7786690570,Mohali,Punjab,02-04-2021,Yes
DNR009241,Vikram Singh,Female,45,A+,9629284234,Kolkata,West Bengal,07-08-2025,Yes
DNR009242,Neha Iyer,Male,26,O+,9842665358,Chennai,Tamil Nadu,27-07-2023,No
DNR009243,Rahul Verma,Male,31,O-,9506018597,Delhi,Delhi,27-02-2024,No
DNR009244,Kunal Desai,Female,49,B+,8260491749,Mumbai,Maharashtra,22-05-2025,No
DNR009245,Pooja Nair,Female,41,AB+,7681086647,Chennai,Tamil Nadu,19-12-2023,Yes
DNR009246,Pooja Nair,Male,45,B+,7691493677,Bengaluru,Karnataka,29-05-2023,No
DNR009247,Rahul Verma,Female,25,O+,7673384866,Visakhapatnam,Andhra Pradesh,24-07-2025,Yes
DNR009248,Pooja Nair,Male,41,B+,7999880221,Hyderabad,Telangana,26-05-2025,Yes
DNR009249,Neha Iyer,Female,53,O+,8385951710,Bhopal,Madhya Pradesh,Never,No
DNR009250,Pooja Nair,Female,18,B+,8343900679,Mohali,Punjab,28-02-2025,Yes
DNR009251,Pooja Nair,Female,34,B+,8510264077,Kanpur,Uttar Pradesh,Never,No
DNR009252,Aarav Sharma,Female,26,AB-,9703498163,Lucknow,Uttar Pradesh,23-03-2024,No
DNR009253,Sneha Joshi,Female,30,O+,7966172573,Bengaluru,Karnataka,28-01-2022,No
DNR009254,Pooja Nair,Female,42,AB+,8176248481,Thiruvananthapuram,Kerala,07-03-2024,Yes
DNR009255,Kunal Desai,Female,42,O+,8423505531,Lucknow,Uttar Pradesh,18-11-2022,Yes
DNR009256,Rahul Verma,Male,51,A+,7540844048,Ahmedabad,Gujarat,05-04-2025,Yes
DNR009257,Priya Patel,Male,24,O+,8716170645,Patna,Bihar,Never,Yes
DNR009258,Neha Iyer,Female,19,O+,9608871724,Bhopal,Madhya Pradesh,14-08-2025,Yes
DNR009259,Ananya Kapoor,Male,49,B+,7043377834,Mohali,Punjab,09-10-2023,Yes
DNR009260,Kunal Desai,Female,23,O+,7420126344,Mumbai,Maharashtra,01-10-2025,No
DNR009261,Neha Iyer,Female,19,O+,7245933818,Bengaluru,Karnataka,19-05-2025,No
DNR009262,Rahul Verma,Male,36,B-,7289847447,Thiruvananthapuram,Kerala,18-08-2021,Yes
DNR009263,Pooja Nair,Female,21,A+,8047594762,Visakhapatnam,Andhra Pradesh,22-11-2024,No
DNR009264,Kunal Desai,Male,31,O+,7126596179,Surat,Gujarat,06-05-2025,No
DNR009265,Pooja Nair,Male,37,O+,8465555073,Bengaluru,Karnataka,23-05-2024,Yes
DNR009266,Neha Iyer,Male,36,B+,8454001584,Bengaluru,Karnataka,03-08-2025,No
DNR009267,Aarav Sharma,Male,18,B+,9669202271,Bengaluru,Karnataka,14-12-2024,Yes
DNR009268,Sneha Joshi,Female,31,B+,9954395022,Pune,Maharashtra,26-04-2021,No
DNR009269,Kunal Desai,Male,27,B+,9893888152,Mohali,Punjab,22-10-2025,Yes
DNR009270,Sneha Joshi,Female,40,O+,8889051949,Kanpur,Uttar Pradesh,Never,Yes
DNR009271,Rahul Verma,Female,34,O+,8181873521,Mumbai,Maharashtra,17-01-2025,Yes
DNR009272,Pooja Nair,Female,18,B+,8804253704,Jaipur,Rajasthan,27-08-2025,Yes
DNR009273,Pooja Nair,Male,41,AB-,7828416218,Lucknow,Uttar Pradesh,08-11-2020,Yes
DNR009274,Rohan Mehta,Male,29,O-,8224844380,Patna,Bihar,16-08-2023,Yes
DNR009275,Sneha Joshi,Female,18,B+,8965073382,Pune,Maharashtra,08-05-2022,No
DNR009276,Priya Patel,Male,30,B+,9824846440,Nagpur,Maharashtra,01-10-2025,No
DNR009277,Rahul Verma,Male,41,O+,7621983268,Chennai,Tamil Nadu,Never,Yes
DNR009278,Rohan Mehta,Female,34,B+,7620361024,Ahmedabad,Gujarat,31-12-2024,Yes
DNR009279,Neha Iyer,Female,18,AB+,7391195030,Bhopal,Madhya Pradesh,02-05-2025,No
DNR009280,Rohan Mehta,Male,28,AB+,9341999891,Chennai,Tamil Nadu,29-07-2025,Yes
DNR009281,Rohan Mehta,Male,34,O-,8394582208,Delhi,Delhi,07-07-2025,Yes
DNR009282,Rohan Mehta,Female,31,O+,9242592200,Visakhapatnam,Andhra Pradesh,20-11-2024,Yes
DNR009283,Kunal Desai,Female,46,B+,9502375303,Nagpur,Maharashtra,23-07-2023,No
DNR009284,Sneha Joshi,Female,42,A+,9622403900,Ahmedabad,Gujarat,06-02-2024,No
DNR009285,Kunal Desai,Female,24,A+,9369686200,Mohali,Punjab,Never,Yes
DNR009286,Vikram Singh,Female,35,B+,8017458201,Patna,Bihar,02-07-2023,Yes
DNR009287,Priya Patel,Male,42,A+,7607140700,Vadodara,Gujarat,Never,Yes
DNR009288,Priya Patel,Male,30,B+,8954532535,Hyderabad,Telangana,13-01-2024,No
DNR009289,Aarav Sharma,Female,51,B+,9648402268,Jaipur,Rajasthan,08-05-2023,No
DNR009290,Rahul Verma,Male,40,O+,8220887544,Kolkata,West Bengal,09-04-2025,No
DNR009291,Ananya Kapoor,Female,24,O+,7862633659,Lucknow,Uttar Pradesh,08-11-2020,No
DNR009292,Vikram Singh,Female,40,O+,8389419432,Visakhapatnam,Andhra Pradesh,07-11-2025,No
DNR009293,Vikram Singh,Male,55,O+,7681544619,Jaipur,Rajasthan,29-10-2025,No
DNR009294,Pooja Nair,Female,18,O+,9686581802,Patna,Bihar,09-09-2025,No
DNR009295,Aarav Sharma,Male,37,O+,9981315046,Lucknow,Uttar Pradesh,16-09-2024,Yes
DNR009296,Kunal Desai,Female,29,B+,7722362387,Visakhapatnam,Andhra Pradesh,29-01-2025,No
DNR009297,Priya Patel,Female,39,A+,8789095698,Kolkata,West Bengal,18-02-2024,Yes
DNR009298,Kunal Desai,Male,18,B+,8448997147,Gurgaon,Haryana,Never,Yes
DNR009299,Vikram Singh,Male,18,O-,7903859663,Mumbai,Maharashtra,06-01-2023,Yes
DNR009300,Rohan Mehta,Female,24,O-,7177205571,Kanpur,Uttar Pradesh,17-10-2025,No
DNR009301,Rahul Verma,Female,43,B+,8642556120,Pune,Maharashtra,18-03-2025,Yes
DNR009302,Sneha Joshi,Female,18,O+,7163650640,Lucknow,Uttar Pradesh,11-06-2025,Yes
DNR009303,Rahul Verma,Female,35,B+,8127233557,Jaipur,Rajasthan,04-04-2025,No
DNR009304,Vikram Singh,Male,34,O+,7329899160,Bhopal,Madhya Pradesh,06-11-2025,Yes
DNR009305,Rohan Mehta,Female,35,A-,8424662352,Surat,Gujarat,18-01-2024,Yes
DNR009306,Sneha Joshi,Female,27,B+,7035679339,Thiruvananthapuram,Kerala,14-09-2025,No
DNR009307,Pooja Nair,Female,39,B+,9808234648,Patna,Bihar,15-10-2025,No
DNR009308,Aarav Sharma,Female,24,A+,8109614002,Kanpur,Uttar Pradesh,04-04-2025,Yes
DNR009309,Ananya Kapoor,Female,20,O+,8340348105,Kanpur,Uttar Pradesh,14-11-2024,Yes
DNR009310,Vikram Singh,Female,18,B+,9064702979,Mohali,Punjab,07-07-2024,No
DNR009311,Pooja Nair,Male,26,O+,8760199060,Patna,Bihar,04-08-2025,Yes
DNR009312,Rahul Verma,Male,44,O+,8435680301,Lucknow,Uttar Pradesh,09-09-2025,Yes
DNR009313,Priya Patel,Male,34,AB-,7307306334,Hyderabad,Telangana,15-10-2025,Yes
DNR009314,Neha Iyer,Male,27,O+,7319046279,Hyderabad,Telangana,27-02-2025,Yes
DNR009315,Kunal Desai,Female,28,A+,9181487194,Kolkata,West Bengal,20-07-2025,Yes
DNR009316,Ananya Kapoor,Male,28,B+,8729406606,Gurgaon,Haryana,18-10-2023,Yes
DNR009317,Priya Patel,Female,39,O+,8390264488,Kanpur,Uttar Pradesh,24-12-2023,No
DNR009318,Aarav Sharma,Female,42,AB+,8101301086,Visakhapatnam,Andhra Pradesh,07-02-2024,Yes
DNR009319,Priya Patel,Female,29,O+,8569163223,Bengaluru,Karnataka,20-09-2023,No
DNR009320,Aarav Sharma,Female,28,B+,9569046027,Nagpur,Maharashtra,06-08-2024,No
DNR009321,Priya Patel,Male,38,O+,7590356284,Mumbai,Maharashtra,25-04-2025,Yes
DNR009322,Vikram Singh,Female,33,AB+,8576952782,Visakhapatnam,Andhra Pradesh,Never,No
DNR009323,Neha Iyer,Male,27,O+,9974155662,Jaipur,Rajasthan,07-11-2024,Yes
DNR009324,Aarav Sharma,Female,41,B-,9464783822,Bengaluru,Karnataka,18-07-2025,Yes
DNR009325,Priya Patel,Female,18,B+,7964752597,Gurgaon,Haryana,08-11-2020,No
DNR009326,Ananya Kapoor,Male,37,B+,9381987299,Vadodara,Gujarat,08-11-2020,Yes
DNR009327,Sneha Joshi,Female,34,O+,8161220398,Delhi,Delhi,17-10-2025,Yes
DNR009328,Sneha Joshi,Female,33,B+,9837783858,Chennai,Tamil Nadu,01-12-2024,Yes
DNR009329,Vikram Singh,Female,18,A+,9852169347,Pune,Maharashtra,26-09-2025,Yes
DNR009330,Ananya Kapoor,Female,31,O+,9101634210,Gurgaon,Haryana,16-04-2021,No
DNR009331,Rahul Verma,Female,37,A+,9546439960,Ahmedabad,Gujarat,08-04-2025,Yes
DNR009332,Pooja Nair,Male,32,O-,8815235344,Surat,Gujarat,27-11-2024,Yes
DNR009333,Rohan Mehta,Female,27,A-,7619322455,Thiruvananthapuram,Kerala,16-11-2024,Yes
DNR009334,Kunal Desai,Female,30,O+,9888414128,Pune,Maharashtra,07-02-2024,No
DNR009335,Kunal Desai,Female,40,B+,9011838304,Bhopal,Madhya Pradesh,13-03-2024,Yes
DNR009336,Aarav Sharma,Female,26,O+,7588069283,Bhopal,Madhya Pradesh,10-10-2022,No
DNR009337,Priya Patel,Male,45,B+,7273384546,Kolkata,West Bengal,29-10-2024,Yes
DNR009338,Rohan Mehta,Male,33,AB+,8130867538,Lucknow,Uttar Pradesh,Never,Yes
DNR009339,Sneha Joshi,Male,39,O+,7022167534,Pune,Maharashtra,12-03-2024,Yes
DNR009340,Vikram Singh,Female,46,B+,8622303221,Chennai,Tamil Nadu,22-07-2025,Yes
DNR009341,Vikram Singh,Male,38,O+,9337988754,Ahmedabad,Gujarat,14-08-2024,Yes
DNR009342,Sneha Joshi,Male,38,A+,9219188498,Vadodara,Gujarat,06-04-2025,No
DNR009343,Rohan Mehta,Female,25,A+,7274149164,Kolkata,West Bengal,10-12-2024,Yes
DNR009344,Aarav Sharma,Female,44,B+,9122154555,Delhi,Delhi,22-06-2025,Yes
DNR009345,Vikram Singh,Female,39,B+,8081766744,Ahmedabad,Gujarat,15-09-2023,No
DNR009346,Pooja Nair,Female,28,O+,9692144835,Delhi,Delhi,11-03-2022,No
DNR009347,Kunal Desai,Male,35,O+,8534333472,Bengaluru,Karnataka,05-06-2023,No
DNR009348,Aarav Sharma,Female,22,A+,8299467226,Chennai,Tamil Nadu,25-09-2025,Yes
DNR009349,Rohan Mehta,Male,39,O+,8719201356,Chennai,Tamil Nadu,12-08-2025,Yes
DNR009350,Pooja Nair,Male,39,O+,7037948671,Patna,Bihar,26-08-2022,Yes
DNR009351,Sneha Joshi,Female,54,O+,7445973366,Nagpur,Maharashtra,02-09-2025,Yes
DNR009352,Rohan Mehta,Female,30,O+,9295330108,Kolkata,West Bengal,27-06-2024,No
DNR009353,Neha Iyer,Male,34,A+,7855884577,Nagpur,Maharashtra,29-09-2025,No
DNR009354,Neha Iyer,Male,21,O-,7854869704,Kolkata,West Bengal,Never,Yes
DNR009355,Ananya Kapoor,Male,25,O+,8788274098,Chennai,Tamil Nadu,01-11-2024,No
DNR009356,Neha Iyer,Male,43,O+,9884854279,Visakhapatnam,Andhra Pradesh,20-06-2022,Yes
DNR009357,Neha Iyer,Female,29,B+,9104361515,Visakhapatnam,Andhra Pradesh,14-10-2023,Yes
DNR009358,Rohan Mehta,Female,36,B+,9796221496,Hyderabad,Telangana,03-09-2025,No
DNR009359,Vikram Singh,Male,30,B+,7432657373,Gurgaon,Haryana,27-10-2025,Yes
DNR009360,Ananya Kapoor,Female,45,B+,8266381084,Lucknow,Uttar Pradesh,17-08-2024,No
DNR009361,Aarav Sharma,Female,34,A+,8348401779,Surat,Gujarat,03-09-2025,Yes
DNR009362,Priya Patel,Female,34,B+,7422824972,Visakhapatnam,Andhra Pradesh,24-02-2025,No
DNR009363,Sneha Joshi,Male,32,O+,7306084976,Patna,Bihar,28-11-2024,No
DNR009364,Sneha Joshi,Male,30,O+,7992197478,Kanpur,Uttar Pradesh,23-08-2023,Yes
DNR009365,Rahul Verma,Female,29,A+,8159259189,Kanpur,Uttar Pradesh,Never,No
DNR009366,Pooja Nair,Male,50,B+,9552668388,Vadodara,Gujarat,20-10-2025,No
DNR009367,Ananya Kapoor,Male,43,B+,9398725430,Bengaluru,Karnataka,13-10-2024,Yes
DNR009368,Kunal Desai,Female,26,A+,7920929128,Hyderabad,Telangana,08-11-2020,No
DNR009369,Neha Iyer,Male,33,A+,8829629337,Bengaluru,Karnataka,04-04-2024,Yes
DNR009370,Priya Patel,Female,51,O+,8106839129,Visakhapatnam,Andhra Pradesh,07-06-2025,No
DNR009371,Pooja Nair,Male,44,A+,7237699205,Jaipur,Rajasthan,29-04-2025,Yes
DNR009372,Aarav Sharma,Male,28,A-,9666170487,Lucknow,Uttar Pradesh,13-09-2025,Yes
DNR009373,Ananya Kapoor,Male,29,O+,7543815393,Mohali,Punjab,15-09-2025,No
DNR009374,Rohan Mehta,Male,33,A+,7981493249,Nagpur,Maharashtra,28-05-2025,No
DNR009375,Vikram Singh,Female,31,O+,8085824909,Lucknow,Uttar Pradesh,12-09-2025,No
DNR009376,Vikram Singh,Male,42,B+,9429020476,Delhi,Delhi,24-08-2025,Yes
DNR009377,Aarav Sharma,Female,34,A+,7793552526,Lucknow,Uttar Pradesh,13-05-2022,No
DNR009378,Vikram Singh,Male,41,O+,7427109532,Mumbai,Maharashtra,15-01-2021,Yes
DNR009379,Sneha Joshi,Female,43,B+,7834171112,Patna,Bihar,06-07-2024,Yes
DNR009380,Ananya Kapoor,Female,40,A+,9062309833,Pune,Maharashtra,31-03-2025,No
DNR009381,Rohan Mehta,Female,30,A+,8170748913,Chennai,Tamil Nadu,18-08-2023,No
DNR009382,Rahul Verma,Female,18,B+,7094850419,Bhopal,Madhya Pradesh,13-11-2023,Yes
DNR009383,Aarav Sharma,Male,30,B+,7285467512,Surat,Gujarat,29-07-2024,No
DNR009384,Ananya Kapoor,Female,19,O+,9600168400,Hyderabad,Telangana,13-05-2021,Yes
DNR009385,Rahul Verma,Male,24,O+,7283244693,Visakhapatnam,Andhra Pradesh,28-11-2023,Yes
DNR009386,Rahul Verma,Male,30,O+,8093809527,Mumbai,Maharashtra,19-08-2024,Yes
DNR009387,Vikram Singh,Male,53,O+,7461926334,Bengaluru,Karnataka,01-08-2024,No
DNR009388,Rahul Verma,Male,32,O+,9476166892,Visakhapatnam,Andhra Pradesh,13-03-2025,Yes
DNR009389,Aarav Sharma,Male,21,B-,8761398616,Ahmedabad,Gujarat,14-03-2025,Yes
DNR009390,Sneha Joshi,Female,50,B+,7384120392,Kanpur,Uttar Pradesh,17-10-2023,Yes
DNR009391,Priya Patel,Female,37,O-,9551819576,Kanpur,Uttar Pradesh,07-12-2023,No
DNR009392,Pooja Nair,Female,37,AB-,7860907746,Mumbai,Maharashtra,28-10-2025,Yes
DNR009393,Rahul Verma,Female,20,O-,8847244737,Nagpur,Maharashtra,12-07-2024,Yes
DNR009394,Sneha Joshi,Other,33,B-,8001415653,Chennai,Tamil Nadu,Never,Yes
DNR009395,Rohan Mehta,Male,29,O+,7678903117,Mohali,Punjab,16-02-2023,Yes
DNR009396,Pooja Nair,Female,47,O-,7242188277,Pune,Maharashtra,26-04-2024,No
DNR009397,Aarav Sharma,Female,32,AB+,9238663666,Bengaluru,Karnataka,17-03-2025,Yes
DNR009398,Rohan Mehta,Male,37,B+,9897570485,Kanpur,Uttar Pradesh,07-05-2023,No
DNR009399,Pooja Nair,Female,40,B-,7054729641,Ahmedabad,Gujarat,22-12-2021,Yes
DNR009400,Priya Patel,Male,18,O+,9132119133,Nagpur,Maharashtra,07-01-2025,Yes
DNR009401,Priya Patel,Male,22,O+,7770861469,Surat,Gujarat,25-07-2025,Yes
DNR009402,Rohan Mehta,Male,43,O+,9954899854,Nagpur,Maharashtra,10-04-2025,No
DNR009403,Vikram Singh,Female,39,O+,9901442029,Visakhapatnam,Andhra Pradesh,26-07-2021,No
DNR009404,Ananya Kapoor,Female,24,A+,7212653481,Chennai,Tamil Nadu,Never,Yes
DNR009405,Kunal Desai,Male,32,B+,9551730048,Visakhapatnam,Andhra Pradesh,28-11-2023,Yes
DNR009406,Vikram Singh,Female,18,O-,8411157596,Vadodara,Gujarat,25-03-2025,No
DNR009407,Rohan Mehta,Male,42,O+,9260563471,Chennai,Tamil Nadu,26-02-2024,Yes
DNR009408,Priya Patel,Female,28,O+,8066791268,Nagpur,Maharashtra,17-09-2024,Yes
DNR009409,Neha Iyer,Female,29,B+,9204276528,Kanpur,Uttar Pradesh,11-02-2025,No
DNR009410,Ananya Kapoor,Male,26,B+,7131551344,Delhi,Delhi,09-03-2025,Yes
DNR009411,Sneha Joshi,Female,28,O+,7855131726,Kolkata,West Bengal,17-03-2024,Yes
DNR009412,Rahul Verma,Male,39,O+,7682672634,Nagpur,Maharashtra,08-11-2020,No
DNR009413,Rohan Mehta,Female,40,B+,7244328647,Patna,Bihar,29-10-2025,No
DNR009414,Neha Iyer,Female,37,A+,7359920078,Visakhapatnam,Andhra Pradesh,06-08-2022,No
DNR009415,Priya Patel,Male,27,O+,7292978841,Hyderabad,Telangana,10-09-2023,Yes
DNR009416,Ananya Kapoor,Male,28,O-,7668627402,Lucknow,Uttar Pradesh,08-07-2023,Yes
DNR009417,Rohan Mehta,Male,33,O+,8526059933,Visakhapatnam,Andhra Pradesh,28-02-2022,No
DNR009418,Kunal Desai,Female,26,A+,7043439669,Bengaluru,Karnataka,Never,No
DNR009419,Neha Iyer,Male,46,O+,9380137317,Patna,Bihar,18-03-2023,No
DNR009420,Rahul Verma,Female,22,B+,7631112076,Visakhapatnam,Andhra Pradesh,09-01-2025,No
DNR009421,Kunal Desai,Other,50,AB+,9404274103,Kanpur,Uttar Pradesh,14-09-2025,Yes
DNR009422,Vikram Singh,Male,28,O+,8871746624,Visakhapatnam,Andhra Pradesh,23-03-2025,Yes
DNR009423,Pooja Nair,Female,37,A+,9755205622,Patna,Bihar,13-09-2024,No
DNR009424,Vikram Singh,Female,28,O+,7327872604,Lucknow,Uttar Pradesh,17-11-2024,No
DNR009425,Sneha Joshi,Male,32,B+,8547477547,Bengaluru,Karnataka,15-06-2025,Yes
DNR009426,Rahul Verma,Male,34,B+,7953584664,Delhi,Delhi,Never,No
DNR009427,Pooja Nair,Male,39,O+,9709071104,Hyderabad,Telangana,19-09-2025,No
DNR009428,Vikram Singh,Male,38,AB+,7090134262,Bengaluru,Karnataka,20-01-2023,No
DNR009429,Neha Iyer,Male,22,O+,9296277150,Lucknow,Uttar Pradesh,16-08-2023,Yes
DNR009430,Vikram Singh,Female,26,O+,8007074802,Jaipur,Rajasthan,20-04-2025,Yes
DNR009431,Pooja Nair,Female,62,B+,9825393158,Thiruvananthapuram,Kerala,19-02-2025,No
DNR009432,Kunal Desai,Female,30,A+,7679751389,Mohali,Punjab,13-02-2025,Yes
DNR009433,Rohan Mehta,Female,31,A+,7395497657,Delhi,Delhi,25-06-2025,Yes
DNR009434,Kunal Desai,Female,45,B+,9121393748,Bengaluru,Karnataka,Never,Yes
DNR009435,Kunal Desai,Female,35,B+,7031374990,Patna,Bihar,Never,No
DNR009436,Priya Patel,Male,44,O+,9033635131,Bengaluru,Karnataka,30-10-2025,No
DNR009437,Neha Iyer,Male,25,A+,9664417650,Pune,Maharashtra,05-06-2025,Yes
DNR009438,Rahul Verma,Male,36,O+,7628452565,Bengaluru,Karnataka,05-08-2024,Yes
DNR009439,Ananya Kapoor,Female,44,B-,8516577095,Bhopal,Madhya Pradesh,08-11-2020,No
DNR009440,Rohan Mehta,Female,40,B+,7563621541,Mumbai,Maharashtra,19-11-2024,No
DNR009441,Kunal Desai,Male,52,A+,8092852266,Ahmedabad,Gujarat,18-02-2022,Yes
DNR009442,Neha Iyer,Female,35,O+,8013105721,Kolkata,West Bengal,03-10-2024,No
DNR009443,Ananya Kapoor,Other,35,B+,7823220653,Kanpur,Uttar Pradesh,12-05-2022,Yes
DNR009444,Ananya Kapoor,Male,37,O+,8614614264,Jaipur,Rajasthan,15-06-2025,Yes
DNR009445,Kunal Desai,Female,32,O+,8435463031,Nagpur,Maharashtra,16-07-2025,Yes
DNR009446,Kunal Desai,Male,29,O+,7945126111,Patna,Bihar,31-10-2025,Yes
DNR009447,Rahul Verma,Male,41,O+,7785048124,Nagpur,Maharashtra,11-12-2023,No
DNR009448,Rohan Mehta,Female,55,A+,9967116340,Kanpur,Uttar Pradesh,09-07-2023,Yes
DNR009449,Neha Iyer,Male,33,O+,8071252035,Kanpur,Uttar Pradesh,03-02-2025,No
DNR009450,Neha Iyer,Female,34,B+,8132705677,Kolkata,West Bengal,12-04-2024,Yes
DNR009451,Kunal Desai,Female,37,O-,8944692539,Bengaluru,Karnataka,27-11-2024,Yes
DNR009452,Kunal Desai,Female,58,A+,9373310897,Lucknow,Uttar Pradesh,24-08-2025,No
DNR009453,Rohan Mehta,Male,26,A+,9212438797,Kanpur,Uttar Pradesh,06-08-2025,Yes
DNR009454,Aarav Sharma,Female,46,A+,8921727091,Bengaluru,Karnataka,05-07-2025,Yes
DNR009455,Pooja Nair,Male,46,O-,7121015554,Vadodara,Gujarat,19-04-2025,Yes
DNR009456,Priya Patel,Male,23,O+,9560018588,Bhopal,Madhya Pradesh,10-12-2024,Yes
DNR009457,Kunal Desai,Male,31,B-,9856657451,Jaipur,Rajasthan,26-11-2022,Yes
DNR009458,Pooja Nair,Male,45,A+,7770172592,Jaipur,Rajasthan,06-05-2025,Yes
DNR009459,Neha Iyer,Male,45,O+,9942972171,Pune,Maharashtra,01-01-2025,Yes
DNR009460,Rahul Verma,Female,47,B+,7049615442,Pune,Maharashtra,28-12-2024,Yes
DNR009461,Kunal Desai,Female,30,A+,8538582528,Vadodara,Gujarat,09-10-2025,Yes
DNR009462,Priya Patel,Male,35,B+,9622912298,Gurgaon,Haryana,18-08-2025,Yes
DNR009463,Neha Iyer,Female,41,A+,8727308068,Mohali,Punjab,11-08-2025,Yes
DNR009464,Rahul Verma,Male,33,O+,7716359084,Vadodara,Gujarat,27-01-2025,Yes
DNR009465,Sneha Joshi,Male,41,A+,7308575814,Surat,Gujarat,27-07-2025,Yes
DNR009466,Pooja Nair,Male,52,O+,7724459301,Nagpur,Maharashtra,16-06-2025,Yes
DNR009467,Neha Iyer,Female,49,O+,9856474484,Nagpur,Maharashtra,19-10-2025,No
DNR009468,Priya Patel,Male,25,O+,7329168471,Delhi,Delhi,19-10-2022,Yes
DNR009469,Rohan Mehta,Male,36,B+,7670556329,Lucknow,Uttar Pradesh,25-09-2024,Yes
DNR009470,Rahul Verma,Female,39,O+,7484187560,Patna,Bihar,28-10-2025,Yes
DNR009471,Neha Iyer,Female,43,O+,7275124805,Kanpur,Uttar Pradesh,07-03-2023,No
DNR009472,Pooja Nair,Female,39,A+,7275190219,Delhi,Delhi,24-08-2025,No
DNR009473,Vikram Singh,Female,36,O+,7410263443,Mohali,Punjab,16-06-2023,No
DNR009474,Neha Iyer,Female,34,O+,9429529592,Visakhapatnam,Andhra Pradesh,08-12-2020,No
DNR009475,Rahul Verma,Male,40,B+,9094853968,Jaipur,Rajasthan,11-02-2025,No
DNR009476,Aarav Sharma,Female,42,B+,9627314245,Gurgaon,Haryana,17-07-2025,Yes
DNR009477,Rahul Verma,Female,18,B+,8904248308,Bhopal,Madhya Pradesh,05-09-2024,No
DNR009478,Rahul Verma,Female,22,A+,7900649248,Hyderabad,Telangana,06-09-2024,Yes
DNR009479,Sneha Joshi,Female,33,O+,7337911990,Jaipur,Rajasthan,28-01-2025,Yes
DNR009480,Ananya Kapoor,Female,26,A-,9867664949,Lucknow,Uttar Pradesh,02-09-2025,No
DNR009481,Kunal Desai,Female,50,O+,7507822052,Mumbai,Maharashtra,18-08-2025,No
DNR009482,Rohan Mehta,Male,42,O+,7260803646,Patna,Bihar,29-06-2025,Yes
DNR009483,Kunal Desai,Female,55,B+,7797931223,Lucknow,Uttar Pradesh,09-07-2021,No
DNR009484,Rahul Verma,Male,32,O+,7335853392,Gurgaon,Haryana,04-06-2025,Yes
DNR009485,Kunal Desai,Female,18,O+,8297066906,Bhopal,Madhya Pradesh,17-06-2024,Yes
DNR009486,Vikram Singh,Female,25,B+,7318781477,Pune,Maharashtra,25-08-2025,Yes
DNR009487,Vikram Singh,Male,31,B+,8767369547,Ahmedabad,Gujarat,14-09-2024,Yes
DNR009488,Sneha Joshi,Male,43,O+,9396700993,Hyderabad,Telangana,14-01-2025,No
DNR009489,Sneha Joshi,Male,52,B+,9773470991,Jaipur,Rajasthan,05-09-2024,Yes
DNR009490,Priya Patel,Female,23,O+,7329870758,Bhopal,Madhya Pradesh,17-09-2023,No
DNR009491,Ananya Kapoor,Female,32,O+,8986678557,Lucknow,Uttar Pradesh,03-08-2025,Yes
DNR009492,Aarav Sharma,Male,56,B+,9283445063,Visakhapatnam,Andhra Pradesh,17-06-2024,Yes
DNR009493,Neha Iyer,Female,45,AB+,7526401008,Bhopal,Madhya Pradesh,14-11-2024,Yes
DNR009494,Sneha Joshi,Male,23,B-,7793386179,Ahmedabad,Gujarat,07-11-2024,No
DNR009495,Pooja Nair,Male,36,A+,9847662199,Patna,Bihar,12-01-2022,Yes
DNR009496,Vikram Singh,Female,37,O+,7221952648,Kolkata,West Bengal,07-08-2025,Yes
DNR009497,Rohan Mehta,Female,33,B+,9183407766,Thiruvananthapuram,Kerala,19-10-2025,Yes
DNR009498,Aarav Sharma,Male,23,B+,8504813159,Gurgaon,Haryana,20-11-2021,Yes
DNR009499,Aarav Sharma,Male,32,B+,7085956411,Patna,Bihar,14-07-2024,No
DNR009500,Pooja Nair,Female,44,O+,9376782689,Kanpur,Uttar Pradesh,29-06-2025,No
DNR009501,Rohan Mehta,Male,47,AB+,8412158594,Pune,Maharashtra,07-05-2025,Yes
DNR009502,Kunal Desai,Female,38,B+,9556188335,Kanpur,Uttar Pradesh,16-12-2023,Yes
DNR009503,Aarav Sharma,Male,37,O-,7055191789,Gurgaon,Haryana,04-09-2025,Yes
DNR009504,Priya Patel,Female,23,O+,9107412547,Mohali,Punjab,10-11-2024,No
DNR009505,Rohan Mehta,Male,24,O+,7195248690,Gurgaon,Haryana,06-07-2023,No
DNR009506,Neha Iyer,Female,31,A+,9134958560,Delhi,Delhi,10-10-2025,Yes
DNR009507,Kunal Desai,Female,36,B+,7245726138,Thiruvananthapuram,Kerala,03-05-2023,Yes
DNR009508,Neha Iyer,Male,22,B+,7407197266,Thiruvananthapuram,Kerala,Never,Yes
DNR009509,Priya Patel,Female,34,A+,7744983851,Chennai,Tamil Nadu,07-11-2025,No
DNR009510,Vikram Singh,Male,20,O+,9626685367,Gurgaon,Haryana,02-07-2021,Yes
DNR009511,Kunal Desai,Female,18,O+,7440501417,Patna,Bihar,06-11-2025,Yes
DNR009512,Neha Iyer,Female,36,O+,8265311982,Hyderabad,Telangana,22-10-2025,Yes
DNR009513,Sneha Joshi,Male,37,O+,9879869769,Patna,Bihar,01-06-2025,Yes
DNR009514,Kunal Desai,Female,25,B+,8771696395,Pune,Maharashtra,11-10-2025,Yes
DNR009515,Vikram Singh,Female,30,B-,7919603786,Lucknow,Uttar Pradesh,18-09-2025,No
DNR009516,Aarav Sharma,Female,31,B+,7255461153,Bengaluru,Karnataka,04-05-2025,Yes
DNR009517,Rahul Verma,Female,51,A+,8449861807,Visakhapatnam,Andhra Pradesh,04-09-2025,Yes
DNR009518,Ananya Kapoor,Female,31,O+,9146784595,Surat,Gujarat,18-06-2022,Yes
DNR009519,Neha Iyer,Female,40,A+,7874094226,Jaipur,Rajasthan,11-04-2024,No
DNR009520,Priya Patel,Female,45,O+,9693574925,Kanpur,Uttar Pradesh,10-08-2022,No
DNR009521,Kunal Desai,Male,26,B+,7652507526,Patna,Bihar,05-12-2023,Yes
DNR009522,Rohan Mehta,Female,39,O+,8448540055,Kolkata,West Bengal,05-12-2024,Yes
DNR009523,Rahul Verma,Female,21,B+,9152149882,Surat,Gujarat,05-06-2022,No
DNR009524,Rahul Verma,Male,33,A+,9980368226,Visakhapatnam,Andhra Pradesh,30-12-2023,Yes
DNR009525,Sneha Joshi,Male,35,O+,9972877431,Lucknow,Uttar Pradesh,20-07-2024,Yes
DNR009526,Pooja Nair,Male,34,B+,7752891740,Kolkata,West Bengal,11-10-2025,Yes
DNR009527,Aarav Sharma,Female,36,AB+,7758595671,Mumbai,Maharashtra,04-12-2021,Yes
DNR009528,Sneha Joshi,Male,53,O+,7276464647,Delhi,Delhi,30-09-2024,Yes
DNR009529,Rohan Mehta,Female,20,O+,8530936281,Jaipur,Rajasthan,30-01-2025,Yes
DNR009530,Ananya Kapoor,Female,57,A+,7609995817,Bhopal,Madhya Pradesh,Never,No
DNR009531,Neha Iyer,Male,38,O+,9574828840,Gurgaon,Haryana,04-12-2024,Yes
DNR009532,Rohan Mehta,Male,29,O+,8372881960,Kanpur,Uttar Pradesh,07-09-2025,Yes
DNR009533,Priya Patel,Male,26,O-,8758663158,Patna,Bihar,21-06-2023,Yes
DNR009534,Rahul Verma,Female,41,A+,7974459935,Pune,Maharashtra,18-08-2023,No
DNR009535,Rahul Verma,Female,18,A+,7753578184,Mohali,Punjab,01-11-2025,Yes
DNR009536,Priya Patel,Female,29,O+,8082361030,Bhopal,Madhya Pradesh,13-12-2024,No
DNR009537,Aarav Sharma,Male,62,O+,8126073214,Bhopal,Madhya Pradesh,08-01-2022,Yes
DNR009538,Aarav Sharma,Male,32,O+,8121995979,Lucknow,Uttar Pradesh,12-04-2023,Yes
DNR009539,Aarav Sharma,Female,33,O+,9525087600,Patna,Bihar,05-11-2022,Yes
DNR009540,Pooja Nair,Male,38,AB+,8822775731,Surat,Gujarat,03-05-2024,Yes
DNR009541,Aarav Sharma,Female,35,A+,7920709000,Mumbai,Maharashtra,Never,No
DNR009542,Sneha Joshi,Male,41,B+,7732884366,Kolkata,West Bengal,24-10-2024,Yes
DNR009543,Pooja Nair,Male,18,B+,9821362049,Gurgaon,Haryana,23-10-2025,Yes
DNR009544,Rohan Mehta,Male,45,A-,9949050801,Hyderabad,Telangana,15-01-2024,Yes
DNR009545,Pooja Nair,Male,23,O+,9465207676,Kolkata,West Bengal,05-07-2024,Yes
DNR009546,Aarav Sharma,Female,32,O+,8237891146,Jaipur,Rajasthan,01-03-2025,Yes
DNR009547,Pooja Nair,Male,28,A-,7070882392,Mohali,Punjab,16-03-2021,Yes
DNR009548,Vikram Singh,Male,41,A+,8650042716,Bhopal,Madhya Pradesh,10-06-2025,Yes
DNR009549,Sneha Joshi,Male,46,B+,8020505536,Gurgaon,Haryana,28-03-2025,Yes
DNR009550,Rohan Mehta,Male,28,A+,8795115666,Vadodara,Gujarat,06-08-2025,Yes
DNR009551,Kunal Desai,Male,24,A+,9133248041,Kolkata,West Bengal,28-09-2025,Yes
DNR009552,Vikram Singh,Female,18,O-,9291158531,Visakhapatnam,Andhra Pradesh,07-11-2025,Yes
DNR009553,Priya Patel,Male,32,B+,8994896858,Bhopal,Madhya Pradesh,20-02-2024,No
DNR009554,Rohan Mehta,Male,40,B+,7177380498,Kolkata,West Bengal,07-06-2024,Yes
DNR009555,Rahul Verma,Male,18,B+,7763605131,Chennai,Tamil Nadu,12-02-2025,Yes
DNR009556,Vikram Singh,Female,37,B+,8502779144,Bengaluru,Karnataka,04-04-2025,No
DNR009557,Priya Patel,Female,28,B+,9095475110,Bengaluru,Karnataka,Never,Yes
DNR009558,Ananya Kapoor,Male,26,O+,7476602070,Mohali,Punjab,06-09-2024,No
DNR009559,Neha Iyer,Male,22,B+,9644378708,Bengaluru,Karnataka,Never,Yes
DNR009560,Pooja Nair,Male,26,A+,7896458948,Nagpur,Maharashtra,15-08-2025,Yes
DNR009561,Rahul Verma,Female,29,O+,8622353611,Kolkata,West Bengal,25-05-2025,No
DNR009562,Ananya Kapoor,Female,32,A+,8665887441,Patna,Bihar,11-08-2025,No
DNR009563,Pooja Nair,Male,30,O+,7991211371,Jaipur,Rajasthan,30-03-2023,Yes
DNR009564,Ananya Kapoor,Female,29,A+,9410819728,Chennai,Tamil Nadu,20-08-2024,Yes
DNR009565,Kunal Desai,Female,33,O-,7714075639,Jaipur,Rajasthan,21-05-2025,Yes
DNR009566,Kunal Desai,Male,22,O+,8831609758,Hyderabad,Telangana,26-10-2025,Yes
DNR009567,Neha Iyer,Female,39,A+,8542128762,Bengaluru,Karnataka,10-11-2024,No
DNR009568,Priya Patel,Male,26,A+,8999348376,Visakhapatnam,Andhra Pradesh,12-09-2023,Yes
DNR009569,Ananya Kapoor,Male,38,O+,8820411734,Nagpur,Maharashtra,28-12-2024,Yes
DNR009570,Pooja Nair,Male,55,A+,8906407887,Patna,Bihar,13-04-2024,No
DNR009571,Neha Iyer,Female,21,A+,7627263107,Pune,Maharashtra,17-09-2024,No
DNR009572,Aarav Sharma,Female,29,B+,7189068095,Chennai,Tamil Nadu,30-04-2024,No
DNR009573,Kunal Desai,Male,39,O+,8693925685,Surat,Gujarat,17-12-2023,Yes
DNR009574,Rohan Mehta,Male,30,A+,9554772908,Thiruvananthapuram,Kerala,08-02-2024,No
DNR009575,Ananya Kapoor,Female,52,B+,9104745910,Surat,Gujarat,03-06-2025,Yes
DNR009576,Rohan Mehta,Male,38,O+,7219313694,Lucknow,Uttar Pradesh,23-09-2023,Yes
DNR009577,Priya Patel,Female,33,A-,7079529586,Mohali,Punjab,Never,No
DNR009578,Pooja Nair,Male,26,AB+,7765997153,Vadodara,Gujarat,11-07-2025,Yes
DNR009579,Sneha Joshi,Male,41,B+,8388995344,Pune,Maharashtra,21-06-2023,Yes
DNR009580,Ananya Kapoor,Male,38,B+,8492043106,Thiruvananthapuram,Kerala,11-05-2025,No
DNR009581,Priya Patel,Female,30,O+,9235872137,Delhi,Delhi,07-09-2025,Yes
DNR009582,Rohan Mehta,Female,42,O+,8703852359,Patna,Bihar,29-04-2024,Yes
DNR009583,Priya Patel,Male,33,O+,8436046440,Bhopal,Madhya Pradesh,03-10-2024,No
DNR009584,Sneha Joshi,Male,31,O+,7817868806,Pune,Maharashtra,28-12-2022,No
DNR009585,Rahul Verma,Male,28,A+,8109381630,Bhopal,Madhya Pradesh,27-10-2025,Yes
DNR009586,Aarav Sharma,Male,18,A+,8910540327,Jaipur,Rajasthan,Never,Yes
DNR009587,Aarav Sharma,Female,32,A+,7241882400,Mumbai,Maharashtra,25-10-2025,No
DNR009588,Vikram Singh,Female,41,O+,7491525899,Visakhapatnam,Andhra Pradesh,04-06-2024,No
DNR009589,Ananya Kapoor,Male,18,B+,7538452227,Jaipur,Rajasthan,26-04-2024,Yes
DNR009590,Priya Patel,Female,46,A+,9203252241,Kolkata,West Bengal,23-08-2025,No
DNR009591,Vikram Singh,Male,27,O+,8667855056,Gurgaon,Haryana,22-05-2024,Yes
DNR009592,Rahul Verma,Male,38,O+,7247056926,Vadodara,Gujarat,21-02-2025,Yes
DNR009593,Neha Iyer,Male,18,A+,8455805478,Pune,Maharashtra,24-01-2025,No
DNR009594,Aarav Sharma,Male,29,B+,8865265562,Chennai,Tamil Nadu,04-10-2025,Yes
DNR009595,Kunal Desai,Male,48,B+,7200402730,Chennai,Tamil Nadu,08-11-2020,Yes
DNR009596,Priya Patel,Male,22,A+,9424381437,Vadodara,Gujarat,10-09-2025,Yes
DNR009597,Sneha Joshi,Male,33,B+,9785356881,Bengaluru,Karnataka,09-03-2024,Yes
DNR009598,Ananya Kapoor,Male,27,AB-,7367077059,Mohali,Punjab,16-08-2025,Yes
DNR009599,Priya Patel,Female,45,O+,7788826202,Delhi,Delhi,01-10-2025,Yes
DNR009600,Rahul Verma,Male,48,B+,9033328543,Gurgaon,Haryana,05-01-2025,No
DNR009601,Neha Iyer,Male,25,B+,7047731160,Jaipur,Rajasthan,11-10-2025,No
DNR009602,Vikram Singh,Male,30,AB+,8603914924,Delhi,Delhi,01-08-2025,Yes
DNR009603,Ananya Kapoor,Female,33,B+,7211144473,Vadodara,Gujarat,16-03-2025,Yes
DNR009604,Kunal Desai,Male,29,B+,8069257303,Ahmedabad,Gujarat,26-09-2025,No
DNR009605,Vikram Singh,Male,30,A+,9687942144,Bhopal,Madhya Pradesh,22-07-2025,Yes
DNR009606,Sneha Joshi,Female,32,AB+,8630482314,Lucknow,Uttar Pradesh,30-07-2025,Yes
DNR009607,Neha Iyer,Female,49,AB+,7218775501,Patna,Bihar,28-06-2025,Yes
DNR009608,Vikram Singh,Female,35,A+,7241000872,Gurgaon,Haryana,14-09-2024,No
DNR009609,Kunal Desai,Male,36,O+,9004582427,Mumbai,Maharashtra,23-12-2022,Yes
DNR009610,Vikram Singh,Male,43,B+,8893652159,Lucknow,Uttar Pradesh,18-01-2025,Yes
DNR009611,Kunal Desai,Male,38,B+,7596998537,Chennai,Tamil Nadu,25-10-2025,No
DNR009612,Ananya Kapoor,Female,26,O+,7865733604,Thiruvananthapuram,Kerala,11-07-2025,Yes
DNR009613,Pooja Nair,Male,34,B+,7786239417,Delhi,Delhi,17-08-2025,Yes
DNR009614,Sneha Joshi,Female,22,B+,8504904007,Mumbai,Maharashtra,30-09-2021,Yes
DNR009615,Rohan Mehta,Male,28,B+,9391760707,Jaipur,Rajasthan,18-09-2024,Yes
DNR009616,Rohan Mehta,Female,27,B+,8362604633,Surat,Gujarat,28-01-2021,No
DNR009617,Aarav Sharma,Male,45,B+,9484812564,Surat,Gujarat,19-03-2025,No
DNR009618,Rohan Mehta,Female,41,B+,9454933321,Mohali,Punjab,04-02-2025,No
DNR009619,Priya Patel,Male,38,A+,8948007371,Bhopal,Madhya Pradesh,23-06-2023,Yes
DNR009620,Vikram Singh,Female,18,B+,9416445275,Nagpur,Maharashtra,25-10-2025,No
DNR009621,Aarav Sharma,Female,41,B+,7663485582,Nagpur,Maharashtra,12-02-2025,Yes
DNR009622,Kunal Desai,Male,37,B+,8590887567,Lucknow,Uttar Pradesh,06-09-2024,Yes
DNR009623,Aarav Sharma,Female,32,O+,9829906404,Kolkata,West Bengal,Never,Yes
DNR009624,Rahul Verma,Male,25,O+,7654378524,Lucknow,Uttar Pradesh,22-01-2024,Yes
DNR009625,Sneha Joshi,Female,38,B+,8471486826,Ahmedabad,Gujarat,27-10-2025,Yes
DNR009626,Neha Iyer,Female,22,O+,9877985643,Delhi,Delhi,07-08-2024,No
DNR009627,Sneha Joshi,Male,31,O-,9305498426,Chennai,Tamil Nadu,21-05-2024,Yes
DNR009628,Ananya Kapoor,Female,34,A+,9946619193,Mumbai,Maharashtra,08-11-2020,No
DNR009629,Priya Patel,Female,30,A+,8522556989,Nagpur,Maharashtra,23-08-2025,No
DNR009630,Aarav Sharma,Female,43,B+,7763620037,Chennai,Tamil Nadu,08-03-2023,Yes
DNR009631,Kunal Desai,Male,41,O+,9140975293,Kanpur,Uttar Pradesh,26-05-2025,Yes
DNR009632,Rahul Verma,Female,28,B+,8668861129,Ahmedabad,Gujarat,17-06-2023,Yes
DNR009633,Aarav Sharma,Female,24,O+,8661686530,Bhopal,Madhya Pradesh,06-05-2025,Yes
DNR009634,Pooja Nair,Male,49,B-,9200815978,Bhopal,Madhya Pradesh,26-07-2025,Yes
DNR009635,Vikram Singh,Female,27,B+,8223338128,Mumbai,Maharashtra,02-09-2025,Yes
DNR009636,Ananya Kapoor,Male,37,A+,9791477112,Hyderabad,Telangana,11-05-2021,Yes
DNR009637,Neha Iyer,Male,43,O+,8141390817,Visakhapatnam,Andhra Pradesh,19-09-2021,Yes
DNR009638,Rahul Verma,Male,45,AB+,7891862706,Hyderabad,Telangana,02-10-2024,Yes
DNR009639,Ananya Kapoor,Female,43,O+,7507043790,Vadodara,Gujarat,28-07-2024,Yes
DNR009640,Ananya Kapoor,Female,38,B+,7624058964,Pune,Maharashtra,08-11-2020,No
DNR009641,Neha Iyer,Female,29,O+,8346521103,Visakhapatnam,Andhra Pradesh,10-05-2023,No
DNR009642,Kunal Desai,Female,33,O+,8063021545,Gurgaon,Haryana,25-12-2024,No
DNR009643,Aarav Sharma,Male,29,O+,9384994826,Delhi,Delhi,13-12-2024,Yes
DNR009644,Priya Patel,Male,18,O+,7845977261,Bengaluru,Karnataka,24-11-2023,Yes
DNR009645,Neha Iyer,Female,27,O+,9507561933,Delhi,Delhi,07-12-2024,No
DNR009646,Kunal Desai,Male,35,O+,9047705916,Surat,Gujarat,21-12-2023,Yes
DNR009647,Rohan Mehta,Male,30,B+,9521850910,Lucknow,Uttar Pradesh,23-12-2021,Yes
DNR009648,Ananya Kapoor,Male,40,B+,9108066959,Ahmedabad,Gujarat,16-10-2021,Yes
DNR009649,Priya Patel,Female,28,O+,9166483341,Bhopal,Madhya Pradesh,26-06-2023,Yes
DNR009650,Vikram Singh,Male,35,B+,9372716459,Vadodara,Gujarat,04-10-2022,Yes
DNR009651,Pooja Nair,Female,50,A+,7991012773,Surat,Gujarat,19-09-2021,No
DNR009652,Kunal Desai,Female,58,B-,7277324574,Jaipur,Rajasthan,06-07-2025,Yes
DNR009653,Kunal Desai,Male,28,A+,8840949471,Delhi,Delhi,07-11-2025,No
DNR009654,Vikram Singh,Female,46,O+,9956690692,Ahmedabad,Gujarat,19-07-2025,Yes
DNR009655,Aarav Sharma,Male,36,O-,8521994734,Delhi,Delhi,08-07-2025,No
DNR009656,Sneha Joshi,Female,21,B+,7816701918,Jaipur,Rajasthan,14-10-2025,No
DNR009657,Vikram Singh,Male,41,A+,9459949198,Chennai,Tamil Nadu,09-04-2021,Yes
DNR009658,Priya Patel,Female,33,A+,8748948088,Mohali,Punjab,12-02-2025,Yes
DNR009659,Kunal Desai,Female,34,O+,7731201701,Hyderabad,Telangana,23-06-2024,No
DNR009660,Ananya Kapoor,Female,25,O-,7683371395,Mumbai,Maharashtra,29-08-2023,No
DNR009661,Aarav Sharma,Male,24,B+,8933790472,Bengaluru,Karnataka,13-02-2024,Yes
DNR009662,Kunal Desai,Male,25,B+,9904077106,Jaipur,Rajasthan,07-04-2025,Yes
DNR009663,Sneha Joshi,Male,23,AB+,8124139643,Thiruvananthapuram,Kerala,13-07-2025,Yes
DNR009664,Sneha Joshi,Female,26,AB+,8904261571,Pune,Maharashtra,19-06-2025,Yes
DNR009665,Rohan Mehta,Female,30,A+,9553156901,Vadodara,Gujarat,18-07-2025,No
DNR009666,Aarav Sharma,Female,41,O+,7648979364,Mumbai,Maharashtra,28-08-2025,No
DNR009667,Aarav Sharma,Male,21,O+,7635580800,Ahmedabad,Gujarat,30-03-2025,Yes
DNR009668,Neha Iyer,Male,29,A+,9226161360,Bhopal,Madhya Pradesh,14-12-2023,Yes
DNR009669,Rahul Verma,Female,51,O+,9569211495,Surat,Gujarat,12-09-2023,No
DNR009670,Pooja Nair,Male,27,B+,9317434620,Hyderabad,Telangana,30-08-2025,Yes
DNR009671,Priya Patel,Male,51,O+,8984796093,Hyderabad,Telangana,18-10-2025,Yes
DNR009672,Rahul Verma,Male,30,A+,7416942414,Patna,Bihar,06-11-2025,Yes
DNR009673,Rahul Verma,Male,18,O+,7072112226,Ahmedabad,Gujarat,27-02-2025,Yes
DNR009674,Rahul Verma,Female,35,A+,9679533281,Kolkata,West Bengal,07-03-2024,No
DNR009675,Rahul Verma,Female,20,B+,7509546803,Mohali,Punjab,05-02-2024,No
DNR009676,Vikram Singh,Male,34,A+,8712177760,Thiruvananthapuram,Kerala,09-01-2025,Yes
DNR009677,Aarav Sharma,Male,40,O+,9594857872,Ahmedabad,Gujarat,17-08-2024,Yes
DNR009678,Rahul Verma,Male,41,B+,8869697072,Vadodara,Gujarat,02-03-2023,Yes
DNR009679,Priya Patel,Female,51,B+,7975692391,Hyderabad,Telangana,21-09-2025,Yes
DNR009680,Sneha Joshi,Female,21,A+,7936800102,Chennai,Tamil Nadu,06-10-2023,Yes
DNR009681,Neha Iyer,Male,48,O+,8835321085,Mohali,Punjab,04-02-2025,No
DNR009682,Priya Patel,Female,22,B+,9302464478,Visakhapatnam,Andhra Pradesh,28-05-2025,Yes
DNR009683,Rohan Mehta,Female,37,A+,9713911170,Jaipur,Rajasthan,25-04-2025,No
DNR009684,Priya Patel,Female,24,O+,7687208472,Kanpur,Uttar Pradesh,02-11-2025,No
DNR009685,Ananya Kapoor,Female,45,B+,9966165788,Ahmedabad,Gujarat,Never,Yes
DNR009686,Neha Iyer,Female,22,O+,7964575682,Kolkata,West Bengal,14-03-2025,Yes
DNR009687,Sneha Joshi,Female,40,A+,8852729651,Gurgaon,Haryana,Never,No
DNR009688,Sneha Joshi,Female,33,B+,7906177808,Pune,Maharashtra,19-05-2024,No
DNR009689,Ananya Kapoor,Male,43,B+,8039500751,Gurgaon,Haryana,19-02-2025,Yes
DNR009690,Rahul Verma,Female,43,A+,9945652307,Surat,Gujarat,24-07-2022,No
DNR009691,Neha Iyer,Female,26,O+,7853661138,Kolkata,West Bengal,21-03-2025,No
DNR009692,Aarav Sharma,Female,22,B+,7999162785,Chennai,Tamil Nadu,19-10-2025,Yes
DNR009693,Priya Patel,Female,42,A+,7897246573,Visakhapatnam,Andhra Pradesh,07-03-2024,Yes
DNR009694,Kunal Desai,Female,29,O+,9184191162,Mumbai,Maharashtra,17-06-2025,Yes
DNR009695,Rohan Mehta,Female,41,B+,9218564261,Vadodara,Gujarat,26-09-2025,No
DNR009696,Aarav Sharma,Male,41,O+,8292676934,Bengaluru,Karnataka,11-09-2024,Yes
DNR009697,Rohan Mehta,Female,28,B+,9084931564,Vadodara,Gujarat,08-08-2025,Yes
DNR009698,Neha Iyer,Male,18,AB+,9997031930,Delhi,Delhi,25-09-2022,Yes
DNR009699,Kunal Desai,Female,41,O-,7322749813,Thiruvananthapuram,Kerala,18-10-2025,No
DNR009700,Aarav Sharma,Female,31,O+,9581393160,Pune,Maharashtra,18-08-2025,No
DNR009701,Aarav Sharma,Female,42,B+,9376401664,Patna,Bihar,09-09-2025,No
DNR009702,Rahul Verma,Female,22,B+,8880356467,Lucknow,Uttar Pradesh,24-09-2025,No
DNR009703,Aarav Sharma,Male,21,O+,7844777247,Kolkata,West Bengal,29-04-2021,Yes
DNR009704,Vikram Singh,Male,23,B+,9587512787,Jaipur,Rajasthan,22-03-2023,Yes
DNR009705,Rahul Verma,Male,42,O+,8491274195,Nagpur,Maharashtra,26-09-2023,Yes
DNR009706,Sneha Joshi,Female,27,O+,7113936655,Nagpur,Maharashtra,09-07-2025,No
DNR009707,Kunal Desai,Female,31,B+,9730616365,Kanpur,Uttar Pradesh,10-10-2025,No
DNR009708,Vikram Singh,Female,19,O+,9418038149,Delhi,Delhi,10-06-2024,No
DNR009709,Rohan Mehta,Female,24,O+,7288892669,Mohali,Punjab,06-07-2022,Yes
DNR009710,Ananya Kapoor,Male,36,B+,9973091859,Surat,Gujarat,15-09-2025,Yes
DNR009711,Pooja Nair,Female,25,A+,8746094127,Delhi,Delhi,18-10-2025,Yes
DNR009712,Aarav Sharma,Male,38,O+,7505188875,Pune,Maharashtra,03-05-2025,Yes
DNR009713,Kunal Desai,Female,36,A-,9442773407,Bengaluru,Karnataka,08-12-2024,Yes
DNR009714,Ananya Kapoor,Male,31,B+,8226226823,Patna,Bihar,25-10-2025,Yes
DNR009715,Kunal Desai,Male,38,B+,8044826597,Mohali,Punjab,01-02-2025,Yes
DNR009716,Sneha Joshi,Male,25,O+,7184133066,Nagpur,Maharashtra,04-05-2025,Yes
DNR009717,Rahul Verma,Male,20,B+,7994333494,Bengaluru,Karnataka,Never,Yes
DNR009718,Rahul Verma,Male,40,A+,9070388904,Patna,Bihar,03-08-2024,Yes
DNR009719,Vikram Singh,Male,22,O+,7693632245,Jaipur,Rajasthan,24-09-2025,No
DNR009720,Kunal Desai,Male,18,A+,7869293137,Patna,Bihar,08-07-2024,Yes
DNR009721,Aarav Sharma,Female,47,B+,8732370050,Lucknow,Uttar Pradesh,28-08-2023,No
DNR009722,Pooja Nair,Female,24,O+,7723050851,Ahmedabad,Gujarat,23-06-2022,No
DNR009723,Priya Patel,Female,32,O+,7908323343,Bhopal,Madhya Pradesh,08-11-2020,No
DNR009724,Vikram Singh,Male,53,A+,8444594717,Thiruvananthapuram,Kerala,18-03-2025,Yes
DNR009725,Vikram Singh,Male,20,O+,7496110735,Mohali,Punjab,02-05-2023,Yes
DNR009726,Rahul Verma,Other,25,A+,9442832677,Lucknow,Uttar Pradesh,01-11-2025,Yes
DNR009727,Kunal Desai,Male,32,A+,8263067118,Kanpur,Uttar Pradesh,10-03-2025,Yes
DNR009728,Kunal Desai,Male,18,B+,7241416683,Mumbai,Maharashtra,04-06-2025,Yes
DNR009729,Sneha Joshi,Male,42,O+,9223999494,Nagpur,Maharashtra,25-09-2024,Yes
DNR009730,Neha Iyer,Male,47,A-,7615848371,Lucknow,Uttar Pradesh,10-03-2024,Yes
DNR009731,Rahul Verma,Male,35,O+,7032441803,Mohali,Punjab,29-09-2024,Yes
DNR009732,Rohan Mehta,Female,31,O+,8919209035,Ahmedabad,Gujarat,02-05-2025,No
DNR009733,Rohan Mehta,Female,39,O+,9514610552,Kanpur,Uttar Pradesh,08-11-2020,Yes
DNR009734,Aarav Sharma,Male,36,B+,8098243923,Hyderabad,Telangana,08-11-2020,Yes
DNR009735,Rahul Verma,Female,30,A+,8574513850,Vadodara,Gujarat,03-06-2025,Yes
DNR009736,Priya Patel,Male,38,A+,9661779583,Kanpur,Uttar Pradesh,05-08-2022,Yes
DNR009737,Sneha Joshi,Female,36,B+,9399568592,Patna,Bihar,18-03-2024,Yes
DNR009738,Neha Iyer,Female,37,B-,7366786658,Thiruvananthapuram,Kerala,05-08-2025,Yes
DNR009739,Pooja Nair,Female,36,A+,8149730248,Thiruvananthapuram,Kerala,18-11-2023,No
DNR009740,Vikram Singh,Female,34,O+,8639273234,Mohali,Punjab,10-06-2025,Yes
DNR009741,Rahul Verma,Male,34,O+,8518685518,Kolkata,West Bengal,14-03-2024,Yes
DNR009742,Neha Iyer,Male,36,O+,7596391397,Ahmedabad,Gujarat,08-11-2020,Yes
DNR009743,Ananya Kapoor,Female,41,B+,8202080801,Delhi,Delhi,21-10-2024,No
DNR009744,Ananya Kapoor,Female,35,B+,9768995336,Patna,Bihar,07-09-2025,Yes
DNR009745,Sneha Joshi,Female,33,O+,8817369238,Patna,Bihar,06-11-2025,Yes
DNR009746,Kunal Desai,Male,20,B+,8831890178,Delhi,Delhi,10-10-2025,Yes
DNR009747,Ananya Kapoor,Female,41,A+,7637868876,Thiruvananthapuram,Kerala,08-11-2020,No
DNR009748,Pooja Nair,Female,37,B+,7085856956,Hyderabad,Telangana,23-12-2020,Yes
DNR009749,Rahul Verma,Male,36,B+,8829674326,Bengaluru,Karnataka,08-04-2024,Yes
DNR009750,Ananya Kapoor,Male,46,O+,7346427617,Chennai,Tamil Nadu,03-11-2023,No
DNR009751,Ananya Kapoor,Male,29,B+,8756327786,Chennai,Tamil Nadu,09-10-2023,Yes
DNR009752,Rahul Verma,Female,39,A+,8000696343,Delhi,Delhi,24-10-2025,Yes
DNR009753,Neha Iyer,Male,48,O-,7150868831,Bhopal,Madhya Pradesh,27-07-2025,No
DNR009754,Priya Patel,Female,29,B+,8882503380,Kanpur,Uttar Pradesh,26-01-2022,Yes
DNR009755,Pooja Nair,Female,44,B+,8521532327,Jaipur,Rajasthan,04-10-2025,Yes
DNR009756,Rohan Mehta,Female,27,B+,9351561489,Patna,Bihar,05-10-2024,No
DNR009757,Neha Iyer,Female,27,O+,8226957161,Delhi,Delhi,08-07-2024,No
DNR009758,Rahul Verma,Female,34,O+,7984370317,Pune,Maharashtra,31-12-2024,No
DNR009759,Aarav Sharma,Female,52,A+,9590170507,Chennai,Tamil Nadu,07-06-2025,Yes
DNR009760,Rahul Verma,Female,37,A+,8710309745,Gurgaon,Haryana,23-06-2022,No
DNR009761,Neha Iyer,Male,31,A+,8064367463,Thiruvananthapuram,Kerala,07-10-2025,Yes
DNR009762,Kunal Desai,Male,44,A+,8003850689,Hyderabad,Telangana,17-06-2025,No
DNR009763,Rohan Mehta,Female,28,O+,8065548786,Mumbai,Maharashtra,09-04-2025,No
DNR009764,Rohan Mehta,Female,46,O+,8597366287,Patna,Bihar,18-06-2025,No
DNR009765,Pooja Nair,Male,47,A+,8272873927,Nagpur,Maharashtra,Never,Yes
DNR009766,Vikram Singh,Female,38,B+,9827327784,Gurgaon,Haryana,24-11-2023,Yes
DNR009767,Kunal Desai,Female,32,O+,8778467248,Delhi,Delhi,11-09-2025,No
DNR009768,Priya Patel,Male,46,A+,8050607181,Patna,Bihar,04-05-2025,No
DNR009769,Ananya Kapoor,Female,33,B+,9887270061,Mohali,Punjab,10-02-2025,Yes
DNR009770,Ananya Kapoor,Male,44,O+,7317930582,Vadodara,Gujarat,18-09-2024,Yes
DNR009771,Neha Iyer,Female,28,B+,8684833560,Mumbai,Maharashtra,29-07-2025,No
DNR009772,Rahul Verma,Male,56,O+,8493472162,Gurgaon,Haryana,28-03-2023,Yes
DNR009773,Pooja Nair,Female,30,B+,7505873271,Kolkata,West Bengal,25-05-2025,Yes
DNR009774,Aarav Sharma,Female,32,A+,9929228870,Thiruvananthapuram,Kerala,23-10-2021,Yes
DNR009775,Aarav Sharma,Female,48,B+,8641515460,Thiruvananthapuram,Kerala,04-03-2023,No
DNR009776,Priya Patel,Male,27,O+,8893969659,Jaipur,Rajasthan,26-10-2024,Yes
DNR009777,Rahul Verma,Male,31,O+,8769272725,Kolkata,West Bengal,25-07-2023,Yes
DNR009778,Pooja Nair,Female,37,B-,7113970381,Chennai,Tamil Nadu,15-06-2022,No
DNR009779,Priya Patel,Male,29,B+,7639146791,Visakhapatnam,Andhra Pradesh,22-06-2025,Yes
DNR009780,Aarav Sharma,Female,43,AB+,8598434496,Jaipur,Rajasthan,20-06-2024,Yes
DNR009781,Sneha Joshi,Female,42,A+,8471794109,Lucknow,Uttar Pradesh,19-07-2025,Yes
DNR009782,Neha Iyer,Male,35,O+,7800721737,Delhi,Delhi,31-08-2024,Yes
DNR009783,Vikram Singh,Female,44,O-,8836132696,Lucknow,Uttar Pradesh,15-09-2022,No
DNR009784,Sneha Joshi,Female,32,A+,8167561410,Visakhapatnam,Andhra Pradesh,11-01-2025,Yes
DNR009785,Priya Patel,Female,42,O+,8207112292,Hyderabad,Telangana,17-10-2025,Yes
DNR009786,Aarav Sharma,Male,35,O+,8144624889,Gurgaon,Haryana,16-02-2025,Yes
DNR009787,Pooja Nair,Male,24,A+,7015178327,Chennai,Tamil Nadu,23-09-2024,Yes
DNR009788,Pooja Nair,Male,18,B+,8356298896,Mohali,Punjab,18-07-2025,Yes
DNR009789,Priya Patel,Male,38,B+,8649187054,Chennai,Tamil Nadu,02-05-2023,No
DNR009790,Neha Iyer,Female,34,A+,8389172061,Surat,Gujarat,28-08-2025,No
DNR009791,Kunal Desai,Male,52,B+,8257226636,Lucknow,Uttar Pradesh,12-02-2025,Yes
DNR009792,Rohan Mehta,Female,35,A+,7615859357,Patna,Bihar,15-10-2023,No
DNR009793,Neha Iyer,Female,40,B-,8482477216,Mumbai,Maharashtra,05-01-2024,Yes
DNR009794,Sneha Joshi,Male,34,AB+,9804433104,Thiruvananthapuram,Kerala,22-10-2025,Yes
DNR009795,Neha Iyer,Female,34,B+,8628410655,Bhopal,Madhya Pradesh,06-09-2025,Yes
DNR009796,Pooja Nair,Female,36,O+,8351654636,Mumbai,Maharashtra,07-05-2023,Yes
DNR009797,Vikram Singh,Female,30,B-,8853847349,Bhopal,Madhya Pradesh,12-07-2022,Yes
DNR009798,Neha Iyer,Male,37,O+,8631191350,Delhi,Delhi,10-05-2023,No
DNR009799,Priya Patel,Female,25,O+,7487041931,Mumbai,Maharashtra,20-07-2023,No
DNR009800,Ananya Kapoor,Female,28,B+,7162962999,Mohali,Punjab,19-09-2025,Yes
DNR009801,Aarav Sharma,Female,34,O+,8520207158,Surat,Gujarat,19-11-2023,Yes
DNR009802,Ananya Kapoor,Male,21,A+,8817130917,Bengaluru,Karnataka,08-11-2020,Yes
DNR009803,Rohan Mehta,Female,27,B+,8010663456,Mohali,Punjab,27-08-2025,Yes
DNR009804,Kunal Desai,Female,18,O+,7383375437,Visakhapatnam,Andhra Pradesh,07-05-2024,Yes
DNR009805,Vikram Singh,Male,45,B-,7353366458,Mohali,Punjab,13-03-2024,Yes
DNR009806,Aarav Sharma,Female,39,O+,8139553373,Vadodara,Gujarat,29-09-2024,Yes
DNR009807,Aarav Sharma,Female,28,O-,7979988577,Bengaluru,Karnataka,09-09-2023,No
DNR009808,Vikram Singh,Female,37,B+,8307399989,Delhi,Delhi,28-10-2025,Yes
DNR009809,Kunal Desai,Male,26,A+,8066564008,Patna,Bihar,11-02-2024,Yes
DNR009810,Ananya Kapoor,Female,19,B+,7939230396,Chennai,Tamil Nadu,22-09-2025,No
DNR009811,Ananya Kapoor,Male,53,A+,9537550897,Bengaluru,Karnataka,03-11-2025,No
DNR009812,Ananya Kapoor,Female,30,B-,7830643888,Kanpur,Uttar Pradesh,26-09-2025,Yes
DNR009813,Rohan Mehta,Female,38,O+,7072135684,Patna,Bihar,Never,No
DNR009814,Vikram Singh,Female,37,O+,7008818570,Mohali,Punjab,05-05-2025,Yes
DNR009815,Neha Iyer,Male,40,O+,8547703228,Mumbai,Maharashtra,28-07-2025,No
DNR009816,Kunal Desai,Male,39,A+,7996250144,Gurgaon,Haryana,29-03-2025,Yes
DNR009817,Ananya Kapoor,Male,45,B+,7510208555,Surat,Gujarat,16-08-2025,Yes
DNR009818,Pooja Nair,Other,57,A+,7884840997,Mohali,Punjab,06-05-2024,Yes
DNR009819,Vikram Singh,Female,36,A-,7654067620,Pune,Maharashtra,04-04-2023,Yes
DNR009820,Pooja Nair,Female,18,B+,8528435068,Bhopal,Madhya Pradesh,15-05-2025,No
DNR009821,Sneha Joshi,Female,45,B+,7168613464,Ahmedabad,Gujarat,22-10-2025,No
DNR009822,Priya Patel,Female,26,B+,8916055978,Mumbai,Maharashtra,02-11-2021,No
DNR009823,Sneha Joshi,Female,38,A+,7271474335,Gurgaon,Haryana,24-09-2025,Yes
DNR009824,Kunal Desai,Male,34,O+,9592361188,Jaipur,Rajasthan,18-11-2024,Yes
DNR009825,Rahul Verma,Female,41,A+,7919425194,Lucknow,Uttar Pradesh,26-10-2025,Yes
DNR009826,Neha Iyer,Male,32,A+,7527550027,Kanpur,Uttar Pradesh,06-11-2025,Yes
DNR009827,Rohan Mehta,Male,24,O+,8517259347,Bengaluru,Karnataka,16-10-2025,No
DNR009828,Kunal Desai,Male,43,O+,8612252307,Patna,Bihar,24-10-2024,Yes
DNR009829,Ananya Kapoor,Male,28,A+,7611470476,Visakhapatnam,Andhra Pradesh,21-05-2025,Yes
DNR009830,Rohan Mehta,Male,35,O+,9849909368,Hyderabad,Telangana,14-02-2025,Yes
DNR009831,Ananya Kapoor,Male,18,O-,9891098519,Mohali,Punjab,08-11-2020,Yes
DNR009832,Rohan Mehta,Female,27,O+,9336896648,Chennai,Tamil Nadu,Never,No
DNR009833,Ananya Kapoor,Male,46,O+,8966989625,Patna,Bihar,12-08-2023,Yes
DNR009834,Vikram Singh,Male,24,A+,8392224446,Mumbai,Maharashtra,01-07-2025,Yes
DNR009835,Neha Iyer,Female,27,O+,7600096856,Kolkata,West Bengal,15-07-2024,No
DNR009836,Neha Iyer,Female,22,B+,7986400235,Jaipur,Rajasthan,24-11-2023,Yes
DNR009837,Kunal Desai,Female,18,A+,7325787412,Delhi,Delhi,31-07-2024,Yes
DNR009838,Sneha Joshi,Male,33,AB+,9832987569,Mohali,Punjab,31-10-2025,Yes
DNR009839,Pooja Nair,Female,29,O+,8241978381,Nagpur,Maharashtra,07-09-2023,No
DNR009840,Kunal Desai,Female,28,O+,7064348897,Kanpur,Uttar Pradesh,02-03-2023,Yes
DNR009841,Neha Iyer,Female,34,B-,7958162760,Kolkata,West Bengal,29-07-2024,Yes
DNR009842,Vikram Singh,Male,33,O+,8262786784,Ahmedabad,Gujarat,Never,Yes
DNR009843,Rahul Verma,Female,29,A-,8057405462,Bengaluru,Karnataka,02-10-2024,Yes
DNR009844,Pooja Nair,Male,21,O-,9915388409,Jaipur,Rajasthan,21-11-2024,Yes
DNR009845,Sneha Joshi,Female,40,B+,9216689225,Delhi,Delhi,08-12-2024,No
DNR009846,Rahul Verma,Female,35,O-,8475344859,Pune,Maharashtra,Never,No
DNR009847,Pooja Nair,Male,34,O+,9593323349,Patna,Bihar,06-11-2025,Yes
DNR009848,Kunal Desai,Male,47,O+,9266705912,Kolkata,West Bengal,22-09-2024,Yes
DNR009849,Pooja Nair,Male,34,O+,9062953106,Chennai,Tamil Nadu,30-07-2025,Yes
DNR009850,Kunal Desai,Other,42,O-,8769409570,Vadodara,Gujarat,17-02-2025,Yes
DNR009851,Neha Iyer,Male,21,B+,7181621097,Thiruvananthapuram,Kerala,23-12-2022,Yes
DNR009852,Rohan Mehta,Male,41,B+,9905453754,Pune,Maharashtra,10-08-2025,Yes
DNR009853,Ananya Kapoor,Male,29,O+,8355982394,Patna,Bihar,28-06-2025,No
DNR009854,Rahul Verma,Male,35,B+,8878595189,Gurgaon,Haryana,12-08-2023,Yes
DNR009855,Pooja Nair,Female,30,B-,8657520550,Vadodara,Gujarat,14-07-2025,Yes
DNR009856,Vikram Singh,Male,21,O+,9003541787,Lucknow,Uttar Pradesh,23-09-2023,Yes
DNR009857,Priya Patel,Male,22,O+,8680313417,Delhi,Delhi,15-12-2022,Yes
DNR009858,Pooja Nair,Female,28,A-,7928231859,Delhi,Delhi,27-06-2025,Yes
DNR009859,Ananya Kapoor,Male,49,O+,8444717763,Vadodara,Gujarat,28-10-2024,Yes
DNR009860,Vikram Singh,Female,39,O+,7502279290,Mohali,Punjab,26-03-2025,No
DNR009861,Pooja Nair,Male,32,B+,8954872914,Mumbai,Maharashtra,24-08-2025,Yes
DNR009862,Vikram Singh,Female,22,B+,9223443075,Surat,Gujarat,12-10-2025,No
DNR009863,Neha Iyer,Female,19,O+,8798268882,Surat,Gujarat,Never,Yes
DNR009864,Rohan Mehta,Male,49,A-,8717870750,Lucknow,Uttar Pradesh,13-06-2022,Yes
DNR009865,Vikram Singh,Male,32,B+,9813054291,Nagpur,Maharashtra,04-11-2024,No
DNR009866,Priya Patel,Male,44,O+,8863220908,Bengaluru,Karnataka,11-04-2023,Yes
DNR009867,Aarav Sharma,Male,35,AB+,9413256101,Kanpur,Uttar Pradesh,09-07-2022,Yes
DNR009868,Rohan Mehta,Male,39,O+,7997841720,Lucknow,Uttar Pradesh,08-11-2022,Yes
DNR009869,Neha Iyer,Male,56,B+,9178549154,Delhi,Delhi,26-02-2024,Yes
DNR009870,Pooja Nair,Male,46,A+,8119232970,Ahmedabad,Gujarat,10-11-2024,No
DNR009871,Rahul Verma,Male,42,O+,9787521195,Thiruvananthapuram,Kerala,25-03-2025,Yes
DNR009872,Neha Iyer,Male,36,B+,7595438960,Vadodara,Gujarat,06-11-2025,Yes
DNR009873,Pooja Nair,Female,29,A+,9732583118,Visakhapatnam,Andhra Pradesh,22-12-2024,No
DNR009874,Neha Iyer,Male,31,O+,9785367088,Kanpur,Uttar Pradesh,02-12-2024,No
DNR009875,Ananya Kapoor,Female,21,A+,7392837769,Hyderabad,Telangana,03-06-2023,No
DNR009876,Vikram Singh,Female,27,A+,9072764109,Jaipur,Rajasthan,31-07-2025,Yes
DNR009877,Aarav Sharma,Female,47,O+,8410406390,Kolkata,West Bengal,17-07-2025,Yes
DNR009878,Pooja Nair,Male,52,A+,7633307481,Patna,Bihar,16-04-2024,Yes
DNR009879,Sneha Joshi,Male,47,O+,8492344555,Chennai,Tamil Nadu,08-11-2020,Yes
DNR009880,Ananya Kapoor,Male,23,O+,8618643077,Lucknow,Uttar Pradesh,15-09-2025,Yes
DNR009881,Rahul Verma,Female,41,O+,9715432846,Kolkata,West Bengal,24-09-2025,No
DNR009882,Priya Patel,Male,29,O+,7403677183,Vadodara,Gujarat,01-10-2025,Yes
DNR009883,Pooja Nair,Female,40,O+,8720069753,Thiruvananthapuram,Kerala,08-11-2020,No
DNR009884,Ananya Kapoor,Female,37,O+,7030451271,Surat,Gujarat,04-12-2024,Yes
DNR009885,Pooja Nair,Male,41,A+,7195998701,Vadodara,Gujarat,20-08-2025,Yes
DNR009886,Rahul Verma,Female,28,O+,8797919331,Surat,Gujarat,12-06-2024,No
DNR009887,Neha Iyer,Male,32,B+,7269158730,Surat,Gujarat,22-08-2024,Yes
DNR009888,Pooja Nair,Male,21,B+,7895485715,Vadodara,Gujarat,13-03-2021,No
DNR009889,Pooja Nair,Male,46,O+,8616455330,Visakhapatnam,Andhra Pradesh,01-05-2025,Yes
DNR009890,Aarav Sharma,Male,27,O+,9359370484,Vadodara,Gujarat,07-11-2025,Yes
DNR009891,Priya Patel,Male,31,A+,9119858914,Kanpur,Uttar Pradesh,16-09-2025,Yes
DNR009892,Priya Patel,Female,25,O+,9293262020,Bengaluru,Karnataka,13-01-2024,Yes
DNR009893,Aarav Sharma,Female,46,A+,9308328893,Pune,Maharashtra,09-07-2025,No
DNR009894,Ananya Kapoor,Male,39,B+,7528561961,Vadodara,Gujarat,30-06-2025,No
DNR009895,Vikram Singh,Female,46,O+,9071781435,Bhopal,Madhya Pradesh,02-10-2024,Yes
DNR009896,Kunal Desai,Female,37,B+,7485844616,Chennai,Tamil Nadu,23-09-2023,Yes
DNR009897,Rahul Verma,Female,23,B+,7178400913,Mohali,Punjab,Never,Yes
DNR009898,Aarav Sharma,Male,30,B+,9448268847,Bhopal,Madhya Pradesh,24-05-2024,Yes
DNR009899,Ananya Kapoor,Male,27,O+,7029634517,Bengaluru,Karnataka,09-10-2025,No
DNR009900,Sneha Joshi,Female,33,A+,7042028408,Hyderabad,Telangana,06-07-2025,Yes
DNR009901,Rahul Verma,Female,28,O+,8096524612,Surat,Gujarat,25-12-2023,Yes
DNR009902,Priya Patel,Male,29,B+,9868139005,Patna,Bihar,25-10-2025,Yes
DNR009903,Pooja Nair,Female,41,A+,7110738864,Mohali,Punjab,08-05-2025,Yes
DNR009904,Kunal Desai,Male,40,A+,7240243582,Kolkata,West Bengal,12-09-2025,Yes
DNR009905,Pooja Nair,Female,32,O+,9910938707,Surat,Gujarat,Never,Yes
DNR009906,Sneha Joshi,Male,31,A+,8380951610,Gurgaon,Haryana,02-02-2025,No
DNR009907,Aarav Sharma,Female,33,A+,7810790310,Ahmedabad,Gujarat,14-12-2022,No
DNR009908,Sneha Joshi,Female,27,A+,8307575640,Kolkata,West Bengal,03-08-2025,No
DNR009909,Sneha Joshi,Female,22,O+,7642491715,Ahmedabad,Gujarat,16-12-2024,Yes
DNR009910,Ananya Kapoor,Male,36,O+,8743346299,Gurgaon,Haryana,21-09-2025,Yes
DNR009911,Kunal Desai,Male,29,O+,8641647681,Gurgaon,Haryana,04-07-2024,Yes
DNR009912,Ananya Kapoor,Other,34,AB+,9626492224,Bengaluru,Karnataka,11-03-2025,Yes
DNR009913,Neha Iyer,Female,33,O+,9483505791,Gurgaon,Haryana,Never,No
DNR009914,Aarav Sharma,Male,26,O+,9984054416,Nagpur,Maharashtra,08-11-2020,Yes
DNR009915,Vikram Singh,Female,40,B+,8202609358,Thiruvananthapuram,Kerala,05-05-2025,No
DNR009916,Aarav Sharma,Female,26,O+,8406692798,Bengaluru,Karnataka,21-09-2025,No
DNR009917,Rahul Verma,Male,47,B+,7218049188,Ahmedabad,Gujarat,10-08-2025,Yes
DNR009918,Neha Iyer,Male,45,B+,7183699315,Surat,Gujarat,11-10-2022,Yes
DNR009919,Sneha Joshi,Female,25,O+,9494589024,Mumbai,Maharashtra,14-01-2025,No
DNR009920,Rohan Mehta,Male,40,O+,9817358539,Mumbai,Maharashtra,18-02-2025,Yes
DNR009921,Kunal Desai,Male,26,B+,9413871220,Surat,Gujarat,01-04-2023,Yes
DNR009922,Vikram Singh,Male,46,O+,7392951366,Bengaluru,Karnataka,12-08-2025,Yes
DNR009923,Rahul Verma,Female,22,O+,9565661798,Kolkata,West Bengal,18-05-2025,No
DNR009924,Vikram Singh,Female,20,A+,8531735856,Surat,Gujarat,24-08-2025,Yes
DNR009925,Sneha Joshi,Female,32,O+,8375492652,Kanpur,Uttar Pradesh,06-04-2025,No
DNR009926,Rahul Verma,Female,24,A+,9442305273,Visakhapatnam,Andhra Pradesh,26-06-2025,Yes
DNR009927,Ananya Kapoor,Female,40,B+,8953342230,Chennai,Tamil Nadu,21-05-2024,No
DNR009928,Kunal Desai,Female,18,O+,9849931104,Bengaluru,Karnataka,Never,No
DNR009929,Ananya Kapoor,Male,22,O+,8367533210,Delhi,Delhi,10-07-2024,No
DNR009930,Priya Patel,Female,29,O+,9826116374,Kanpur,Uttar Pradesh,09-09-2021,No
DNR009931,Kunal Desai,Male,51,B+,7216640975,Gurgaon,Haryana,17-08-2024,Yes
DNR009932,Rohan Mehta,Male,39,O-,9866158689,Pune,Maharashtra,28-04-2022,Yes
DNR009933,Rohan Mehta,Male,36,O+,8739562827,Thiruvananthapuram,Kerala,29-08-2025,Yes
DNR009934,Aarav Sharma,Male,37,O+,8801734962,Bengaluru,Karnataka,11-06-2025,No
DNR009935,Aarav Sharma,Female,32,O+,8530804258,Ahmedabad,Gujarat,23-07-2025,Yes
DNR009936,Pooja Nair,Female,34,O+,9294513920,Surat,Gujarat,21-12-2024,Yes
DNR009937,Ananya Kapoor,Female,36,O+,7725954427,Bengaluru,Karnataka,21-11-2024,No
DNR009938,Ananya Kapoor,Female,18,B+,8407393582,Kanpur,Uttar Pradesh,01-11-2024,No
DNR009939,Pooja Nair,Female,18,O+,7940824705,Thiruvananthapuram,Kerala,04-10-2025,No
DNR009940,Pooja Nair,Male,23,B+,8274680722,Mumbai,Maharashtra,31-01-2024,Yes
DNR009941,Aarav Sharma,Female,43,O+,8032316836,Kolkata,West Bengal,30-10-2021,No
DNR009942,Kunal Desai,Male,18,O+,8005838276,Pune,Maharashtra,16-09-2025,Yes
DNR009943,Rahul Verma,Male,38,O-,7250620927,Thiruvananthapuram,Kerala,24-01-2025,Yes
DNR009944,Priya Patel,Male,35,O+,9457219767,Bengaluru,Karnataka,11-05-2024,Yes
DNR009945,Ananya Kapoor,Female,27,B+,7032627923,Kolkata,West Bengal,21-04-2025,No
DNR009946,Rahul Verma,Male,30,O+,9086658176,Jaipur,Rajasthan,05-11-2025,No
DNR009947,Rahul Verma,Female,31,O-,7860578745,Kolkata,West Bengal,20-03-2024,No
DNR009948,Vikram Singh,Male,41,B+,7851154768,Kolkata,West Bengal,13-08-2023,No
DNR009949,Aarav Sharma,Male,42,B+,9881612571,Thiruvananthapuram,Kerala,13-04-2023,Yes
DNR009950,Pooja Nair,Female,40,O+,7439818730,Mohali,Punjab,06-05-2025,No
DNR009951,Pooja Nair,Male,33,O+,8487452929,Chennai,Tamil Nadu,23-09-2022,Yes
DNR009952,Rohan Mehta,Female,34,B+,8758266886,Hyderabad,Telangana,17-05-2023,Yes
DNR009953,Priya Patel,Female,40,B+,8717147522,Thiruvananthapuram,Kerala,08-11-2020,No
DNR009954,Sneha Joshi,Male,39,A+,9251472900,Vadodara,Gujarat,09-10-2021,No
DNR009955,Kunal Desai,Female,39,B+,8345554343,Patna,Bihar,16-05-2025,No
DNR009956,Rohan Mehta,Female,33,B+,7554335930,Vadodara,Gujarat,15-08-2024,No
DNR009957,Neha Iyer,Male,53,B-,9158120297,Nagpur,Maharashtra,08-11-2020,No
DNR009958,Aarav Sharma,Female,36,B+,7059611659,Mohali,Punjab,Never,No
DNR009959,Rahul Verma,Female,36,O+,9676235108,Mumbai,Maharashtra,26-04-2023,No
DNR009960,Kunal Desai,Male,32,B+,7643529568,Kanpur,Uttar Pradesh,22-08-2025,Yes
DNR009961,Vikram Singh,Female,48,O-,9449174400,Bhopal,Madhya Pradesh,08-11-2020,No
DNR009962,Priya Patel,Female,44,A+,8742720166,Bhopal,Madhya Pradesh,11-02-2025,No
DNR009963,Kunal Desai,Male,23,A+,9770135840,Thiruvananthapuram,Kerala,16-05-2025,No
DNR009964,Priya Patel,Female,35,O+,9291240446,Bengaluru,Karnataka,14-09-2025,No
DNR009965,Priya Patel,Male,42,O-,8950738943,Vadodara,Gujarat,19-01-2025,No
DNR009966,Neha Iyer,Male,21,A+,7231687625,Surat,Gujarat,12-12-2023,Yes
DNR009967,Kunal Desai,Male,27,A+,8393470649,Bengaluru,Karnataka,24-10-2023,Yes
DNR009968,Ananya Kapoor,Male,29,B+,7567142326,Kolkata,West Bengal,17-07-2025,Yes
DNR009969,Kunal Desai,Female,30,B+,8896665408,Nagpur,Maharashtra,27-03-2023,No
DNR009970,Ananya Kapoor,Male,45,O+,9145234300,Nagpur,Maharashtra,16-04-2023,Yes
DNR009971,Vikram Singh,Male,35,B+,9873841380,Visakhapatnam,Andhra Pradesh,23-03-2025,Yes
DNR009972,Pooja Nair,Male,43,B+,9127121031,Mohali,Punjab,06-11-2025,Yes
DNR009973,Kunal Desai,Female,49,A+,7621450162,Hyderabad,Telangana,30-03-2025,Yes
DNR009974,Ananya Kapoor,Male,18,O+,8044272267,Pune,Maharashtra,08-08-2025,Yes
DNR009975,Ananya Kapoor,Female,18,A-,9580137688,Jaipur,Rajasthan,17-07-2025,Yes
DNR009976,Kunal Desai,Female,39,O+,8504905944,Mumbai,Maharashtra,30-08-2023,Yes
DNR009977,Aarav Sharma,Female,51,O+,8878857326,Gurgaon,Haryana,22-02-2023,No
DNR009978,Pooja Nair,Female,29,A+,7814252626,Hyderabad,Telangana,29-06-2025,No
DNR009979,Kunal Desai,Female,48,B+,7180270877,Gurgaon,Haryana,22-02-2025,No
DNR009980,Rohan Mehta,Male,31,B+,8448062834,Surat,Gujarat,14-12-2023,Yes
DNR009981,Priya Patel,Male,41,B+,8291407402,Mumbai,Maharashtra,17-08-2023,Yes
DNR009982,Rohan Mehta,Male,45,B+,8398132052,Thiruvananthapuram,Kerala,11-09-2023,No
DNR009983,Sneha Joshi,Male,52,A+,7850574620,Ahmedabad,Gujarat,29-10-2025,Yes
DNR009984,Rahul Verma,Female,34,A+,7199000583,Mumbai,Maharashtra,19-10-2025,Yes
DNR009985,Rahul Verma,Female,30,B+,7939476600,Mohali,Punjab,23-10-2023,No
DNR009986,Aarav Sharma,Male,38,B+,9357049831,Patna,Bihar,02-09-2023,Yes
DNR009987,Kunal Desai,Female,31,A+,8105702271,Ahmedabad,Gujarat,30-01-2025,Yes
DNR009988,Kunal Desai,Female,36,B+,7146937709,Pune,Maharashtra,10-01-2021,Yes
DNR009989,Priya Patel,Female,48,A-,9888608169,Kolkata,West Bengal,06-03-2025,No
DNR009990,Kunal Desai,Female,30,O+,7258479326,Nagpur,Maharashtra,07-06-2025,No
DNR009991,Vikram Singh,Female,36,O+,8227955095,Thiruvananthapuram,Kerala,01-03-2025,Yes
DNR009992,Pooja Nair,Male,34,O+,7053928229,Delhi,Delhi,13-10-2025,Yes
DNR009993,Pooja Nair,Female,35,B+,8255530426,Nagpur,Maharashtra,26-11-2024,No
DNR009994,Pooja Nair,Male,33,O+,9337887907,Surat,Gujarat,10-11-2024,Yes
DNR009995,Vikram Singh,Female,39,B+,8521486368,Surat,Gujarat,15-09-2025,No
DNR009996,Pooja Nair,Female,33,O+,9426915955,Bengaluru,Karnataka,30-11-2023,Yes
DNR009997,Aarav Sharma,Female,21,AB-,7432881583,Delhi,Delhi,02-10-2025,No
DNR009998,Kunal Desai,Female,39,O+,8203497281,Kolkata,West Bengal,12-07-2025,Yes
DNR009999,Priya Patel,Male,35,B+,7800479503,Vadodara,Gujarat,09-11-2021,Yes
DNR010000,Aarav Sharma,Male,40,O+,9978988262,Visakhapatnam,Andhra Pradesh,21-12-2022,Yes
